── Attaching core tidyverse packages ──────────────────────── tidyverse 2.0.0 ──
✔ dplyr     1.1.3     ✔ readr     2.1.4
✔ forcats   1.0.0     ✔ stringr   1.5.0
✔ ggplot2   3.5.1     ✔ tibble    3.2.1
✔ lubridate 1.9.3     ✔ tidyr     1.3.0
✔ purrr     1.0.2     
── Conflicts ────────────────────────────────────────── tidyverse_conflicts() ──
✖ dplyr::between()     masks data.table::between()
✖ dplyr::filter()      masks stats::filter()
✖ dplyr::first()       masks data.table::first()
✖ lubridate::hour()    masks data.table::hour()
✖ lubridate::isoweek() masks data.table::isoweek()
✖ dplyr::lag()         masks stats::lag()
✖ dplyr::last()        masks data.table::last()
✖ lubridate::mday()    masks data.table::mday()
✖ lubridate::minute()  masks data.table::minute()
✖ lubridate::month()   masks data.table::month()
✖ lubridate::quarter() masks data.table::quarter()
✖ lubridate::second()  masks data.table::second()
✖ purrr::transpose()   masks data.table::transpose()
✖ lubridate::wday()    masks data.table::wday()
✖ lubridate::week()    masks data.table::week()
✖ lubridate::yday()    masks data.table::yday()
✖ lubridate::year()    masks data.table::year()
ℹ Use the conflicted package (<http://conflicted.r-lib.org/>) to force all conflicts to become errors
TwoSampleMR version 0.5.7 
[>] New: Option to use non-European LD reference panels for clumping etc
[>] Some studies temporarily quarantined to verify effect allele
[>] See news(package='TwoSampleMR') and https://gwas.mrcieu.ac.uk for further details


Warning:
You are running an old version of the TwoSampleMR package.
This version:   0.5.7
Latest version: 0.7.9
Please consider updating using remotes::install_github('MRCIEU/TwoSampleMR')
Warning messages:
1: replacing previous import ‘Matrix::tcrossprod’ by ‘Rmpfr::tcrossprod’ when loading ‘hyprcoloc’ 
2: replacing previous import ‘Matrix::crossprod’ by ‘Rmpfr::crossprod’ when loading ‘hyprcoloc’ 
3: replacing previous import ‘Matrix::.__C__atomicVector’ by ‘Rmpfr::.__C__atomicVector’ when loading ‘hyprcoloc’ 
Loading required package: stats4
Loading required package: BiocGenerics

Attaching package: ‘BiocGenerics’

The following objects are masked from ‘package:lubridate’:

    intersect, setdiff, union

The following objects are masked from ‘package:dplyr’:

    combine, intersect, setdiff, union

The following objects are masked from ‘package:stats’:

    IQR, mad, sd, var, xtabs

The following objects are masked from ‘package:base’:

    anyDuplicated, aperm, append, as.data.frame, basename, cbind,
    colnames, dirname, do.call, duplicated, eval, evalq, Filter, Find,
    get, grep, grepl, intersect, is.unsorted, lapply, Map, mapply,
    match, mget, order, paste, pmax, pmax.int, pmin, pmin.int,
    Position, rank, rbind, Reduce, rownames, sapply, setdiff, sort,
    table, tapply, union, unique, unsplit, which.max, which.min

Loading required package: S4Vectors

Attaching package: ‘S4Vectors’

The following objects are masked from ‘package:lubridate’:

    second, second<-

The following objects are masked from ‘package:dplyr’:

    first, rename

The following object is masked from ‘package:tidyr’:

    expand

The following objects are masked from ‘package:data.table’:

    first, second

The following object is masked from ‘package:utils’:

    findMatches

The following objects are masked from ‘package:base’:

    expand.grid, I, unname

Loading required package: IRanges

Attaching package: ‘IRanges’

The following object is masked from ‘package:TwoSampleMR’:

    trim

The following object is masked from ‘package:lubridate’:

    %within%

The following objects are masked from ‘package:dplyr’:

    collapse, desc, slice

The following object is masked from ‘package:purrr’:

    reduce

The following object is masked from ‘package:data.table’:

    shift

Loading required package: GenomeInfoDb
New names:
• `` -> `...2`
• `` -> `...3`
• `` -> `...4`
• `` -> `...5`
• `` -> `...6`
• `` -> `...7`
• `` -> `...8`
• `` -> `...9`
• `` -> `...10`
• `` -> `...11`
• `` -> `...12`
• `` -> `...13`
• `` -> `...14`
• `` -> `...15`
• `` -> `...16`
• `` -> `...17`
• `` -> `...18`
• `` -> `...19`
• `` -> `...20`
• `` -> `...21`
• `` -> `...22`
• `` -> `...23`
• `` -> `...24`
• `` -> `...25`
• `` -> `...26`
• `` -> `...27`
• `` -> `...28`
• `` -> `...29`
• `` -> `...30`
• `` -> `...31`
• `` -> `...32`
• `` -> `...33`
• `` -> `...34`
• `` -> `...35`
• `` -> `...36`
• `` -> `...37`
• `` -> `...38`
• `` -> `...39`
• `` -> `...40`
• `` -> `...41`
• `` -> `...42`
• `` -> `...43`
• `` -> `...44`
[1] 282
[1] 282
[1] "CHROMOSOME"
[1] 1
[1] "LEAD INDEX"
[1] 1
[1] "LEAD INDEX"
[1] 2
[1] "LEAD INDEX"
[1] 3
[1] "SPLICING EVENT"
[1] "chr1:205719673:205720501:clu_2553_-:ENSG00000069275.13"
Harmonising fat_distr (fat_distr) and Outcome (Outcome)
Harmonising fat_distr (fat_distr) and Outcome (Outcome)
[1] 419
[1] 419
  iteration traits posterior_prob regional_prob candidate_snp
1         1   None             NA        0.0118            NA
  posterior_explained_by_snp dropped_trait lead_snp
1                         NA      iradjbmi rs823114
[1] "SPLICING EVENT"
[1] "chr1:205719676:205720501:clu_2553_-:ENSG00000069275.13"
Harmonising fat_distr (fat_distr) and Outcome (Outcome)
Harmonising fat_distr (fat_distr) and Outcome (Outcome)
[1] 419
[1] 419
  iteration traits posterior_prob regional_prob candidate_snp
1         1   None             NA        0.0122            NA
  posterior_explained_by_snp dropped_trait lead_snp
1                         NA      iradjbmi rs823114
[1] "LEAD INDEX"
[1] 4
[1] "SPLICING EVENT"
[1] "chr1:26790893:26794113:clu_3673_+:ENSG00000060642.12"
Harmonising fat_distr (fat_distr) and Outcome (Outcome)
Harmonising fat_distr (fat_distr) and Outcome (Outcome)
[1] 297
[1] 297
  iteration traits posterior_prob regional_prob candidate_snp
1         1   None             NA        0.0735            NA
  posterior_explained_by_snp dropped_trait   lead_snp
1                         NA      iradjbmi rs12742115
[1] "SPLICING EVENT"
[1] "chr1:26795234:26797563:clu_3673_+:ENSG00000060642.12"
Harmonising fat_distr (fat_distr) and Outcome (Outcome)
Harmonising fat_distr (fat_distr) and Outcome (Outcome)
[1] 297
[1] 297
  iteration traits posterior_prob regional_prob candidate_snp
1         1   None             NA        0.0731            NA
  posterior_explained_by_snp dropped_trait   lead_snp
1                         NA      iradjbmi rs12742115
[1] "SPLICING EVENT"
[1] "chr1:26827139:26832447:clu_3673_+:ENSG00000060642.12"
Harmonising fat_distr (fat_distr) and Outcome (Outcome)
Harmonising fat_distr (fat_distr) and Outcome (Outcome)
[1] 297
[1] 297
  iteration                                                         traits
1         1 iradjbmi, chr1:26827139:26832447:clu_3673_+:ENSG00000060642.12
  posterior_prob regional_prob candidate_snp posterior_explained_by_snp
1         0.7186        0.7814    rs34885854                     0.0568
  dropped_trait   lead_snp
1            NA rs12742115
[1] "SPLICING EVENT"
[1] "chr1:26941818:26942657:clu_3680_+:ENSG00000090273.14"
Harmonising fat_distr (fat_distr) and Outcome (Outcome)
Harmonising fat_distr (fat_distr) and Outcome (Outcome)
[1] 297
[1] 297
  iteration traits posterior_prob regional_prob candidate_snp
1         1   None             NA        0.0114            NA
  posterior_explained_by_snp dropped_trait   lead_snp
1                         NA      iradjbmi rs12742115
[1] "SPLICING EVENT"
[1] "chr1:26941818:26942660:clu_3680_+:ENSG00000090273.14"
Harmonising fat_distr (fat_distr) and Outcome (Outcome)
Harmonising fat_distr (fat_distr) and Outcome (Outcome)
[1] 297
[1] 297
  iteration traits posterior_prob regional_prob candidate_snp
1         1   None             NA        0.0116            NA
  posterior_explained_by_snp dropped_trait   lead_snp
1                         NA      iradjbmi rs12742115
[1] "LEAD INDEX"
[1] 5
[1] "SPLICING EVENT"
[1] "chr1:39561122:39561685:clu_896_-:ENSG00000090621.15"
Harmonising fat_distr (fat_distr) and Outcome (Outcome)
Harmonising fat_distr (fat_distr) and Outcome (Outcome)
[1] 356
[1] 356
  iteration traits posterior_prob regional_prob candidate_snp
1         1   None             NA        0.0079            NA
  posterior_explained_by_snp dropped_trait   lead_snp
1                         NA      iradjbmi rs16826069
[1] "SPLICING EVENT"
[1] "chr1:39561122:39561728:clu_896_-:ENSG00000090621.15"
Harmonising fat_distr (fat_distr) and Outcome (Outcome)
Harmonising fat_distr (fat_distr) and Outcome (Outcome)
[1] 356
[1] 356
  iteration traits posterior_prob regional_prob candidate_snp
1         1   None             NA        0.0076            NA
  posterior_explained_by_snp dropped_trait   lead_snp
1                         NA      iradjbmi rs16826069
[1] "SPLICING EVENT"
[1] "chr1:39563741:39563836:clu_897_-:ENSG00000090621.15"
Harmonising fat_distr (fat_distr) and Outcome (Outcome)
Harmonising fat_distr (fat_distr) and Outcome (Outcome)
[1] 356
[1] 356
  iteration traits posterior_prob regional_prob candidate_snp
1         1   None             NA        0.0148            NA
  posterior_explained_by_snp dropped_trait   lead_snp
1                         NA      iradjbmi rs16826069
[1] "SPLICING EVENT"
[1] "chr1:39563741:39564423:clu_897_-:ENSG00000090621.15"
Harmonising fat_distr (fat_distr) and Outcome (Outcome)
Harmonising fat_distr (fat_distr) and Outcome (Outcome)
[1] 356
[1] 356
  iteration traits posterior_prob regional_prob candidate_snp
1         1   None             NA        0.0176            NA
  posterior_explained_by_snp dropped_trait   lead_snp
1                         NA      iradjbmi rs16826069
[1] "SPLICING EVENT"
[1] "chr1:39563741:39564471:clu_897_-:ENSG00000090621.15"
Harmonising fat_distr (fat_distr) and Outcome (Outcome)
Harmonising fat_distr (fat_distr) and Outcome (Outcome)
[1] 356
[1] 356
  iteration traits posterior_prob regional_prob candidate_snp
1         1   None             NA         0.007            NA
  posterior_explained_by_snp dropped_trait   lead_snp
1                         NA      iradjbmi rs16826069
[1] "SPLICING EVENT"
[1] "chr1:39563922:39564423:clu_897_-:ENSG00000090621.15"
Harmonising fat_distr (fat_distr) and Outcome (Outcome)
Harmonising fat_distr (fat_distr) and Outcome (Outcome)
[1] 356
[1] 356
  iteration traits posterior_prob regional_prob candidate_snp
1         1   None             NA        0.0084            NA
  posterior_explained_by_snp dropped_trait   lead_snp
1                         NA      iradjbmi rs16826069
[1] "SPLICING EVENT"
[1] "chr1:39563922:39564471:clu_897_-:ENSG00000090621.15"
Harmonising fat_distr (fat_distr) and Outcome (Outcome)
Harmonising fat_distr (fat_distr) and Outcome (Outcome)
[1] 356
[1] 356
  iteration traits posterior_prob regional_prob candidate_snp
1         1   None             NA         0.006            NA
  posterior_explained_by_snp dropped_trait   lead_snp
1                         NA      iradjbmi rs16826069
[1] "SPLICING EVENT"
[1] "chr1:39564542:39564686:clu_898_-:ENSG00000090621.15"
Harmonising fat_distr (fat_distr) and Outcome (Outcome)
Harmonising fat_distr (fat_distr) and Outcome (Outcome)
[1] 356
[1] 356
  iteration traits posterior_prob regional_prob candidate_snp
1         1   None             NA        0.0077            NA
  posterior_explained_by_snp dropped_trait   lead_snp
1                         NA      iradjbmi rs16826069
[1] "SPLICING EVENT"
[1] "chr1:39564542:39564701:clu_898_-:ENSG00000090621.15"
Harmonising fat_distr (fat_distr) and Outcome (Outcome)
Harmonising fat_distr (fat_distr) and Outcome (Outcome)
[1] 356
[1] 356
  iteration traits posterior_prob regional_prob candidate_snp
1         1   None             NA        0.0076            NA
  posterior_explained_by_snp dropped_trait   lead_snp
1                         NA      iradjbmi rs16826069
[1] "SPLICING EVENT"
[1] "chr1:39570002:39571097:clu_899_-:ENSG00000090621.15"
Harmonising fat_distr (fat_distr) and Outcome (Outcome)
Harmonising fat_distr (fat_distr) and Outcome (Outcome)
[1] 356
[1] 356
  iteration                                                        traits
1         1 iradjbmi, chr1:39570002:39571097:clu_899_-:ENSG00000090621.15
  posterior_prob regional_prob candidate_snp posterior_explained_by_snp
1         0.7444           0.8    rs16826069                     0.2093
  dropped_trait   lead_snp
1            NA rs16826069
[1] "SPLICING EVENT"
[1] "chr1:39570002:39571234:clu_899_-:ENSG00000090621.15"
Harmonising fat_distr (fat_distr) and Outcome (Outcome)
Harmonising fat_distr (fat_distr) and Outcome (Outcome)
[1] 356
[1] 356
  iteration                                                        traits
1         1 iradjbmi, chr1:39570002:39571234:clu_899_-:ENSG00000090621.15
  posterior_prob regional_prob candidate_snp posterior_explained_by_snp
1         0.7605        0.8191    rs16826069                     0.2016
  dropped_trait   lead_snp
1            NA rs16826069
[1] "SPLICING EVENT"
[1] "chr1:39572586:39575759:clu_902_-:ENSG00000090621.15"
Harmonising fat_distr (fat_distr) and Outcome (Outcome)
Harmonising fat_distr (fat_distr) and Outcome (Outcome)
[1] 356
[1] 356
  iteration traits posterior_prob regional_prob candidate_snp
1         1   None             NA        0.0259            NA
  posterior_explained_by_snp dropped_trait   lead_snp
1                         NA      iradjbmi rs16826069
[1] "SPLICING EVENT"
[1] "chr1:39576223:39576552:clu_902_-:ENSG00000090621.15"
Harmonising fat_distr (fat_distr) and Outcome (Outcome)
Harmonising fat_distr (fat_distr) and Outcome (Outcome)
[1] 356
[1] 356
  iteration traits posterior_prob regional_prob candidate_snp
1         1   None             NA        0.4964            NA
  posterior_explained_by_snp dropped_trait   lead_snp
1                         NA      iradjbmi rs16826069
[1] "LEAD INDEX"
[1] 6
[1] "SPLICING EVENT"
[1] "chr1:39844640:39847220:clu_911_-:ENSG00000043514.17"
Harmonising fat_distr (fat_distr) and Outcome (Outcome)
Harmonising fat_distr (fat_distr) and Outcome (Outcome)
[1] 381
[1] 381
  iteration traits posterior_prob regional_prob candidate_snp
1         1   None             NA         0.008            NA
  posterior_explained_by_snp dropped_trait  lead_snp
1                         NA      iradjbmi rs7542907
[1] "SPLICING EVENT"
[1] "chr1:39847297:39847548:clu_911_-:ENSG00000043514.17"
Harmonising fat_distr (fat_distr) and Outcome (Outcome)
Harmonising fat_distr (fat_distr) and Outcome (Outcome)
[1] 381
[1] 381
  iteration traits posterior_prob regional_prob candidate_snp
1         1   None             NA        0.0077            NA
  posterior_explained_by_snp dropped_trait  lead_snp
1                         NA      iradjbmi rs7542907
[1] "SPLICING EVENT"
[1] "chr1:39847660:39847986:clu_911_-:ENSG00000043514.17"
Harmonising fat_distr (fat_distr) and Outcome (Outcome)
Harmonising fat_distr (fat_distr) and Outcome (Outcome)
[1] 381
[1] 381
  iteration traits posterior_prob regional_prob candidate_snp
1         1   None             NA        0.0084            NA
  posterior_explained_by_snp dropped_trait  lead_snp
1                         NA      iradjbmi rs7542907
[1] "SPLICING EVENT"
[1] "chr1:39847747:39847986:clu_911_-:ENSG00000043514.17"
Harmonising fat_distr (fat_distr) and Outcome (Outcome)
Harmonising fat_distr (fat_distr) and Outcome (Outcome)
[1] 381
[1] 381
  iteration traits posterior_prob regional_prob candidate_snp
1         1   None             NA        0.0471            NA
  posterior_explained_by_snp dropped_trait  lead_snp
1                         NA      iradjbmi rs7542907
[1] "SPLICING EVENT"
[1] "chr1:39848097:39850119:clu_911_-:ENSG00000043514.17"
Harmonising fat_distr (fat_distr) and Outcome (Outcome)
Harmonising fat_distr (fat_distr) and Outcome (Outcome)
[1] 381
[1] 381
  iteration traits posterior_prob regional_prob candidate_snp
1         1   None             NA         0.007            NA
  posterior_explained_by_snp dropped_trait  lead_snp
1                         NA      iradjbmi rs7542907
[1] "SPLICING EVENT"
[1] "chr1:39848097:39850123:clu_911_-:ENSG00000043514.17"
Harmonising fat_distr (fat_distr) and Outcome (Outcome)
Harmonising fat_distr (fat_distr) and Outcome (Outcome)
[1] 381
[1] 381
  iteration traits posterior_prob regional_prob candidate_snp
1         1   None             NA        0.0152            NA
  posterior_explained_by_snp dropped_trait  lead_snp
1                         NA      iradjbmi rs7542907
[1] "SPLICING EVENT"
[1] "chr1:39850261:39852731:clu_911_-:ENSG00000043514.17"
Harmonising fat_distr (fat_distr) and Outcome (Outcome)
Harmonising fat_distr (fat_distr) and Outcome (Outcome)
[1] 381
[1] 381
  iteration traits posterior_prob regional_prob candidate_snp
1         1   None             NA        0.0074            NA
  posterior_explained_by_snp dropped_trait  lead_snp
1                         NA      iradjbmi rs7542907
[1] "SPLICING EVENT"
[1] "chr1:39850261:39853970:clu_911_-:ENSG00000043514.17"
Harmonising fat_distr (fat_distr) and Outcome (Outcome)
Harmonising fat_distr (fat_distr) and Outcome (Outcome)
[1] 381
[1] 381
  iteration traits posterior_prob regional_prob candidate_snp
1         1   None             NA        0.2916            NA
  posterior_explained_by_snp dropped_trait  lead_snp
1                         NA      iradjbmi rs7542907
[1] "SPLICING EVENT"
[1] "chr1:39852876:39853970:clu_911_-:ENSG00000043514.17"
Harmonising fat_distr (fat_distr) and Outcome (Outcome)
Harmonising fat_distr (fat_distr) and Outcome (Outcome)
[1] 381
[1] 381
  iteration traits posterior_prob regional_prob candidate_snp
1         1   None             NA        0.0067            NA
  posterior_explained_by_snp dropped_trait  lead_snp
1                         NA      iradjbmi rs7542907
[1] "SPLICING EVENT"
[1] "chr1:39857417:39862788:clu_911_-:ENSG00000043514.17"
Harmonising fat_distr (fat_distr) and Outcome (Outcome)
Harmonising fat_distr (fat_distr) and Outcome (Outcome)
[1] 381
[1] 381
  iteration traits posterior_prob regional_prob candidate_snp
1         1   None             NA        0.1895            NA
  posterior_explained_by_snp dropped_trait  lead_snp
1                         NA      iradjbmi rs7542907
[1] "SPLICING EVENT"
[1] "chr1:39857417:39883318:clu_911_-:ENSG00000043514.17"
Harmonising fat_distr (fat_distr) and Outcome (Outcome)
Harmonising fat_distr (fat_distr) and Outcome (Outcome)
[1] 381
[1] 381
  iteration traits posterior_prob regional_prob candidate_snp
1         1   None             NA        0.0072            NA
  posterior_explained_by_snp dropped_trait  lead_snp
1                         NA      iradjbmi rs7542907
[1] "LEAD INDEX"
[1] 7
[1] "SPLICING EVENT"
[1] "chr1:50969899:50970358:clu_4146_+:ENSG00000123080.12"
Harmonising fat_distr (fat_distr) and Outcome (Outcome)
Harmonising fat_distr (fat_distr) and Outcome (Outcome)
[1] 200
[1] 200
  iteration traits posterior_prob regional_prob candidate_snp
1         1   None             NA        0.0098            NA
  posterior_explained_by_snp dropped_trait   lead_snp
1                         NA      iradjbmi rs12088739
[1] "SPLICING EVENT"
[1] "chr1:50970497:50973893:clu_4146_+:ENSG00000123080.12"
Harmonising fat_distr (fat_distr) and Outcome (Outcome)
Harmonising fat_distr (fat_distr) and Outcome (Outcome)
[1] 200
[1] 200
  iteration traits posterior_prob regional_prob candidate_snp
1         1   None             NA        0.0102            NA
  posterior_explained_by_snp dropped_trait   lead_snp
1                         NA      iradjbmi rs12088739
[1] "LEAD INDEX"
[1] 8
[1] "LEAD INDEX"
[1] 9
[1] "LEAD INDEX"
[1] 10
[1] "LEAD INDEX"
[1] 11
[1] "LEAD INDEX"
[1] 12
[1] "SPLICING EVENT"
[1] "chr1:150813338:150814077:clu_1842_-:ENSG00000143437.21"
Harmonising fat_distr (fat_distr) and Outcome (Outcome)
Harmonising fat_distr (fat_distr) and Outcome (Outcome)
[1] 293
[1] 293
  iteration traits posterior_prob regional_prob candidate_snp
1         1   None             NA        0.0076            NA
  posterior_explained_by_snp dropped_trait  lead_snp
1                         NA      iradjbmi rs2055975
[1] "SPLICING EVENT"
[1] "chr1:150814236:150816259:clu_1842_-:ENSG00000143437.21"
Harmonising fat_distr (fat_distr) and Outcome (Outcome)
Harmonising fat_distr (fat_distr) and Outcome (Outcome)
[1] 293
[1] 293
  iteration traits posterior_prob regional_prob candidate_snp
1         1   None             NA        0.0077            NA
  posterior_explained_by_snp dropped_trait  lead_snp
1                         NA      iradjbmi rs2055975
[1] "SPLICING EVENT"
[1] "chr1:150814239:150816259:clu_1842_-:ENSG00000143437.21"
Harmonising fat_distr (fat_distr) and Outcome (Outcome)
Harmonising fat_distr (fat_distr) and Outcome (Outcome)
[1] 293
[1] 293
  iteration traits posterior_prob regional_prob candidate_snp
1         1   None             NA        0.0062            NA
  posterior_explained_by_snp dropped_trait  lead_snp
1                         NA      iradjbmi rs2055975
[1] "SPLICING EVENT"
[1] "chr1:150816406:150816788:clu_1843_-:ENSG00000143437.21"
Harmonising fat_distr (fat_distr) and Outcome (Outcome)
Harmonising fat_distr (fat_distr) and Outcome (Outcome)
[1] 293
[1] 293
  iteration traits posterior_prob regional_prob candidate_snp
1         1   None             NA        0.0145            NA
  posterior_explained_by_snp dropped_trait  lead_snp
1                         NA      iradjbmi rs2055975
[1] "SPLICING EVENT"
[1] "chr1:150816890:150817082:clu_1843_-:ENSG00000143437.21"
Harmonising fat_distr (fat_distr) and Outcome (Outcome)
Harmonising fat_distr (fat_distr) and Outcome (Outcome)
[1] 293
[1] 293
  iteration traits posterior_prob regional_prob candidate_snp
1         1   None             NA        0.0122            NA
  posterior_explained_by_snp dropped_trait  lead_snp
1                         NA      iradjbmi rs2055975
[1] "SPLICING EVENT"
[1] "chr1:150817433:150817920:clu_1844_-:ENSG00000143437.21"
Harmonising fat_distr (fat_distr) and Outcome (Outcome)
Harmonising fat_distr (fat_distr) and Outcome (Outcome)
[1] 293
[1] 293
  iteration traits posterior_prob regional_prob candidate_snp
1         1   None             NA        0.0067            NA
  posterior_explained_by_snp dropped_trait  lead_snp
1                         NA      iradjbmi rs2055975
[1] "SPLICING EVENT"
[1] "chr1:150817433:150823194:clu_1844_-:ENSG00000143437.21"
Harmonising fat_distr (fat_distr) and Outcome (Outcome)
Harmonising fat_distr (fat_distr) and Outcome (Outcome)
[1] 293
[1] 293
  iteration traits posterior_prob regional_prob candidate_snp
1         1   None             NA        0.0095            NA
  posterior_explained_by_snp dropped_trait  lead_snp
1                         NA      iradjbmi rs2055975
[1] "SPLICING EVENT"
[1] "chr1:150818030:150823194:clu_1844_-:ENSG00000143437.21"
Harmonising fat_distr (fat_distr) and Outcome (Outcome)
Harmonising fat_distr (fat_distr) and Outcome (Outcome)
[1] 293
[1] 293
  iteration traits posterior_prob regional_prob candidate_snp
1         1   None             NA        0.0064            NA
  posterior_explained_by_snp dropped_trait  lead_snp
1                         NA      iradjbmi rs2055975
[1] "SPLICING EVENT"
[1] "chr1:150823345:150826543:clu_1844_-:ENSG00000143437.21"
Harmonising fat_distr (fat_distr) and Outcome (Outcome)
Harmonising fat_distr (fat_distr) and Outcome (Outcome)
[1] 293
[1] 293
  iteration traits posterior_prob regional_prob candidate_snp
1         1   None             NA        0.0068            NA
  posterior_explained_by_snp dropped_trait  lead_snp
1                         NA      iradjbmi rs2055975
[1] "SPLICING EVENT"
[1] "chr1:150829965:150831818:clu_1845_-:ENSG00000143437.21"
Harmonising fat_distr (fat_distr) and Outcome (Outcome)
Harmonising fat_distr (fat_distr) and Outcome (Outcome)
[1] 293
[1] 293
  iteration traits posterior_prob regional_prob candidate_snp
1         1   None             NA        0.0656            NA
  posterior_explained_by_snp dropped_trait  lead_snp
1                         NA      iradjbmi rs2055975
[1] "SPLICING EVENT"
[1] "chr1:150829980:150831818:clu_1845_-:ENSG00000143437.21"
Harmonising fat_distr (fat_distr) and Outcome (Outcome)
Harmonising fat_distr (fat_distr) and Outcome (Outcome)
[1] 293
[1] 293
  iteration traits posterior_prob regional_prob candidate_snp
1         1   None             NA        0.0889            NA
  posterior_explained_by_snp dropped_trait  lead_snp
1                         NA      iradjbmi rs2055975
[1] "SPLICING EVENT"
[1] "chr1:150832399:150834538:clu_1846_-:ENSG00000143437.21"
Harmonising fat_distr (fat_distr) and Outcome (Outcome)
Harmonising fat_distr (fat_distr) and Outcome (Outcome)
[1] 293
[1] 293
  iteration traits posterior_prob regional_prob candidate_snp
1         1   None             NA        0.0098            NA
  posterior_explained_by_snp dropped_trait  lead_snp
1                         NA      iradjbmi rs2055975
[1] "SPLICING EVENT"
[1] "chr1:150834640:150836280:clu_1846_-:ENSG00000143437.21"
Harmonising fat_distr (fat_distr) and Outcome (Outcome)
Harmonising fat_distr (fat_distr) and Outcome (Outcome)
[1] 293
[1] 293
  iteration traits posterior_prob regional_prob candidate_snp
1         1   None             NA        0.0072            NA
  posterior_explained_by_snp dropped_trait  lead_snp
1                         NA      iradjbmi rs2055975
[1] "SPLICING EVENT"
[1] "chr1:150839654:150842243:clu_1847_-:ENSG00000143437.21"
Harmonising fat_distr (fat_distr) and Outcome (Outcome)
Harmonising fat_distr (fat_distr) and Outcome (Outcome)
[1] 293
[1] 293
  iteration traits posterior_prob regional_prob candidate_snp
1         1   None             NA        0.0054            NA
  posterior_explained_by_snp dropped_trait  lead_snp
1                         NA      iradjbmi rs2055975
[1] "SPLICING EVENT"
[1] "chr1:150839654:150842424:clu_1847_-:ENSG00000143437.21"
Harmonising fat_distr (fat_distr) and Outcome (Outcome)
Harmonising fat_distr (fat_distr) and Outcome (Outcome)
[1] 293
[1] 293
  iteration traits posterior_prob regional_prob candidate_snp
1         1   None             NA        0.0144            NA
  posterior_explained_by_snp dropped_trait  lead_snp
1                         NA      iradjbmi rs2055975
[1] "SPLICING EVENT"
[1] "chr1:150839654:150846263:clu_1847_-:ENSG00000143437.21"
Harmonising fat_distr (fat_distr) and Outcome (Outcome)
Harmonising fat_distr (fat_distr) and Outcome (Outcome)
[1] 293
[1] 293
  iteration traits posterior_prob regional_prob candidate_snp
1         1   None             NA        0.0126            NA
  posterior_explained_by_snp dropped_trait  lead_snp
1                         NA      iradjbmi rs2055975
[1] "SPLICING EVENT"
[1] "chr1:150842307:150842424:clu_1847_-:ENSG00000143437.21"
Harmonising fat_distr (fat_distr) and Outcome (Outcome)
Harmonising fat_distr (fat_distr) and Outcome (Outcome)
[1] 293
[1] 293
  iteration traits posterior_prob regional_prob candidate_snp
1         1   None             NA        0.0064            NA
  posterior_explained_by_snp dropped_trait  lead_snp
1                         NA      iradjbmi rs2055975
[1] "SPLICING EVENT"
[1] "chr1:150842468:150846263:clu_1847_-:ENSG00000143437.21"
Harmonising fat_distr (fat_distr) and Outcome (Outcome)
Harmonising fat_distr (fat_distr) and Outcome (Outcome)
[1] 293
[1] 293
  iteration traits posterior_prob regional_prob candidate_snp
1         1   None             NA        0.0194            NA
  posterior_explained_by_snp dropped_trait  lead_snp
1                         NA      iradjbmi rs2055975
[1] "SPLICING EVENT"
[1] "chr1:150852806:150858349:clu_1848_-:ENSG00000143437.21"
Harmonising fat_distr (fat_distr) and Outcome (Outcome)
Harmonising fat_distr (fat_distr) and Outcome (Outcome)
[1] 293
[1] 293
  iteration traits posterior_prob regional_prob candidate_snp
1         1   None             NA        0.0146            NA
  posterior_explained_by_snp dropped_trait  lead_snp
1                         NA      iradjbmi rs2055975
[1] "SPLICING EVENT"
[1] "chr1:150858460:150861247:clu_1849_-:ENSG00000143437.21"
Harmonising fat_distr (fat_distr) and Outcome (Outcome)
Harmonising fat_distr (fat_distr) and Outcome (Outcome)
[1] 293
[1] 293
  iteration traits posterior_prob regional_prob candidate_snp
1         1   None             NA        0.0067            NA
  posterior_explained_by_snp dropped_trait  lead_snp
1                         NA      iradjbmi rs2055975
[1] "SPLICING EVENT"
[1] "chr1:150858460:150861361:clu_1849_-:ENSG00000143437.21"
Harmonising fat_distr (fat_distr) and Outcome (Outcome)
Harmonising fat_distr (fat_distr) and Outcome (Outcome)
[1] 293
[1] 293
  iteration traits posterior_prob regional_prob candidate_snp
1         1   None             NA        0.0078            NA
  posterior_explained_by_snp dropped_trait  lead_snp
1                         NA      iradjbmi rs2055975
[1] "SPLICING EVENT"
[1] "chr1:150858460:150876543:clu_1849_-:ENSG00000143437.21"
Harmonising fat_distr (fat_distr) and Outcome (Outcome)
Harmonising fat_distr (fat_distr) and Outcome (Outcome)
[1] 293
[1] 293
  iteration traits posterior_prob regional_prob candidate_snp
1         1   None             NA        0.0095            NA
  posterior_explained_by_snp dropped_trait  lead_snp
1                         NA      iradjbmi rs2055975
[1] "SPLICING EVENT"
[1] "chr1:150861395:150876543:clu_1849_-:ENSG00000143437.21"
Harmonising fat_distr (fat_distr) and Outcome (Outcome)
Harmonising fat_distr (fat_distr) and Outcome (Outcome)
[1] 293
[1] 293
  iteration traits posterior_prob regional_prob candidate_snp
1         1   None             NA        0.0131            NA
  posterior_explained_by_snp dropped_trait  lead_snp
1                         NA      iradjbmi rs2055975
[1] "LEAD INDEX"
[1] 13
[1] "SPLICING EVENT"
[1] "chr1:153948644:153948834:clu_1932_-:ENSG00000160741.17"
Harmonising fat_distr (fat_distr) and Outcome (Outcome)
Harmonising fat_distr (fat_distr) and Outcome (Outcome)
[1] 312
[1] 312
  iteration traits posterior_prob regional_prob candidate_snp
1         1   None             NA        0.0236            NA
  posterior_explained_by_snp dropped_trait   lead_snp
1                         NA      iradjbmi rs11264886
[1] "SPLICING EVENT"
[1] "chr1:153948644:153949115:clu_1932_-:ENSG00000160741.17"
Harmonising fat_distr (fat_distr) and Outcome (Outcome)
Harmonising fat_distr (fat_distr) and Outcome (Outcome)
[1] 312
[1] 312
  iteration traits posterior_prob regional_prob candidate_snp
1         1   None             NA        0.0074            NA
  posterior_explained_by_snp dropped_trait   lead_snp
1                         NA      iradjbmi rs11264886
[1] "SPLICING EVENT"
[1] "chr1:153948900:153949115:clu_1932_-:ENSG00000160741.17"
Harmonising fat_distr (fat_distr) and Outcome (Outcome)
Harmonising fat_distr (fat_distr) and Outcome (Outcome)
[1] 312
[1] 312
  iteration traits posterior_prob regional_prob candidate_snp
1         1   None             NA         0.005            NA
  posterior_explained_by_snp dropped_trait   lead_snp
1                         NA      iradjbmi rs11264886
[1] "SPLICING EVENT"
[1] "chr1:153949384:153951260:clu_1933_-:ENSG00000160741.17"
Harmonising fat_distr (fat_distr) and Outcome (Outcome)
Harmonising fat_distr (fat_distr) and Outcome (Outcome)
[1] 312
[1] 312
  iteration traits posterior_prob regional_prob candidate_snp
1         1   None             NA        0.0115            NA
  posterior_explained_by_snp dropped_trait   lead_snp
1                         NA      iradjbmi rs11264886
[1] "SPLICING EVENT"
[1] "chr1:153949384:153952018:clu_1933_-:ENSG00000160741.17"
Harmonising fat_distr (fat_distr) and Outcome (Outcome)
Harmonising fat_distr (fat_distr) and Outcome (Outcome)
[1] 312
[1] 312
  iteration traits posterior_prob regional_prob candidate_snp
1         1   None             NA        0.0844            NA
  posterior_explained_by_snp dropped_trait   lead_snp
1                         NA      iradjbmi rs11264886
[1] "SPLICING EVENT"
[1] "chr1:153951666:153952018:clu_1933_-:ENSG00000160741.17"
Harmonising fat_distr (fat_distr) and Outcome (Outcome)
Harmonising fat_distr (fat_distr) and Outcome (Outcome)
[1] 312
[1] 312
  iteration traits posterior_prob regional_prob candidate_snp
1         1   None             NA        0.0083            NA
  posterior_explained_by_snp dropped_trait   lead_snp
1                         NA      iradjbmi rs11264886
[1] "SPLICING EVENT"
[1] "chr1:153952635:153952805:clu_1934_-:ENSG00000160741.17"
Harmonising fat_distr (fat_distr) and Outcome (Outcome)
Harmonising fat_distr (fat_distr) and Outcome (Outcome)
[1] 312
[1] 312
  iteration traits posterior_prob regional_prob candidate_snp
1         1   None             NA        0.0085            NA
  posterior_explained_by_snp dropped_trait   lead_snp
1                         NA      iradjbmi rs11264886
[1] "SPLICING EVENT"
[1] "chr1:153952650:153952805:clu_1934_-:ENSG00000160741.17"
Harmonising fat_distr (fat_distr) and Outcome (Outcome)
Harmonising fat_distr (fat_distr) and Outcome (Outcome)
[1] 312
[1] 312
  iteration traits posterior_prob regional_prob candidate_snp
1         1   None             NA        0.0068            NA
  posterior_explained_by_snp dropped_trait   lead_snp
1                         NA      iradjbmi rs11264886
[1] "SPLICING EVENT"
[1] "chr1:153952834:153953266:clu_1935_-:ENSG00000160741.17"
Harmonising fat_distr (fat_distr) and Outcome (Outcome)
Harmonising fat_distr (fat_distr) and Outcome (Outcome)
[1] 312
[1] 312
  iteration                                                           traits
1         1 iradjbmi, chr1:153952834:153953266:clu_1935_-:ENSG00000160741.17
  posterior_prob regional_prob candidate_snp posterior_explained_by_snp
1         0.5777        0.8407     rs7512766                     0.0747
  dropped_trait   lead_snp
1            NA rs11264886
[1] "SPLICING EVENT"
[1] "chr1:153952834:153953538:clu_1935_-:ENSG00000160741.17"
Harmonising fat_distr (fat_distr) and Outcome (Outcome)
Harmonising fat_distr (fat_distr) and Outcome (Outcome)
[1] 312
[1] 312
  iteration traits posterior_prob regional_prob candidate_snp
1         1   None             NA        0.0061            NA
  posterior_explained_by_snp dropped_trait   lead_snp
1                         NA      iradjbmi rs11264886
[1] "SPLICING EVENT"
[1] "chr1:153953369:153953538:clu_1935_-:ENSG00000160741.17"
Harmonising fat_distr (fat_distr) and Outcome (Outcome)
Harmonising fat_distr (fat_distr) and Outcome (Outcome)
[1] 312
[1] 312
  iteration                                                           traits
1         1 iradjbmi, chr1:153953369:153953538:clu_1935_-:ENSG00000160741.17
  posterior_prob regional_prob candidate_snp posterior_explained_by_snp
1         0.5675        0.8286     rs7512766                     0.0714
  dropped_trait   lead_snp
1            NA rs11264886
[1] "SPLICING EVENT"
[1] "chr1:153955166:153958345:clu_1936_-:ENSG00000160741.17"
Harmonising fat_distr (fat_distr) and Outcome (Outcome)
Harmonising fat_distr (fat_distr) and Outcome (Outcome)
[1] 312
[1] 312
  iteration traits posterior_prob regional_prob candidate_snp
1         1   None             NA        0.0271            NA
  posterior_explained_by_snp dropped_trait   lead_snp
1                         NA      iradjbmi rs11264886
[1] "SPLICING EVENT"
[1] "chr1:153955166:153958372:clu_1936_-:ENSG00000160741.17"
Harmonising fat_distr (fat_distr) and Outcome (Outcome)
Harmonising fat_distr (fat_distr) and Outcome (Outcome)
[1] 312
[1] 312
  iteration traits posterior_prob regional_prob candidate_snp
1         1   None             NA          0.04            NA
  posterior_explained_by_snp dropped_trait   lead_snp
1                         NA      iradjbmi rs11264886
[1] "SPLICING EVENT"
[1] "chr1:153962747:153963495:clu_1937_-:ENSG00000143570.19"
Harmonising fat_distr (fat_distr) and Outcome (Outcome)
Harmonising fat_distr (fat_distr) and Outcome (Outcome)
[1] 312
[1] 312
  iteration traits posterior_prob regional_prob candidate_snp
1         1   None             NA        0.0155            NA
  posterior_explained_by_snp dropped_trait   lead_snp
1                         NA      iradjbmi rs11264886
[1] "SPLICING EVENT"
[1] "chr1:153967762:153968522:clu_4981_+:ENSG00000143578.16"
Harmonising fat_distr (fat_distr) and Outcome (Outcome)
Harmonising fat_distr (fat_distr) and Outcome (Outcome)
[1] 312
[1] 312
  iteration traits posterior_prob regional_prob candidate_snp
1         1   None             NA        0.0063            NA
  posterior_explained_by_snp dropped_trait   lead_snp
1                         NA      iradjbmi rs11264886
[1] "SPLICING EVENT"
[1] "chr1:153967884:153968522:clu_4981_+:ENSG00000143578.16"
Harmonising fat_distr (fat_distr) and Outcome (Outcome)
Harmonising fat_distr (fat_distr) and Outcome (Outcome)
[1] 312
[1] 312
  iteration traits posterior_prob regional_prob candidate_snp
1         1   None             NA        0.0149            NA
  posterior_explained_by_snp dropped_trait   lead_snp
1                         NA      iradjbmi rs11264886
[1] "SPLICING EVENT"
[1] "chr1:153968164:153968522:clu_4981_+:ENSG00000143578.16"
Harmonising fat_distr (fat_distr) and Outcome (Outcome)
Harmonising fat_distr (fat_distr) and Outcome (Outcome)
[1] 312
[1] 312
  iteration traits posterior_prob regional_prob candidate_snp
1         1   None             NA        0.0082            NA
  posterior_explained_by_snp dropped_trait   lead_snp
1                         NA      iradjbmi rs11264886
[1] "SPLICING EVENT"
[1] "chr1:153968184:153968522:clu_4981_+:ENSG00000143578.16"
Harmonising fat_distr (fat_distr) and Outcome (Outcome)
Harmonising fat_distr (fat_distr) and Outcome (Outcome)
[1] 312
[1] 312
  iteration traits posterior_prob regional_prob candidate_snp
1         1   None             NA         0.006            NA
  posterior_explained_by_snp dropped_trait   lead_snp
1                         NA      iradjbmi rs11264886
[1] "SPLICING EVENT"
[1] "chr1:153968639:153968930:clu_4982_+:ENSG00000143578.16"
Harmonising fat_distr (fat_distr) and Outcome (Outcome)
Harmonising fat_distr (fat_distr) and Outcome (Outcome)
[1] 312
[1] 312
  iteration traits posterior_prob regional_prob candidate_snp
1         1   None             NA        0.0109            NA
  posterior_explained_by_snp dropped_trait   lead_snp
1                         NA      iradjbmi rs11264886
[1] "SPLICING EVENT"
[1] "chr1:153968699:153968930:clu_4982_+:ENSG00000143578.16"
Harmonising fat_distr (fat_distr) and Outcome (Outcome)
Harmonising fat_distr (fat_distr) and Outcome (Outcome)
[1] 312
[1] 312
  iteration traits posterior_prob regional_prob candidate_snp
1         1   None             NA        0.0061            NA
  posterior_explained_by_snp dropped_trait   lead_snp
1                         NA      iradjbmi rs11264886
[1] "SPLICING EVENT"
[1] "chr1:153969455:153972744:clu_4983_+:ENSG00000143578.16"
Harmonising fat_distr (fat_distr) and Outcome (Outcome)
Harmonising fat_distr (fat_distr) and Outcome (Outcome)
[1] 312
[1] 312
  iteration                                                           traits
1         1 iradjbmi, chr1:153969455:153972744:clu_4983_+:ENSG00000143578.16
  posterior_prob regional_prob candidate_snp posterior_explained_by_snp
1         0.6743        0.8857    rs12403956                     0.2733
  dropped_trait   lead_snp
1            NA rs11264886
[1] "SPLICING EVENT"
[1] "chr1:153973263:153973380:clu_4984_+:ENSG00000143578.16"
Harmonising fat_distr (fat_distr) and Outcome (Outcome)
Harmonising fat_distr (fat_distr) and Outcome (Outcome)
[1] 312
[1] 312
  iteration traits posterior_prob regional_prob candidate_snp
1         1   None             NA         0.009            NA
  posterior_explained_by_snp dropped_trait   lead_snp
1                         NA      iradjbmi rs11264886
[1] "SPLICING EVENT"
[1] "chr1:153973464:153973620:clu_4984_+:ENSG00000143578.16"
Harmonising fat_distr (fat_distr) and Outcome (Outcome)
Harmonising fat_distr (fat_distr) and Outcome (Outcome)
[1] 312
[1] 312
  iteration traits posterior_prob regional_prob candidate_snp
1         1   None             NA         0.009            NA
  posterior_explained_by_snp dropped_trait   lead_snp
1                         NA      iradjbmi rs11264886
[1] "SPLICING EVENT"
[1] "chr1:153982808:153983219:clu_1940_-:ENSG00000143545.10"
Harmonising fat_distr (fat_distr) and Outcome (Outcome)
Harmonising fat_distr (fat_distr) and Outcome (Outcome)
[1] 312
[1] 312
  iteration traits posterior_prob regional_prob candidate_snp
1         1   None             NA        0.0203            NA
  posterior_explained_by_snp dropped_trait   lead_snp
1                         NA      iradjbmi rs11264886
[1] "SPLICING EVENT"
[1] "chr1:153982808:153983521:clu_1940_-:ENSG00000143545.10"
Harmonising fat_distr (fat_distr) and Outcome (Outcome)
Harmonising fat_distr (fat_distr) and Outcome (Outcome)
[1] 312
[1] 312
  iteration traits posterior_prob regional_prob candidate_snp
1         1   None             NA        0.0063            NA
  posterior_explained_by_snp dropped_trait   lead_snp
1                         NA      iradjbmi rs11264886
[1] "SPLICING EVENT"
[1] "chr1:153983296:153983521:clu_1940_-:ENSG00000143545.10"
Harmonising fat_distr (fat_distr) and Outcome (Outcome)
Harmonising fat_distr (fat_distr) and Outcome (Outcome)
[1] 312
[1] 312
  iteration traits posterior_prob regional_prob candidate_snp
1         1   None             NA        0.0156            NA
  posterior_explained_by_snp dropped_trait   lead_snp
1                         NA      iradjbmi rs11264886
[1] "LEAD INDEX"
[1] 14
[1] "SPLICING EVENT"
[1] "chr1:172370311:172376554:clu_2263_-:ENSG00000135845.10"
Harmonising fat_distr (fat_distr) and Outcome (Outcome)
Harmonising fat_distr (fat_distr) and Outcome (Outcome)
[1] 380
[1] 380
  iteration traits posterior_prob regional_prob candidate_snp
1         1   None             NA        0.0739            NA
  posterior_explained_by_snp
1                         NA
                                           dropped_trait  lead_snp
1 chr1:172370311:172376554:clu_2263_-:ENSG00000135845.10 rs9425592
[1] "SPLICING EVENT"
[1] "chr1:172394410:172399819:clu_2263_-:ENSG00000135845.10"
Harmonising fat_distr (fat_distr) and Outcome (Outcome)
Harmonising fat_distr (fat_distr) and Outcome (Outcome)
[1] 380
[1] 380
  iteration traits posterior_prob regional_prob candidate_snp
1         1   None             NA        0.0739            NA
  posterior_explained_by_snp
1                         NA
                                           dropped_trait  lead_snp
1 chr1:172394410:172399819:clu_2263_-:ENSG00000135845.10 rs9425592
[1] "SPLICING EVENT"
[1] "chr1:172399916:172415294:clu_2263_-:ENSG00000135845.10"
Harmonising fat_distr (fat_distr) and Outcome (Outcome)
Harmonising fat_distr (fat_distr) and Outcome (Outcome)
[1] 380
[1] 380
  iteration traits posterior_prob regional_prob candidate_snp
1         1   None             NA        0.0113            NA
  posterior_explained_by_snp dropped_trait  lead_snp
1                         NA      iradjbmi rs9425592
[1] "SPLICING EVENT"
[1] "chr1:172399916:172443988:clu_2263_-:ENSG00000135845.10"
Harmonising fat_distr (fat_distr) and Outcome (Outcome)
Harmonising fat_distr (fat_distr) and Outcome (Outcome)
[1] 380
[1] 380
  iteration traits posterior_prob regional_prob candidate_snp
1         1   None             NA        0.0149            NA
  posterior_explained_by_snp dropped_trait  lead_snp
1                         NA      iradjbmi rs9425592
[1] "SPLICING EVENT"
[1] "chr1:172415374:172443988:clu_2263_-:ENSG00000135845.10"
Harmonising fat_distr (fat_distr) and Outcome (Outcome)
Harmonising fat_distr (fat_distr) and Outcome (Outcome)
[1] 380
[1] 380
  iteration traits posterior_prob regional_prob candidate_snp
1         1   None             NA        0.0067            NA
  posterior_explained_by_snp dropped_trait  lead_snp
1                         NA      iradjbmi rs9425592
[1] "SPLICING EVENT"
[1] "chr1:172442830:172443988:clu_2263_-:ENSG00000135845.10"
Harmonising fat_distr (fat_distr) and Outcome (Outcome)
Harmonising fat_distr (fat_distr) and Outcome (Outcome)
[1] 380
[1] 380
  iteration traits posterior_prob regional_prob candidate_snp
1         1   None             NA        0.0057            NA
  posterior_explained_by_snp dropped_trait  lead_snp
1                         NA      iradjbmi rs9425592
[1] "LEAD INDEX"
[1] 15
[1] "LEAD INDEX"
[1] 16
[1] "SPLICING EVENT"
[1] "chr1:203700923:203702044:clu_5670_+:ENSG00000058668.15"
Harmonising fat_distr (fat_distr) and Outcome (Outcome)
Harmonising fat_distr (fat_distr) and Outcome (Outcome)
[1] 454
[1] 454
  iteration traits posterior_prob regional_prob candidate_snp
1         1   None             NA        0.0063            NA
  posterior_explained_by_snp dropped_trait  lead_snp
1                         NA      iradjbmi rs6670438
[1] "SPLICING EVENT"
[1] "chr1:203700923:203703652:clu_5670_+:ENSG00000058668.15"
Harmonising fat_distr (fat_distr) and Outcome (Outcome)
Harmonising fat_distr (fat_distr) and Outcome (Outcome)
[1] 454
[1] 454
  iteration traits posterior_prob regional_prob candidate_snp
1         1   None             NA        0.0488            NA
  posterior_explained_by_snp dropped_trait  lead_snp
1                         NA      iradjbmi rs6670438
[1] "SPLICING EVENT"
[1] "chr1:203702079:203703652:clu_5670_+:ENSG00000058668.15"
Harmonising fat_distr (fat_distr) and Outcome (Outcome)
Harmonising fat_distr (fat_distr) and Outcome (Outcome)
[1] 454
[1] 454
  iteration traits posterior_prob regional_prob candidate_snp
1         1   None             NA        0.0483            NA
  posterior_explained_by_snp dropped_trait  lead_snp
1                         NA      iradjbmi rs6670438
[1] "SPLICING EVENT"
[1] "chr1:203703813:203707009:clu_5671_+:ENSG00000058668.15"
Harmonising fat_distr (fat_distr) and Outcome (Outcome)
Harmonising fat_distr (fat_distr) and Outcome (Outcome)
[1] 454
[1] 454
  iteration traits posterior_prob regional_prob candidate_snp
1         1   None             NA        0.0058            NA
  posterior_explained_by_snp dropped_trait  lead_snp
1                         NA      iradjbmi rs6670438
[1] "SPLICING EVENT"
[1] "chr1:203707223:203707862:clu_5671_+:ENSG00000058668.15"
Harmonising fat_distr (fat_distr) and Outcome (Outcome)
Harmonising fat_distr (fat_distr) and Outcome (Outcome)
[1] 454
[1] 454
  iteration traits posterior_prob regional_prob candidate_snp
1         1   None             NA        0.0064            NA
  posterior_explained_by_snp dropped_trait  lead_snp
1                         NA      iradjbmi rs6670438
[1] "SPLICING EVENT"
[1] "chr1:203712139:203713165:clu_5672_+:ENSG00000058668.15"
Harmonising fat_distr (fat_distr) and Outcome (Outcome)
Harmonising fat_distr (fat_distr) and Outcome (Outcome)
[1] 454
[1] 454
  iteration traits posterior_prob regional_prob candidate_snp
1         1   None             NA        0.0062            NA
  posterior_explained_by_snp dropped_trait  lead_snp
1                         NA      iradjbmi rs6670438
[1] "SPLICING EVENT"
[1] "chr1:203713252:203714171:clu_5672_+:ENSG00000058668.15"
Harmonising fat_distr (fat_distr) and Outcome (Outcome)
Harmonising fat_distr (fat_distr) and Outcome (Outcome)
[1] 454
[1] 454
  iteration traits posterior_prob regional_prob candidate_snp
1         1   None             NA        0.0054            NA
  posterior_explained_by_snp dropped_trait  lead_snp
1                         NA      iradjbmi rs6670438
[1] "SPLICING EVENT"
[1] "chr1:203722689:203723881:clu_5673_+:ENSG00000058668.15"
Harmonising fat_distr (fat_distr) and Outcome (Outcome)
Harmonising fat_distr (fat_distr) and Outcome (Outcome)
[1] 454
[1] 454
  iteration traits posterior_prob regional_prob candidate_snp
1         1   None             NA        0.0057            NA
  posterior_explained_by_snp dropped_trait  lead_snp
1                         NA      iradjbmi rs6670438
[1] "SPLICING EVENT"
[1] "chr1:203723988:203727395:clu_5673_+:ENSG00000058668.15"
Harmonising fat_distr (fat_distr) and Outcome (Outcome)
Harmonising fat_distr (fat_distr) and Outcome (Outcome)
[1] 454
[1] 454
  iteration traits posterior_prob regional_prob candidate_snp
1         1   None             NA        0.0066            NA
  posterior_explained_by_snp dropped_trait  lead_snp
1                         NA      iradjbmi rs6670438
[1] "SPLICING EVENT"
[1] "chr1:203727571:203733223:clu_5674_+:ENSG00000058668.15"
Harmonising fat_distr (fat_distr) and Outcome (Outcome)
Harmonising fat_distr (fat_distr) and Outcome (Outcome)
[1] 454
[1] 454
  iteration traits posterior_prob regional_prob candidate_snp
1         1   None             NA        0.0122            NA
  posterior_explained_by_snp dropped_trait  lead_snp
1                         NA      iradjbmi rs6670438
[1] "SPLICING EVENT"
[1] "chr1:203727571:203739546:clu_5674_+:ENSG00000058668.15"
Harmonising fat_distr (fat_distr) and Outcome (Outcome)
Harmonising fat_distr (fat_distr) and Outcome (Outcome)
[1] 454
[1] 454
  iteration traits posterior_prob regional_prob candidate_snp
1         1   None             NA        0.0449            NA
  posterior_explained_by_snp dropped_trait  lead_snp
1                         NA      iradjbmi rs6670438
[1] "SPLICING EVENT"
[1] "chr1:203733400:203739546:clu_5674_+:ENSG00000058668.15"
Harmonising fat_distr (fat_distr) and Outcome (Outcome)
Harmonising fat_distr (fat_distr) and Outcome (Outcome)
[1] 454
[1] 454
  iteration traits posterior_prob regional_prob candidate_snp
1         1   None             NA        0.0289            NA
  posterior_explained_by_snp dropped_trait  lead_snp
1                         NA      iradjbmi rs6670438
[1] "LEAD INDEX"
[1] 17
[1] "SPLICING EVENT"
[1] "chr1:205088812:205094873:clu_2537_-:ENSG00000117222.14"
Harmonising fat_distr (fat_distr) and Outcome (Outcome)
Harmonising fat_distr (fat_distr) and Outcome (Outcome)
[1] 591
[1] 591
  iteration traits posterior_prob regional_prob candidate_snp
1         1   None             NA        0.0099            NA
  posterior_explained_by_snp dropped_trait   lead_snp
1                         NA      iradjbmi rs11240358
[1] "SPLICING EVENT"
[1] "chr1:205088815:205094873:clu_2537_-:ENSG00000117222.14"
Harmonising fat_distr (fat_distr) and Outcome (Outcome)
Harmonising fat_distr (fat_distr) and Outcome (Outcome)
[1] 591
[1] 591
  iteration traits posterior_prob regional_prob candidate_snp
1         1   None             NA        0.0098            NA
  posterior_explained_by_snp dropped_trait   lead_snp
1                         NA      iradjbmi rs11240358
[1] "SPLICING EVENT"
[1] "chr1:205088815:205094987:clu_2537_-:ENSG00000117222.14"
Harmonising fat_distr (fat_distr) and Outcome (Outcome)
Harmonising fat_distr (fat_distr) and Outcome (Outcome)
[1] 591
[1] 591
  iteration traits posterior_prob regional_prob candidate_snp
1         1   None             NA        0.0163            NA
  posterior_explained_by_snp dropped_trait   lead_snp
1                         NA      iradjbmi rs11240358
[1] "SPLICING EVENT"
[1] "chr1:205096911:205097326:clu_2538_-:ENSG00000117222.14"
Harmonising fat_distr (fat_distr) and Outcome (Outcome)
Harmonising fat_distr (fat_distr) and Outcome (Outcome)
[1] 591
[1] 591
  iteration traits posterior_prob regional_prob candidate_snp
1         1   None             NA        0.0102            NA
  posterior_explained_by_snp dropped_trait   lead_snp
1                         NA      iradjbmi rs11240358
[1] "SPLICING EVENT"
[1] "chr1:205104019:205105028:clu_2540_-:ENSG00000117222.14"
Harmonising fat_distr (fat_distr) and Outcome (Outcome)
Harmonising fat_distr (fat_distr) and Outcome (Outcome)
[1] 591
[1] 591
  iteration traits posterior_prob regional_prob candidate_snp
1         1   None             NA        0.0081            NA
  posterior_explained_by_snp dropped_trait   lead_snp
1                         NA      iradjbmi rs11240358
[1] "SPLICING EVENT"
[1] "chr1:205147745:205148205:clu_2543_-:ENSG00000133059.17"
Harmonising fat_distr (fat_distr) and Outcome (Outcome)
Harmonising fat_distr (fat_distr) and Outcome (Outcome)
[1] 591
[1] 591
  iteration traits posterior_prob regional_prob candidate_snp
1         1   None             NA        0.0137            NA
  posterior_explained_by_snp dropped_trait   lead_snp
1                         NA      iradjbmi rs11240358
[1] "SPLICING EVENT"
[1] "chr1:205147745:205150680:clu_2543_-:ENSG00000133059.17"
Harmonising fat_distr (fat_distr) and Outcome (Outcome)
Harmonising fat_distr (fat_distr) and Outcome (Outcome)
[1] 591
[1] 591
  iteration traits posterior_prob regional_prob candidate_snp
1         1   None             NA        0.0097            NA
  posterior_explained_by_snp dropped_trait   lead_snp
1                         NA      iradjbmi rs11240358
[1] "SPLICING EVENT"
[1] "chr1:205148339:205150680:clu_2543_-:ENSG00000133059.17"
Harmonising fat_distr (fat_distr) and Outcome (Outcome)
Harmonising fat_distr (fat_distr) and Outcome (Outcome)
[1] 591
[1] 591
  iteration traits posterior_prob regional_prob candidate_snp
1         1   None             NA        0.0114            NA
  posterior_explained_by_snp dropped_trait   lead_snp
1                         NA      iradjbmi rs11240358
[1] "SPLICING EVENT"
[1] "chr1:205169832:205187418:clu_2545_-:ENSG00000133059.17"
Harmonising fat_distr (fat_distr) and Outcome (Outcome)
Harmonising fat_distr (fat_distr) and Outcome (Outcome)
[1] 591
[1] 591
  iteration traits posterior_prob regional_prob candidate_snp
1         1   None             NA        0.0131            NA
  posterior_explained_by_snp dropped_trait   lead_snp
1                         NA      iradjbmi rs11240358
[1] "LEAD INDEX"
[1] 18
[1] "LEAD INDEX"
[1] 19
[1] "LEAD INDEX"
[1] 20
[1] "LEAD INDEX"
[1] 21
[1] "LEAD INDEX"
[1] 22
[1] "LEAD INDEX"
[1] 23
[1] "CHROMOSOME"
[1] 2
[1] "LEAD INDEX"
[1] 1
[1] "LEAD INDEX"
[1] 2
[1] "LEAD INDEX"
[1] 3
[1] "LEAD INDEX"
[1] 4
[1] "LEAD INDEX"
[1] 5
[1] "SPLICING EVENT"
[1] "chr2:160112199:160123791:clu_33062_-:ENSG00000115221.12"
Harmonising fat_distr (fat_distr) and Outcome (Outcome)
Harmonising fat_distr (fat_distr) and Outcome (Outcome)
[1] 403
[1] 403
  iteration traits posterior_prob regional_prob candidate_snp
1         1   None             NA         0.008            NA
  posterior_explained_by_snp dropped_trait   lead_snp
1                         NA      iradjbmi rs10181181
[1] "SPLICING EVENT"
[1] "chr2:160123888:160126379:clu_33062_-:ENSG00000115221.12"
Harmonising fat_distr (fat_distr) and Outcome (Outcome)
Harmonising fat_distr (fat_distr) and Outcome (Outcome)
[1] 403
[1] 403
  iteration traits posterior_prob regional_prob candidate_snp
1         1   None             NA        0.0029            NA
  posterior_explained_by_snp dropped_trait   lead_snp
1                         NA      iradjbmi rs10181181
[1] "SPLICING EVENT"
[1] "chr2:160126601:160137434:clu_33062_-:ENSG00000115221.12"
Harmonising fat_distr (fat_distr) and Outcome (Outcome)
Harmonising fat_distr (fat_distr) and Outcome (Outcome)
[1] 403
[1] 403
  iteration traits posterior_prob regional_prob candidate_snp
1         1   None             NA        0.0036            NA
  posterior_explained_by_snp dropped_trait   lead_snp
1                         NA      iradjbmi rs10181181
[1] "SPLICING EVENT"
[1] "chr2:160142071:160169212:clu_33063_-:ENSG00000115221.12"
Harmonising fat_distr (fat_distr) and Outcome (Outcome)
Harmonising fat_distr (fat_distr) and Outcome (Outcome)
[1] 403
[1] 403
  iteration traits posterior_prob regional_prob candidate_snp
1         1   None             NA        0.0073            NA
  posterior_explained_by_snp dropped_trait   lead_snp
1                         NA      iradjbmi rs10181181
[1] "SPLICING EVENT"
[1] "chr2:160169307:160172569:clu_33063_-:ENSG00000115221.12"
Harmonising fat_distr (fat_distr) and Outcome (Outcome)
Harmonising fat_distr (fat_distr) and Outcome (Outcome)
[1] 403
[1] 403
  iteration traits posterior_prob regional_prob candidate_snp
1         1   None             NA        0.0109            NA
  posterior_explained_by_snp dropped_trait   lead_snp
1                         NA      iradjbmi rs10181181
[1] "SPLICING EVENT"
[1] "chr2:160174139:160195369:clu_33064_-:ENSG00000115221.12"
Harmonising fat_distr (fat_distr) and Outcome (Outcome)
Harmonising fat_distr (fat_distr) and Outcome (Outcome)
[1] 403
[1] 403
  iteration traits posterior_prob regional_prob candidate_snp
1         1   None             NA        0.0043            NA
  posterior_explained_by_snp dropped_trait   lead_snp
1                         NA      iradjbmi rs10181181
[1] "SPLICING EVENT"
[1] "chr2:160199258:160200003:clu_33066_-:ENSG00000115221.12"
Harmonising fat_distr (fat_distr) and Outcome (Outcome)
Harmonising fat_distr (fat_distr) and Outcome (Outcome)
[1] 403
[1] 403
  iteration traits posterior_prob regional_prob candidate_snp
1         1   None             NA         0.007            NA
  posterior_explained_by_snp dropped_trait   lead_snp
1                         NA      iradjbmi rs10181181
[1] "SPLICING EVENT"
[1] "chr2:160200415:160201136:clu_33066_-:ENSG00000115221.12"
Harmonising fat_distr (fat_distr) and Outcome (Outcome)
Harmonising fat_distr (fat_distr) and Outcome (Outcome)
[1] 403
[1] 403
  iteration traits posterior_prob regional_prob candidate_snp
1         1   None             NA        0.0039            NA
  posterior_explained_by_snp dropped_trait   lead_snp
1                         NA      iradjbmi rs10181181
[1] "SPLICING EVENT"
[1] "chr2:160258046:160266230:clu_33068_-:ENSG00000285373.3"
Harmonising fat_distr (fat_distr) and Outcome (Outcome)
Harmonising fat_distr (fat_distr) and Outcome (Outcome)
[1] 403
[1] 403
  iteration                                                           traits
1         1 iradjbmi, chr2:160258046:160266230:clu_33068_-:ENSG00000285373.3
  posterior_prob regional_prob candidate_snp posterior_explained_by_snp
1         0.9036         0.922    rs10181181                     0.9323
  dropped_trait   lead_snp
1            NA rs10181181
[1] "SPLICING EVENT"
[1] "chr2:160258046:160270202:clu_33068_-:ENSG00000285373.3"
Harmonising fat_distr (fat_distr) and Outcome (Outcome)
Harmonising fat_distr (fat_distr) and Outcome (Outcome)
[1] 403
[1] 403
  iteration                                                           traits
1         1 iradjbmi, chr2:160258046:160270202:clu_33068_-:ENSG00000285373.3
  posterior_prob regional_prob candidate_snp posterior_explained_by_snp
1         0.8651        0.8914    rs10181181                     0.9174
  dropped_trait   lead_snp
1            NA rs10181181
[1] "SPLICING EVENT"
[1] "chr2:160266359:160267126:clu_33068_-:ENSG00000285373.3"
Harmonising fat_distr (fat_distr) and Outcome (Outcome)
Harmonising fat_distr (fat_distr) and Outcome (Outcome)
[1] 403
[1] 403
  iteration                                                           traits
1         1 iradjbmi, chr2:160266359:160267126:clu_33068_-:ENSG00000285373.3
  posterior_prob regional_prob candidate_snp posterior_explained_by_snp
1         0.4106        0.5144     rs1563575                     0.7488
  dropped_trait   lead_snp
1            NA rs10181181
[1] "SPLICING EVENT"
[1] "chr2:160267181:160270202:clu_33068_-:ENSG00000285373.3"
Harmonising fat_distr (fat_distr) and Outcome (Outcome)
Harmonising fat_distr (fat_distr) and Outcome (Outcome)
[1] 403
[1] 403
  iteration                                                           traits
1         1 iradjbmi, chr2:160267181:160270202:clu_33068_-:ENSG00000285373.3
  posterior_prob regional_prob candidate_snp posterior_explained_by_snp
1         0.9478        0.9569    rs10181181                      0.685
  dropped_trait   lead_snp
1            NA rs10181181
[1] "SPLICING EVENT"
[1] "chr2:160267206:160270202:clu_33068_-:ENSG00000285373.3"
Harmonising fat_distr (fat_distr) and Outcome (Outcome)
Harmonising fat_distr (fat_distr) and Outcome (Outcome)
[1] 403
[1] 403
  iteration                                                           traits
1         1 iradjbmi, chr2:160267206:160270202:clu_33068_-:ENSG00000285373.3
  posterior_prob regional_prob candidate_snp posterior_explained_by_snp
1         0.8955        0.9155    rs10181181                     0.9126
  dropped_trait   lead_snp
1            NA rs10181181
[1] "LEAD INDEX"
[1] 6
[1] "LEAD INDEX"
[1] 7
[1] "LEAD INDEX"
[1] 8
[1] "LEAD INDEX"
[1] 9
[1] "LEAD INDEX"
[1] 10
[1] "LEAD INDEX"
[1] 11
[1] "SPLICING EVENT"
[1] "chr2:65048212:65051279:clu_32352_-:ENSG00000237638.3"
Harmonising fat_distr (fat_distr) and Outcome (Outcome)
Harmonising fat_distr (fat_distr) and Outcome (Outcome)
[1] 401
[1] 401
  iteration traits posterior_prob regional_prob candidate_snp
1         1   None             NA        0.0602            NA
  posterior_explained_by_snp dropped_trait  lead_snp
1                         NA      iradjbmi rs2252867
[1] "SPLICING EVENT"
[1] "chr2:65048212:65055530:clu_32352_-:ENSG00000237638.3"
Harmonising fat_distr (fat_distr) and Outcome (Outcome)
Harmonising fat_distr (fat_distr) and Outcome (Outcome)
[1] 401
[1] 401
  iteration traits posterior_prob regional_prob candidate_snp
1         1   None             NA        0.2856            NA
  posterior_explained_by_snp dropped_trait  lead_snp
1                         NA      iradjbmi rs2252867
[1] "SPLICING EVENT"
[1] "chr2:65048212:65055915:clu_32352_-:ENSG00000237638.3"
Harmonising fat_distr (fat_distr) and Outcome (Outcome)
Harmonising fat_distr (fat_distr) and Outcome (Outcome)
[1] 401
[1] 401
  iteration traits posterior_prob regional_prob candidate_snp
1         1   None             NA        0.0695            NA
  posterior_explained_by_snp dropped_trait  lead_snp
1                         NA      iradjbmi rs2252867
[1] "SPLICING EVENT"
[1] "chr2:65051337:65055915:clu_32352_-:ENSG00000237638.3"
Harmonising fat_distr (fat_distr) and Outcome (Outcome)
Harmonising fat_distr (fat_distr) and Outcome (Outcome)
[1] 401
[1] 401
  iteration                                                         traits
1         1 iradjbmi, chr2:65051337:65055915:clu_32352_-:ENSG00000237638.3
  posterior_prob regional_prob candidate_snp posterior_explained_by_snp
1         0.8257        0.9602     rs2252867                     0.4088
  dropped_trait  lead_snp
1            NA rs2252867
[1] "SPLICING EVENT"
[1] "chr2:65055620:65055915:clu_32352_-:ENSG00000237638.3"
Harmonising fat_distr (fat_distr) and Outcome (Outcome)
Harmonising fat_distr (fat_distr) and Outcome (Outcome)
[1] 401
[1] 401
  iteration traits posterior_prob regional_prob candidate_snp
1         1   None             NA        0.0615            NA
  posterior_explained_by_snp dropped_trait  lead_snp
1                         NA      iradjbmi rs2252867
[1] "SPLICING EVENT"
[1] "chr2:65056524:65069399:clu_34414_+:ENSG00000011523.14"
Harmonising fat_distr (fat_distr) and Outcome (Outcome)
Harmonising fat_distr (fat_distr) and Outcome (Outcome)
[1] 401
[1] 401
  iteration traits posterior_prob regional_prob candidate_snp
1         1   None             NA        0.0107            NA
  posterior_explained_by_snp dropped_trait  lead_snp
1                         NA      iradjbmi rs2252867
[1] "SPLICING EVENT"
[1] "chr2:65056524:65071454:clu_34414_+:ENSG00000011523.14"
Harmonising fat_distr (fat_distr) and Outcome (Outcome)
Harmonising fat_distr (fat_distr) and Outcome (Outcome)
[1] 401
[1] 401
  iteration                                                          traits
1         1 iradjbmi, chr2:65056524:65071454:clu_34414_+:ENSG00000011523.14
  posterior_prob regional_prob candidate_snp posterior_explained_by_snp
1         0.8351         0.948     rs2252867                     0.4575
  dropped_trait  lead_snp
1            NA rs2252867
[1] "SPLICING EVENT"
[1] "chr2:65056528:65069399:clu_34414_+:ENSG00000011523.14"
Harmonising fat_distr (fat_distr) and Outcome (Outcome)
Harmonising fat_distr (fat_distr) and Outcome (Outcome)
[1] 401
[1] 401
  iteration traits posterior_prob regional_prob candidate_snp
1         1   None             NA        0.0106            NA
  posterior_explained_by_snp dropped_trait  lead_snp
1                         NA      iradjbmi rs2252867
[1] "SPLICING EVENT"
[1] "chr2:65056528:65071454:clu_34414_+:ENSG00000011523.14"
Harmonising fat_distr (fat_distr) and Outcome (Outcome)
Harmonising fat_distr (fat_distr) and Outcome (Outcome)
[1] 401
[1] 401
  iteration traits posterior_prob regional_prob candidate_snp
1         1   None             NA         0.977            NA
  posterior_explained_by_snp
1                         NA
                                          dropped_trait  lead_snp
1 chr2:65056528:65071454:clu_34414_+:ENSG00000011523.14 rs2252867
[1] "SPLICING EVENT"
[1] "chr2:65069801:65071454:clu_34414_+:ENSG00000011523.14"
Harmonising fat_distr (fat_distr) and Outcome (Outcome)
Harmonising fat_distr (fat_distr) and Outcome (Outcome)
[1] 401
[1] 401
  iteration traits posterior_prob regional_prob candidate_snp
1         1   None             NA         0.125            NA
  posterior_explained_by_snp dropped_trait  lead_snp
1                         NA      iradjbmi rs2252867
[1] "SPLICING EVENT"
[1] "chr2:65072980:65074282:clu_34416_+:ENSG00000011523.14"
Harmonising fat_distr (fat_distr) and Outcome (Outcome)
Harmonising fat_distr (fat_distr) and Outcome (Outcome)
[1] 401
[1] 401
  iteration traits posterior_prob regional_prob candidate_snp
1         1   None             NA        0.0416            NA
  posterior_explained_by_snp dropped_trait  lead_snp
1                         NA      iradjbmi rs2252867
[1] "SPLICING EVENT"
[1] "chr2:65074404:65077868:clu_34417_+:ENSG00000011523.14"
Harmonising fat_distr (fat_distr) and Outcome (Outcome)
Harmonising fat_distr (fat_distr) and Outcome (Outcome)
[1] 401
[1] 401
  iteration traits posterior_prob regional_prob candidate_snp
1         1   None             NA        0.0153            NA
  posterior_explained_by_snp dropped_trait  lead_snp
1                         NA      iradjbmi rs2252867
[1] "SPLICING EVENT"
[1] "chr2:65074404:65082536:clu_34417_+:ENSG00000011523.14"
Harmonising fat_distr (fat_distr) and Outcome (Outcome)
Harmonising fat_distr (fat_distr) and Outcome (Outcome)
[1] 401
[1] 401
  iteration traits posterior_prob regional_prob candidate_snp
1         1   None             NA        0.0062            NA
  posterior_explained_by_snp dropped_trait  lead_snp
1                         NA      iradjbmi rs2252867
[1] "SPLICING EVENT"
[1] "chr2:65077964:65082536:clu_34417_+:ENSG00000011523.14"
Harmonising fat_distr (fat_distr) and Outcome (Outcome)
Harmonising fat_distr (fat_distr) and Outcome (Outcome)
[1] 401
[1] 401
  iteration traits posterior_prob regional_prob candidate_snp
1         1   None             NA        0.0093            NA
  posterior_explained_by_snp dropped_trait  lead_snp
1                         NA      iradjbmi rs2252867
[1] "LEAD INDEX"
[1] 12
[1] "LEAD INDEX"
[1] 13
[1] "LEAD INDEX"
[1] 14
[1] "LEAD INDEX"
[1] 15
[1] "SPLICING EVENT"
[1] "chr2:164493182:164494431:clu_33091_-:ENSG00000115290.10"
Harmonising fat_distr (fat_distr) and Outcome (Outcome)
Harmonising fat_distr (fat_distr) and Outcome (Outcome)
[1] 337
[1] 337
  iteration traits posterior_prob regional_prob candidate_snp
1         1   None             NA        0.0134            NA
  posterior_explained_by_snp dropped_trait   lead_snp
1                         NA      iradjbmi rs13027837
[1] "SPLICING EVENT"
[1] "chr2:164494524:164497008:clu_33091_-:ENSG00000115290.10"
Harmonising fat_distr (fat_distr) and Outcome (Outcome)
Harmonising fat_distr (fat_distr) and Outcome (Outcome)
[1] 337
[1] 337
  iteration traits posterior_prob regional_prob candidate_snp
1         1   None             NA        0.0131            NA
  posterior_explained_by_snp dropped_trait   lead_snp
1                         NA      iradjbmi rs13027837
[1] "SPLICING EVENT"
[1] "chr2:164502335:164508455:clu_33092_-:ENSG00000115290.10"
Harmonising fat_distr (fat_distr) and Outcome (Outcome)
Harmonising fat_distr (fat_distr) and Outcome (Outcome)
[1] 337
[1] 337
  iteration traits posterior_prob regional_prob candidate_snp
1         1   None             NA         0.007            NA
  posterior_explained_by_snp dropped_trait   lead_snp
1                         NA      iradjbmi rs13027837
[1] "SPLICING EVENT"
[1] "chr2:164508550:164508742:clu_33092_-:ENSG00000115290.10"
Harmonising fat_distr (fat_distr) and Outcome (Outcome)
Harmonising fat_distr (fat_distr) and Outcome (Outcome)
[1] 337
[1] 337
  iteration traits posterior_prob regional_prob candidate_snp
1         1   None             NA         0.008            NA
  posterior_explained_by_snp dropped_trait   lead_snp
1                         NA      iradjbmi rs13027837
[1] "SPLICING EVENT"
[1] "chr2:164508603:164508742:clu_33092_-:ENSG00000115290.10"
Harmonising fat_distr (fat_distr) and Outcome (Outcome)
Harmonising fat_distr (fat_distr) and Outcome (Outcome)
[1] 337
[1] 337
  iteration traits posterior_prob regional_prob candidate_snp
1         1   None             NA        0.0079            NA
  posterior_explained_by_snp dropped_trait   lead_snp
1                         NA      iradjbmi rs13027837
[1] "SPLICING EVENT"
[1] "chr2:164522117:164525004:clu_33093_-:ENSG00000115290.10"
Harmonising fat_distr (fat_distr) and Outcome (Outcome)
Harmonising fat_distr (fat_distr) and Outcome (Outcome)
[1] 337
[1] 337
  iteration traits posterior_prob regional_prob candidate_snp
1         1   None             NA         0.007            NA
  posterior_explained_by_snp dropped_trait   lead_snp
1                         NA      iradjbmi rs13027837
[1] "SPLICING EVENT"
[1] "chr2:164525078:164527014:clu_33093_-:ENSG00000115290.10"
Harmonising fat_distr (fat_distr) and Outcome (Outcome)
Harmonising fat_distr (fat_distr) and Outcome (Outcome)
[1] 337
[1] 337
  iteration traits posterior_prob regional_prob candidate_snp
1         1   None             NA         0.007            NA
  posterior_explained_by_snp dropped_trait   lead_snp
1                         NA      iradjbmi rs13027837
[1] "SPLICING EVENT"
[1] "chr2:164527135:164547660:clu_33094_-:ENSG00000115290.10"
Harmonising fat_distr (fat_distr) and Outcome (Outcome)
Harmonising fat_distr (fat_distr) and Outcome (Outcome)
[1] 337
[1] 337
  iteration traits posterior_prob regional_prob candidate_snp
1         1   None             NA        0.0075            NA
  posterior_explained_by_snp dropped_trait   lead_snp
1                         NA      iradjbmi rs13027837
[1] "SPLICING EVENT"
[1] "chr2:164547816:164568315:clu_33094_-:ENSG00000115290.10"
Harmonising fat_distr (fat_distr) and Outcome (Outcome)
Harmonising fat_distr (fat_distr) and Outcome (Outcome)
[1] 337
[1] 337
  iteration traits posterior_prob regional_prob candidate_snp
1         1   None             NA        0.0065            NA
  posterior_explained_by_snp dropped_trait   lead_snp
1                         NA      iradjbmi rs13027837
[1] "SPLICING EVENT"
[1] "chr2:164547816:164619687:clu_33094_-:ENSG00000115290.10"
Harmonising fat_distr (fat_distr) and Outcome (Outcome)
Harmonising fat_distr (fat_distr) and Outcome (Outcome)
[1] 337
[1] 337
  iteration traits posterior_prob regional_prob candidate_snp
1         1   None             NA        0.0093            NA
  posterior_explained_by_snp dropped_trait   lead_snp
1                         NA      iradjbmi rs13027837
[1] "LEAD INDEX"
[1] 16
[1] "SPLICING EVENT"
[1] "chr2:164493182:164494431:clu_33091_-:ENSG00000115290.10"
Harmonising fat_distr (fat_distr) and Outcome (Outcome)
Harmonising fat_distr (fat_distr) and Outcome (Outcome)
[1] 345
[1] 345
  iteration traits posterior_prob regional_prob candidate_snp
1         1   None             NA        0.0134            NA
  posterior_explained_by_snp dropped_trait  lead_snp
1                         NA      iradjbmi rs1128249
[1] "SPLICING EVENT"
[1] "chr2:164494524:164497008:clu_33091_-:ENSG00000115290.10"
Harmonising fat_distr (fat_distr) and Outcome (Outcome)
Harmonising fat_distr (fat_distr) and Outcome (Outcome)
[1] 345
[1] 345
  iteration traits posterior_prob regional_prob candidate_snp
1         1   None             NA        0.0131            NA
  posterior_explained_by_snp dropped_trait  lead_snp
1                         NA      iradjbmi rs1128249
[1] "SPLICING EVENT"
[1] "chr2:164502335:164508455:clu_33092_-:ENSG00000115290.10"
Harmonising fat_distr (fat_distr) and Outcome (Outcome)
Harmonising fat_distr (fat_distr) and Outcome (Outcome)
[1] 345
[1] 345
  iteration traits posterior_prob regional_prob candidate_snp
1         1   None             NA         0.007            NA
  posterior_explained_by_snp dropped_trait  lead_snp
1                         NA      iradjbmi rs1128249
[1] "SPLICING EVENT"
[1] "chr2:164508550:164508742:clu_33092_-:ENSG00000115290.10"
Harmonising fat_distr (fat_distr) and Outcome (Outcome)
Harmonising fat_distr (fat_distr) and Outcome (Outcome)
[1] 345
[1] 345
  iteration traits posterior_prob regional_prob candidate_snp
1         1   None             NA         0.008            NA
  posterior_explained_by_snp dropped_trait  lead_snp
1                         NA      iradjbmi rs1128249
[1] "SPLICING EVENT"
[1] "chr2:164508603:164508742:clu_33092_-:ENSG00000115290.10"
Harmonising fat_distr (fat_distr) and Outcome (Outcome)
Harmonising fat_distr (fat_distr) and Outcome (Outcome)
[1] 345
[1] 345
  iteration traits posterior_prob regional_prob candidate_snp
1         1   None             NA        0.0079            NA
  posterior_explained_by_snp dropped_trait  lead_snp
1                         NA      iradjbmi rs1128249
[1] "SPLICING EVENT"
[1] "chr2:164522117:164525004:clu_33093_-:ENSG00000115290.10"
Harmonising fat_distr (fat_distr) and Outcome (Outcome)
Harmonising fat_distr (fat_distr) and Outcome (Outcome)
[1] 345
[1] 345
  iteration traits posterior_prob regional_prob candidate_snp
1         1   None             NA         0.007            NA
  posterior_explained_by_snp dropped_trait  lead_snp
1                         NA      iradjbmi rs1128249
[1] "SPLICING EVENT"
[1] "chr2:164525078:164527014:clu_33093_-:ENSG00000115290.10"
Harmonising fat_distr (fat_distr) and Outcome (Outcome)
Harmonising fat_distr (fat_distr) and Outcome (Outcome)
[1] 345
[1] 345
  iteration traits posterior_prob regional_prob candidate_snp
1         1   None             NA         0.007            NA
  posterior_explained_by_snp dropped_trait  lead_snp
1                         NA      iradjbmi rs1128249
[1] "SPLICING EVENT"
[1] "chr2:164527135:164547660:clu_33094_-:ENSG00000115290.10"
Harmonising fat_distr (fat_distr) and Outcome (Outcome)
Harmonising fat_distr (fat_distr) and Outcome (Outcome)
[1] 345
[1] 345
  iteration traits posterior_prob regional_prob candidate_snp
1         1   None             NA        0.0075            NA
  posterior_explained_by_snp dropped_trait  lead_snp
1                         NA      iradjbmi rs1128249
[1] "SPLICING EVENT"
[1] "chr2:164547816:164568315:clu_33094_-:ENSG00000115290.10"
Harmonising fat_distr (fat_distr) and Outcome (Outcome)
Harmonising fat_distr (fat_distr) and Outcome (Outcome)
[1] 345
[1] 345
  iteration traits posterior_prob regional_prob candidate_snp
1         1   None             NA        0.0065            NA
  posterior_explained_by_snp dropped_trait  lead_snp
1                         NA      iradjbmi rs1128249
[1] "SPLICING EVENT"
[1] "chr2:164547816:164619687:clu_33094_-:ENSG00000115290.10"
Harmonising fat_distr (fat_distr) and Outcome (Outcome)
Harmonising fat_distr (fat_distr) and Outcome (Outcome)
[1] 345
[1] 345
  iteration traits posterior_prob regional_prob candidate_snp
1         1   None             NA        0.0093            NA
  posterior_explained_by_snp dropped_trait  lead_snp
1                         NA      iradjbmi rs1128249
[1] "SPLICING EVENT"
[1] "chr2:164695833:164699405:clu_33097_-:ENSG00000082438.18"
Harmonising fat_distr (fat_distr) and Outcome (Outcome)
Harmonising fat_distr (fat_distr) and Outcome (Outcome)
[1] 345
[1] 345
  iteration traits posterior_prob regional_prob candidate_snp
1         1   None             NA        0.0261            NA
  posterior_explained_by_snp dropped_trait  lead_snp
1                         NA      iradjbmi rs1128249
[1] "SPLICING EVENT"
[1] "chr2:164695836:164699405:clu_33097_-:ENSG00000082438.18"
Harmonising fat_distr (fat_distr) and Outcome (Outcome)
Harmonising fat_distr (fat_distr) and Outcome (Outcome)
[1] 345
[1] 345
  iteration traits posterior_prob regional_prob candidate_snp
1         1   None             NA        0.0579            NA
  posterior_explained_by_snp dropped_trait  lead_snp
1                         NA      iradjbmi rs1128249
[1] "SPLICING EVENT"
[1] "chr2:164700756:164704444:clu_33098_-:ENSG00000082438.18"
Harmonising fat_distr (fat_distr) and Outcome (Outcome)
Harmonising fat_distr (fat_distr) and Outcome (Outcome)
[1] 345
[1] 345
  iteration traits posterior_prob regional_prob candidate_snp
1         1   None             NA          0.12            NA
  posterior_explained_by_snp dropped_trait  lead_snp
1                         NA      iradjbmi rs1128249
[1] "SPLICING EVENT"
[1] "chr2:164705105:164722075:clu_33099_-:ENSG00000082438.18"
Harmonising fat_distr (fat_distr) and Outcome (Outcome)
Harmonising fat_distr (fat_distr) and Outcome (Outcome)
[1] 345
[1] 345
  iteration traits posterior_prob regional_prob candidate_snp
1         1   None             NA        0.0146            NA
  posterior_explained_by_snp dropped_trait  lead_snp
1                         NA      iradjbmi rs1128249
[1] "SPLICING EVENT"
[1] "chr2:164722522:164727969:clu_33100_-:ENSG00000082438.18"
Harmonising fat_distr (fat_distr) and Outcome (Outcome)
Harmonising fat_distr (fat_distr) and Outcome (Outcome)
[1] 345
[1] 345
  iteration traits posterior_prob regional_prob candidate_snp
1         1   None             NA        0.0075            NA
  posterior_explained_by_snp dropped_trait  lead_snp
1                         NA      iradjbmi rs1128249
[1] "SPLICING EVENT"
[1] "chr2:164730115:164743687:clu_33099_-:ENSG00000082438.18"
Harmonising fat_distr (fat_distr) and Outcome (Outcome)
Harmonising fat_distr (fat_distr) and Outcome (Outcome)
[1] 345
[1] 345
  iteration traits posterior_prob regional_prob candidate_snp
1         1   None             NA         0.007            NA
  posterior_explained_by_snp dropped_trait  lead_snp
1                         NA      iradjbmi rs1128249
[1] "SPLICING EVENT"
[1] "chr2:164743875:164841156:clu_33099_-:ENSG00000082438.18"
Harmonising fat_distr (fat_distr) and Outcome (Outcome)
Harmonising fat_distr (fat_distr) and Outcome (Outcome)
[1] 345
[1] 345
  iteration traits posterior_prob regional_prob candidate_snp
1         1   None             NA        0.0073            NA
  posterior_explained_by_snp dropped_trait  lead_snp
1                         NA      iradjbmi rs1128249
[1] "LEAD INDEX"
[1] 17
[1] "SPLICING EVENT"
[1] "chr2:218659743:218660037:clu_35733_+:ENSG00000074582.15"
Harmonising fat_distr (fat_distr) and Outcome (Outcome)
Harmonising fat_distr (fat_distr) and Outcome (Outcome)
[1] 367
[1] 367
  iteration traits posterior_prob regional_prob candidate_snp
1         1   None             NA        0.0062            NA
  posterior_explained_by_snp dropped_trait  lead_snp
1                         NA      iradjbmi rs4674343
[1] "SPLICING EVENT"
[1] "chr2:218659743:218660307:clu_35733_+:ENSG00000074582.15"
Harmonising fat_distr (fat_distr) and Outcome (Outcome)
Harmonising fat_distr (fat_distr) and Outcome (Outcome)
[1] 367
[1] 367
  iteration traits posterior_prob regional_prob candidate_snp
1         1   None             NA        0.1249            NA
  posterior_explained_by_snp
1                         NA
                                            dropped_trait  lead_snp
1 chr2:218659743:218660307:clu_35733_+:ENSG00000074582.15 rs4674343
[1] "SPLICING EVENT"
[1] "chr2:218659743:218660939:clu_35733_+:ENSG00000074582.15"
Harmonising fat_distr (fat_distr) and Outcome (Outcome)
Harmonising fat_distr (fat_distr) and Outcome (Outcome)
[1] 367
[1] 367
  iteration traits posterior_prob regional_prob candidate_snp
1         1   None             NA        0.1147            NA
  posterior_explained_by_snp dropped_trait  lead_snp
1                         NA      iradjbmi rs4674343
[1] "SPLICING EVENT"
[1] "chr2:218659743:218661406:clu_35733_+:ENSG00000074582.15"
Harmonising fat_distr (fat_distr) and Outcome (Outcome)
Harmonising fat_distr (fat_distr) and Outcome (Outcome)
[1] 367
[1] 367
  iteration traits posterior_prob regional_prob candidate_snp
1         1   None             NA        0.0081            NA
  posterior_explained_by_snp dropped_trait  lead_snp
1                         NA      iradjbmi rs4674343
[1] "SPLICING EVENT"
[1] "chr2:218659743:218661759:clu_35733_+:ENSG00000074582.15"
Harmonising fat_distr (fat_distr) and Outcome (Outcome)
Harmonising fat_distr (fat_distr) and Outcome (Outcome)
[1] 367
[1] 367
  iteration traits posterior_prob regional_prob candidate_snp
1         1   None             NA        0.0053            NA
  posterior_explained_by_snp dropped_trait  lead_snp
1                         NA      iradjbmi rs4674343
[1] "SPLICING EVENT"
[1] "chr2:218659800:218660939:clu_35733_+:ENSG00000074582.15"
Harmonising fat_distr (fat_distr) and Outcome (Outcome)
Harmonising fat_distr (fat_distr) and Outcome (Outcome)
[1] 367
[1] 367
  iteration traits posterior_prob regional_prob candidate_snp
1         1   None             NA        0.0072            NA
  posterior_explained_by_snp dropped_trait  lead_snp
1                         NA      iradjbmi rs4674343
[1] "SPLICING EVENT"
[1] "chr2:218660421:218660939:clu_35733_+:ENSG00000074582.15"
Harmonising fat_distr (fat_distr) and Outcome (Outcome)
Harmonising fat_distr (fat_distr) and Outcome (Outcome)
[1] 367
[1] 367
  iteration traits posterior_prob regional_prob candidate_snp
1         1   None             NA        0.9957            NA
  posterior_explained_by_snp dropped_trait  lead_snp
1                         NA      iradjbmi rs4674343
[1] "SPLICING EVENT"
[1] "chr2:218660482:218660939:clu_35733_+:ENSG00000074582.15"
Harmonising fat_distr (fat_distr) and Outcome (Outcome)
Harmonising fat_distr (fat_distr) and Outcome (Outcome)
[1] 367
[1] 367
  iteration                                                            traits
1         1 iradjbmi, chr2:218660482:218660939:clu_35733_+:ENSG00000074582.15
  posterior_prob regional_prob candidate_snp posterior_explained_by_snp
1         0.7474        0.9999     rs1344642                     0.0909
  dropped_trait  lead_snp
1            NA rs4674343
[1] "SPLICING EVENT"
[1] "chr2:218661307:218661406:clu_35733_+:ENSG00000074582.15"
Harmonising fat_distr (fat_distr) and Outcome (Outcome)
Harmonising fat_distr (fat_distr) and Outcome (Outcome)
[1] 367
[1] 367
  iteration traits posterior_prob regional_prob candidate_snp
1         1   None             NA        0.1639            NA
  posterior_explained_by_snp dropped_trait  lead_snp
1                         NA      iradjbmi rs4674343
[1] "SPLICING EVENT"
[1] "chr2:218661520:218661759:clu_35733_+:ENSG00000074582.15"
Harmonising fat_distr (fat_distr) and Outcome (Outcome)
Harmonising fat_distr (fat_distr) and Outcome (Outcome)
[1] 367
[1] 367
  iteration traits posterior_prob regional_prob candidate_snp
1         1   None             NA        0.0672            NA
  posterior_explained_by_snp dropped_trait  lead_snp
1                         NA      iradjbmi rs4674343
[1] "SPLICING EVENT"
[1] "chr2:218661545:218661759:clu_35733_+:ENSG00000074582.15"
Harmonising fat_distr (fat_distr) and Outcome (Outcome)
Harmonising fat_distr (fat_distr) and Outcome (Outcome)
[1] 367
[1] 367
  iteration traits posterior_prob regional_prob candidate_snp
1         1   None             NA        0.0092            NA
  posterior_explained_by_snp dropped_trait  lead_snp
1                         NA      iradjbmi rs4674343
[1] "SPLICING EVENT"
[1] "chr2:218662260:218662510:clu_35734_+:ENSG00000074582.15"
Harmonising fat_distr (fat_distr) and Outcome (Outcome)
Harmonising fat_distr (fat_distr) and Outcome (Outcome)
[1] 367
[1] 367
  iteration traits posterior_prob regional_prob candidate_snp
1         1   None             NA        0.0077            NA
  posterior_explained_by_snp dropped_trait  lead_snp
1                         NA      iradjbmi rs4674343
[1] "SPLICING EVENT"
[1] "chr2:218662260:218662515:clu_35734_+:ENSG00000074582.15"
Harmonising fat_distr (fat_distr) and Outcome (Outcome)
Harmonising fat_distr (fat_distr) and Outcome (Outcome)
[1] 367
[1] 367
  iteration traits posterior_prob regional_prob candidate_snp
1         1   None             NA        0.0085            NA
  posterior_explained_by_snp dropped_trait  lead_snp
1                         NA      iradjbmi rs4674343
[1] "SPLICING EVENT"
[1] "chr2:218663000:218663134:clu_35735_+:ENSG00000074582.15"
Harmonising fat_distr (fat_distr) and Outcome (Outcome)
Harmonising fat_distr (fat_distr) and Outcome (Outcome)
[1] 367
[1] 367
  iteration                                                            traits
1         1 iradjbmi, chr2:218663000:218663134:clu_35735_+:ENSG00000074582.15
  posterior_prob regional_prob candidate_snp posterior_explained_by_snp
1         0.8126        0.9199     rs4646535                     0.3493
  dropped_trait  lead_snp
1            NA rs4674343
[1] "SPLICING EVENT"
[1] "chr2:218782437:218809577:clu_35757_+:ENSG00000135929.9"
Harmonising fat_distr (fat_distr) and Outcome (Outcome)
Harmonising fat_distr (fat_distr) and Outcome (Outcome)
[1] 367
[1] 367
  iteration traits posterior_prob regional_prob candidate_snp
1         1   None             NA        0.0072            NA
  posterior_explained_by_snp dropped_trait  lead_snp
1                         NA      iradjbmi rs4674343
[1] "SPLICING EVENT"
[1] "chr2:218809767:218812222:clu_35757_+:ENSG00000135929.9"
Harmonising fat_distr (fat_distr) and Outcome (Outcome)
Harmonising fat_distr (fat_distr) and Outcome (Outcome)
[1] 367
[1] 367
  iteration traits posterior_prob regional_prob candidate_snp
1         1   None             NA        0.0083            NA
  posterior_explained_by_snp dropped_trait  lead_snp
1                         NA      iradjbmi rs4674343
[1] "LEAD INDEX"
[1] 18
[1] "SPLICING EVENT"
[1] "chr2:226736250:226794989:clu_33655_-:ENSG00000169047.6"
Harmonising fat_distr (fat_distr) and Outcome (Outcome)
Harmonising fat_distr (fat_distr) and Outcome (Outcome)
[1] 359
[1] 359
  iteration traits posterior_prob regional_prob candidate_snp
1         1   None             NA        0.0131            NA
  posterior_explained_by_snp dropped_trait  lead_snp
1                         NA      iradjbmi rs2943646
[1] "SPLICING EVENT"
[1] "chr2:226792385:226794989:clu_33655_-:ENSG00000169047.6"
Harmonising fat_distr (fat_distr) and Outcome (Outcome)
Harmonising fat_distr (fat_distr) and Outcome (Outcome)
[1] 359
[1] 359
  iteration traits posterior_prob regional_prob candidate_snp
1         1   None             NA        0.0109            NA
  posterior_explained_by_snp dropped_trait  lead_snp
1                         NA      iradjbmi rs2943646
[1] "SPLICING EVENT"
[1] "chr2:226808637:226810912:clu_35850_+:ENSG00000272622.2"
Harmonising fat_distr (fat_distr) and Outcome (Outcome)
Harmonising fat_distr (fat_distr) and Outcome (Outcome)
[1] 359
[1] 359
  iteration traits posterior_prob regional_prob candidate_snp
1         1   None             NA        0.0068            NA
  posterior_explained_by_snp dropped_trait  lead_snp
1                         NA      iradjbmi rs2943646
[1] "SPLICING EVENT"
[1] "chr2:226836087:226864604:clu_35850_+:ENSG00000272622.2"
Harmonising fat_distr (fat_distr) and Outcome (Outcome)
Harmonising fat_distr (fat_distr) and Outcome (Outcome)
[1] 359
[1] 359
  iteration traits posterior_prob regional_prob candidate_snp
1         1   None             NA        0.0069            NA
  posterior_explained_by_snp dropped_trait  lead_snp
1                         NA      iradjbmi rs2943646
[1] "SPLICING EVENT"
[1] "chr2:226837838:226864604:clu_35850_+:ENSG00000272622.2"
Harmonising fat_distr (fat_distr) and Outcome (Outcome)
Harmonising fat_distr (fat_distr) and Outcome (Outcome)
[1] 359
[1] 359
  iteration traits posterior_prob regional_prob candidate_snp
1         1   None             NA         0.009            NA
  posterior_explained_by_snp dropped_trait  lead_snp
1                         NA      iradjbmi rs2943646
[1] "SPLICING EVENT"
[1] "chr2:226839627:226864604:clu_35850_+:ENSG00000272622.2"
Harmonising fat_distr (fat_distr) and Outcome (Outcome)
Harmonising fat_distr (fat_distr) and Outcome (Outcome)
[1] 359
[1] 359
  iteration traits posterior_prob regional_prob candidate_snp
1         1   None             NA        0.0059            NA
  posterior_explained_by_snp dropped_trait  lead_snp
1                         NA      iradjbmi rs2943646
[1] "LEAD INDEX"
[1] 19
[1] "LEAD INDEX"
[1] 20
[1] "CHROMOSOME"
[1] 3
[1] "LEAD INDEX"
[1] 1
[1] "LEAD INDEX"
[1] 2
[1] "LEAD INDEX"
[1] 3
[1] "LEAD INDEX"
[1] 4
[1] "LEAD INDEX"
[1] 5
[1] "LEAD INDEX"
[1] 6
[1] "LEAD INDEX"
[1] 7
[1] "LEAD INDEX"
[1] 8
[1] "SPLICING EVENT"
[1] "chr3:15601894:15606441:clu_40105_+:ENSG00000169814.16"
Harmonising fat_distr (fat_distr) and Outcome (Outcome)
Harmonising fat_distr (fat_distr) and Outcome (Outcome)
[1] 386
[1] 386
  iteration traits posterior_prob regional_prob candidate_snp
1         1   None             NA        0.7687            NA
  posterior_explained_by_snp dropped_trait  lead_snp
1                         NA      iradjbmi rs2455853
[1] "SPLICING EVENT"
[1] "chr3:15601894:15635424:clu_40105_+:ENSG00000169814.16"
Harmonising fat_distr (fat_distr) and Outcome (Outcome)
Harmonising fat_distr (fat_distr) and Outcome (Outcome)
[1] 386
[1] 386
  iteration traits posterior_prob regional_prob candidate_snp
1         1   None             NA        0.7687            NA
  posterior_explained_by_snp dropped_trait  lead_snp
1                         NA      iradjbmi rs2455853
[1] "SPLICING EVENT"
[1] "chr3:15632866:15635424:clu_40105_+:ENSG00000169814.16"
Harmonising fat_distr (fat_distr) and Outcome (Outcome)
Harmonising fat_distr (fat_distr) and Outcome (Outcome)
[1] 386
[1] 386
  iteration traits posterior_prob regional_prob candidate_snp
1         1   None             NA        0.8026            NA
  posterior_explained_by_snp dropped_trait  lead_snp
1                         NA      iradjbmi rs2455853
[1] "SPLICING EVENT"
[1] "chr3:15635688:15641908:clu_40106_+:ENSG00000169814.16"
Harmonising fat_distr (fat_distr) and Outcome (Outcome)
Harmonising fat_distr (fat_distr) and Outcome (Outcome)
[1] 386
[1] 386
  iteration                                                          traits
1         1 iradjbmi, chr3:15635688:15641908:clu_40106_+:ENSG00000169814.16
  posterior_prob regional_prob candidate_snp posterior_explained_by_snp
1         0.9121        0.9971      rs924814                      0.754
  dropped_trait  lead_snp
1            NA rs2455853
[1] "SPLICING EVENT"
[1] "chr3:15636045:15641908:clu_40106_+:ENSG00000169814.16"
Harmonising fat_distr (fat_distr) and Outcome (Outcome)
Harmonising fat_distr (fat_distr) and Outcome (Outcome)
[1] 386
[1] 386
  iteration                                                          traits
1         1 iradjbmi, chr3:15636045:15641908:clu_40106_+:ENSG00000169814.16
  posterior_prob regional_prob candidate_snp posterior_explained_by_snp
1         0.9239        0.9975     rs7640807                     0.6592
  dropped_trait  lead_snp
1            NA rs2455853
[1] "SPLICING EVENT"
[1] "chr3:15642057:15644316:clu_40107_+:ENSG00000169814.16"
Harmonising fat_distr (fat_distr) and Outcome (Outcome)
Harmonising fat_distr (fat_distr) and Outcome (Outcome)
[1] 386
[1] 386
  iteration traits posterior_prob regional_prob candidate_snp
1         1   None             NA        0.4577            NA
  posterior_explained_by_snp dropped_trait  lead_snp
1                         NA      iradjbmi rs2455853
[1] "LEAD INDEX"
[1] 9
[1] "SPLICING EVENT"
[1] "chr3:24143706:24146675:clu_41901_-:ENSG00000151090.20"
Harmonising fat_distr (fat_distr) and Outcome (Outcome)
Harmonising fat_distr (fat_distr) and Outcome (Outcome)
[1] 504
[1] 504
  iteration traits posterior_prob regional_prob candidate_snp
1         1   None             NA         0.011            NA
  posterior_explained_by_snp dropped_trait  lead_snp
1                         NA      iradjbmi rs2044756
[1] "SPLICING EVENT"
[1] "chr3:24146822:24152390:clu_41901_-:ENSG00000151090.20"
Harmonising fat_distr (fat_distr) and Outcome (Outcome)
Harmonising fat_distr (fat_distr) and Outcome (Outcome)
[1] 504
[1] 504
  iteration traits posterior_prob regional_prob candidate_snp
1         1   None             NA        0.0081            NA
  posterior_explained_by_snp dropped_trait  lead_snp
1                         NA      iradjbmi rs2044756
[1] "SPLICING EVENT"
[1] "chr3:24152490:24190074:clu_41902_-:ENSG00000151090.20"
Harmonising fat_distr (fat_distr) and Outcome (Outcome)
Harmonising fat_distr (fat_distr) and Outcome (Outcome)
[1] 504
[1] 504
  iteration traits posterior_prob regional_prob candidate_snp
1         1   None             NA        0.0063            NA
  posterior_explained_by_snp dropped_trait  lead_snp
1                         NA      iradjbmi rs2044756
[1] "SPLICING EVENT"
[1] "chr3:24190334:24228938:clu_41903_-:ENSG00000151090.20"
Harmonising fat_distr (fat_distr) and Outcome (Outcome)
Harmonising fat_distr (fat_distr) and Outcome (Outcome)
[1] 504
[1] 504
  iteration traits posterior_prob regional_prob candidate_snp
1         1   None             NA        0.0071            NA
  posterior_explained_by_snp dropped_trait  lead_snp
1                         NA      iradjbmi rs2044756
[1] "SPLICING EVENT"
[1] "chr3:24222512:24228938:clu_41903_-:ENSG00000151090.20"
Harmonising fat_distr (fat_distr) and Outcome (Outcome)
Harmonising fat_distr (fat_distr) and Outcome (Outcome)
[1] 504
[1] 504
  iteration traits posterior_prob regional_prob candidate_snp
1         1   None             NA        0.0061            NA
  posterior_explained_by_snp dropped_trait  lead_snp
1                         NA      iradjbmi rs2044756
[1] "SPLICING EVENT"
[1] "chr3:24229001:24237991:clu_41903_-:ENSG00000151090.20"
Harmonising fat_distr (fat_distr) and Outcome (Outcome)
Harmonising fat_distr (fat_distr) and Outcome (Outcome)
[1] 504
[1] 504
  iteration traits posterior_prob regional_prob candidate_snp
1         1   None             NA        0.0077            NA
  posterior_explained_by_snp dropped_trait  lead_snp
1                         NA      iradjbmi rs2044756
[1] "SPLICING EVENT"
[1] "chr3:24229001:24297226:clu_41903_-:ENSG00000151090.20"
Harmonising fat_distr (fat_distr) and Outcome (Outcome)
Harmonising fat_distr (fat_distr) and Outcome (Outcome)
[1] 504
[1] 504
  iteration traits posterior_prob regional_prob candidate_snp
1         1   None             NA        0.0087            NA
  posterior_explained_by_snp dropped_trait  lead_snp
1                         NA      iradjbmi rs2044756
[1] "SPLICING EVENT"
[1] "chr3:24229001:24318358:clu_41903_-:ENSG00000151090.20"
Harmonising fat_distr (fat_distr) and Outcome (Outcome)
Harmonising fat_distr (fat_distr) and Outcome (Outcome)
[1] 504
[1] 504
  iteration traits posterior_prob regional_prob candidate_snp
1         1   None             NA        0.0088            NA
  posterior_explained_by_snp dropped_trait  lead_snp
1                         NA      iradjbmi rs2044756
[1] "SPLICING EVENT"
[1] "chr3:24229001:24337300:clu_41903_-:ENSG00000151090.20"
Harmonising fat_distr (fat_distr) and Outcome (Outcome)
Harmonising fat_distr (fat_distr) and Outcome (Outcome)
[1] 504
[1] 504
  iteration traits posterior_prob regional_prob candidate_snp
1         1   None             NA        0.0082            NA
  posterior_explained_by_snp dropped_trait  lead_snp
1                         NA      iradjbmi rs2044756
[1] "SPLICING EVENT"
[1] "chr3:24297323:24337300:clu_41903_-:ENSG00000151090.20"
Harmonising fat_distr (fat_distr) and Outcome (Outcome)
Harmonising fat_distr (fat_distr) and Outcome (Outcome)
[1] 504
[1] 504
  iteration traits posterior_prob regional_prob candidate_snp
1         1   None             NA        0.0069            NA
  posterior_explained_by_snp dropped_trait  lead_snp
1                         NA      iradjbmi rs2044756
[1] "SPLICING EVENT"
[1] "chr3:24297371:24337300:clu_41903_-:ENSG00000151090.20"
Harmonising fat_distr (fat_distr) and Outcome (Outcome)
Harmonising fat_distr (fat_distr) and Outcome (Outcome)
[1] 504
[1] 504
  iteration traits posterior_prob regional_prob candidate_snp
1         1   None             NA        0.0093            NA
  posterior_explained_by_snp dropped_trait  lead_snp
1                         NA      iradjbmi rs2044756
[1] "SPLICING EVENT"
[1] "chr3:24318494:24337300:clu_41903_-:ENSG00000151090.20"
Harmonising fat_distr (fat_distr) and Outcome (Outcome)
Harmonising fat_distr (fat_distr) and Outcome (Outcome)
[1] 504
[1] 504
  iteration traits posterior_prob regional_prob candidate_snp
1         1   None             NA        0.0091            NA
  posterior_explained_by_snp dropped_trait  lead_snp
1                         NA      iradjbmi rs2044756
[1] "SPLICING EVENT"
[1] "chr3:24337371:24494652:clu_41904_-:ENSG00000151090.20"
Harmonising fat_distr (fat_distr) and Outcome (Outcome)
Harmonising fat_distr (fat_distr) and Outcome (Outcome)
[1] 504
[1] 504
  iteration traits posterior_prob regional_prob candidate_snp
1         1   None             NA        0.0087            NA
  posterior_explained_by_snp dropped_trait  lead_snp
1                         NA      iradjbmi rs2044756
[1] "SPLICING EVENT"
[1] "chr3:24337371:24494687:clu_41904_-:ENSG00000151090.20"
Harmonising fat_distr (fat_distr) and Outcome (Outcome)
Harmonising fat_distr (fat_distr) and Outcome (Outcome)
[1] 504
[1] 504
  iteration traits posterior_prob regional_prob candidate_snp
1         1   None             NA        0.0113            NA
  posterior_explained_by_snp dropped_trait  lead_snp
1                         NA      iradjbmi rs2044756
[1] "SPLICING EVENT"
[1] "chr3:24337371:24494795:clu_41904_-:ENSG00000151090.20"
Harmonising fat_distr (fat_distr) and Outcome (Outcome)
Harmonising fat_distr (fat_distr) and Outcome (Outcome)
[1] 504
[1] 504
  iteration traits posterior_prob regional_prob candidate_snp
1         1   None             NA        0.0067            NA
  posterior_explained_by_snp dropped_trait  lead_snp
1                         NA      iradjbmi rs2044756
[1] "SPLICING EVENT"
[1] "chr3:24337371:24495133:clu_41904_-:ENSG00000151090.20"
Harmonising fat_distr (fat_distr) and Outcome (Outcome)
Harmonising fat_distr (fat_distr) and Outcome (Outcome)
[1] 504
[1] 504
  iteration traits posterior_prob regional_prob candidate_snp
1         1   None             NA        0.0213            NA
  posterior_explained_by_snp dropped_trait  lead_snp
1                         NA      iradjbmi rs2044756
[1] "LEAD INDEX"
[1] 10
[1] "SPLICING EVENT"
[1] "chr3:49417718:49417818:clu_42322_-:ENSG00000145020.16"
Harmonising fat_distr (fat_distr) and Outcome (Outcome)
Harmonising fat_distr (fat_distr) and Outcome (Outcome)
[1] 240
[1] 240
  iteration traits posterior_prob regional_prob candidate_snp
1         1   None             NA        0.0068            NA
  posterior_explained_by_snp dropped_trait   lead_snp
1                         NA      iradjbmi rs13316065
[1] "SPLICING EVENT"
[1] "chr3:49417973:49418167:clu_42323_-:ENSG00000145020.16"
Harmonising fat_distr (fat_distr) and Outcome (Outcome)
Harmonising fat_distr (fat_distr) and Outcome (Outcome)
[1] 240
[1] 240
  iteration traits posterior_prob regional_prob candidate_snp
1         1   None             NA        0.0145            NA
  posterior_explained_by_snp dropped_trait   lead_snp
1                         NA      iradjbmi rs13316065
[1] "SPLICING EVENT"
[1] "chr3:49417973:49418971:clu_42323_-:ENSG00000145020.16"
Harmonising fat_distr (fat_distr) and Outcome (Outcome)
Harmonising fat_distr (fat_distr) and Outcome (Outcome)
[1] 240
[1] 240
  iteration traits posterior_prob regional_prob candidate_snp
1         1   None             NA        0.0167            NA
  posterior_explained_by_snp dropped_trait   lead_snp
1                         NA      iradjbmi rs13316065
[1] "SPLICING EVENT"
[1] "chr3:49418228:49418971:clu_42323_-:ENSG00000145020.16"
Harmonising fat_distr (fat_distr) and Outcome (Outcome)
Harmonising fat_distr (fat_distr) and Outcome (Outcome)
[1] 240
[1] 240
  iteration traits posterior_prob regional_prob candidate_snp
1         1   None             NA        0.0164            NA
  posterior_explained_by_snp dropped_trait   lead_snp
1                         NA      iradjbmi rs13316065
[1] "SPLICING EVENT"
[1] "chr3:49419151:49419260:clu_42324_-:ENSG00000145020.16"
Harmonising fat_distr (fat_distr) and Outcome (Outcome)
Harmonising fat_distr (fat_distr) and Outcome (Outcome)
[1] 240
[1] 240
  iteration traits posterior_prob regional_prob candidate_snp
1         1   None             NA        0.0101            NA
  posterior_explained_by_snp dropped_trait   lead_snp
1                         NA      iradjbmi rs13316065
[1] "SPLICING EVENT"
[1] "chr3:49419405:49419710:clu_42324_-:ENSG00000145020.16"
Harmonising fat_distr (fat_distr) and Outcome (Outcome)
Harmonising fat_distr (fat_distr) and Outcome (Outcome)
[1] 240
[1] 240
  iteration traits posterior_prob regional_prob candidate_snp
1         1   None             NA        0.0194            NA
  posterior_explained_by_snp dropped_trait   lead_snp
1                         NA      iradjbmi rs13316065
[1] "SPLICING EVENT"
[1] "chr3:49419788:49420211:clu_42325_-:ENSG00000145020.16"
Harmonising fat_distr (fat_distr) and Outcome (Outcome)
Harmonising fat_distr (fat_distr) and Outcome (Outcome)
[1] 240
[1] 240
  iteration traits posterior_prob regional_prob candidate_snp
1         1   None             NA        0.0128            NA
  posterior_explained_by_snp dropped_trait   lead_snp
1                         NA      iradjbmi rs13316065
[1] "SPLICING EVENT"
[1] "chr3:49419788:49420215:clu_42325_-:ENSG00000145020.16"
Harmonising fat_distr (fat_distr) and Outcome (Outcome)
Harmonising fat_distr (fat_distr) and Outcome (Outcome)
[1] 240
[1] 240
  iteration traits posterior_prob regional_prob candidate_snp
1         1   None             NA        0.0261            NA
  posterior_explained_by_snp dropped_trait   lead_snp
1                         NA      iradjbmi rs13316065
[1] "SPLICING EVENT"
[1] "chr3:49421572:49422104:clu_42326_-:ENSG00000145020.16"
Harmonising fat_distr (fat_distr) and Outcome (Outcome)
Harmonising fat_distr (fat_distr) and Outcome (Outcome)
[1] 240
[1] 240
  iteration                                                          traits
1         1 iradjbmi, chr3:49421572:49422104:clu_42326_-:ENSG00000145020.16
  posterior_prob regional_prob candidate_snp posterior_explained_by_snp
1         0.5664        0.9977     rs2291542                     0.1572
  dropped_trait   lead_snp
1            NA rs13316065
[1] "SPLICING EVENT"
[1] "chr3:49470274:49510419:clu_40501_+:ENSG00000173402.12"
Harmonising fat_distr (fat_distr) and Outcome (Outcome)
Harmonising fat_distr (fat_distr) and Outcome (Outcome)
[1] 240
[1] 240
  iteration traits posterior_prob regional_prob candidate_snp
1         1   None             NA        0.0103            NA
  posterior_explained_by_snp dropped_trait   lead_snp
1                         NA      iradjbmi rs13316065
[1] "SPLICING EVENT"
[1] "chr3:49470433:49470965:clu_40501_+:ENSG00000173402.12"
Harmonising fat_distr (fat_distr) and Outcome (Outcome)
Harmonising fat_distr (fat_distr) and Outcome (Outcome)
[1] 240
[1] 240
  iteration traits posterior_prob regional_prob candidate_snp
1         1   None             NA        0.0064            NA
  posterior_explained_by_snp dropped_trait   lead_snp
1                         NA      iradjbmi rs13316065
[1] "SPLICING EVENT"
[1] "chr3:49470433:49476849:clu_40501_+:ENSG00000173402.12"
Harmonising fat_distr (fat_distr) and Outcome (Outcome)
Harmonising fat_distr (fat_distr) and Outcome (Outcome)
[1] 240
[1] 240
  iteration traits posterior_prob regional_prob candidate_snp
1         1   None             NA         0.007            NA
  posterior_explained_by_snp dropped_trait   lead_snp
1                         NA      iradjbmi rs13316065
[1] "SPLICING EVENT"
[1] "chr3:49470433:49487254:clu_40501_+:ENSG00000173402.12"
Harmonising fat_distr (fat_distr) and Outcome (Outcome)
Harmonising fat_distr (fat_distr) and Outcome (Outcome)
[1] 240
[1] 240
  iteration traits posterior_prob regional_prob candidate_snp
1         1   None             NA         0.006            NA
  posterior_explained_by_snp dropped_trait   lead_snp
1                         NA      iradjbmi rs13316065
[1] "SPLICING EVENT"
[1] "chr3:49470433:49488626:clu_40501_+:ENSG00000173402.12"
Harmonising fat_distr (fat_distr) and Outcome (Outcome)
Harmonising fat_distr (fat_distr) and Outcome (Outcome)
[1] 240
[1] 240
  iteration traits posterior_prob regional_prob candidate_snp
1         1   None             NA        0.0063            NA
  posterior_explained_by_snp dropped_trait   lead_snp
1                         NA      iradjbmi rs13316065
[1] "SPLICING EVENT"
[1] "chr3:49470433:49510419:clu_40501_+:ENSG00000173402.12"
Harmonising fat_distr (fat_distr) and Outcome (Outcome)
Harmonising fat_distr (fat_distr) and Outcome (Outcome)
[1] 240
[1] 240
  iteration traits posterior_prob regional_prob candidate_snp
1         1   None             NA        0.0136            NA
  posterior_explained_by_snp dropped_trait   lead_snp
1                         NA      iradjbmi rs13316065
[1] "SPLICING EVENT"
[1] "chr3:49476900:49510419:clu_40501_+:ENSG00000173402.12"
Harmonising fat_distr (fat_distr) and Outcome (Outcome)
Harmonising fat_distr (fat_distr) and Outcome (Outcome)
[1] 240
[1] 240
  iteration traits posterior_prob regional_prob candidate_snp
1         1   None             NA        0.0061            NA
  posterior_explained_by_snp dropped_trait   lead_snp
1                         NA      iradjbmi rs13316065
[1] "SPLICING EVENT"
[1] "chr3:49476905:49510419:clu_40501_+:ENSG00000173402.12"
Harmonising fat_distr (fat_distr) and Outcome (Outcome)
Harmonising fat_distr (fat_distr) and Outcome (Outcome)
[1] 240
[1] 240
  iteration traits posterior_prob regional_prob candidate_snp
1         1   None             NA        0.0089            NA
  posterior_explained_by_snp dropped_trait   lead_snp
1                         NA      iradjbmi rs13316065
[1] "SPLICING EVENT"
[1] "chr3:49487415:49488626:clu_40501_+:ENSG00000173402.12"
Harmonising fat_distr (fat_distr) and Outcome (Outcome)
Harmonising fat_distr (fat_distr) and Outcome (Outcome)
[1] 240
[1] 240
  iteration traits posterior_prob regional_prob candidate_snp
1         1   None             NA        0.0192            NA
  posterior_explained_by_snp dropped_trait   lead_snp
1                         NA      iradjbmi rs13316065
[1] "SPLICING EVENT"
[1] "chr3:49488745:49492823:clu_40501_+:ENSG00000173402.12"
Harmonising fat_distr (fat_distr) and Outcome (Outcome)
Harmonising fat_distr (fat_distr) and Outcome (Outcome)
[1] 240
[1] 240
  iteration traits posterior_prob regional_prob candidate_snp
1         1   None             NA        0.0124            NA
  posterior_explained_by_snp dropped_trait   lead_snp
1                         NA      iradjbmi rs13316065
[1] "SPLICING EVENT"
[1] "chr3:49488745:49510419:clu_40501_+:ENSG00000173402.12"
Harmonising fat_distr (fat_distr) and Outcome (Outcome)
Harmonising fat_distr (fat_distr) and Outcome (Outcome)
[1] 240
[1] 240
  iteration traits posterior_prob regional_prob candidate_snp
1         1   None             NA        0.0066            NA
  posterior_explained_by_snp dropped_trait   lead_snp
1                         NA      iradjbmi rs13316065
[1] "SPLICING EVENT"
[1] "chr3:49492973:49510419:clu_40501_+:ENSG00000173402.12"
Harmonising fat_distr (fat_distr) and Outcome (Outcome)
Harmonising fat_distr (fat_distr) and Outcome (Outcome)
[1] 240
[1] 240
  iteration traits posterior_prob regional_prob candidate_snp
1         1   None             NA        0.0064            NA
  posterior_explained_by_snp dropped_trait   lead_snp
1                         NA      iradjbmi rs13316065
[1] "SPLICING EVENT"
[1] "chr3:49689606:49691130:clu_40507_+:ENSG00000164068.16"
Harmonising fat_distr (fat_distr) and Outcome (Outcome)
Harmonising fat_distr (fat_distr) and Outcome (Outcome)
[1] 240
[1] 240
  iteration traits posterior_prob regional_prob candidate_snp
1         1   None             NA         0.028            NA
  posterior_explained_by_snp dropped_trait   lead_snp
1                         NA      iradjbmi rs13316065
[1] "SPLICING EVENT"
[1] "chr3:49689822:49691130:clu_40507_+:ENSG00000164068.16"
Harmonising fat_distr (fat_distr) and Outcome (Outcome)
Harmonising fat_distr (fat_distr) and Outcome (Outcome)
[1] 240
[1] 240
  iteration traits posterior_prob regional_prob candidate_snp
1         1   None             NA        0.0358            NA
  posterior_explained_by_snp dropped_trait   lead_snp
1                         NA      iradjbmi rs13316065
[1] "SPLICING EVENT"
[1] "chr3:49691247:49691425:clu_40508_+:ENSG00000164068.16"
Harmonising fat_distr (fat_distr) and Outcome (Outcome)
Harmonising fat_distr (fat_distr) and Outcome (Outcome)
[1] 240
[1] 240
  iteration traits posterior_prob regional_prob candidate_snp
1         1   None             NA        0.0206            NA
  posterior_explained_by_snp dropped_trait   lead_snp
1                         NA      iradjbmi rs13316065
[1] "SPLICING EVENT"
[1] "chr3:49691509:49697143:clu_40509_+:ENSG00000164068.16"
Harmonising fat_distr (fat_distr) and Outcome (Outcome)
Harmonising fat_distr (fat_distr) and Outcome (Outcome)
[1] 240
[1] 240
  iteration traits posterior_prob regional_prob candidate_snp
1         1   None             NA        0.0065            NA
  posterior_explained_by_snp dropped_trait   lead_snp
1                         NA      iradjbmi rs13316065
[1] "SPLICING EVENT"
[1] "chr3:49697222:49697363:clu_40509_+:ENSG00000164068.16"
Harmonising fat_distr (fat_distr) and Outcome (Outcome)
Harmonising fat_distr (fat_distr) and Outcome (Outcome)
[1] 240
[1] 240
  iteration traits posterior_prob regional_prob candidate_snp
1         1   None             NA        0.0066            NA
  posterior_explained_by_snp dropped_trait   lead_snp
1                         NA      iradjbmi rs13316065
[1] "SPLICING EVENT"
[1] "chr3:49698822:49698980:clu_40510_+:ENSG00000164068.16"
Harmonising fat_distr (fat_distr) and Outcome (Outcome)
Harmonising fat_distr (fat_distr) and Outcome (Outcome)
[1] 240
[1] 240
  iteration traits posterior_prob regional_prob candidate_snp
1         1   None             NA        0.9936            NA
  posterior_explained_by_snp dropped_trait   lead_snp
1                         NA      iradjbmi rs13316065
[1] "SPLICING EVENT"
[1] "chr3:49699772:49700227:clu_40511_+:ENSG00000164068.16"
Harmonising fat_distr (fat_distr) and Outcome (Outcome)
Harmonising fat_distr (fat_distr) and Outcome (Outcome)
[1] 240
[1] 240
  iteration traits posterior_prob regional_prob candidate_snp
1         1   None             NA        0.0075            NA
  posterior_explained_by_snp dropped_trait   lead_snp
1                         NA      iradjbmi rs13316065
[1] "SPLICING EVENT"
[1] "chr3:49699772:49700472:clu_40511_+:ENSG00000164068.16"
Harmonising fat_distr (fat_distr) and Outcome (Outcome)
Harmonising fat_distr (fat_distr) and Outcome (Outcome)
[1] 240
[1] 240
  iteration traits posterior_prob regional_prob candidate_snp
1         1   None             NA        0.0067            NA
  posterior_explained_by_snp dropped_trait   lead_snp
1                         NA      iradjbmi rs13316065
[1] "SPLICING EVENT"
[1] "chr3:49700352:49700472:clu_40511_+:ENSG00000164068.16"
Harmonising fat_distr (fat_distr) and Outcome (Outcome)
Harmonising fat_distr (fat_distr) and Outcome (Outcome)
[1] 240
[1] 240
  iteration traits posterior_prob regional_prob candidate_snp
1         1   None             NA        0.0069            NA
  posterior_explained_by_snp dropped_trait   lead_snp
1                         NA      iradjbmi rs13316065
[1] "SPLICING EVENT"
[1] "chr3:49700709:49701491:clu_40512_+:ENSG00000164068.16"
Harmonising fat_distr (fat_distr) and Outcome (Outcome)
Harmonising fat_distr (fat_distr) and Outcome (Outcome)
[1] 240
[1] 240
  iteration                                                          traits
1         1 iradjbmi, chr3:49700709:49701491:clu_40512_+:ENSG00000164068.16
  posterior_prob regional_prob candidate_snp posterior_explained_by_snp
1           0.97        0.9999     rs6804655                     0.3515
  dropped_trait   lead_snp
1            NA rs13316065
[1] "SPLICING EVENT"
[1] "chr3:49700709:49701533:clu_40512_+:ENSG00000164068.16"
Harmonising fat_distr (fat_distr) and Outcome (Outcome)
Harmonising fat_distr (fat_distr) and Outcome (Outcome)
[1] 240
[1] 240
  iteration                                                          traits
1         1 iradjbmi, chr3:49700709:49701533:clu_40512_+:ENSG00000164068.16
  posterior_prob regional_prob candidate_snp posterior_explained_by_snp
1           0.97        0.9999     rs6804655                     0.3515
  dropped_trait   lead_snp
1            NA rs13316065
[1] "SPLICING EVENT"
[1] "chr3:49704756:49704984:clu_40513_+:ENSG00000164068.16"
Harmonising fat_distr (fat_distr) and Outcome (Outcome)
Harmonising fat_distr (fat_distr) and Outcome (Outcome)
[1] 240
[1] 240
  iteration traits posterior_prob regional_prob candidate_snp
1         1   None             NA         0.007            NA
  posterior_explained_by_snp dropped_trait   lead_snp
1                         NA      iradjbmi rs13316065
[1] "SPLICING EVENT"
[1] "chr3:49704756:49705082:clu_40513_+:ENSG00000164068.16"
Harmonising fat_distr (fat_distr) and Outcome (Outcome)
Harmonising fat_distr (fat_distr) and Outcome (Outcome)
[1] 240
[1] 240
  iteration traits posterior_prob regional_prob candidate_snp
1         1   None             NA        0.0068            NA
  posterior_explained_by_snp dropped_trait   lead_snp
1                         NA      iradjbmi rs13316065
[1] "SPLICING EVENT"
[1] "chr3:49705182:49705534:clu_40514_+:ENSG00000164068.16"
Harmonising fat_distr (fat_distr) and Outcome (Outcome)
Harmonising fat_distr (fat_distr) and Outcome (Outcome)
[1] 240
[1] 240
  iteration traits posterior_prob regional_prob candidate_snp
1         1   None             NA        0.0084            NA
  posterior_explained_by_snp dropped_trait   lead_snp
1                         NA      iradjbmi rs13316065
[1] "SPLICING EVENT"
[1] "chr3:49705186:49705534:clu_40514_+:ENSG00000164068.16"
Harmonising fat_distr (fat_distr) and Outcome (Outcome)
Harmonising fat_distr (fat_distr) and Outcome (Outcome)
[1] 240
[1] 240
  iteration traits posterior_prob regional_prob candidate_snp
1         1   None             NA        0.0076            NA
  posterior_explained_by_snp dropped_trait   lead_snp
1                         NA      iradjbmi rs13316065
[1] "SPLICING EVENT"
[1] "chr3:49713587:49713738:clu_40515_+:ENSG00000164068.16"
Harmonising fat_distr (fat_distr) and Outcome (Outcome)
Harmonising fat_distr (fat_distr) and Outcome (Outcome)
[1] 240
[1] 240
  iteration traits posterior_prob regional_prob candidate_snp
1         1   None             NA        0.0059            NA
  posterior_explained_by_snp dropped_trait   lead_snp
1                         NA      iradjbmi rs13316065
[1] "SPLICING EVENT"
[1] "chr3:49713825:49713910:clu_40515_+:ENSG00000164068.16"
Harmonising fat_distr (fat_distr) and Outcome (Outcome)
Harmonising fat_distr (fat_distr) and Outcome (Outcome)
[1] 240
[1] 240
  iteration traits posterior_prob regional_prob candidate_snp
1         1   None             NA        0.0061            NA
  posterior_explained_by_snp dropped_trait   lead_snp
1                         NA      iradjbmi rs13316065
[1] "SPLICING EVENT"
[1] "chr3:49716457:49720511:clu_40516_+:ENSG00000164068.16"
Harmonising fat_distr (fat_distr) and Outcome (Outcome)
Harmonising fat_distr (fat_distr) and Outcome (Outcome)
[1] 240
[1] 240
  iteration traits posterior_prob regional_prob candidate_snp
1         1   None             NA        0.0081            NA
  posterior_explained_by_snp dropped_trait   lead_snp
1                         NA      iradjbmi rs13316065
[1] "SPLICING EVENT"
[1] "chr3:49716477:49720511:clu_40516_+:ENSG00000164068.16"
Harmonising fat_distr (fat_distr) and Outcome (Outcome)
Harmonising fat_distr (fat_distr) and Outcome (Outcome)
[1] 240
[1] 240
  iteration traits posterior_prob regional_prob candidate_snp
1         1   None             NA        0.0073            NA
  posterior_explained_by_snp dropped_trait   lead_snp
1                         NA      iradjbmi rs13316065
[1] "SPLICING EVENT"
[1] "chr3:49720653:49720800:clu_40516_+:ENSG00000164068.16"
Harmonising fat_distr (fat_distr) and Outcome (Outcome)
Harmonising fat_distr (fat_distr) and Outcome (Outcome)
[1] 240
[1] 240
  iteration traits posterior_prob regional_prob candidate_snp
1         1   None             NA         0.008            NA
  posterior_explained_by_snp dropped_trait   lead_snp
1                         NA      iradjbmi rs13316065
[1] "SPLICING EVENT"
[1] "chr3:49809159:49809390:clu_42350_-:ENSG00000182179.13"
Harmonising fat_distr (fat_distr) and Outcome (Outcome)
Harmonising fat_distr (fat_distr) and Outcome (Outcome)
[1] 240
[1] 240
  iteration traits posterior_prob regional_prob candidate_snp
1         1   None             NA        0.0128            NA
  posterior_explained_by_snp dropped_trait   lead_snp
1                         NA      iradjbmi rs13316065
[1] "SPLICING EVENT"
[1] "chr3:49809159:49809542:clu_42350_-:ENSG00000182179.13"
Harmonising fat_distr (fat_distr) and Outcome (Outcome)
Harmonising fat_distr (fat_distr) and Outcome (Outcome)
[1] 240
[1] 240
  iteration traits posterior_prob regional_prob candidate_snp
1         1   None             NA        0.0092            NA
  posterior_explained_by_snp dropped_trait   lead_snp
1                         NA      iradjbmi rs13316065
[1] "SPLICING EVENT"
[1] "chr3:49809464:49809542:clu_42350_-:ENSG00000182179.13"
Harmonising fat_distr (fat_distr) and Outcome (Outcome)
Harmonising fat_distr (fat_distr) and Outcome (Outcome)
[1] 240
[1] 240
  iteration traits posterior_prob regional_prob candidate_snp
1         1   None             NA        0.0347            NA
  posterior_explained_by_snp dropped_trait   lead_snp
1                         NA      iradjbmi rs13316065
[1] "SPLICING EVENT"
[1] "chr3:49810183:49810263:clu_42351_-:ENSG00000182179.13"
Harmonising fat_distr (fat_distr) and Outcome (Outcome)
Harmonising fat_distr (fat_distr) and Outcome (Outcome)
[1] 240
[1] 240
  iteration traits posterior_prob regional_prob candidate_snp
1         1   None             NA        0.0626            NA
  posterior_explained_by_snp dropped_trait   lead_snp
1                         NA      iradjbmi rs13316065
[1] "SPLICING EVENT"
[1] "chr3:49810672:49810752:clu_42352_-:ENSG00000182179.13"
Harmonising fat_distr (fat_distr) and Outcome (Outcome)
Harmonising fat_distr (fat_distr) and Outcome (Outcome)
[1] 240
[1] 240
  iteration traits posterior_prob regional_prob candidate_snp
1         1   None             NA        0.0111            NA
  posterior_explained_by_snp dropped_trait   lead_snp
1                         NA      iradjbmi rs13316065
[1] "SPLICING EVENT"
[1] "chr3:49812543:49812648:clu_42355_-:ENSG00000182179.13"
Harmonising fat_distr (fat_distr) and Outcome (Outcome)
Harmonising fat_distr (fat_distr) and Outcome (Outcome)
[1] 240
[1] 240
  iteration traits posterior_prob regional_prob candidate_snp
1         1   None             NA        0.0077            NA
  posterior_explained_by_snp dropped_trait   lead_snp
1                         NA      iradjbmi rs13316065
[1] "SPLICING EVENT"
[1] "chr3:49812543:49813062:clu_42355_-:ENSG00000182179.13"
Harmonising fat_distr (fat_distr) and Outcome (Outcome)
Harmonising fat_distr (fat_distr) and Outcome (Outcome)
[1] 240
[1] 240
  iteration traits posterior_prob regional_prob candidate_snp
1         1   None             NA        0.0074            NA
  posterior_explained_by_snp dropped_trait   lead_snp
1                         NA      iradjbmi rs13316065
[1] "SPLICING EVENT"
[1] "chr3:49812738:49813062:clu_42355_-:ENSG00000182179.13"
Harmonising fat_distr (fat_distr) and Outcome (Outcome)
Harmonising fat_distr (fat_distr) and Outcome (Outcome)
[1] 240
[1] 240
  iteration traits posterior_prob regional_prob candidate_snp
1         1   None             NA        0.0077            NA
  posterior_explained_by_snp dropped_trait   lead_snp
1                         NA      iradjbmi rs13316065
[1] "LEAD INDEX"
[1] 11
[1] "SPLICING EVENT"
[1] "chr3:52287876:52290304:clu_40610_+:ENSG00000168237.18"
Harmonising fat_distr (fat_distr) and Outcome (Outcome)
Harmonising fat_distr (fat_distr) and Outcome (Outcome)
[1] 337
[1] 337
  iteration traits posterior_prob regional_prob candidate_snp
1         1   None             NA        0.0115            NA
  posterior_explained_by_snp dropped_trait   lead_snp
1                         NA      iradjbmi rs17052061
[1] "SPLICING EVENT"
[1] "chr3:52287876:52290960:clu_40610_+:ENSG00000168237.18"
Harmonising fat_distr (fat_distr) and Outcome (Outcome)
Harmonising fat_distr (fat_distr) and Outcome (Outcome)
[1] 337
[1] 337
  iteration traits posterior_prob regional_prob candidate_snp
1         1   None             NA        0.2202            NA
  posterior_explained_by_snp dropped_trait   lead_snp
1                         NA      iradjbmi rs17052061
[1] "SPLICING EVENT"
[1] "chr3:52290719:52290960:clu_40610_+:ENSG00000168237.18"
Harmonising fat_distr (fat_distr) and Outcome (Outcome)
Harmonising fat_distr (fat_distr) and Outcome (Outcome)
[1] 337
[1] 337
  iteration traits posterior_prob regional_prob candidate_snp
1         1   None             NA        0.0703            NA
  posterior_explained_by_snp dropped_trait   lead_snp
1                         NA      iradjbmi rs17052061
[1] "SPLICING EVENT"
[1] "chr3:52291111:52291747:clu_40611_+:ENSG00000168237.18"
Harmonising fat_distr (fat_distr) and Outcome (Outcome)
Harmonising fat_distr (fat_distr) and Outcome (Outcome)
[1] 337
[1] 337
  iteration traits posterior_prob regional_prob candidate_snp
1         1   None             NA        0.0078            NA
  posterior_explained_by_snp dropped_trait   lead_snp
1                         NA      iradjbmi rs17052061
[1] "SPLICING EVENT"
[1] "chr3:52291922:52292260:clu_40611_+:ENSG00000168237.18"
Harmonising fat_distr (fat_distr) and Outcome (Outcome)
Harmonising fat_distr (fat_distr) and Outcome (Outcome)
[1] 337
[1] 337
  iteration traits posterior_prob regional_prob candidate_snp
1         1   None             NA        0.0158            NA
  posterior_explained_by_snp dropped_trait   lead_snp
1                         NA      iradjbmi rs17052061
[1] "SPLICING EVENT"
[1] "chr3:52292569:52293046:clu_40611_+:ENSG00000168237.18"
Harmonising fat_distr (fat_distr) and Outcome (Outcome)
Harmonising fat_distr (fat_distr) and Outcome (Outcome)
[1] 337
[1] 337
  iteration traits posterior_prob regional_prob candidate_snp
1         1   None             NA        0.0235            NA
  posterior_explained_by_snp dropped_trait   lead_snp
1                         NA      iradjbmi rs17052061
[1] "SPLICING EVENT"
[1] "chr3:52293192:52293307:clu_40611_+:ENSG00000168237.18"
Harmonising fat_distr (fat_distr) and Outcome (Outcome)
Harmonising fat_distr (fat_distr) and Outcome (Outcome)
[1] 337
[1] 337
  iteration traits posterior_prob regional_prob candidate_snp
1         1   None             NA        0.0743            NA
  posterior_explained_by_snp dropped_trait   lead_snp
1                         NA      iradjbmi rs17052061
[1] "SPLICING EVENT"
[1] "chr3:52411247:52412811:clu_40631_+:ENSG00000010318.22"
Harmonising fat_distr (fat_distr) and Outcome (Outcome)
Harmonising fat_distr (fat_distr) and Outcome (Outcome)
[1] 337
[1] 337
  iteration traits posterior_prob regional_prob candidate_snp
1         1   None             NA        0.0086            NA
  posterior_explained_by_snp dropped_trait   lead_snp
1                         NA      iradjbmi rs17052061
[1] "SPLICING EVENT"
[1] "chr3:52411339:52412811:clu_40631_+:ENSG00000010318.22"
Harmonising fat_distr (fat_distr) and Outcome (Outcome)
Harmonising fat_distr (fat_distr) and Outcome (Outcome)
[1] 337
[1] 337
  iteration traits posterior_prob regional_prob candidate_snp
1         1   None             NA        0.0081            NA
  posterior_explained_by_snp dropped_trait   lead_snp
1                         NA      iradjbmi rs17052061
[1] "SPLICING EVENT"
[1] "chr3:52412920:52413996:clu_40632_+:ENSG00000010318.22"
Harmonising fat_distr (fat_distr) and Outcome (Outcome)
Harmonising fat_distr (fat_distr) and Outcome (Outcome)
[1] 337
[1] 337
  iteration traits posterior_prob regional_prob candidate_snp
1         1   None             NA         0.008            NA
  posterior_explained_by_snp dropped_trait   lead_snp
1                         NA      iradjbmi rs17052061
[1] "SPLICING EVENT"
[1] "chr3:52414048:52414496:clu_40632_+:ENSG00000010318.22"
Harmonising fat_distr (fat_distr) and Outcome (Outcome)
Harmonising fat_distr (fat_distr) and Outcome (Outcome)
[1] 337
[1] 337
  iteration traits posterior_prob regional_prob candidate_snp
1         1   None             NA        0.0084            NA
  posterior_explained_by_snp dropped_trait   lead_snp
1                         NA      iradjbmi rs17052061
[1] "SPLICING EVENT"
[1] "chr3:52414587:52414728:clu_40633_+:ENSG00000010318.22"
Harmonising fat_distr (fat_distr) and Outcome (Outcome)
Harmonising fat_distr (fat_distr) and Outcome (Outcome)
[1] 337
[1] 337
  iteration traits posterior_prob regional_prob candidate_snp
1         1   None             NA        0.0245            NA
  posterior_explained_by_snp dropped_trait   lead_snp
1                         NA      iradjbmi rs17052061
[1] "SPLICING EVENT"
[1] "chr3:52414587:52415895:clu_40633_+:ENSG00000010318.22"
Harmonising fat_distr (fat_distr) and Outcome (Outcome)
Harmonising fat_distr (fat_distr) and Outcome (Outcome)
[1] 337
[1] 337
  iteration traits posterior_prob regional_prob candidate_snp
1         1   None             NA         0.008            NA
  posterior_explained_by_snp dropped_trait   lead_snp
1                         NA      iradjbmi rs17052061
[1] "SPLICING EVENT"
[1] "chr3:52414587:52419833:clu_40633_+:ENSG00000010318.22"
Harmonising fat_distr (fat_distr) and Outcome (Outcome)
Harmonising fat_distr (fat_distr) and Outcome (Outcome)
[1] 337
[1] 337
  iteration traits posterior_prob regional_prob candidate_snp
1         1   None             NA        0.0187            NA
  posterior_explained_by_snp dropped_trait   lead_snp
1                         NA      iradjbmi rs17052061
[1] "SPLICING EVENT"
[1] "chr3:52436073:52437527:clu_42440_-:ENSG00000010319.7"
Harmonising fat_distr (fat_distr) and Outcome (Outcome)
Harmonising fat_distr (fat_distr) and Outcome (Outcome)
[1] 337
[1] 337
  iteration traits posterior_prob regional_prob candidate_snp
1         1   None             NA        0.0091            NA
  posterior_explained_by_snp dropped_trait   lead_snp
1                         NA      iradjbmi rs17052061
[1] "SPLICING EVENT"
[1] "chr3:52437666:52437971:clu_42440_-:ENSG00000010319.7"
Harmonising fat_distr (fat_distr) and Outcome (Outcome)
Harmonising fat_distr (fat_distr) and Outcome (Outcome)
[1] 337
[1] 337
  iteration traits posterior_prob regional_prob candidate_snp
1         1   None             NA        0.0111            NA
  posterior_explained_by_snp dropped_trait   lead_snp
1                         NA      iradjbmi rs17052061
[1] "SPLICING EVENT"
[1] "chr3:52438199:52438745:clu_42441_-:ENSG00000010319.7"
Harmonising fat_distr (fat_distr) and Outcome (Outcome)
Harmonising fat_distr (fat_distr) and Outcome (Outcome)
[1] 337
[1] 337
  iteration traits posterior_prob regional_prob candidate_snp
1         1   None             NA        0.0204            NA
  posterior_explained_by_snp dropped_trait   lead_snp
1                         NA      iradjbmi rs17052061
[1] "SPLICING EVENT"
[1] "chr3:52438199:52438920:clu_42441_-:ENSG00000010319.7"
Harmonising fat_distr (fat_distr) and Outcome (Outcome)
Harmonising fat_distr (fat_distr) and Outcome (Outcome)
[1] 337
[1] 337
  iteration traits posterior_prob regional_prob candidate_snp
1         1   None             NA         0.023            NA
  posterior_explained_by_snp dropped_trait   lead_snp
1                         NA      iradjbmi rs17052061
[1] "SPLICING EVENT"
[1] "chr3:52439736:52439867:clu_42442_-:ENSG00000010319.7"
Harmonising fat_distr (fat_distr) and Outcome (Outcome)
Harmonising fat_distr (fat_distr) and Outcome (Outcome)
[1] 337
[1] 337
  iteration traits posterior_prob regional_prob candidate_snp
1         1   None             NA         0.008            NA
  posterior_explained_by_snp dropped_trait   lead_snp
1                         NA      iradjbmi rs17052061
[1] "SPLICING EVENT"
[1] "chr3:52439771:52439867:clu_42442_-:ENSG00000010319.7"
Harmonising fat_distr (fat_distr) and Outcome (Outcome)
Harmonising fat_distr (fat_distr) and Outcome (Outcome)
[1] 337
[1] 337
  iteration traits posterior_prob regional_prob candidate_snp
1         1   None             NA        0.0086            NA
  posterior_explained_by_snp dropped_trait   lead_snp
1                         NA      iradjbmi rs17052061
[1] "SPLICING EVENT"
[1] "chr3:52440098:52440377:clu_42443_-:ENSG00000010319.7"
Harmonising fat_distr (fat_distr) and Outcome (Outcome)
Harmonising fat_distr (fat_distr) and Outcome (Outcome)
[1] 337
[1] 337
  iteration traits posterior_prob regional_prob candidate_snp
1         1   None             NA        0.0113            NA
  posterior_explained_by_snp dropped_trait   lead_snp
1                         NA      iradjbmi rs17052061
[1] "SPLICING EVENT"
[1] "chr3:52440098:52440754:clu_42443_-:ENSG00000010319.7"
Harmonising fat_distr (fat_distr) and Outcome (Outcome)
Harmonising fat_distr (fat_distr) and Outcome (Outcome)
[1] 337
[1] 337
  iteration traits posterior_prob regional_prob candidate_snp
1         1   None             NA        0.0139            NA
  posterior_explained_by_snp dropped_trait   lead_snp
1                         NA      iradjbmi rs17052061
[1] "SPLICING EVENT"
[1] "chr3:52440521:52440754:clu_42443_-:ENSG00000010319.7"
Harmonising fat_distr (fat_distr) and Outcome (Outcome)
Harmonising fat_distr (fat_distr) and Outcome (Outcome)
[1] 337
[1] 337
  iteration traits posterior_prob regional_prob candidate_snp
1         1   None             NA        0.0155            NA
  posterior_explained_by_snp dropped_trait   lead_snp
1                         NA      iradjbmi rs17052061
[1] "SPLICING EVENT"
[1] "chr3:52440823:52440934:clu_42444_-:ENSG00000010319.7"
Harmonising fat_distr (fat_distr) and Outcome (Outcome)
Harmonising fat_distr (fat_distr) and Outcome (Outcome)
[1] 337
[1] 337
  iteration traits posterior_prob regional_prob candidate_snp
1         1   None             NA        0.0086            NA
  posterior_explained_by_snp dropped_trait   lead_snp
1                         NA      iradjbmi rs17052061
[1] "SPLICING EVENT"
[1] "chr3:52441048:52441264:clu_42444_-:ENSG00000010319.7"
Harmonising fat_distr (fat_distr) and Outcome (Outcome)
Harmonising fat_distr (fat_distr) and Outcome (Outcome)
[1] 337
[1] 337
  iteration traits posterior_prob regional_prob candidate_snp
1         1   None             NA         0.009            NA
  posterior_explained_by_snp dropped_trait   lead_snp
1                         NA      iradjbmi rs17052061
[1] "SPLICING EVENT"
[1] "chr3:52442304:52442559:clu_42445_-:ENSG00000010319.7"
Harmonising fat_distr (fat_distr) and Outcome (Outcome)
Harmonising fat_distr (fat_distr) and Outcome (Outcome)
[1] 337
[1] 337
  iteration traits posterior_prob regional_prob candidate_snp
1         1   None             NA        0.0083            NA
  posterior_explained_by_snp dropped_trait   lead_snp
1                         NA      iradjbmi rs17052061
[1] "SPLICING EVENT"
[1] "chr3:52442621:52442747:clu_42445_-:ENSG00000010319.7"
Harmonising fat_distr (fat_distr) and Outcome (Outcome)
Harmonising fat_distr (fat_distr) and Outcome (Outcome)
[1] 337
[1] 337
  iteration traits posterior_prob regional_prob candidate_snp
1         1   None             NA        0.3242            NA
  posterior_explained_by_snp dropped_trait   lead_snp
1                         NA      iradjbmi rs17052061
[1] "SPLICING EVENT"
[1] "chr3:52442907:52443016:clu_42445_-:ENSG00000010319.7"
Harmonising fat_distr (fat_distr) and Outcome (Outcome)
Harmonising fat_distr (fat_distr) and Outcome (Outcome)
[1] 337
[1] 337
  iteration                                                         traits
1         1 iradjbmi, chr3:52442907:52443016:clu_42445_-:ENSG00000010319.7
  posterior_prob regional_prob candidate_snp posterior_explained_by_snp
1         0.9397             1     rs2016575                     0.5107
  dropped_trait   lead_snp
1            NA rs17052061
[1] "SPLICING EVENT"
[1] "chr3:52442907:52444913:clu_42445_-:ENSG00000010319.7"
Harmonising fat_distr (fat_distr) and Outcome (Outcome)
Harmonising fat_distr (fat_distr) and Outcome (Outcome)
[1] 337
[1] 337
  iteration                                                         traits
1         1 iradjbmi, chr3:52442907:52444913:clu_42445_-:ENSG00000010319.7
  posterior_prob regional_prob candidate_snp posterior_explained_by_snp
1         0.9336        0.9954    rs11714402                     0.1837
  dropped_trait   lead_snp
1            NA rs17052061
[1] "SPLICING EVENT"
[1] "chr3:52443069:52444913:clu_42445_-:ENSG00000010319.7"
Harmonising fat_distr (fat_distr) and Outcome (Outcome)
Harmonising fat_distr (fat_distr) and Outcome (Outcome)
[1] 337
[1] 337
  iteration                                                         traits
1         1 iradjbmi, chr3:52443069:52444913:clu_42445_-:ENSG00000010319.7
  posterior_prob regional_prob candidate_snp posterior_explained_by_snp
1         0.9288             1     rs2016575                     0.3254
  dropped_trait   lead_snp
1            NA rs17052061
[1] "SPLICING EVENT"
[1] "chr3:52458844:52470859:clu_40638_+:ENSG00000010322.16"
Harmonising fat_distr (fat_distr) and Outcome (Outcome)
Harmonising fat_distr (fat_distr) and Outcome (Outcome)
[1] 337
[1] 337
  iteration traits posterior_prob regional_prob candidate_snp
1         1   None             NA        0.0114            NA
  posterior_explained_by_snp dropped_trait   lead_snp
1                         NA      iradjbmi rs17052061
[1] "SPLICING EVENT"
[1] "chr3:52470907:52471814:clu_40639_+:ENSG00000010322.16"
Harmonising fat_distr (fat_distr) and Outcome (Outcome)
Harmonising fat_distr (fat_distr) and Outcome (Outcome)
[1] 337
[1] 337
  iteration traits posterior_prob regional_prob candidate_snp
1         1   None             NA        0.0113            NA
  posterior_explained_by_snp dropped_trait   lead_snp
1                         NA      iradjbmi rs17052061
[1] "SPLICING EVENT"
[1] "chr3:52471977:52472303:clu_40639_+:ENSG00000010322.16"
Harmonising fat_distr (fat_distr) and Outcome (Outcome)
Harmonising fat_distr (fat_distr) and Outcome (Outcome)
[1] 337
[1] 337
  iteration traits posterior_prob regional_prob candidate_snp
1         1   None             NA        0.0148            NA
  posterior_explained_by_snp dropped_trait   lead_snp
1                         NA      iradjbmi rs17052061
[1] "SPLICING EVENT"
[1] "chr3:52473829:52474139:clu_40640_+:ENSG00000010322.16"
Harmonising fat_distr (fat_distr) and Outcome (Outcome)
Harmonising fat_distr (fat_distr) and Outcome (Outcome)
[1] 337
[1] 337
  iteration traits posterior_prob regional_prob candidate_snp
1         1   None             NA        0.0273            NA
  posterior_explained_by_snp dropped_trait   lead_snp
1                         NA      iradjbmi rs17052061
[1] "SPLICING EVENT"
[1] "chr3:52473829:52476447:clu_40640_+:ENSG00000010322.16"
Harmonising fat_distr (fat_distr) and Outcome (Outcome)
Harmonising fat_distr (fat_distr) and Outcome (Outcome)
[1] 337
[1] 337
  iteration traits posterior_prob regional_prob candidate_snp
1         1   None             NA        0.0216            NA
  posterior_explained_by_snp dropped_trait   lead_snp
1                         NA      iradjbmi rs17052061
[1] "SPLICING EVENT"
[1] "chr3:52476599:52477574:clu_40640_+:ENSG00000010322.16"
Harmonising fat_distr (fat_distr) and Outcome (Outcome)
Harmonising fat_distr (fat_distr) and Outcome (Outcome)
[1] 337
[1] 337
  iteration traits posterior_prob regional_prob candidate_snp
1         1   None             NA         0.017            NA
  posterior_explained_by_snp dropped_trait   lead_snp
1                         NA      iradjbmi rs17052061
[1] "SPLICING EVENT"
[1] "chr3:52477642:52478097:clu_40641_+:ENSG00000010322.16"
Harmonising fat_distr (fat_distr) and Outcome (Outcome)
Harmonising fat_distr (fat_distr) and Outcome (Outcome)
[1] 337
[1] 337
  iteration traits posterior_prob regional_prob candidate_snp
1         1   None             NA        0.0117            NA
  posterior_explained_by_snp dropped_trait   lead_snp
1                         NA      iradjbmi rs17052061
[1] "SPLICING EVENT"
[1] "chr3:52478282:52478373:clu_40642_+:ENSG00000010322.16"
Harmonising fat_distr (fat_distr) and Outcome (Outcome)
Harmonising fat_distr (fat_distr) and Outcome (Outcome)
[1] 337
[1] 337
  iteration traits posterior_prob regional_prob candidate_snp
1         1   None             NA        0.0148            NA
  posterior_explained_by_snp dropped_trait   lead_snp
1                         NA      iradjbmi rs17052061
[1] "SPLICING EVENT"
[1] "chr3:52478282:52478375:clu_40642_+:ENSG00000010322.16"
Harmonising fat_distr (fat_distr) and Outcome (Outcome)
Harmonising fat_distr (fat_distr) and Outcome (Outcome)
[1] 337
[1] 337
  iteration traits posterior_prob regional_prob candidate_snp
1         1   None             NA          0.01            NA
  posterior_explained_by_snp dropped_trait   lead_snp
1                         NA      iradjbmi rs17052061
[1] "SPLICING EVENT"
[1] "chr3:52478282:52478449:clu_40642_+:ENSG00000010322.16"
Harmonising fat_distr (fat_distr) and Outcome (Outcome)
Harmonising fat_distr (fat_distr) and Outcome (Outcome)
[1] 337
[1] 337
  iteration traits posterior_prob regional_prob candidate_snp
1         1   None             NA        0.0105            NA
  posterior_explained_by_snp dropped_trait   lead_snp
1                         NA      iradjbmi rs17052061
[1] "SPLICING EVENT"
[1] "chr3:52478577:52479749:clu_40643_+:ENSG00000010322.16"
Harmonising fat_distr (fat_distr) and Outcome (Outcome)
Harmonising fat_distr (fat_distr) and Outcome (Outcome)
[1] 337
[1] 337
  iteration traits posterior_prob regional_prob candidate_snp
1         1   None             NA        0.0077            NA
  posterior_explained_by_snp dropped_trait   lead_snp
1                         NA      iradjbmi rs17052061
[1] "SPLICING EVENT"
[1] "chr3:52479862:52480184:clu_40644_+:ENSG00000010322.16"
Harmonising fat_distr (fat_distr) and Outcome (Outcome)
Harmonising fat_distr (fat_distr) and Outcome (Outcome)
[1] 337
[1] 337
  iteration traits posterior_prob regional_prob candidate_snp
1         1   None             NA        0.0071            NA
  posterior_explained_by_snp dropped_trait   lead_snp
1                         NA      iradjbmi rs17052061
[1] "SPLICING EVENT"
[1] "chr3:52480295:52480879:clu_40645_+:ENSG00000010322.16"
Harmonising fat_distr (fat_distr) and Outcome (Outcome)
Harmonising fat_distr (fat_distr) and Outcome (Outcome)
[1] 337
[1] 337
  iteration traits posterior_prob regional_prob candidate_snp
1         1   None             NA        0.0069            NA
  posterior_explained_by_snp dropped_trait   lead_snp
1                         NA      iradjbmi rs17052061
[1] "SPLICING EVENT"
[1] "chr3:52480295:52482171:clu_40645_+:ENSG00000010322.16"
Harmonising fat_distr (fat_distr) and Outcome (Outcome)
Harmonising fat_distr (fat_distr) and Outcome (Outcome)
[1] 337
[1] 337
  iteration                                                          traits
1         1 iradjbmi, chr3:52480295:52482171:clu_40645_+:ENSG00000010322.16
  posterior_prob regional_prob candidate_snp posterior_explained_by_snp
1         0.9461             1      rs390802                     0.5607
  dropped_trait   lead_snp
1            NA rs17052061
[1] "SPLICING EVENT"
[1] "chr3:52480295:52482642:clu_40645_+:ENSG00000010322.16"
Harmonising fat_distr (fat_distr) and Outcome (Outcome)
Harmonising fat_distr (fat_distr) and Outcome (Outcome)
[1] 337
[1] 337
  iteration                                                          traits
1         1 iradjbmi, chr3:52480295:52482642:clu_40645_+:ENSG00000010322.16
  posterior_prob regional_prob candidate_snp posterior_explained_by_snp
1         0.4959        0.5413     rs2159607                      0.362
  dropped_trait   lead_snp
1            NA rs17052061
[1] "SPLICING EVENT"
[1] "chr3:52480295:52484513:clu_40645_+:ENSG00000010322.16"
Harmonising fat_distr (fat_distr) and Outcome (Outcome)
Harmonising fat_distr (fat_distr) and Outcome (Outcome)
[1] 337
[1] 337
  iteration traits posterior_prob regional_prob candidate_snp
1         1   None             NA        0.3455            NA
  posterior_explained_by_snp dropped_trait   lead_snp
1                         NA      iradjbmi rs17052061
[1] "SPLICING EVENT"
[1] "chr3:52482767:52484513:clu_40645_+:ENSG00000010322.16"
Harmonising fat_distr (fat_distr) and Outcome (Outcome)
Harmonising fat_distr (fat_distr) and Outcome (Outcome)
[1] 337
[1] 337
  iteration traits posterior_prob regional_prob candidate_snp
1         1   None             NA         0.413            NA
  posterior_explained_by_snp dropped_trait   lead_snp
1                         NA      iradjbmi rs17052061
[1] "SPLICING EVENT"
[1] "chr3:52484637:52485778:clu_40646_+:ENSG00000010322.16"
Harmonising fat_distr (fat_distr) and Outcome (Outcome)
Harmonising fat_distr (fat_distr) and Outcome (Outcome)
[1] 337
[1] 337
  iteration traits posterior_prob regional_prob candidate_snp
1         1   None             NA        0.0095            NA
  posterior_explained_by_snp dropped_trait   lead_snp
1                         NA      iradjbmi rs17052061
[1] "SPLICING EVENT"
[1] "chr3:52485827:52487196:clu_40648_+:ENSG00000010322.16"
Harmonising fat_distr (fat_distr) and Outcome (Outcome)
Harmonising fat_distr (fat_distr) and Outcome (Outcome)
[1] 337
[1] 337
  iteration traits posterior_prob regional_prob candidate_snp
1         1   None             NA         0.058            NA
  posterior_explained_by_snp dropped_trait   lead_snp
1                         NA      iradjbmi rs17052061
[1] "SPLICING EVENT"
[1] "chr3:52489678:52490075:clu_40647_+:ENSG00000010322.16"
Harmonising fat_distr (fat_distr) and Outcome (Outcome)
Harmonising fat_distr (fat_distr) and Outcome (Outcome)
[1] 337
[1] 337
  iteration traits posterior_prob regional_prob candidate_snp
1         1   None             NA        0.0143            NA
  posterior_explained_by_snp dropped_trait   lead_snp
1                         NA      iradjbmi rs17052061
[1] "SPLICING EVENT"
[1] "chr3:52489678:52490705:clu_40647_+:ENSG00000010322.16"
Harmonising fat_distr (fat_distr) and Outcome (Outcome)
Harmonising fat_distr (fat_distr) and Outcome (Outcome)
[1] 337
[1] 337
  iteration traits posterior_prob regional_prob candidate_snp
1         1   None             NA        0.0086            NA
  posterior_explained_by_snp dropped_trait   lead_snp
1                         NA      iradjbmi rs17052061
[1] "SPLICING EVENT"
[1] "chr3:52489678:52491352:clu_40647_+:ENSG00000010322.16"
Harmonising fat_distr (fat_distr) and Outcome (Outcome)
Harmonising fat_distr (fat_distr) and Outcome (Outcome)
[1] 337
[1] 337
  iteration traits posterior_prob regional_prob candidate_snp
1         1   None             NA        0.0359            NA
  posterior_explained_by_snp dropped_trait   lead_snp
1                         NA      iradjbmi rs17052061
[1] "SPLICING EVENT"
[1] "chr3:52490231:52490705:clu_40647_+:ENSG00000010322.16"
Harmonising fat_distr (fat_distr) and Outcome (Outcome)
Harmonising fat_distr (fat_distr) and Outcome (Outcome)
[1] 337
[1] 337
  iteration traits posterior_prob regional_prob candidate_snp
1         1   None             NA        0.0081            NA
  posterior_explained_by_snp dropped_trait   lead_snp
1                         NA      iradjbmi rs17052061
[1] "SPLICING EVENT"
[1] "chr3:52490231:52491352:clu_40647_+:ENSG00000010322.16"
Harmonising fat_distr (fat_distr) and Outcome (Outcome)
Harmonising fat_distr (fat_distr) and Outcome (Outcome)
[1] 337
[1] 337
  iteration traits posterior_prob regional_prob candidate_snp
1         1   None             NA        0.0097            NA
  posterior_explained_by_snp dropped_trait   lead_snp
1                         NA      iradjbmi rs17052061
[1] "SPLICING EVENT"
[1] "chr3:52490833:52491352:clu_40647_+:ENSG00000010322.16"
Harmonising fat_distr (fat_distr) and Outcome (Outcome)
Harmonising fat_distr (fat_distr) and Outcome (Outcome)
[1] 337
[1] 337
  iteration traits posterior_prob regional_prob candidate_snp
1         1   None             NA         0.009            NA
  posterior_explained_by_snp dropped_trait   lead_snp
1                         NA      iradjbmi rs17052061
[1] "SPLICING EVENT"
[1] "chr3:52491513:52491872:clu_40649_+:ENSG00000010322.16"
Harmonising fat_distr (fat_distr) and Outcome (Outcome)
Harmonising fat_distr (fat_distr) and Outcome (Outcome)
[1] 337
[1] 337
  iteration traits posterior_prob regional_prob candidate_snp
1         1   None             NA        0.0256            NA
  posterior_explained_by_snp dropped_trait   lead_snp
1                         NA      iradjbmi rs17052061
[1] "SPLICING EVENT"
[1] "chr3:52491513:52491877:clu_40649_+:ENSG00000010322.16"
Harmonising fat_distr (fat_distr) and Outcome (Outcome)
Harmonising fat_distr (fat_distr) and Outcome (Outcome)
[1] 337
[1] 337
  iteration traits posterior_prob regional_prob candidate_snp
1         1   None             NA        0.0195            NA
  posterior_explained_by_snp dropped_trait   lead_snp
1                         NA      iradjbmi rs17052061
[1] "LEAD INDEX"
[1] 12
[1] "LEAD INDEX"
[1] 13
[1] "SPLICING EVENT"
[1] "chr3:136152738:136194972:clu_43064_-:ENSG00000174579.4"
Harmonising fat_distr (fat_distr) and Outcome (Outcome)
Harmonising fat_distr (fat_distr) and Outcome (Outcome)
[1] 274
[1] 274
  iteration traits posterior_prob regional_prob candidate_snp
1         1   None             NA        0.0086            NA
  posterior_explained_by_snp dropped_trait lead_snp
1                         NA      iradjbmi rs645040
[1] "LEAD INDEX"
[1] 14
[1] "CHROMOSOME"
[1] 4
[1] "LEAD INDEX"
[1] 1
[1] "LEAD INDEX"
[1] 2
[1] "LEAD INDEX"
[1] 3
[1] "SPLICING EVENT"
[1] "chr4:961578:961688:clu_44811_-:ENSG00000145214.14"
Harmonising fat_distr (fat_distr) and Outcome (Outcome)
Harmonising fat_distr (fat_distr) and Outcome (Outcome)
[1] 391
[1] 391
  iteration traits posterior_prob regional_prob candidate_snp
1         1   None             NA        0.0101            NA
  posterior_explained_by_snp dropped_trait   lead_snp
1                         NA      iradjbmi rs11724804
[1] "SPLICING EVENT"
[1] "chr4:961834:961982:clu_44811_-:ENSG00000145214.14"
Harmonising fat_distr (fat_distr) and Outcome (Outcome)
Harmonising fat_distr (fat_distr) and Outcome (Outcome)
[1] 391
[1] 391
  iteration traits posterior_prob regional_prob candidate_snp
1         1   None             NA         0.008            NA
  posterior_explained_by_snp dropped_trait   lead_snp
1                         NA      iradjbmi rs11724804
[1] "SPLICING EVENT"
[1] "chr4:962613:962772:clu_44812_-:ENSG00000145214.14"
Harmonising fat_distr (fat_distr) and Outcome (Outcome)
Harmonising fat_distr (fat_distr) and Outcome (Outcome)
[1] 391
[1] 391
  iteration traits posterior_prob regional_prob candidate_snp
1         1   None             NA        0.0126            NA
  posterior_explained_by_snp dropped_trait   lead_snp
1                         NA      iradjbmi rs11724804
[1] "SPLICING EVENT"
[1] "chr4:962920:963139:clu_44812_-:ENSG00000145214.14"
Harmonising fat_distr (fat_distr) and Outcome (Outcome)
Harmonising fat_distr (fat_distr) and Outcome (Outcome)
[1] 391
[1] 391
  iteration traits posterior_prob regional_prob candidate_snp
1         1   None             NA        0.0104            NA
  posterior_explained_by_snp dropped_trait   lead_snp
1                         NA      iradjbmi rs11724804
[1] "SPLICING EVENT"
[1] "chr4:963290:965176:clu_44813_-:ENSG00000145214.14"
Harmonising fat_distr (fat_distr) and Outcome (Outcome)
Harmonising fat_distr (fat_distr) and Outcome (Outcome)
[1] 391
[1] 391
  iteration traits posterior_prob regional_prob candidate_snp
1         1   None             NA        0.0079            NA
  posterior_explained_by_snp dropped_trait   lead_snp
1                         NA      iradjbmi rs11724804
[1] "SPLICING EVENT"
[1] "chr4:965291:965491:clu_44814_-:ENSG00000145214.14"
Harmonising fat_distr (fat_distr) and Outcome (Outcome)
Harmonising fat_distr (fat_distr) and Outcome (Outcome)
[1] 391
[1] 391
  iteration traits posterior_prob regional_prob candidate_snp
1         1   None             NA        0.0069            NA
  posterior_explained_by_snp dropped_trait   lead_snp
1                         NA      iradjbmi rs11724804
[1] "SPLICING EVENT"
[1] "chr4:965529:965928:clu_44814_-:ENSG00000145214.14"
Harmonising fat_distr (fat_distr) and Outcome (Outcome)
Harmonising fat_distr (fat_distr) and Outcome (Outcome)
[1] 391
[1] 391
  iteration traits posterior_prob regional_prob candidate_snp
1         1   None             NA        0.0093            NA
  posterior_explained_by_snp dropped_trait   lead_snp
1                         NA      iradjbmi rs11724804
[1] "SPLICING EVENT"
[1] "chr4:966078:966466:clu_44814_-:ENSG00000145214.14"
Harmonising fat_distr (fat_distr) and Outcome (Outcome)
Harmonising fat_distr (fat_distr) and Outcome (Outcome)
[1] 391
[1] 391
  iteration traits posterior_prob regional_prob candidate_snp
1         1   None             NA        0.0079            NA
  posterior_explained_by_snp dropped_trait   lead_snp
1                         NA      iradjbmi rs11724804
[1] "SPLICING EVENT"
[1] "chr4:968564:968811:clu_44819_-:ENSG00000145214.14"
Harmonising fat_distr (fat_distr) and Outcome (Outcome)
Harmonising fat_distr (fat_distr) and Outcome (Outcome)
[1] 391
[1] 391
  iteration traits posterior_prob regional_prob candidate_snp
1         1   None             NA        0.0077            NA
  posterior_explained_by_snp dropped_trait   lead_snp
1                         NA      iradjbmi rs11724804
[1] "SPLICING EVENT"
[1] "chr4:968910:970993:clu_44819_-:ENSG00000145214.14"
Harmonising fat_distr (fat_distr) and Outcome (Outcome)
Harmonising fat_distr (fat_distr) and Outcome (Outcome)
[1] 391
[1] 391
  iteration traits posterior_prob regional_prob candidate_snp
1         1   None             NA        0.0072            NA
  posterior_explained_by_snp dropped_trait   lead_snp
1                         NA      iradjbmi rs11724804
[1] "SPLICING EVENT"
[1] "chr4:987242:987809:clu_43633_+:ENSG00000127415.13"
Harmonising fat_distr (fat_distr) and Outcome (Outcome)
Harmonising fat_distr (fat_distr) and Outcome (Outcome)
[1] 391
[1] 391
  iteration traits posterior_prob regional_prob candidate_snp
1         1   None             NA        0.0696            NA
  posterior_explained_by_snp dropped_trait   lead_snp
1                         NA      iradjbmi rs11724804
[1] "SPLICING EVENT"
[1] "chr4:987949:989231:clu_43633_+:ENSG00000127415.13"
Harmonising fat_distr (fat_distr) and Outcome (Outcome)
Harmonising fat_distr (fat_distr) and Outcome (Outcome)
[1] 391
[1] 391
  iteration                                                      traits
1         1 iradjbmi, chr4:987949:989231:clu_43633_+:ENSG00000127415.13
  posterior_prob regional_prob candidate_snp posterior_explained_by_snp
1         0.8896        0.9961     rs4690326                     0.9413
  dropped_trait   lead_snp
1            NA rs11724804
[1] "SPLICING EVENT"
[1] "chr4:987949:1000612:clu_43633_+:ENSG00000127415.13"
Harmonising fat_distr (fat_distr) and Outcome (Outcome)
Harmonising fat_distr (fat_distr) and Outcome (Outcome)
[1] 391
[1] 391
  iteration                                                       traits
1         1 iradjbmi, chr4:987949:1000612:clu_43633_+:ENSG00000127415.13
  posterior_prob regional_prob candidate_snp posterior_explained_by_snp
1         0.9162        0.9517     rs4690220                      0.323
  dropped_trait   lead_snp
1            NA rs11724804
[1] "SPLICING EVENT"
[1] "chr4:1000064:1000612:clu_43633_+:ENSG00000127415.13"
Harmonising fat_distr (fat_distr) and Outcome (Outcome)
Harmonising fat_distr (fat_distr) and Outcome (Outcome)
[1] 391
[1] 391
  iteration traits posterior_prob regional_prob candidate_snp
1         1   None             NA        0.0073            NA
  posterior_explained_by_snp dropped_trait   lead_snp
1                         NA      iradjbmi rs11724804
[1] "SPLICING EVENT"
[1] "chr4:1000697:1000882:clu_43634_+:ENSG00000127415.13"
Harmonising fat_distr (fat_distr) and Outcome (Outcome)
Harmonising fat_distr (fat_distr) and Outcome (Outcome)
[1] 391
[1] 391
  iteration traits posterior_prob regional_prob candidate_snp
1         1   None             NA        0.0069            NA
  posterior_explained_by_snp dropped_trait   lead_snp
1                         NA      iradjbmi rs11724804
[1] "SPLICING EVENT"
[1] "chr4:1000989:1001468:clu_43634_+:ENSG00000127415.13"
Harmonising fat_distr (fat_distr) and Outcome (Outcome)
Harmonising fat_distr (fat_distr) and Outcome (Outcome)
[1] 391
[1] 391
  iteration traits posterior_prob regional_prob candidate_snp
1         1   None             NA        0.0084            NA
  posterior_explained_by_snp dropped_trait   lead_snp
1                         NA      iradjbmi rs11724804
[1] "SPLICING EVENT"
[1] "chr4:1001563:1001651:clu_43635_+:ENSG00000127415.13"
Harmonising fat_distr (fat_distr) and Outcome (Outcome)
Harmonising fat_distr (fat_distr) and Outcome (Outcome)
[1] 391
[1] 391
  iteration traits posterior_prob regional_prob candidate_snp
1         1   None             NA        0.0112            NA
  posterior_explained_by_snp dropped_trait   lead_snp
1                         NA      iradjbmi rs11724804
[1] "SPLICING EVENT"
[1] "chr4:1001563:1001679:clu_43635_+:ENSG00000127415.13"
Harmonising fat_distr (fat_distr) and Outcome (Outcome)
Harmonising fat_distr (fat_distr) and Outcome (Outcome)
[1] 391
[1] 391
  iteration traits posterior_prob regional_prob candidate_snp
1         1   None             NA        0.0378            NA
  posterior_explained_by_snp dropped_trait   lead_snp
1                         NA      iradjbmi rs11724804
[1] "SPLICING EVENT"
[1] "chr4:1001881:1001982:clu_43636_+:ENSG00000127415.13"
Harmonising fat_distr (fat_distr) and Outcome (Outcome)
Harmonising fat_distr (fat_distr) and Outcome (Outcome)
[1] 391
[1] 391
  iteration traits posterior_prob regional_prob candidate_snp
1         1   None             NA        0.0087            NA
  posterior_explained_by_snp dropped_trait   lead_snp
1                         NA      iradjbmi rs11724804
[1] "SPLICING EVENT"
[1] "chr4:1002161:1002269:clu_43637_+:ENSG00000127415.13"
Harmonising fat_distr (fat_distr) and Outcome (Outcome)
Harmonising fat_distr (fat_distr) and Outcome (Outcome)
[1] 391
[1] 391
  iteration traits posterior_prob regional_prob candidate_snp
1         1   None             NA        0.0108            NA
  posterior_explained_by_snp dropped_trait   lead_snp
1                         NA      iradjbmi rs11724804
[1] "SPLICING EVENT"
[1] "chr4:1002485:1002732:clu_43637_+:ENSG00000127415.13"
Harmonising fat_distr (fat_distr) and Outcome (Outcome)
Harmonising fat_distr (fat_distr) and Outcome (Outcome)
[1] 391
[1] 391
  iteration traits posterior_prob regional_prob candidate_snp
1         1   None             NA        0.0096            NA
  posterior_explained_by_snp dropped_trait   lead_snp
1                         NA      iradjbmi rs11724804
[1] "SPLICING EVENT"
[1] "chr4:1003470:1003549:clu_43638_+:ENSG00000127415.13"
Harmonising fat_distr (fat_distr) and Outcome (Outcome)
Harmonising fat_distr (fat_distr) and Outcome (Outcome)
[1] 391
[1] 391
  iteration traits posterior_prob regional_prob candidate_snp
1         1   None             NA        0.0082            NA
  posterior_explained_by_snp dropped_trait   lead_snp
1                         NA      iradjbmi rs11724804
[1] "SPLICING EVENT"
[1] "chr4:1003625:1004012:clu_43638_+:ENSG00000127415.13"
Harmonising fat_distr (fat_distr) and Outcome (Outcome)
Harmonising fat_distr (fat_distr) and Outcome (Outcome)
[1] 391
[1] 391
  iteration traits posterior_prob regional_prob candidate_snp
1         1   None             NA        0.0083            NA
  posterior_explained_by_snp dropped_trait   lead_snp
1                         NA      iradjbmi rs11724804
[1] "LEAD INDEX"
[1] 4
[1] "LEAD INDEX"
[1] 5
[1] "SPLICING EVENT"
[1] "chr4:3293099:3316070:clu_43739_+:ENSG00000159788.20"
Harmonising fat_distr (fat_distr) and Outcome (Outcome)
Harmonising fat_distr (fat_distr) and Outcome (Outcome)
[1] 327
[1] 327
  iteration traits posterior_prob regional_prob candidate_snp
1         1   None             NA        0.0112            NA
  posterior_explained_by_snp dropped_trait   lead_snp
1                         NA      iradjbmi rs10027926
[1] "SPLICING EVENT"
[1] "chr4:3293099:3342937:clu_43739_+:ENSG00000159788.20"
Harmonising fat_distr (fat_distr) and Outcome (Outcome)
Harmonising fat_distr (fat_distr) and Outcome (Outcome)
[1] 327
[1] 327
  iteration traits posterior_prob regional_prob candidate_snp
1         1   None             NA         0.009            NA
  posterior_explained_by_snp dropped_trait   lead_snp
1                         NA      iradjbmi rs10027926
[1] "SPLICING EVENT"
[1] "chr4:3318051:3342937:clu_43739_+:ENSG00000159788.20"
Harmonising fat_distr (fat_distr) and Outcome (Outcome)
Harmonising fat_distr (fat_distr) and Outcome (Outcome)
[1] 327
[1] 327
  iteration traits posterior_prob regional_prob candidate_snp
1         1   None             NA        0.0129            NA
  posterior_explained_by_snp dropped_trait   lead_snp
1                         NA      iradjbmi rs10027926
[1] "SPLICING EVENT"
[1] "chr4:3343053:3386416:clu_43740_+:ENSG00000159788.20"
Harmonising fat_distr (fat_distr) and Outcome (Outcome)
Harmonising fat_distr (fat_distr) and Outcome (Outcome)
[1] 327
[1] 327
  iteration traits posterior_prob regional_prob candidate_snp
1         1   None             NA        0.0104            NA
  posterior_explained_by_snp dropped_trait   lead_snp
1                         NA      iradjbmi rs10027926
[1] "SPLICING EVENT"
[1] "chr4:3386437:3386525:clu_43740_+:ENSG00000159788.20"
Harmonising fat_distr (fat_distr) and Outcome (Outcome)
Harmonising fat_distr (fat_distr) and Outcome (Outcome)
[1] 327
[1] 327
  iteration traits posterior_prob regional_prob candidate_snp
1         1   None             NA        0.0097            NA
  posterior_explained_by_snp dropped_trait   lead_snp
1                         NA      iradjbmi rs10027926
[1] "SPLICING EVENT"
[1] "chr4:3386437:3414072:clu_43740_+:ENSG00000159788.20"
Harmonising fat_distr (fat_distr) and Outcome (Outcome)
Harmonising fat_distr (fat_distr) and Outcome (Outcome)
[1] 327
[1] 327
  iteration traits posterior_prob regional_prob candidate_snp
1         1   None             NA        0.0115            NA
  posterior_explained_by_snp dropped_trait   lead_snp
1                         NA      iradjbmi rs10027926
[1] "SPLICING EVENT"
[1] "chr4:3386573:3414072:clu_43740_+:ENSG00000159788.20"
Harmonising fat_distr (fat_distr) and Outcome (Outcome)
Harmonising fat_distr (fat_distr) and Outcome (Outcome)
[1] 327
[1] 327
  iteration traits posterior_prob regional_prob candidate_snp
1         1   None             NA         0.012            NA
  posterior_explained_by_snp dropped_trait   lead_snp
1                         NA      iradjbmi rs10027926
[1] "SPLICING EVENT"
[1] "chr4:3414844:3415978:clu_43743_+:ENSG00000159788.20"
Harmonising fat_distr (fat_distr) and Outcome (Outcome)
Harmonising fat_distr (fat_distr) and Outcome (Outcome)
[1] 327
[1] 327
  iteration traits posterior_prob regional_prob candidate_snp
1         1   None             NA        0.0156            NA
  posterior_explained_by_snp dropped_trait   lead_snp
1                         NA      iradjbmi rs10027926
[1] "SPLICING EVENT"
[1] "chr4:3417092:3417388:clu_43744_+:ENSG00000159788.20"
Harmonising fat_distr (fat_distr) and Outcome (Outcome)
Harmonising fat_distr (fat_distr) and Outcome (Outcome)
[1] 327
[1] 327
  iteration traits posterior_prob regional_prob candidate_snp
1         1   None             NA        0.0098            NA
  posterior_explained_by_snp dropped_trait   lead_snp
1                         NA      iradjbmi rs10027926
[1] "SPLICING EVENT"
[1] "chr4:3417541:3420642:clu_43741_+:ENSG00000159788.20"
Harmonising fat_distr (fat_distr) and Outcome (Outcome)
Harmonising fat_distr (fat_distr) and Outcome (Outcome)
[1] 327
[1] 327
  iteration traits posterior_prob regional_prob candidate_snp
1         1   None             NA        0.0095            NA
  posterior_explained_by_snp dropped_trait   lead_snp
1                         NA      iradjbmi rs10027926
[1] "SPLICING EVENT"
[1] "chr4:3420718:3422376:clu_43741_+:ENSG00000159788.20"
Harmonising fat_distr (fat_distr) and Outcome (Outcome)
Harmonising fat_distr (fat_distr) and Outcome (Outcome)
[1] 327
[1] 327
  iteration traits posterior_prob regional_prob candidate_snp
1         1   None             NA        0.0109            NA
  posterior_explained_by_snp dropped_trait   lead_snp
1                         NA      iradjbmi rs10027926
[1] "SPLICING EVENT"
[1] "chr4:3423641:3425464:clu_43746_+:ENSG00000159788.20"
Harmonising fat_distr (fat_distr) and Outcome (Outcome)
Harmonising fat_distr (fat_distr) and Outcome (Outcome)
[1] 327
[1] 327
  iteration traits posterior_prob regional_prob candidate_snp
1         1   None             NA        0.0398            NA
  posterior_explained_by_snp dropped_trait   lead_snp
1                         NA      iradjbmi rs10027926
[1] "SPLICING EVENT"
[1] "chr4:3425560:3428090:clu_43747_+:ENSG00000159788.20"
Harmonising fat_distr (fat_distr) and Outcome (Outcome)
Harmonising fat_distr (fat_distr) and Outcome (Outcome)
[1] 327
[1] 327
  iteration traits posterior_prob regional_prob candidate_snp
1         1   None             NA         0.011            NA
  posterior_explained_by_snp dropped_trait   lead_snp
1                         NA      iradjbmi rs10027926
[1] "SPLICING EVENT"
[1] "chr4:3428169:3428558:clu_43742_+:ENSG00000159788.20"
Harmonising fat_distr (fat_distr) and Outcome (Outcome)
Harmonising fat_distr (fat_distr) and Outcome (Outcome)
[1] 327
[1] 327
  iteration traits posterior_prob regional_prob candidate_snp
1         1   None             NA        0.0159            NA
  posterior_explained_by_snp dropped_trait   lead_snp
1                         NA      iradjbmi rs10027926
[1] "SPLICING EVENT"
[1] "chr4:3428169:3430407:clu_43742_+:ENSG00000159788.20"
Harmonising fat_distr (fat_distr) and Outcome (Outcome)
Harmonising fat_distr (fat_distr) and Outcome (Outcome)
[1] 327
[1] 327
  iteration traits posterior_prob regional_prob candidate_snp
1         1   None             NA        0.0136            NA
  posterior_explained_by_snp dropped_trait   lead_snp
1                         NA      iradjbmi rs10027926
[1] "SPLICING EVENT"
[1] "chr4:3428711:3430407:clu_43742_+:ENSG00000159788.20"
Harmonising fat_distr (fat_distr) and Outcome (Outcome)
Harmonising fat_distr (fat_distr) and Outcome (Outcome)
[1] 327
[1] 327
  iteration traits posterior_prob regional_prob candidate_snp
1         1   None             NA        0.0125            NA
  posterior_explained_by_snp dropped_trait   lead_snp
1                         NA      iradjbmi rs10027926
[1] "SPLICING EVENT"
[1] "chr4:3430955:3439455:clu_43742_+:ENSG00000159788.20"
Harmonising fat_distr (fat_distr) and Outcome (Outcome)
Harmonising fat_distr (fat_distr) and Outcome (Outcome)
[1] 327
[1] 327
  iteration traits posterior_prob regional_prob candidate_snp
1         1   None             NA         0.164            NA
  posterior_explained_by_snp dropped_trait   lead_snp
1                         NA      iradjbmi rs10027926
[1] "LEAD INDEX"
[1] 6
[1] "LEAD INDEX"
[1] 7
[1] "SPLICING EVENT"
[1] "chr4:17804756:17805107:clu_45013_-:ENSG00000163257.11"
Harmonising fat_distr (fat_distr) and Outcome (Outcome)
Harmonising fat_distr (fat_distr) and Outcome (Outcome)
[1] 302
[1] 302
  iteration traits posterior_prob regional_prob candidate_snp
1         1   None             NA        0.0093            NA
  posterior_explained_by_snp dropped_trait  lead_snp
1                         NA      iradjbmi rs7694806
[1] "SPLICING EVENT"
[1] "chr4:17804756:17810447:clu_45013_-:ENSG00000163257.11"
Harmonising fat_distr (fat_distr) and Outcome (Outcome)
Harmonising fat_distr (fat_distr) and Outcome (Outcome)
[1] 302
[1] 302
  iteration traits posterior_prob regional_prob candidate_snp
1         1   None             NA        0.0274            NA
  posterior_explained_by_snp dropped_trait  lead_snp
1                         NA      iradjbmi rs7694806
[1] "SPLICING EVENT"
[1] "chr4:17804771:17805107:clu_45013_-:ENSG00000163257.11"
Harmonising fat_distr (fat_distr) and Outcome (Outcome)
Harmonising fat_distr (fat_distr) and Outcome (Outcome)
[1] 302
[1] 302
  iteration traits posterior_prob regional_prob candidate_snp
1         1   None             NA        0.0086            NA
  posterior_explained_by_snp dropped_trait  lead_snp
1                         NA      iradjbmi rs7694806
[1] "SPLICING EVENT"
[1] "chr4:17804771:17810447:clu_45013_-:ENSG00000163257.11"
Harmonising fat_distr (fat_distr) and Outcome (Outcome)
Harmonising fat_distr (fat_distr) and Outcome (Outcome)
[1] 302
[1] 302
  iteration traits posterior_prob regional_prob candidate_snp
1         1   None             NA        0.0103            NA
  posterior_explained_by_snp dropped_trait  lead_snp
1                         NA      iradjbmi rs7694806
[1] "SPLICING EVENT"
[1] "chr4:17805225:17810447:clu_45013_-:ENSG00000163257.11"
Harmonising fat_distr (fat_distr) and Outcome (Outcome)
Harmonising fat_distr (fat_distr) and Outcome (Outcome)
[1] 302
[1] 302
  iteration traits posterior_prob regional_prob candidate_snp
1         1   None             NA        0.0089            NA
  posterior_explained_by_snp dropped_trait  lead_snp
1                         NA      iradjbmi rs7694806
[1] "SPLICING EVENT"
[1] "chr4:17809692:17810447:clu_45013_-:ENSG00000163257.11"
Harmonising fat_distr (fat_distr) and Outcome (Outcome)
Harmonising fat_distr (fat_distr) and Outcome (Outcome)
[1] 302
[1] 302
  iteration traits posterior_prob regional_prob candidate_snp
1         1   None             NA        0.0107            NA
  posterior_explained_by_snp dropped_trait  lead_snp
1                         NA      iradjbmi rs7694806
[1] "LEAD INDEX"
[1] 8
[1] "LEAD INDEX"
[1] 9
[1] "LEAD INDEX"
[1] 10
[1] "SPLICING EVENT"
[1] "chr4:88732198:88737472:clu_45411_-:ENSG00000138640.15"
Harmonising fat_distr (fat_distr) and Outcome (Outcome)
Harmonising fat_distr (fat_distr) and Outcome (Outcome)
[1] 413
[1] 413
  iteration traits posterior_prob regional_prob candidate_snp
1         1   None             NA        0.0166            NA
  posterior_explained_by_snp dropped_trait  lead_snp
1                         NA      iradjbmi rs9991328
[1] "SPLICING EVENT"
[1] "chr4:88732198:88739030:clu_45411_-:ENSG00000138640.15"
Harmonising fat_distr (fat_distr) and Outcome (Outcome)
Harmonising fat_distr (fat_distr) and Outcome (Outcome)
[1] 413
[1] 413
  iteration traits posterior_prob regional_prob candidate_snp
1         1   None             NA        0.0075            NA
  posterior_explained_by_snp dropped_trait  lead_snp
1                         NA      iradjbmi rs9991328
[1] "SPLICING EVENT"
[1] "chr4:88737555:88739030:clu_45411_-:ENSG00000138640.15"
Harmonising fat_distr (fat_distr) and Outcome (Outcome)
Harmonising fat_distr (fat_distr) and Outcome (Outcome)
[1] 413
[1] 413
  iteration traits posterior_prob regional_prob candidate_snp
1         1   None             NA         0.007            NA
  posterior_explained_by_snp dropped_trait  lead_snp
1                         NA      iradjbmi rs9991328
[1] "SPLICING EVENT"
[1] "chr4:88767595:88767983:clu_45412_-:ENSG00000138640.15"
Harmonising fat_distr (fat_distr) and Outcome (Outcome)
Harmonising fat_distr (fat_distr) and Outcome (Outcome)
[1] 413
[1] 413
  iteration traits posterior_prob regional_prob candidate_snp
1         1   None             NA        0.0084            NA
  posterior_explained_by_snp dropped_trait  lead_snp
1                         NA      iradjbmi rs9991328
[1] "SPLICING EVENT"
[1] "chr4:88768059:88781165:clu_45412_-:ENSG00000138640.15"
Harmonising fat_distr (fat_distr) and Outcome (Outcome)
Harmonising fat_distr (fat_distr) and Outcome (Outcome)
[1] 413
[1] 413
  iteration traits posterior_prob regional_prob candidate_snp
1         1   None             NA        0.0084            NA
  posterior_explained_by_snp dropped_trait  lead_snp
1                         NA      iradjbmi rs9991328
[1] "SPLICING EVENT"
[1] "chr4:88787932:88790586:clu_45413_-:ENSG00000138640.15"
Harmonising fat_distr (fat_distr) and Outcome (Outcome)
Harmonising fat_distr (fat_distr) and Outcome (Outcome)
[1] 413
[1] 413
  iteration traits posterior_prob regional_prob candidate_snp
1         1   None             NA        0.0202            NA
  posterior_explained_by_snp dropped_trait  lead_snp
1                         NA      iradjbmi rs9991328
[1] "SPLICING EVENT"
[1] "chr4:88790627:88805011:clu_45413_-:ENSG00000138640.15"
Harmonising fat_distr (fat_distr) and Outcome (Outcome)
Harmonising fat_distr (fat_distr) and Outcome (Outcome)
[1] 413
[1] 413
  iteration traits posterior_prob regional_prob candidate_snp
1         1   None             NA        0.0089            NA
  posterior_explained_by_snp dropped_trait  lead_snp
1                         NA      iradjbmi rs9991328
[1] "SPLICING EVENT"
[1] "chr4:88790627:88822976:clu_45413_-:ENSG00000138640.15"
Harmonising fat_distr (fat_distr) and Outcome (Outcome)
Harmonising fat_distr (fat_distr) and Outcome (Outcome)
[1] 413
[1] 413
  iteration traits posterior_prob regional_prob candidate_snp
1         1   None             NA        0.0053            NA
  posterior_explained_by_snp dropped_trait  lead_snp
1                         NA      iradjbmi rs9991328
[1] "SPLICING EVENT"
[1] "chr4:88805052:88822976:clu_45413_-:ENSG00000138640.15"
Harmonising fat_distr (fat_distr) and Outcome (Outcome)
Harmonising fat_distr (fat_distr) and Outcome (Outcome)
[1] 413
[1] 413
  iteration traits posterior_prob regional_prob candidate_snp
1         1   None             NA          0.05            NA
  posterior_explained_by_snp dropped_trait  lead_snp
1                         NA      iradjbmi rs9991328
[1] "SPLICING EVENT"
[1] "chr4:88805052:88851020:clu_45413_-:ENSG00000138640.15"
Harmonising fat_distr (fat_distr) and Outcome (Outcome)
Harmonising fat_distr (fat_distr) and Outcome (Outcome)
[1] 413
[1] 413
  iteration traits posterior_prob regional_prob candidate_snp
1         1   None             NA        0.0114            NA
  posterior_explained_by_snp dropped_trait  lead_snp
1                         NA      iradjbmi rs9991328
[1] "SPLICING EVENT"
[1] "chr4:88938241:88990973:clu_45415_-:ENSG00000138640.15"
Harmonising fat_distr (fat_distr) and Outcome (Outcome)
Harmonising fat_distr (fat_distr) and Outcome (Outcome)
[1] 413
[1] 413
  iteration traits posterior_prob regional_prob candidate_snp
1         1   None             NA        0.0066            NA
  posterior_explained_by_snp dropped_trait  lead_snp
1                         NA      iradjbmi rs9991328
[1] "SPLICING EVENT"
[1] "chr4:88938241:89020460:clu_45415_-:ENSG00000138640.15"
Harmonising fat_distr (fat_distr) and Outcome (Outcome)
Harmonising fat_distr (fat_distr) and Outcome (Outcome)
[1] 413
[1] 413
  iteration traits posterior_prob regional_prob candidate_snp
1         1   None             NA        0.0076            NA
  posterior_explained_by_snp dropped_trait  lead_snp
1                         NA      iradjbmi rs9991328
[1] "SPLICING EVENT"
[1] "chr4:88991150:89020460:clu_45415_-:ENSG00000138640.15"
Harmonising fat_distr (fat_distr) and Outcome (Outcome)
Harmonising fat_distr (fat_distr) and Outcome (Outcome)
[1] 413
[1] 413
  iteration traits posterior_prob regional_prob candidate_snp
1         1   None             NA        0.0066            NA
  posterior_explained_by_snp dropped_trait  lead_snp
1                         NA      iradjbmi rs9991328
[1] "LEAD INDEX"
[1] 11
[1] "SPLICING EVENT"
[1] "chr4:156763206:156767773:clu_45760_-:ENSG00000145431.11"
Harmonising fat_distr (fat_distr) and Outcome (Outcome)
Harmonising fat_distr (fat_distr) and Outcome (Outcome)
[1] 372
[1] 372
  iteration traits posterior_prob regional_prob candidate_snp
1         1   None             NA        0.0112            NA
  posterior_explained_by_snp dropped_trait  lead_snp
1                         NA      iradjbmi rs1425486
[1] "SPLICING EVENT"
[1] "chr4:156850416:156861429:clu_45763_-:ENSG00000145431.11"
Harmonising fat_distr (fat_distr) and Outcome (Outcome)
Harmonising fat_distr (fat_distr) and Outcome (Outcome)
[1] 372
[1] 372
  iteration traits posterior_prob regional_prob candidate_snp
1         1   None             NA        0.0241            NA
  posterior_explained_by_snp dropped_trait  lead_snp
1                         NA      iradjbmi rs1425486
[1] "SPLICING EVENT"
[1] "chr4:156850416:156970786:clu_45763_-:ENSG00000145431.11"
Harmonising fat_distr (fat_distr) and Outcome (Outcome)
Harmonising fat_distr (fat_distr) and Outcome (Outcome)
[1] 372
[1] 372
  iteration traits posterior_prob regional_prob candidate_snp
1         1   None             NA        0.0083            NA
  posterior_explained_by_snp dropped_trait  lead_snp
1                         NA      iradjbmi rs1425486
[1] "SPLICING EVENT"
[1] "chr4:156861489:156970786:clu_45763_-:ENSG00000145431.11"
Harmonising fat_distr (fat_distr) and Outcome (Outcome)
Harmonising fat_distr (fat_distr) and Outcome (Outcome)
[1] 372
[1] 372
  iteration traits posterior_prob regional_prob candidate_snp
1         1   None             NA        0.0069            NA
  posterior_explained_by_snp dropped_trait  lead_snp
1                         NA      iradjbmi rs1425486
[1] "CHROMOSOME"
[1] 5
[1] "LEAD INDEX"
[1] 1
[1] "LEAD INDEX"
[1] 2
[1] "LEAD INDEX"
[1] 3
[1] "SPLICING EVENT"
[1] "chr5:127941220:127956804:clu_47982_-:ENSG00000245937.9"
Harmonising fat_distr (fat_distr) and Outcome (Outcome)
Harmonising fat_distr (fat_distr) and Outcome (Outcome)
[1] 352
[1] 352
  iteration traits posterior_prob regional_prob candidate_snp
1         1   None             NA        0.0063            NA
  posterior_explained_by_snp dropped_trait   lead_snp
1                         NA      iradjbmi rs17764730
[1] "SPLICING EVENT"
[1] "chr5:127956921:127966163:clu_47982_-:ENSG00000245937.9"
Harmonising fat_distr (fat_distr) and Outcome (Outcome)
Harmonising fat_distr (fat_distr) and Outcome (Outcome)
[1] 352
[1] 352
  iteration traits posterior_prob regional_prob candidate_snp
1         1   None             NA        0.0228            NA
  posterior_explained_by_snp dropped_trait   lead_snp
1                         NA      iradjbmi rs17764730
[1] "SPLICING EVENT"
[1] "chr5:127956921:128061144:clu_47982_-:ENSG00000245937.9"
Harmonising fat_distr (fat_distr) and Outcome (Outcome)
Harmonising fat_distr (fat_distr) and Outcome (Outcome)
[1] 352
[1] 352
  iteration traits posterior_prob regional_prob candidate_snp
1         1   None             NA         4e-04            NA
  posterior_explained_by_snp
1                         NA
                                           dropped_trait   lead_snp
1 chr5:127956921:128061144:clu_47982_-:ENSG00000245937.9 rs17764730
[1] "SPLICING EVENT"
[1] "chr5:127966928:128061144:clu_47982_-:ENSG00000245937.9"
Harmonising fat_distr (fat_distr) and Outcome (Outcome)
Harmonising fat_distr (fat_distr) and Outcome (Outcome)
[1] 352
[1] 352
  iteration traits posterior_prob regional_prob candidate_snp
1         1   None             NA         4e-04            NA
  posterior_explained_by_snp
1                         NA
                                           dropped_trait   lead_snp
1 chr5:127966928:128061144:clu_47982_-:ENSG00000245937.9 rs17764730
[1] "SPLICING EVENT"
[1] "chr5:128024298:128061144:clu_47982_-:ENSG00000245937.9"
Harmonising fat_distr (fat_distr) and Outcome (Outcome)
Harmonising fat_distr (fat_distr) and Outcome (Outcome)
[1] 352
[1] 352
  iteration traits posterior_prob regional_prob candidate_snp
1         1   None             NA        0.0071            NA
  posterior_explained_by_snp dropped_trait   lead_snp
1                         NA      iradjbmi rs17764730
[1] "SPLICING EVENT"
[1] "chr5:128060644:128061144:clu_47982_-:ENSG00000245937.9"
Harmonising fat_distr (fat_distr) and Outcome (Outcome)
Harmonising fat_distr (fat_distr) and Outcome (Outcome)
[1] 352
[1] 352
  iteration traits posterior_prob regional_prob candidate_snp
1         1   None             NA        0.0131            NA
  posterior_explained_by_snp dropped_trait   lead_snp
1                         NA      iradjbmi rs17764730
[1] "SPLICING EVENT"
[1] "chr5:128061244:128062370:clu_47982_-:ENSG00000245937.9"
Harmonising fat_distr (fat_distr) and Outcome (Outcome)
Harmonising fat_distr (fat_distr) and Outcome (Outcome)
[1] 352
[1] 352
  iteration traits posterior_prob regional_prob candidate_snp
1         1   None             NA         1e-04            NA
  posterior_explained_by_snp
1                         NA
                                           dropped_trait   lead_snp
1 chr5:128061244:128062370:clu_47982_-:ENSG00000245937.9 rs17764730
[1] "SPLICING EVENT"
[1] "chr5:128061244:128076947:clu_47982_-:ENSG00000245937.9"
Harmonising fat_distr (fat_distr) and Outcome (Outcome)
Harmonising fat_distr (fat_distr) and Outcome (Outcome)
[1] 352
[1] 352
  iteration traits posterior_prob regional_prob candidate_snp
1         1   None             NA         0.006            NA
  posterior_explained_by_snp dropped_trait   lead_snp
1                         NA      iradjbmi rs17764730
[1] "SPLICING EVENT"
[1] "chr5:128061244:128081973:clu_47982_-:ENSG00000245937.9"
Harmonising fat_distr (fat_distr) and Outcome (Outcome)
Harmonising fat_distr (fat_distr) and Outcome (Outcome)
[1] 352
[1] 352
  iteration traits posterior_prob regional_prob candidate_snp
1         1   None             NA        0.1275            NA
  posterior_explained_by_snp dropped_trait   lead_snp
1                         NA      iradjbmi rs17764730
[1] "SPLICING EVENT"
[1] "chr5:128061244:128082735:clu_47982_-:ENSG00000245937.9"
Harmonising fat_distr (fat_distr) and Outcome (Outcome)
Harmonising fat_distr (fat_distr) and Outcome (Outcome)
[1] 352
[1] 352
  iteration traits posterior_prob regional_prob candidate_snp
1         1   None             NA        0.0094            NA
  posterior_explained_by_snp dropped_trait   lead_snp
1                         NA      iradjbmi rs17764730
[1] "SPLICING EVENT"
[1] "chr5:128061244:128082970:clu_47982_-:ENSG00000245937.9"
Harmonising fat_distr (fat_distr) and Outcome (Outcome)
Harmonising fat_distr (fat_distr) and Outcome (Outcome)
[1] 352
[1] 352
  iteration traits posterior_prob regional_prob candidate_snp
1         1   None             NA        0.0133            NA
  posterior_explained_by_snp dropped_trait   lead_snp
1                         NA      iradjbmi rs17764730
[1] "SPLICING EVENT"
[1] "chr5:128062500:128076947:clu_47982_-:ENSG00000245937.9"
Harmonising fat_distr (fat_distr) and Outcome (Outcome)
Harmonising fat_distr (fat_distr) and Outcome (Outcome)
[1] 352
[1] 352
  iteration traits posterior_prob regional_prob candidate_snp
1         1   None             NA         1e-04            NA
  posterior_explained_by_snp
1                         NA
                                           dropped_trait   lead_snp
1 chr5:128062500:128076947:clu_47982_-:ENSG00000245937.9 rs17764730
[1] "SPLICING EVENT"
[1] "chr5:128077093:128081973:clu_47982_-:ENSG00000245937.9"
Harmonising fat_distr (fat_distr) and Outcome (Outcome)
Harmonising fat_distr (fat_distr) and Outcome (Outcome)
[1] 352
[1] 352
  iteration traits posterior_prob regional_prob candidate_snp
1         1   None             NA        0.0118            NA
  posterior_explained_by_snp dropped_trait   lead_snp
1                         NA      iradjbmi rs17764730
[1] "SPLICING EVENT"
[1] "chr5:128077093:128082735:clu_47982_-:ENSG00000245937.9"
Harmonising fat_distr (fat_distr) and Outcome (Outcome)
Harmonising fat_distr (fat_distr) and Outcome (Outcome)
[1] 352
[1] 352
  iteration traits posterior_prob regional_prob candidate_snp
1         1   None             NA        0.0065            NA
  posterior_explained_by_snp dropped_trait   lead_snp
1                         NA      iradjbmi rs17764730
[1] "SPLICING EVENT"
[1] "chr5:128082194:128082735:clu_47982_-:ENSG00000245937.9"
Harmonising fat_distr (fat_distr) and Outcome (Outcome)
Harmonising fat_distr (fat_distr) and Outcome (Outcome)
[1] 352
[1] 352
  iteration traits posterior_prob regional_prob candidate_snp
1         1   None             NA        0.0474            NA
  posterior_explained_by_snp dropped_trait   lead_snp
1                         NA      iradjbmi rs17764730
[1] "SPLICING EVENT"
[1] "chr5:128112933:128114212:clu_46718_+:ENSG00000064651.14"
Harmonising fat_distr (fat_distr) and Outcome (Outcome)
Harmonising fat_distr (fat_distr) and Outcome (Outcome)
[1] 352
[1] 352
  iteration traits posterior_prob regional_prob candidate_snp
1         1   None             NA        0.0566            NA
  posterior_explained_by_snp dropped_trait   lead_snp
1                         NA      iradjbmi rs17764730
[1] "SPLICING EVENT"
[1] "chr5:128138724:128138824:clu_46720_+:ENSG00000064651.14"
Harmonising fat_distr (fat_distr) and Outcome (Outcome)
Harmonising fat_distr (fat_distr) and Outcome (Outcome)
[1] 352
[1] 352
  iteration traits posterior_prob regional_prob candidate_snp
1         1   None             NA        0.0114            NA
  posterior_explained_by_snp dropped_trait   lead_snp
1                         NA      iradjbmi rs17764730
[1] "SPLICING EVENT"
[1] "chr5:128138724:128141830:clu_46720_+:ENSG00000064651.14"
Harmonising fat_distr (fat_distr) and Outcome (Outcome)
Harmonising fat_distr (fat_distr) and Outcome (Outcome)
[1] 352
[1] 352
  iteration traits posterior_prob regional_prob candidate_snp
1         1   None             NA        0.0068            NA
  posterior_explained_by_snp dropped_trait   lead_snp
1                         NA      iradjbmi rs17764730
[1] "SPLICING EVENT"
[1] "chr5:128138908:128141830:clu_46720_+:ENSG00000064651.14"
Harmonising fat_distr (fat_distr) and Outcome (Outcome)
Harmonising fat_distr (fat_distr) and Outcome (Outcome)
[1] 352
[1] 352
  iteration traits posterior_prob regional_prob candidate_snp
1         1   None             NA        0.0243            NA
  posterior_explained_by_snp dropped_trait   lead_snp
1                         NA      iradjbmi rs17764730
[1] "SPLICING EVENT"
[1] "chr5:128141981:128147622:clu_46721_+:ENSG00000064651.14"
Harmonising fat_distr (fat_distr) and Outcome (Outcome)
Harmonising fat_distr (fat_distr) and Outcome (Outcome)
[1] 352
[1] 352
  iteration traits posterior_prob regional_prob candidate_snp
1         1   None             NA        0.0324            NA
  posterior_explained_by_snp dropped_trait   lead_snp
1                         NA      iradjbmi rs17764730
[1] "SPLICING EVENT"
[1] "chr5:128147729:128148754:clu_46721_+:ENSG00000064651.14"
Harmonising fat_distr (fat_distr) and Outcome (Outcome)
Harmonising fat_distr (fat_distr) and Outcome (Outcome)
[1] 352
[1] 352
  iteration traits posterior_prob regional_prob candidate_snp
1         1   None             NA        0.0185            NA
  posterior_explained_by_snp dropped_trait   lead_snp
1                         NA      iradjbmi rs17764730
[1] "SPLICING EVENT"
[1] "chr5:128161800:128167761:clu_46723_+:ENSG00000064651.14"
Harmonising fat_distr (fat_distr) and Outcome (Outcome)
Harmonising fat_distr (fat_distr) and Outcome (Outcome)
[1] 352
[1] 352
  iteration traits posterior_prob regional_prob candidate_snp
1         1   None             NA        0.0112            NA
  posterior_explained_by_snp dropped_trait   lead_snp
1                         NA      iradjbmi rs17764730
[1] "SPLICING EVENT"
[1] "chr5:128167867:128171667:clu_46723_+:ENSG00000064651.14"
Harmonising fat_distr (fat_distr) and Outcome (Outcome)
Harmonising fat_distr (fat_distr) and Outcome (Outcome)
[1] 352
[1] 352
  iteration traits posterior_prob regional_prob candidate_snp
1         1   None             NA        0.0109            NA
  posterior_explained_by_snp dropped_trait   lead_snp
1                         NA      iradjbmi rs17764730
[1] "SPLICING EVENT"
[1] "chr5:128171746:128174541:clu_46724_+:ENSG00000064651.14"
Harmonising fat_distr (fat_distr) and Outcome (Outcome)
Harmonising fat_distr (fat_distr) and Outcome (Outcome)
[1] 352
[1] 352
  iteration traits posterior_prob regional_prob candidate_snp
1         1   None             NA        0.0109            NA
  posterior_explained_by_snp dropped_trait   lead_snp
1                         NA      iradjbmi rs17764730
[1] "SPLICING EVENT"
[1] "chr5:128174666:128177105:clu_46724_+:ENSG00000064651.14"
Harmonising fat_distr (fat_distr) and Outcome (Outcome)
Harmonising fat_distr (fat_distr) and Outcome (Outcome)
[1] 352
[1] 352
  iteration traits posterior_prob regional_prob candidate_snp
1         1   None             NA        0.0187            NA
  posterior_explained_by_snp dropped_trait   lead_snp
1                         NA      iradjbmi rs17764730
[1] "SPLICING EVENT"
[1] "chr5:128174666:128178567:clu_46724_+:ENSG00000064651.14"
Harmonising fat_distr (fat_distr) and Outcome (Outcome)
Harmonising fat_distr (fat_distr) and Outcome (Outcome)
[1] 352
[1] 352
  iteration traits posterior_prob regional_prob candidate_snp
1         1   None             NA        0.0076            NA
  posterior_explained_by_snp dropped_trait   lead_snp
1                         NA      iradjbmi rs17764730
[1] "SPLICING EVENT"
[1] "chr5:128177152:128178567:clu_46724_+:ENSG00000064651.14"
Harmonising fat_distr (fat_distr) and Outcome (Outcome)
Harmonising fat_distr (fat_distr) and Outcome (Outcome)
[1] 352
[1] 352
  iteration traits posterior_prob regional_prob candidate_snp
1         1   None             NA        0.0064            NA
  posterior_explained_by_snp dropped_trait   lead_snp
1                         NA      iradjbmi rs17764730
[1] "SPLICING EVENT"
[1] "chr5:128184501:128184789:clu_46725_+:ENSG00000064651.14"
Harmonising fat_distr (fat_distr) and Outcome (Outcome)
Harmonising fat_distr (fat_distr) and Outcome (Outcome)
[1] 352
[1] 352
  iteration traits posterior_prob regional_prob candidate_snp
1         1   None             NA        0.0053            NA
  posterior_explained_by_snp dropped_trait   lead_snp
1                         NA      iradjbmi rs17764730
[1] "LEAD INDEX"
[1] 4
[1] "SPLICING EVENT"
[1] "chr5:132257827:132262609:clu_46745_+:ENSG00000131435.13"
Harmonising fat_distr (fat_distr) and Outcome (Outcome)
Harmonising fat_distr (fat_distr) and Outcome (Outcome)
[1] 395
[1] 395
  iteration traits posterior_prob regional_prob candidate_snp
1         1   None             NA        0.0115            NA
  posterior_explained_by_snp dropped_trait   lead_snp
1                         NA      iradjbmi rs10479001
[1] "SPLICING EVENT"
[1] "chr5:132262760:132266464:clu_46745_+:ENSG00000131435.13"
Harmonising fat_distr (fat_distr) and Outcome (Outcome)
Harmonising fat_distr (fat_distr) and Outcome (Outcome)
[1] 395
[1] 395
  iteration traits posterior_prob regional_prob candidate_snp
1         1   None             NA        0.0091            NA
  posterior_explained_by_snp dropped_trait   lead_snp
1                         NA      iradjbmi rs10479001
[1] "SPLICING EVENT"
[1] "chr5:132266545:132270915:clu_46745_+:ENSG00000131435.13"
Harmonising fat_distr (fat_distr) and Outcome (Outcome)
Harmonising fat_distr (fat_distr) and Outcome (Outcome)
[1] 395
[1] 395
  iteration traits posterior_prob regional_prob candidate_snp
1         1   None             NA        0.0057            NA
  posterior_explained_by_snp dropped_trait   lead_snp
1                         NA      iradjbmi rs10479001
[1] "SPLICING EVENT"
[1] "chr5:132271466:132271791:clu_46746_+:ENSG00000131435.13"
Harmonising fat_distr (fat_distr) and Outcome (Outcome)
Harmonising fat_distr (fat_distr) and Outcome (Outcome)
[1] 395
[1] 395
  iteration traits posterior_prob regional_prob candidate_snp
1         1   None             NA        0.1507            NA
  posterior_explained_by_snp dropped_trait   lead_snp
1                         NA      iradjbmi rs10479001
[1] "SPLICING EVENT"
[1] "chr5:132271908:132272025:clu_46746_+:ENSG00000131435.13"
Harmonising fat_distr (fat_distr) and Outcome (Outcome)
Harmonising fat_distr (fat_distr) and Outcome (Outcome)
[1] 395
[1] 395
  iteration traits posterior_prob regional_prob candidate_snp
1         1   None             NA        0.1199            NA
  posterior_explained_by_snp dropped_trait   lead_snp
1                         NA      iradjbmi rs10479001
[1] "LEAD INDEX"
[1] 5
[1] "LEAD INDEX"
[1] 6
[1] "LEAD INDEX"
[1] 7
[1] "LEAD INDEX"
[1] 8
[1] "LEAD INDEX"
[1] 9
[1] "SPLICING EVENT"
[1] "chr5:56909743:56911169:clu_46195_+:ENSG00000155542.12"
Harmonising fat_distr (fat_distr) and Outcome (Outcome)
Harmonising fat_distr (fat_distr) and Outcome (Outcome)
[1] 494
[1] 494
  iteration traits posterior_prob regional_prob candidate_snp
1         1   None             NA        0.0083            NA
  posterior_explained_by_snp dropped_trait lead_snp
1                         NA      iradjbmi rs702691
[1] "SPLICING EVENT"
[1] "chr5:56909743:56913011:clu_46195_+:ENSG00000155542.12"
Harmonising fat_distr (fat_distr) and Outcome (Outcome)
Harmonising fat_distr (fat_distr) and Outcome (Outcome)
[1] 494
[1] 494
  iteration traits posterior_prob regional_prob candidate_snp
1         1   None             NA        0.0073            NA
  posterior_explained_by_snp dropped_trait lead_snp
1                         NA      iradjbmi rs702691
[1] "SPLICING EVENT"
[1] "chr5:56911536:56913011:clu_46195_+:ENSG00000155542.12"
Harmonising fat_distr (fat_distr) and Outcome (Outcome)
Harmonising fat_distr (fat_distr) and Outcome (Outcome)
[1] 494
[1] 494
  iteration traits posterior_prob regional_prob candidate_snp
1         1   None             NA         0.009            NA
  posterior_explained_by_snp dropped_trait lead_snp
1                         NA      iradjbmi rs702691
[1] "SPLICING EVENT"
[1] "chr5:56912258:56913011:clu_46195_+:ENSG00000155542.12"
Harmonising fat_distr (fat_distr) and Outcome (Outcome)
Harmonising fat_distr (fat_distr) and Outcome (Outcome)
[1] 494
[1] 494
  iteration traits posterior_prob regional_prob candidate_snp
1         1   None             NA        0.0109            NA
  posterior_explained_by_snp dropped_trait lead_snp
1                         NA      iradjbmi rs702691
[1] "SPLICING EVENT"
[1] "chr5:56914966:56916815:clu_46197_+:ENSG00000155542.12"
Harmonising fat_distr (fat_distr) and Outcome (Outcome)
Harmonising fat_distr (fat_distr) and Outcome (Outcome)
[1] 494
[1] 494
  iteration traits posterior_prob regional_prob candidate_snp
1         1   None             NA        0.0072            NA
  posterior_explained_by_snp dropped_trait lead_snp
1                         NA      iradjbmi rs702691
[1] "SPLICING EVENT"
[1] "chr5:56914966:56925333:clu_46197_+:ENSG00000155542.12"
Harmonising fat_distr (fat_distr) and Outcome (Outcome)
Harmonising fat_distr (fat_distr) and Outcome (Outcome)
[1] 494
[1] 494
  iteration traits posterior_prob regional_prob candidate_snp
1         1   None             NA        0.9976            NA
  posterior_explained_by_snp dropped_trait lead_snp
1                         NA      iradjbmi rs702691
[1] "LEAD INDEX"
[1] 10
[1] "LEAD INDEX"
[1] 11
[1] "LEAD INDEX"
[1] 12
[1] "LEAD INDEX"
[1] 13
[1] "SPLICING EVENT"
[1] "chr5:113043630:113049093:clu_47920_-:ENSG00000171444.18"
Harmonising fat_distr (fat_distr) and Outcome (Outcome)
Harmonising fat_distr (fat_distr) and Outcome (Outcome)
[1] 464
[1] 464
  iteration                                                            traits
1         1 iradjbmi, chr5:113043630:113049093:clu_47920_-:ENSG00000171444.18
  posterior_prob regional_prob candidate_snp posterior_explained_by_snp
1         0.8539        0.8994     rs6877769                      0.363
  dropped_trait  lead_snp
1            NA rs7732198
[1] "LEAD INDEX"
[1] 14
[1] "LEAD INDEX"
[1] 15
[1] "LEAD INDEX"
[1] 16
[1] "SPLICING EVENT"
[1] "chr5:133089695:133091193:clu_46767_+:ENSG00000170606.16"
Harmonising fat_distr (fat_distr) and Outcome (Outcome)
Harmonising fat_distr (fat_distr) and Outcome (Outcome)
[1] 421
[1] 421
  iteration traits posterior_prob regional_prob candidate_snp
1         1   None             NA        0.0181            NA
  posterior_explained_by_snp dropped_trait lead_snp
1                         NA      iradjbmi  rs13718
[1] "SPLICING EVENT"
[1] "chr5:133091374:133092700:clu_46767_+:ENSG00000170606.16"
Harmonising fat_distr (fat_distr) and Outcome (Outcome)
Harmonising fat_distr (fat_distr) and Outcome (Outcome)
[1] 421
[1] 421
  iteration traits posterior_prob regional_prob candidate_snp
1         1   None             NA        0.0911            NA
  posterior_explained_by_snp dropped_trait lead_snp
1                         NA      iradjbmi  rs13718
[1] "SPLICING EVENT"
[1] "chr5:133091374:133092703:clu_46767_+:ENSG00000170606.16"
Harmonising fat_distr (fat_distr) and Outcome (Outcome)
Harmonising fat_distr (fat_distr) and Outcome (Outcome)
[1] 421
[1] 421
  iteration traits posterior_prob regional_prob candidate_snp
1         1   None             NA        0.0078            NA
  posterior_explained_by_snp dropped_trait lead_snp
1                         NA      iradjbmi  rs13718
[1] "LEAD INDEX"
[1] 17
[1] "LEAD INDEX"
[1] 18
[1] "SPLICING EVENT"
[1] "chr5:173910604:173932450:clu_47145_+:ENSG00000113742.14"
Harmonising fat_distr (fat_distr) and Outcome (Outcome)
Harmonising fat_distr (fat_distr) and Outcome (Outcome)
[1] 610
[1] 610
  iteration traits posterior_prob regional_prob candidate_snp
1         1   None             NA        0.0101            NA
  posterior_explained_by_snp dropped_trait lead_snp
1                         NA      iradjbmi rs747472
[1] "SPLICING EVENT"
[1] "chr5:173910604:173944967:clu_47145_+:ENSG00000113742.14"
Harmonising fat_distr (fat_distr) and Outcome (Outcome)
Harmonising fat_distr (fat_distr) and Outcome (Outcome)
[1] 610
[1] 610
  iteration traits posterior_prob regional_prob candidate_snp
1         1   None             NA        0.0059            NA
  posterior_explained_by_snp dropped_trait lead_snp
1                         NA      iradjbmi rs747472
[1] "SPLICING EVENT"
[1] "chr5:173932500:173944967:clu_47145_+:ENSG00000113742.14"
Harmonising fat_distr (fat_distr) and Outcome (Outcome)
Harmonising fat_distr (fat_distr) and Outcome (Outcome)
[1] 610
[1] 610
  iteration traits posterior_prob regional_prob candidate_snp
1         1   None             NA        0.0089            NA
  posterior_explained_by_snp dropped_trait lead_snp
1                         NA      iradjbmi rs747472
[1] "SPLICING EVENT"
[1] "chr5:173949597:173949880:clu_47146_+:ENSG00000113742.14"
Harmonising fat_distr (fat_distr) and Outcome (Outcome)
Harmonising fat_distr (fat_distr) and Outcome (Outcome)
[1] 610
[1] 610
  iteration traits posterior_prob regional_prob candidate_snp
1         1   None             NA        0.0056            NA
  posterior_explained_by_snp dropped_trait lead_snp
1                         NA      iradjbmi rs747472
[1] "SPLICING EVENT"
[1] "chr5:173949597:173949960:clu_47146_+:ENSG00000113742.14"
Harmonising fat_distr (fat_distr) and Outcome (Outcome)
Harmonising fat_distr (fat_distr) and Outcome (Outcome)
[1] 610
[1] 610
  iteration traits posterior_prob regional_prob candidate_snp
1         1   None             NA         0.006            NA
  posterior_explained_by_snp dropped_trait lead_snp
1                         NA      iradjbmi rs747472
[1] "CHROMOSOME"
[1] 6
[1] "LEAD INDEX"
[1] 1
[1] "LEAD INDEX"
[1] 2
[1] "SPLICING EVENT"
[1] "chr6:85677492:85677795:clu_49496_-:ENSG00000203875.13"
Harmonising fat_distr (fat_distr) and Outcome (Outcome)
Harmonising fat_distr (fat_distr) and Outcome (Outcome)
[1] 314
[1] 314
  iteration                                                          traits
1         1 iradjbmi, chr6:85677492:85677795:clu_49496_-:ENSG00000203875.13
  posterior_prob regional_prob candidate_snp posterior_explained_by_snp
1         0.7381        0.9717     rs1059307                          1
  dropped_trait  lead_snp
1            NA rs6454486
[1] "SPLICING EVENT"
[1] "chr6:85677492:85677954:clu_49496_-:ENSG00000203875.13"
Harmonising fat_distr (fat_distr) and Outcome (Outcome)
Harmonising fat_distr (fat_distr) and Outcome (Outcome)
[1] 314
[1] 314
  iteration                                                          traits
1         1 iradjbmi, chr6:85677492:85677954:clu_49496_-:ENSG00000203875.13
  posterior_prob regional_prob candidate_snp posterior_explained_by_snp
1         0.7381        0.9717     rs1059307                          1
  dropped_trait  lead_snp
1            NA rs6454486
[1] "SPLICING EVENT"
[1] "chr6:85677492:85678136:clu_49496_-:ENSG00000203875.13"
Harmonising fat_distr (fat_distr) and Outcome (Outcome)
Harmonising fat_distr (fat_distr) and Outcome (Outcome)
[1] 314
[1] 314
  iteration                                                          traits
1         1 iradjbmi, chr6:85677492:85678136:clu_49496_-:ENSG00000203875.13
  posterior_prob regional_prob candidate_snp posterior_explained_by_snp
1         0.7381        0.9717     rs1059307                          1
  dropped_trait  lead_snp
1            NA rs6454486
[1] "SPLICING EVENT"
[1] "chr6:85677875:85677954:clu_49496_-:ENSG00000203875.13"
Harmonising fat_distr (fat_distr) and Outcome (Outcome)
Harmonising fat_distr (fat_distr) and Outcome (Outcome)
[1] 314
[1] 314
  iteration                                                          traits
1         1 iradjbmi, chr6:85677875:85677954:clu_49496_-:ENSG00000203875.13
  posterior_prob regional_prob candidate_snp posterior_explained_by_snp
1         0.7381        0.9717     rs1059307                          1
  dropped_trait  lead_snp
1            NA rs6454486
[1] "SPLICING EVENT"
[1] "chr6:85678032:85678136:clu_49496_-:ENSG00000203875.13"
Harmonising fat_distr (fat_distr) and Outcome (Outcome)
Harmonising fat_distr (fat_distr) and Outcome (Outcome)
[1] 314
[1] 314
  iteration                                                          traits
1         1 iradjbmi, chr6:85678032:85678136:clu_49496_-:ENSG00000203875.13
  posterior_prob regional_prob candidate_snp posterior_explained_by_snp
1         0.7622        0.9749     rs1059307                     0.8089
  dropped_trait  lead_snp
1            NA rs6454486
[1] "SPLICING EVENT"
[1] "chr6:85678188:85678694:clu_49497_-:ENSG00000203875.13"
Harmonising fat_distr (fat_distr) and Outcome (Outcome)
Harmonising fat_distr (fat_distr) and Outcome (Outcome)
[1] 314
[1] 314
  iteration traits posterior_prob regional_prob candidate_snp
1         1   None             NA        0.2309            NA
  posterior_explained_by_snp dropped_trait  lead_snp
1                         NA      iradjbmi rs6454486
[1] "SPLICING EVENT"
[1] "chr6:85678188:85678698:clu_49497_-:ENSG00000203875.13"
Harmonising fat_distr (fat_distr) and Outcome (Outcome)
Harmonising fat_distr (fat_distr) and Outcome (Outcome)
[1] 314
[1] 314
  iteration traits posterior_prob regional_prob candidate_snp
1         1   None             NA        0.0312            NA
  posterior_explained_by_snp dropped_trait  lead_snp
1                         NA      iradjbmi rs6454486
[1] "LEAD INDEX"
[1] 3
[1] "SPLICING EVENT"
[1] "chr6:163415335:163455279:clu_51752_+:ENSG00000112531.17"
Harmonising fat_distr (fat_distr) and Outcome (Outcome)
Removing the following SNPs for incompatible alleles:
chr6:163294050
Harmonising fat_distr (fat_distr) and Outcome (Outcome)
[1] 532
[1] 532
  iteration traits posterior_prob regional_prob candidate_snp
1         1   None             NA        0.0272            NA
  posterior_explained_by_snp dropped_trait lead_snp
1                         NA      iradjbmi   rs9306
[1] "SPLICING EVENT"
[1] "chr6:163415335:163478780:clu_51752_+:ENSG00000112531.17"
Harmonising fat_distr (fat_distr) and Outcome (Outcome)
Removing the following SNPs for incompatible alleles:
chr6:163294050
Harmonising fat_distr (fat_distr) and Outcome (Outcome)
[1] 532
[1] 532
  iteration traits posterior_prob regional_prob candidate_snp
1         1   None             NA        0.0083            NA
  posterior_explained_by_snp dropped_trait lead_snp
1                         NA      iradjbmi   rs9306
[1] "SPLICING EVENT"
[1] "chr6:163455421:163457381:clu_51752_+:ENSG00000112531.17"
Harmonising fat_distr (fat_distr) and Outcome (Outcome)
Removing the following SNPs for incompatible alleles:
chr6:163294050
Harmonising fat_distr (fat_distr) and Outcome (Outcome)
[1] 532
[1] 532
  iteration traits posterior_prob regional_prob candidate_snp
1         1   None             NA        0.0077            NA
  posterior_explained_by_snp dropped_trait lead_snp
1                         NA      iradjbmi   rs9306
[1] "SPLICING EVENT"
[1] "chr6:163455421:163478780:clu_51752_+:ENSG00000112531.17"
Harmonising fat_distr (fat_distr) and Outcome (Outcome)
Removing the following SNPs for incompatible alleles:
chr6:163294050
Harmonising fat_distr (fat_distr) and Outcome (Outcome)
[1] 532
[1] 532
  iteration traits posterior_prob regional_prob candidate_snp
1         1   None             NA        0.0235            NA
  posterior_explained_by_snp dropped_trait lead_snp
1                         NA      iradjbmi   rs9306
[1] "SPLICING EVENT"
[1] "chr6:163457551:163478780:clu_51752_+:ENSG00000112531.17"
Harmonising fat_distr (fat_distr) and Outcome (Outcome)
Removing the following SNPs for incompatible alleles:
chr6:163294050
Harmonising fat_distr (fat_distr) and Outcome (Outcome)
[1] 532
[1] 532
  iteration traits posterior_prob regional_prob candidate_snp
1         1   None             NA        0.0083            NA
  posterior_explained_by_snp dropped_trait lead_snp
1                         NA      iradjbmi   rs9306
[1] "SPLICING EVENT"
[1] "chr6:163562069:163563420:clu_51753_+:ENSG00000112531.17"
Harmonising fat_distr (fat_distr) and Outcome (Outcome)
Removing the following SNPs for incompatible alleles:
chr6:163294050
Harmonising fat_distr (fat_distr) and Outcome (Outcome)
[1] 532
[1] 532
  iteration traits posterior_prob regional_prob candidate_snp
1         1   None             NA        0.0068            NA
  posterior_explained_by_snp dropped_trait lead_snp
1                         NA      iradjbmi   rs9306
[1] "SPLICING EVENT"
[1] "chr6:163562069:163563423:clu_51753_+:ENSG00000112531.17"
Harmonising fat_distr (fat_distr) and Outcome (Outcome)
Removing the following SNPs for incompatible alleles:
chr6:163294050
Harmonising fat_distr (fat_distr) and Outcome (Outcome)
[1] 532
[1] 532
  iteration traits posterior_prob regional_prob candidate_snp
1         1   None             NA        0.0075            NA
  posterior_explained_by_snp dropped_trait lead_snp
1                         NA      iradjbmi   rs9306
[1] "SPLICING EVENT"
[1] "chr6:163562069:163563444:clu_51753_+:ENSG00000112531.17"
Harmonising fat_distr (fat_distr) and Outcome (Outcome)
Removing the following SNPs for incompatible alleles:
chr6:163294050
Harmonising fat_distr (fat_distr) and Outcome (Outcome)
[1] 532
[1] 532
  iteration traits posterior_prob regional_prob candidate_snp
1         1   None             NA        0.0063            NA
  posterior_explained_by_snp dropped_trait lead_snp
1                         NA      iradjbmi   rs9306
[1] "SPLICING EVENT"
[1] "chr6:163563719:163564667:clu_51754_+:ENSG00000112531.17"
Harmonising fat_distr (fat_distr) and Outcome (Outcome)
Removing the following SNPs for incompatible alleles:
chr6:163294050
Harmonising fat_distr (fat_distr) and Outcome (Outcome)
[1] 532
[1] 532
  iteration traits posterior_prob regional_prob candidate_snp
1         1   None             NA        0.0061            NA
  posterior_explained_by_snp dropped_trait lead_snp
1                         NA      iradjbmi   rs9306
[1] "SPLICING EVENT"
[1] "chr6:163563719:163565946:clu_51754_+:ENSG00000112531.17"
Harmonising fat_distr (fat_distr) and Outcome (Outcome)
Removing the following SNPs for incompatible alleles:
chr6:163294050
Harmonising fat_distr (fat_distr) and Outcome (Outcome)
[1] 532
[1] 532
  iteration traits posterior_prob regional_prob candidate_snp
1         1   None             NA        0.0163            NA
  posterior_explained_by_snp dropped_trait lead_snp
1                         NA      iradjbmi   rs9306
[1] "SPLICING EVENT"
[1] "chr6:163563719:163566721:clu_51754_+:ENSG00000112531.17"
Harmonising fat_distr (fat_distr) and Outcome (Outcome)
Removing the following SNPs for incompatible alleles:
chr6:163294050
Harmonising fat_distr (fat_distr) and Outcome (Outcome)
[1] 532
[1] 532
  iteration traits posterior_prob regional_prob candidate_snp
1         1   None             NA        0.0245            NA
  posterior_explained_by_snp dropped_trait lead_snp
1                         NA      iradjbmi   rs9306
[1] "LEAD INDEX"
[1] 4
[1] "LEAD INDEX"
[1] 5
[1] "LEAD INDEX"
[1] 6
[1] "SPLICING EVENT"
[1] "chr6:43771312:43774341:clu_50913_+:ENSG00000112715.26"
Harmonising fat_distr (fat_distr) and Outcome (Outcome)
Harmonising fat_distr (fat_distr) and Outcome (Outcome)
[1] 447
[1] 447
  iteration traits posterior_prob regional_prob candidate_snp
1         1   None             NA        0.0062            NA
  posterior_explained_by_snp dropped_trait lead_snp
1                         NA      iradjbmi rs998584
[1] "SPLICING EVENT"
[1] "chr6:43772958:43774341:clu_50913_+:ENSG00000112715.26"
Harmonising fat_distr (fat_distr) and Outcome (Outcome)
Harmonising fat_distr (fat_distr) and Outcome (Outcome)
[1] 447
[1] 447
  iteration traits posterior_prob regional_prob candidate_snp
1         1   None             NA        0.0059            NA
  posterior_explained_by_snp dropped_trait lead_snp
1                         NA      iradjbmi rs998584
[1] "SPLICING EVENT"
[1] "chr6:43778918:43780732:clu_50914_+:ENSG00000112715.26"
Harmonising fat_distr (fat_distr) and Outcome (Outcome)
Harmonising fat_distr (fat_distr) and Outcome (Outcome)
[1] 447
[1] 447
  iteration traits posterior_prob regional_prob candidate_snp
1         1   None             NA        0.0049            NA
  posterior_explained_by_snp dropped_trait lead_snp
1                         NA      iradjbmi rs998584
[1] "SPLICING EVENT"
[1] "chr6:43778918:43781956:clu_50914_+:ENSG00000112715.26"
Harmonising fat_distr (fat_distr) and Outcome (Outcome)
Harmonising fat_distr (fat_distr) and Outcome (Outcome)
[1] 447
[1] 447
  iteration traits posterior_prob regional_prob candidate_snp
1         1   None             NA        0.0067            NA
  posterior_explained_by_snp dropped_trait lead_snp
1                         NA      iradjbmi rs998584
[1] "SPLICING EVENT"
[1] "chr6:43778918:43784541:clu_50914_+:ENSG00000112715.26"
Harmonising fat_distr (fat_distr) and Outcome (Outcome)
Harmonising fat_distr (fat_distr) and Outcome (Outcome)
[1] 447
[1] 447
  iteration traits posterior_prob regional_prob candidate_snp
1         1   None             NA        0.0042            NA
  posterior_explained_by_snp dropped_trait lead_snp
1                         NA      iradjbmi rs998584
[1] "SPLICING EVENT"
[1] "chr6:43780785:43781956:clu_50914_+:ENSG00000112715.26"
Harmonising fat_distr (fat_distr) and Outcome (Outcome)
Harmonising fat_distr (fat_distr) and Outcome (Outcome)
[1] 447
[1] 447
  iteration traits posterior_prob regional_prob candidate_snp
1         1   None             NA        0.0156            NA
  posterior_explained_by_snp dropped_trait lead_snp
1                         NA      iradjbmi rs998584
[1] "SPLICING EVENT"
[1] "chr6:43780803:43781956:clu_50914_+:ENSG00000112715.26"
Harmonising fat_distr (fat_distr) and Outcome (Outcome)
Harmonising fat_distr (fat_distr) and Outcome (Outcome)
[1] 447
[1] 447
  iteration traits posterior_prob regional_prob candidate_snp
1         1   None             NA        0.0065            NA
  posterior_explained_by_snp dropped_trait lead_snp
1                         NA      iradjbmi rs998584
[1] "SPLICING EVENT"
[1] "chr6:43782087:43784541:clu_50914_+:ENSG00000112715.26"
Harmonising fat_distr (fat_distr) and Outcome (Outcome)
Harmonising fat_distr (fat_distr) and Outcome (Outcome)
[1] 447
[1] 447
  iteration traits posterior_prob regional_prob candidate_snp
1         1   None             NA        0.0055            NA
  posterior_explained_by_snp dropped_trait lead_snp
1                         NA      iradjbmi rs998584
[1] "LEAD INDEX"
[1] 7
[1] "LEAD INDEX"
[1] 8
[1] "LEAD INDEX"
[1] 9
[1] "SPLICING EVENT"
[1] "chr6:108854485:108858199:clu_51250_+:ENSG00000118690.13"
Harmonising fat_distr (fat_distr) and Outcome (Outcome)
Harmonising fat_distr (fat_distr) and Outcome (Outcome)
[1] 359
[1] 359
  iteration traits posterior_prob regional_prob candidate_snp
1         1   None             NA        0.0294            NA
  posterior_explained_by_snp dropped_trait  lead_snp
1                         NA      iradjbmi rs2806360
[1] "SPLICING EVENT"
[1] "chr6:108858271:108868824:clu_51250_+:ENSG00000118690.13"
Harmonising fat_distr (fat_distr) and Outcome (Outcome)
Harmonising fat_distr (fat_distr) and Outcome (Outcome)
[1] 359
[1] 359
  iteration traits posterior_prob regional_prob candidate_snp
1         1   None             NA        0.0108            NA
  posterior_explained_by_snp dropped_trait  lead_snp
1                         NA      iradjbmi rs2806360
[1] "SPLICING EVENT"
[1] "chr6:108868995:108876143:clu_51250_+:ENSG00000118690.13"
Harmonising fat_distr (fat_distr) and Outcome (Outcome)
Harmonising fat_distr (fat_distr) and Outcome (Outcome)
[1] 359
[1] 359
  iteration traits posterior_prob regional_prob candidate_snp
1         1   None             NA        0.0539            NA
  posterior_explained_by_snp dropped_trait  lead_snp
1                         NA      iradjbmi rs2806360
[1] "SPLICING EVENT"
[1] "chr6:108964312:108964980:clu_51254_+:ENSG00000118690.13"
Harmonising fat_distr (fat_distr) and Outcome (Outcome)
Harmonising fat_distr (fat_distr) and Outcome (Outcome)
[1] 359
[1] 359
  iteration traits posterior_prob regional_prob candidate_snp
1         1   None             NA        0.0178            NA
  posterior_explained_by_snp dropped_trait  lead_snp
1                         NA      iradjbmi rs2806360
[1] "LEAD INDEX"
[1] 10
[1] "LEAD INDEX"
[1] 11
[1] "LEAD INDEX"
[1] 12
[1] "LEAD INDEX"
[1] 13
[1] "LEAD INDEX"
[1] 14
[1] "SPLICING EVENT"
[1] "chr6:160034522:160040560:clu_51718_+:ENSG00000197081.16"
Harmonising fat_distr (fat_distr) and Outcome (Outcome)
Harmonising fat_distr (fat_distr) and Outcome (Outcome)
[1] 554
[1] 554
  iteration traits posterior_prob regional_prob candidate_snp
1         1   None             NA        0.0071            NA
  posterior_explained_by_snp dropped_trait   lead_snp
1                         NA      iradjbmi rs12202350
[1] "SPLICING EVENT"
[1] "chr6:160040724:160043148:clu_51719_+:ENSG00000197081.16"
Harmonising fat_distr (fat_distr) and Outcome (Outcome)
Harmonising fat_distr (fat_distr) and Outcome (Outcome)
[1] 554
[1] 554
  iteration traits posterior_prob regional_prob candidate_snp
1         1   None             NA        0.0107            NA
  posterior_explained_by_snp dropped_trait   lead_snp
1                         NA      iradjbmi rs12202350
[1] "SPLICING EVENT"
[1] "chr6:160046645:160047159:clu_51722_+:ENSG00000197081.16"
Harmonising fat_distr (fat_distr) and Outcome (Outcome)
Harmonising fat_distr (fat_distr) and Outcome (Outcome)
[1] 554
[1] 554
  iteration traits posterior_prob regional_prob candidate_snp
1         1   None             NA        0.0121            NA
  posterior_explained_by_snp dropped_trait   lead_snp
1                         NA      iradjbmi rs12202350
[1] "SPLICING EVENT"
[1] "chr6:160048543:160048975:clu_51720_+:ENSG00000197081.16"
Harmonising fat_distr (fat_distr) and Outcome (Outcome)
Harmonising fat_distr (fat_distr) and Outcome (Outcome)
[1] 554
[1] 554
  iteration traits posterior_prob regional_prob candidate_snp
1         1   None             NA        0.0505            NA
  posterior_explained_by_snp dropped_trait   lead_snp
1                         NA      iradjbmi rs12202350
[1] "SPLICING EVENT"
[1] "chr6:160048543:160050473:clu_51720_+:ENSG00000197081.16"
Harmonising fat_distr (fat_distr) and Outcome (Outcome)
Harmonising fat_distr (fat_distr) and Outcome (Outcome)
[1] 554
[1] 554
  iteration traits posterior_prob regional_prob candidate_snp
1         1   None             NA        0.0276            NA
  posterior_explained_by_snp dropped_trait   lead_snp
1                         NA      iradjbmi rs12202350
[1] "SPLICING EVENT"
[1] "chr6:160049033:160050473:clu_51720_+:ENSG00000197081.16"
Harmonising fat_distr (fat_distr) and Outcome (Outcome)
Harmonising fat_distr (fat_distr) and Outcome (Outcome)
[1] 554
[1] 554
  iteration traits posterior_prob regional_prob candidate_snp
1         1   None             NA        0.0069            NA
  posterior_explained_by_snp dropped_trait   lead_snp
1                         NA      iradjbmi rs12202350
[1] "SPLICING EVENT"
[1] "chr6:160068385:160068845:clu_51723_+:ENSG00000197081.16"
Harmonising fat_distr (fat_distr) and Outcome (Outcome)
Harmonising fat_distr (fat_distr) and Outcome (Outcome)
[1] 554
[1] 554
  iteration traits posterior_prob regional_prob candidate_snp
1         1   None             NA        0.0087            NA
  posterior_explained_by_snp dropped_trait   lead_snp
1                         NA      iradjbmi rs12202350
[1] "SPLICING EVENT"
[1] "chr6:160068385:160069868:clu_51723_+:ENSG00000197081.16"
Harmonising fat_distr (fat_distr) and Outcome (Outcome)
Harmonising fat_distr (fat_distr) and Outcome (Outcome)
[1] 554
[1] 554
  iteration traits posterior_prob regional_prob candidate_snp
1         1   None             NA        0.9983            NA
  posterior_explained_by_snp
1                         NA
                                            dropped_trait   lead_snp
1 chr6:160068385:160069868:clu_51723_+:ENSG00000197081.16 rs12202350
[1] "SPLICING EVENT"
[1] "chr6:160069014:160069121:clu_51723_+:ENSG00000197081.16"
Harmonising fat_distr (fat_distr) and Outcome (Outcome)
Harmonising fat_distr (fat_distr) and Outcome (Outcome)
[1] 554
[1] 554
  iteration traits posterior_prob regional_prob candidate_snp
1         1   None             NA        0.9981            NA
  posterior_explained_by_snp
1                         NA
                                            dropped_trait   lead_snp
1 chr6:160069014:160069121:clu_51723_+:ENSG00000197081.16 rs12202350
[1] "SPLICING EVENT"
[1] "chr6:160069014:160069868:clu_51723_+:ENSG00000197081.16"
Harmonising fat_distr (fat_distr) and Outcome (Outcome)
Harmonising fat_distr (fat_distr) and Outcome (Outcome)
[1] 554
[1] 554
  iteration traits posterior_prob regional_prob candidate_snp
1         1   None             NA        0.0118            NA
  posterior_explained_by_snp dropped_trait   lead_snp
1                         NA      iradjbmi rs12202350
[1] "SPLICING EVENT"
[1] "chr6:160070058:160070300:clu_51724_+:ENSG00000197081.16"
Harmonising fat_distr (fat_distr) and Outcome (Outcome)
Harmonising fat_distr (fat_distr) and Outcome (Outcome)
[1] 554
[1] 554
  iteration traits posterior_prob regional_prob candidate_snp
1         1   None             NA        0.9981            NA
  posterior_explained_by_snp dropped_trait   lead_snp
1                         NA      iradjbmi rs12202350
[1] "SPLICING EVENT"
[1] "chr6:160070058:160071910:clu_51724_+:ENSG00000197081.16"
Harmonising fat_distr (fat_distr) and Outcome (Outcome)
Harmonising fat_distr (fat_distr) and Outcome (Outcome)
[1] 554
[1] 554
  iteration traits posterior_prob regional_prob candidate_snp
1         1   None             NA        0.9981            NA
  posterior_explained_by_snp dropped_trait   lead_snp
1                         NA      iradjbmi rs12202350
[1] "SPLICING EVENT"
[1] "chr6:160070415:160070519:clu_51724_+:ENSG00000197081.16"
Harmonising fat_distr (fat_distr) and Outcome (Outcome)
Harmonising fat_distr (fat_distr) and Outcome (Outcome)
[1] 554
[1] 554
  iteration traits posterior_prob regional_prob candidate_snp
1         1   None             NA        0.9982            NA
  posterior_explained_by_snp dropped_trait   lead_snp
1                         NA      iradjbmi rs12202350
[1] "SPLICING EVENT"
[1] "chr6:160071006:160071910:clu_51724_+:ENSG00000197081.16"
Harmonising fat_distr (fat_distr) and Outcome (Outcome)
Harmonising fat_distr (fat_distr) and Outcome (Outcome)
[1] 554
[1] 554
  iteration traits posterior_prob regional_prob candidate_snp
1         1   None             NA        0.9937            NA
  posterior_explained_by_snp
1                         NA
                                            dropped_trait   lead_snp
1 chr6:160071006:160071910:clu_51724_+:ENSG00000197081.16 rs12202350
[1] "SPLICING EVENT"
[1] "chr6:160090103:160096439:clu_51721_+:ENSG00000197081.16"
Harmonising fat_distr (fat_distr) and Outcome (Outcome)
Harmonising fat_distr (fat_distr) and Outcome (Outcome)
[1] 554
[1] 554
  iteration traits posterior_prob regional_prob candidate_snp
1         1   None             NA        0.0046            NA
  posterior_explained_by_snp dropped_trait   lead_snp
1                         NA      iradjbmi rs12202350
[1] "LEAD INDEX"
[1] 15
[1] "LEAD INDEX"
[1] 16
[1] "CHROMOSOME"
[1] 7
[1] "LEAD INDEX"
[1] 1
[1] "SPLICING EVENT"
[1] "chr7:12211425:12214809:clu_51987_+:ENSG00000106460.19"
Harmonising fat_distr (fat_distr) and Outcome (Outcome)
Harmonising fat_distr (fat_distr) and Outcome (Outcome)
[1] 622
[1] 622
  iteration                                                          traits
1         1 iradjbmi, chr7:12211425:12214809:clu_51987_+:ENSG00000106460.19
  posterior_prob regional_prob candidate_snp posterior_explained_by_snp
1         0.6376        0.8831       rs14978                     0.4517
  dropped_trait  lead_snp
1            NA rs1990622
[1] "SPLICING EVENT"
[1] "chr7:12211547:12214809:clu_51987_+:ENSG00000106460.19"
Harmonising fat_distr (fat_distr) and Outcome (Outcome)
Harmonising fat_distr (fat_distr) and Outcome (Outcome)
[1] 622
[1] 622
  iteration traits posterior_prob regional_prob candidate_snp
1         1   None             NA        0.0066            NA
  posterior_explained_by_snp dropped_trait  lead_snp
1                         NA      iradjbmi rs1990622
[1] "SPLICING EVENT"
[1] "chr7:12224385:12229679:clu_51988_+:ENSG00000106460.19"
Harmonising fat_distr (fat_distr) and Outcome (Outcome)
Harmonising fat_distr (fat_distr) and Outcome (Outcome)
[1] 622
[1] 622
  iteration traits posterior_prob regional_prob candidate_snp
1         1   None             NA         0.007            NA
  posterior_explained_by_snp dropped_trait  lead_snp
1                         NA      iradjbmi rs1990622
[1] "SPLICING EVENT"
[1] "chr7:12229819:12230389:clu_51988_+:ENSG00000106460.19"
Harmonising fat_distr (fat_distr) and Outcome (Outcome)
Harmonising fat_distr (fat_distr) and Outcome (Outcome)
[1] 622
[1] 622
  iteration traits posterior_prob regional_prob candidate_snp
1         1   None             NA        0.0068            NA
  posterior_explained_by_snp dropped_trait  lead_snp
1                         NA      iradjbmi rs1990622
[1] "LEAD INDEX"
[1] 2
[1] "SPLICING EVENT"
[1] "chr7:107932377:107935415:clu_54284_-:ENSG00000091136.15"
Harmonising fat_distr (fat_distr) and Outcome (Outcome)
Harmonising fat_distr (fat_distr) and Outcome (Outcome)
[1] 514
[1] 514
  iteration traits posterior_prob regional_prob candidate_snp
1         1   None             NA        0.0041            NA
  posterior_explained_by_snp dropped_trait  lead_snp
1                         NA      iradjbmi rs4727695
[1] "SPLICING EVENT"
[1] "chr7:107932493:107935415:clu_54284_-:ENSG00000091136.15"
Harmonising fat_distr (fat_distr) and Outcome (Outcome)
Harmonising fat_distr (fat_distr) and Outcome (Outcome)
[1] 514
[1] 514
  iteration traits posterior_prob regional_prob candidate_snp
1         1   None             NA        0.0038            NA
  posterior_explained_by_snp dropped_trait  lead_snp
1                         NA      iradjbmi rs4727695
[1] "SPLICING EVENT"
[1] "chr7:107935656:107937093:clu_54286_-:ENSG00000091136.15"
Harmonising fat_distr (fat_distr) and Outcome (Outcome)
Harmonising fat_distr (fat_distr) and Outcome (Outcome)
[1] 514
[1] 514
  iteration traits posterior_prob regional_prob candidate_snp
1         1   None             NA        0.0235            NA
  posterior_explained_by_snp dropped_trait  lead_snp
1                         NA      iradjbmi rs4727695
[1] "SPLICING EVENT"
[1] "chr7:107937277:107939989:clu_54285_-:ENSG00000091136.15"
Harmonising fat_distr (fat_distr) and Outcome (Outcome)
Harmonising fat_distr (fat_distr) and Outcome (Outcome)
[1] 514
[1] 514
  iteration traits posterior_prob regional_prob candidate_snp
1         1   None             NA        0.0115            NA
  posterior_explained_by_snp dropped_trait  lead_snp
1                         NA      iradjbmi rs4727695
[1] "SPLICING EVENT"
[1] "chr7:107940358:107951226:clu_54285_-:ENSG00000091136.15"
Harmonising fat_distr (fat_distr) and Outcome (Outcome)
Harmonising fat_distr (fat_distr) and Outcome (Outcome)
[1] 514
[1] 514
  iteration traits posterior_prob regional_prob candidate_snp
1         1   None             NA         0.014            NA
  posterior_explained_by_snp dropped_trait  lead_snp
1                         NA      iradjbmi rs4727695
[1] "SPLICING EVENT"
[1] "chr7:107955630:107959249:clu_54287_-:ENSG00000091136.15"
Harmonising fat_distr (fat_distr) and Outcome (Outcome)
Harmonising fat_distr (fat_distr) and Outcome (Outcome)
[1] 514
[1] 514
  iteration traits posterior_prob regional_prob candidate_snp
1         1   None             NA        0.0062            NA
  posterior_explained_by_snp dropped_trait  lead_snp
1                         NA      iradjbmi rs4727695
[1] "SPLICING EVENT"
[1] "chr7:107959480:107959691:clu_54287_-:ENSG00000091136.15"
Harmonising fat_distr (fat_distr) and Outcome (Outcome)
Harmonising fat_distr (fat_distr) and Outcome (Outcome)
[1] 514
[1] 514
  iteration traits posterior_prob regional_prob candidate_snp
1         1   None             NA        0.0069            NA
  posterior_explained_by_snp dropped_trait  lead_snp
1                         NA      iradjbmi rs4727695
[1] "SPLICING EVENT"
[1] "chr7:107964687:107972992:clu_54288_-:ENSG00000091136.15"
Harmonising fat_distr (fat_distr) and Outcome (Outcome)
Harmonising fat_distr (fat_distr) and Outcome (Outcome)
[1] 514
[1] 514
  iteration traits posterior_prob regional_prob candidate_snp
1         1   None             NA        0.0315            NA
  posterior_explained_by_snp dropped_trait  lead_snp
1                         NA      iradjbmi rs4727695
[1] "SPLICING EVENT"
[1] "chr7:107973071:107974986:clu_54288_-:ENSG00000091136.15"
Harmonising fat_distr (fat_distr) and Outcome (Outcome)
Harmonising fat_distr (fat_distr) and Outcome (Outcome)
[1] 514
[1] 514
  iteration traits posterior_prob regional_prob candidate_snp
1         1   None             NA         0.047            NA
  posterior_explained_by_snp dropped_trait  lead_snp
1                         NA      iradjbmi rs4727695
[1] "SPLICING EVENT"
[1] "chr7:107994960:107998357:clu_54290_-:ENSG00000091136.15"
Harmonising fat_distr (fat_distr) and Outcome (Outcome)
Harmonising fat_distr (fat_distr) and Outcome (Outcome)
[1] 514
[1] 514
  iteration traits posterior_prob regional_prob candidate_snp
1         1   None             NA        0.0053            NA
  posterior_explained_by_snp dropped_trait  lead_snp
1                         NA      iradjbmi rs4727695
[1] "SPLICING EVENT"
[1] "chr7:107998492:108001558:clu_54290_-:ENSG00000091136.15"
Harmonising fat_distr (fat_distr) and Outcome (Outcome)
Harmonising fat_distr (fat_distr) and Outcome (Outcome)
[1] 514
[1] 514
  iteration traits posterior_prob regional_prob candidate_snp
1         1   None             NA        0.0052            NA
  posterior_explained_by_snp dropped_trait  lead_snp
1                         NA      iradjbmi rs4727695
[1] "SPLICING EVENT"
[1] "chr7:108001733:108002849:clu_54291_-:ENSG00000091136.15"
Harmonising fat_distr (fat_distr) and Outcome (Outcome)
Harmonising fat_distr (fat_distr) and Outcome (Outcome)
[1] 514
[1] 514
  iteration traits posterior_prob regional_prob candidate_snp
1         1   None             NA        0.0052            NA
  posterior_explained_by_snp dropped_trait  lead_snp
1                         NA      iradjbmi rs4727695
[1] "LEAD INDEX"
[1] 3
[1] "LEAD INDEX"
[1] 4
[1] "SPLICING EVENT"
[1] "chr7:139340619:139345501:clu_53106_+:ENSG00000164898.13"
Harmonising fat_distr (fat_distr) and Outcome (Outcome)
Harmonising fat_distr (fat_distr) and Outcome (Outcome)
[1] 356
[1] 356
  iteration traits posterior_prob regional_prob candidate_snp
1         1   None             NA        0.0903            NA
  posterior_explained_by_snp dropped_trait   lead_snp
1                         NA      iradjbmi rs11772771
[1] "SPLICING EVENT"
[1] "chr7:139341491:139345501:clu_53106_+:ENSG00000164898.13"
Harmonising fat_distr (fat_distr) and Outcome (Outcome)
Harmonising fat_distr (fat_distr) and Outcome (Outcome)
[1] 356
[1] 356
  iteration traits posterior_prob regional_prob candidate_snp
1         1   None             NA        0.0081            NA
  posterior_explained_by_snp dropped_trait   lead_snp
1                         NA      iradjbmi rs11772771
[1] "SPLICING EVENT"
[1] "chr7:139341522:139345501:clu_53106_+:ENSG00000164898.13"
Harmonising fat_distr (fat_distr) and Outcome (Outcome)
Harmonising fat_distr (fat_distr) and Outcome (Outcome)
[1] 356
[1] 356
  iteration traits posterior_prob regional_prob candidate_snp
1         1   None             NA         0.094            NA
  posterior_explained_by_snp dropped_trait   lead_snp
1                         NA      iradjbmi rs11772771
[1] "SPLICING EVENT"
[1] "chr7:139360322:139363176:clu_53107_+:ENSG00000146963.18"
Harmonising fat_distr (fat_distr) and Outcome (Outcome)
Harmonising fat_distr (fat_distr) and Outcome (Outcome)
[1] 356
[1] 356
  iteration traits posterior_prob regional_prob candidate_snp
1         1   None             NA        0.0058            NA
  posterior_explained_by_snp dropped_trait   lead_snp
1                         NA      iradjbmi rs11772771
[1] "SPLICING EVENT"
[1] "chr7:139360322:139374401:clu_53107_+:ENSG00000146963.18"
Harmonising fat_distr (fat_distr) and Outcome (Outcome)
Harmonising fat_distr (fat_distr) and Outcome (Outcome)
[1] 356
[1] 356
  iteration traits posterior_prob regional_prob candidate_snp
1         1   None             NA        0.0049            NA
  posterior_explained_by_snp dropped_trait   lead_snp
1                         NA      iradjbmi rs11772771
[1] "SPLICING EVENT"
[1] "chr7:139360322:139376062:clu_53107_+:ENSG00000146963.18"
Harmonising fat_distr (fat_distr) and Outcome (Outcome)
Harmonising fat_distr (fat_distr) and Outcome (Outcome)
[1] 356
[1] 356
  iteration traits posterior_prob regional_prob candidate_snp
1         1   None             NA        0.0083            NA
  posterior_explained_by_snp dropped_trait   lead_snp
1                         NA      iradjbmi rs11772771
[1] "SPLICING EVENT"
[1] "chr7:139363259:139376062:clu_53107_+:ENSG00000146963.18"
Harmonising fat_distr (fat_distr) and Outcome (Outcome)
Harmonising fat_distr (fat_distr) and Outcome (Outcome)
[1] 356
[1] 356
  iteration traits posterior_prob regional_prob candidate_snp
1         1   None             NA        0.0154            NA
  posterior_explained_by_snp dropped_trait   lead_snp
1                         NA      iradjbmi rs11772771
[1] "SPLICING EVENT"
[1] "chr7:139363452:139365209:clu_53107_+:ENSG00000146963.18"
Harmonising fat_distr (fat_distr) and Outcome (Outcome)
Harmonising fat_distr (fat_distr) and Outcome (Outcome)
[1] 356
[1] 356
  iteration traits posterior_prob regional_prob candidate_snp
1         1   None             NA        0.0044            NA
  posterior_explained_by_snp dropped_trait   lead_snp
1                         NA      iradjbmi rs11772771
[1] "SPLICING EVENT"
[1] "chr7:139363452:139371387:clu_53107_+:ENSG00000146963.18"
Harmonising fat_distr (fat_distr) and Outcome (Outcome)
Harmonising fat_distr (fat_distr) and Outcome (Outcome)
[1] 356
[1] 356
  iteration traits posterior_prob regional_prob candidate_snp
1         1   None             NA        0.0064            NA
  posterior_explained_by_snp dropped_trait   lead_snp
1                         NA      iradjbmi rs11772771
[1] "SPLICING EVENT"
[1] "chr7:139363452:139376062:clu_53107_+:ENSG00000146963.18"
Harmonising fat_distr (fat_distr) and Outcome (Outcome)
Harmonising fat_distr (fat_distr) and Outcome (Outcome)
[1] 356
[1] 356
  iteration traits posterior_prob regional_prob candidate_snp
1         1   None             NA        0.0271            NA
  posterior_explained_by_snp dropped_trait   lead_snp
1                         NA      iradjbmi rs11772771
[1] "SPLICING EVENT"
[1] "chr7:139371463:139374401:clu_53107_+:ENSG00000146963.18"
Harmonising fat_distr (fat_distr) and Outcome (Outcome)
Harmonising fat_distr (fat_distr) and Outcome (Outcome)
[1] 356
[1] 356
  iteration traits posterior_prob regional_prob candidate_snp
1         1   None             NA        0.0053            NA
  posterior_explained_by_snp dropped_trait   lead_snp
1                         NA      iradjbmi rs11772771
[1] "SPLICING EVENT"
[1] "chr7:139374471:139376062:clu_53107_+:ENSG00000146963.18"
Harmonising fat_distr (fat_distr) and Outcome (Outcome)
Harmonising fat_distr (fat_distr) and Outcome (Outcome)
[1] 356
[1] 356
  iteration traits posterior_prob regional_prob candidate_snp
1         1   None             NA        0.0157            NA
  posterior_explained_by_snp dropped_trait   lead_snp
1                         NA      iradjbmi rs11772771
[1] "SPLICING EVENT"
[1] "chr7:139375583:139376062:clu_53107_+:ENSG00000146963.18"
Harmonising fat_distr (fat_distr) and Outcome (Outcome)
Harmonising fat_distr (fat_distr) and Outcome (Outcome)
[1] 356
[1] 356
  iteration traits posterior_prob regional_prob candidate_snp
1         1   None             NA        0.0043            NA
  posterior_explained_by_snp dropped_trait   lead_snp
1                         NA      iradjbmi rs11772771
[1] "SPLICING EVENT"
[1] "chr7:139412580:139416579:clu_53108_+:ENSG00000146963.18"
Harmonising fat_distr (fat_distr) and Outcome (Outcome)
Harmonising fat_distr (fat_distr) and Outcome (Outcome)
[1] 356
[1] 356
  iteration traits posterior_prob regional_prob candidate_snp
1         1   None             NA        0.0068            NA
  posterior_explained_by_snp dropped_trait   lead_snp
1                         NA      iradjbmi rs11772771
[1] "SPLICING EVENT"
[1] "chr7:139412580:139416789:clu_53108_+:ENSG00000146963.18"
Harmonising fat_distr (fat_distr) and Outcome (Outcome)
Harmonising fat_distr (fat_distr) and Outcome (Outcome)
[1] 356
[1] 356
  iteration traits posterior_prob regional_prob candidate_snp
1         1   None             NA        0.0035            NA
  posterior_explained_by_snp dropped_trait   lead_snp
1                         NA      iradjbmi rs11772771
[1] "SPLICING EVENT"
[1] "chr7:139412580:139416848:clu_53108_+:ENSG00000146963.18"
Harmonising fat_distr (fat_distr) and Outcome (Outcome)
Harmonising fat_distr (fat_distr) and Outcome (Outcome)
[1] 356
[1] 356
  iteration traits posterior_prob regional_prob candidate_snp
1         1   None             NA         0.004            NA
  posterior_explained_by_snp dropped_trait   lead_snp
1                         NA      iradjbmi rs11772771
[1] "SPLICING EVENT"
[1] "chr7:139412580:139417538:clu_53108_+:ENSG00000146963.18"
Harmonising fat_distr (fat_distr) and Outcome (Outcome)
Harmonising fat_distr (fat_distr) and Outcome (Outcome)
[1] 356
[1] 356
  iteration traits posterior_prob regional_prob candidate_snp
1         1   None             NA        0.0594            NA
  posterior_explained_by_snp dropped_trait   lead_snp
1                         NA      iradjbmi rs11772771
[1] "SPLICING EVENT"
[1] "chr7:139416856:139417538:clu_53108_+:ENSG00000146963.18"
Harmonising fat_distr (fat_distr) and Outcome (Outcome)
Harmonising fat_distr (fat_distr) and Outcome (Outcome)
[1] 356
[1] 356
  iteration traits posterior_prob regional_prob candidate_snp
1         1   None             NA        0.0708            NA
  posterior_explained_by_snp dropped_trait   lead_snp
1                         NA      iradjbmi rs11772771
[1] "LEAD INDEX"
[1] 5
[1] "SPLICING EVENT"
[1] "chr7:1044658:1045337:clu_51853_+:ENSG00000164849.10"
Harmonising fat_distr (fat_distr) and Outcome (Outcome)
Harmonising fat_distr (fat_distr) and Outcome (Outcome)
[1] 337
[1] 337
  iteration traits posterior_prob regional_prob candidate_snp
1         1   None             NA        0.0095            NA
  posterior_explained_by_snp dropped_trait  lead_snp
1                         NA      iradjbmi rs3808350
[1] "SPLICING EVENT"
[1] "chr7:1044658:1057492:clu_51853_+:ENSG00000164849.10"
Harmonising fat_distr (fat_distr) and Outcome (Outcome)
Harmonising fat_distr (fat_distr) and Outcome (Outcome)
[1] 337
[1] 337
  iteration traits posterior_prob regional_prob candidate_snp
1         1   None             NA        0.0161            NA
  posterior_explained_by_snp dropped_trait  lead_snp
1                         NA      iradjbmi rs3808350
[1] "SPLICING EVENT"
[1] "chr7:1055483:1056104:clu_51853_+:ENSG00000164849.10"
Harmonising fat_distr (fat_distr) and Outcome (Outcome)
Harmonising fat_distr (fat_distr) and Outcome (Outcome)
[1] 337
[1] 337
  iteration traits posterior_prob regional_prob candidate_snp
1         1   None             NA         8e-04            NA
  posterior_explained_by_snp
1                         NA
                                        dropped_trait  lead_snp
1 chr7:1055483:1056104:clu_51853_+:ENSG00000164849.10 rs3808350
[1] "SPLICING EVENT"
[1] "chr7:1055483:1057492:clu_51853_+:ENSG00000164849.10"
Harmonising fat_distr (fat_distr) and Outcome (Outcome)
Harmonising fat_distr (fat_distr) and Outcome (Outcome)
[1] 337
[1] 337
  iteration traits posterior_prob regional_prob candidate_snp
1         1   None             NA        0.0046            NA
  posterior_explained_by_snp dropped_trait  lead_snp
1                         NA      iradjbmi rs3808350
[1] "SPLICING EVENT"
[1] "chr7:1056829:1057492:clu_51853_+:ENSG00000164849.10"
Harmonising fat_distr (fat_distr) and Outcome (Outcome)
Harmonising fat_distr (fat_distr) and Outcome (Outcome)
[1] 337
[1] 337
  iteration traits posterior_prob regional_prob candidate_snp
1         1   None             NA        0.0108            NA
  posterior_explained_by_snp dropped_trait  lead_snp
1                         NA      iradjbmi rs3808350
[1] "LEAD INDEX"
[1] 6
[1] "LEAD INDEX"
[1] 7
[1] "LEAD INDEX"
[1] 8
[1] "LEAD INDEX"
[1] 9
[1] "LEAD INDEX"
[1] 10
[1] "SPLICING EVENT"
[1] "chr7:26174782:26192495:clu_53572_-:ENSG00000122566.22"
Harmonising fat_distr (fat_distr) and Outcome (Outcome)
Harmonising fat_distr (fat_distr) and Outcome (Outcome)
[1] 465
[1] 465
  iteration traits posterior_prob regional_prob candidate_snp
1         1   None             NA         0.006            NA
  posterior_explained_by_snp dropped_trait  lead_snp
1                         NA      iradjbmi rs1534696
[1] "SPLICING EVENT"
[1] "chr7:26190460:26190993:clu_53573_-:ENSG00000122566.22"
Harmonising fat_distr (fat_distr) and Outcome (Outcome)
Harmonising fat_distr (fat_distr) and Outcome (Outcome)
[1] 465
[1] 465
  iteration traits posterior_prob regional_prob candidate_snp
1         1   None             NA        0.0032            NA
  posterior_explained_by_snp dropped_trait  lead_snp
1                         NA      iradjbmi rs1534696
[1] "SPLICING EVENT"
[1] "chr7:26190460:26191056:clu_53573_-:ENSG00000122566.22"
Harmonising fat_distr (fat_distr) and Outcome (Outcome)
Harmonising fat_distr (fat_distr) and Outcome (Outcome)
[1] 465
[1] 465
  iteration traits posterior_prob regional_prob candidate_snp
1         1   None             NA        0.0031            NA
  posterior_explained_by_snp dropped_trait  lead_snp
1                         NA      iradjbmi rs1534696
[1] "SPLICING EVENT"
[1] "chr7:26191128:26191422:clu_53572_-:ENSG00000122566.22"
Harmonising fat_distr (fat_distr) and Outcome (Outcome)
Harmonising fat_distr (fat_distr) and Outcome (Outcome)
[1] 465
[1] 465
  iteration traits posterior_prob regional_prob candidate_snp
1         1   None             NA        0.0047            NA
  posterior_explained_by_snp dropped_trait  lead_snp
1                         NA      iradjbmi rs1534696
[1] "SPLICING EVENT"
[1] "chr7:26191128:26192495:clu_53572_-:ENSG00000122566.22"
Harmonising fat_distr (fat_distr) and Outcome (Outcome)
Harmonising fat_distr (fat_distr) and Outcome (Outcome)
[1] 465
[1] 465
  iteration traits posterior_prob regional_prob candidate_snp
1         1   None             NA        0.0055            NA
  posterior_explained_by_snp dropped_trait  lead_snp
1                         NA      iradjbmi rs1534696
[1] "SPLICING EVENT"
[1] "chr7:26191650:26192495:clu_53572_-:ENSG00000122566.22"
Harmonising fat_distr (fat_distr) and Outcome (Outcome)
Harmonising fat_distr (fat_distr) and Outcome (Outcome)
[1] 465
[1] 465
  iteration traits posterior_prob regional_prob candidate_snp
1         1   None             NA        0.0056            NA
  posterior_explained_by_snp dropped_trait  lead_snp
1                         NA      iradjbmi rs1534696
[1] "SPLICING EVENT"
[1] "chr7:26192338:26192495:clu_53572_-:ENSG00000122566.22"
Harmonising fat_distr (fat_distr) and Outcome (Outcome)
Harmonising fat_distr (fat_distr) and Outcome (Outcome)
[1] 465
[1] 465
  iteration traits posterior_prob regional_prob candidate_snp
1         1   None             NA        0.0053            NA
  posterior_explained_by_snp dropped_trait  lead_snp
1                         NA      iradjbmi rs1534696
[1] "SPLICING EVENT"
[1] "chr7:26193373:26193575:clu_53574_-:ENSG00000122566.22"
Harmonising fat_distr (fat_distr) and Outcome (Outcome)
Harmonising fat_distr (fat_distr) and Outcome (Outcome)
[1] 465
[1] 465
  iteration traits posterior_prob regional_prob candidate_snp
1         1   None             NA        0.0076            NA
  posterior_explained_by_snp dropped_trait  lead_snp
1                         NA      iradjbmi rs1534696
[1] "SPLICING EVENT"
[1] "chr7:26193373:26195847:clu_53574_-:ENSG00000122566.22"
Harmonising fat_distr (fat_distr) and Outcome (Outcome)
Harmonising fat_distr (fat_distr) and Outcome (Outcome)
[1] 465
[1] 465
  iteration traits posterior_prob regional_prob candidate_snp
1         1   None             NA         0.003            NA
  posterior_explained_by_snp dropped_trait  lead_snp
1                         NA      iradjbmi rs1534696
[1] "SPLICING EVENT"
[1] "chr7:26193694:26195847:clu_53574_-:ENSG00000122566.22"
Harmonising fat_distr (fat_distr) and Outcome (Outcome)
Harmonising fat_distr (fat_distr) and Outcome (Outcome)
[1] 465
[1] 465
  iteration traits posterior_prob regional_prob candidate_snp
1         1   None             NA         0.011            NA
  posterior_explained_by_snp dropped_trait  lead_snp
1                         NA      iradjbmi rs1534696
[1] "SPLICING EVENT"
[1] "chr7:26197732:26197831:clu_53575_-:ENSG00000122566.22"
Harmonising fat_distr (fat_distr) and Outcome (Outcome)
Harmonising fat_distr (fat_distr) and Outcome (Outcome)
[1] 465
[1] 465
  iteration traits posterior_prob regional_prob candidate_snp
1         1   None             NA         0.008            NA
  posterior_explained_by_snp dropped_trait  lead_snp
1                         NA      iradjbmi rs1534696
[1] "SPLICING EVENT"
[1] "chr7:26197732:26200572:clu_53575_-:ENSG00000122566.22"
Harmonising fat_distr (fat_distr) and Outcome (Outcome)
Harmonising fat_distr (fat_distr) and Outcome (Outcome)
[1] 465
[1] 465
  iteration traits posterior_prob regional_prob candidate_snp
1         1   None             NA        0.0067            NA
  posterior_explained_by_snp dropped_trait  lead_snp
1                         NA      iradjbmi rs1534696
[1] "SPLICING EVENT"
[1] "chr7:26197866:26200572:clu_53575_-:ENSG00000122566.22"
Harmonising fat_distr (fat_distr) and Outcome (Outcome)
Harmonising fat_distr (fat_distr) and Outcome (Outcome)
[1] 465
[1] 465
  iteration traits posterior_prob regional_prob candidate_snp
1         1   None             NA        0.0043            NA
  posterior_explained_by_snp dropped_trait  lead_snp
1                         NA      iradjbmi rs1534696
[1] "SPLICING EVENT"
[1] "chr7:26201561:26202971:clu_52072_+:ENSG00000122565.19"
Harmonising fat_distr (fat_distr) and Outcome (Outcome)
Harmonising fat_distr (fat_distr) and Outcome (Outcome)
[1] 465
[1] 465
  iteration traits posterior_prob regional_prob candidate_snp
1         1   None             NA        0.0074            NA
  posterior_explained_by_snp dropped_trait  lead_snp
1                         NA      iradjbmi rs1534696
[1] "SPLICING EVENT"
[1] "chr7:26201826:26202971:clu_52072_+:ENSG00000122565.19"
Harmonising fat_distr (fat_distr) and Outcome (Outcome)
Harmonising fat_distr (fat_distr) and Outcome (Outcome)
[1] 465
[1] 465
  iteration traits posterior_prob regional_prob candidate_snp
1         1   None             NA        0.0061            NA
  posterior_explained_by_snp dropped_trait  lead_snp
1                         NA      iradjbmi rs1534696
[1] "SPLICING EVENT"
[1] "chr7:26202609:26202971:clu_52072_+:ENSG00000122565.19"
Harmonising fat_distr (fat_distr) and Outcome (Outcome)
Harmonising fat_distr (fat_distr) and Outcome (Outcome)
[1] 465
[1] 465
  iteration traits posterior_prob regional_prob candidate_snp
1         1   None             NA        0.0105            NA
  posterior_explained_by_snp dropped_trait  lead_snp
1                         NA      iradjbmi rs1534696
[1] "SPLICING EVENT"
[1] "chr7:26206510:26208393:clu_52073_+:ENSG00000122565.19"
Harmonising fat_distr (fat_distr) and Outcome (Outcome)
Harmonising fat_distr (fat_distr) and Outcome (Outcome)
[1] 465
[1] 465
  iteration traits posterior_prob regional_prob candidate_snp
1         1   None             NA        0.0042            NA
  posterior_explained_by_snp dropped_trait  lead_snp
1                         NA      iradjbmi rs1534696
[1] "SPLICING EVENT"
[1] "chr7:26206510:26208466:clu_52073_+:ENSG00000122565.19"
Harmonising fat_distr (fat_distr) and Outcome (Outcome)
Harmonising fat_distr (fat_distr) and Outcome (Outcome)
[1] 465
[1] 465
  iteration traits posterior_prob regional_prob candidate_snp
1         1   None             NA         0.004            NA
  posterior_explained_by_snp dropped_trait  lead_snp
1                         NA      iradjbmi rs1534696
[1] "LEAD INDEX"
[1] 11
[1] "LEAD INDEX"
[1] 12
[1] "SPLICING EVENT"
[1] "chr7:44404583:44413191:clu_53723_-:ENSG00000015676.18"
Harmonising fat_distr (fat_distr) and Outcome (Outcome)
Harmonising fat_distr (fat_distr) and Outcome (Outcome)
[1] 339
[1] 339
  iteration traits posterior_prob regional_prob candidate_snp
1         1   None             NA        0.0108            NA
  posterior_explained_by_snp dropped_trait   lead_snp
1                         NA      iradjbmi rs11770515
[1] "SPLICING EVENT"
[1] "chr7:44404583:44427571:clu_53723_-:ENSG00000015676.18"
Harmonising fat_distr (fat_distr) and Outcome (Outcome)
Harmonising fat_distr (fat_distr) and Outcome (Outcome)
[1] 339
[1] 339
  iteration traits posterior_prob regional_prob candidate_snp
1         1   None             NA        0.0154            NA
  posterior_explained_by_snp dropped_trait   lead_snp
1                         NA      iradjbmi rs11770515
[1] "SPLICING EVENT"
[1] "chr7:44427703:44481292:clu_53724_-:ENSG00000015676.18"
Harmonising fat_distr (fat_distr) and Outcome (Outcome)
Harmonising fat_distr (fat_distr) and Outcome (Outcome)
[1] 339
[1] 339
  iteration traits posterior_prob regional_prob candidate_snp
1         1   None             NA        0.0116            NA
  posterior_explained_by_snp dropped_trait   lead_snp
1                         NA      iradjbmi rs11770515
[1] "SPLICING EVENT"
[1] "chr7:44427703:44484968:clu_53724_-:ENSG00000015676.18"
Harmonising fat_distr (fat_distr) and Outcome (Outcome)
Harmonising fat_distr (fat_distr) and Outcome (Outcome)
[1] 339
[1] 339
  iteration traits posterior_prob regional_prob candidate_snp
1         1   None             NA         0.018            NA
  posterior_explained_by_snp dropped_trait   lead_snp
1                         NA      iradjbmi rs11770515
[1] "SPLICING EVENT"
[1] "chr7:44485284:44485531:clu_53725_-:ENSG00000015676.18"
Harmonising fat_distr (fat_distr) and Outcome (Outcome)
Harmonising fat_distr (fat_distr) and Outcome (Outcome)
[1] 339
[1] 339
  iteration traits posterior_prob regional_prob candidate_snp
1         1   None             NA        0.0069            NA
  posterior_explained_by_snp dropped_trait   lead_snp
1                         NA      iradjbmi rs11770515
[1] "SPLICING EVENT"
[1] "chr7:44485284:44490409:clu_53725_-:ENSG00000015676.18"
Harmonising fat_distr (fat_distr) and Outcome (Outcome)
Harmonising fat_distr (fat_distr) and Outcome (Outcome)
[1] 339
[1] 339
  iteration traits posterior_prob regional_prob candidate_snp
1         1   None             NA        0.0098            NA
  posterior_explained_by_snp dropped_trait   lead_snp
1                         NA      iradjbmi rs11770515
[1] "SPLICING EVENT"
[1] "chr7:44485284:44490650:clu_53725_-:ENSG00000015676.18"
Harmonising fat_distr (fat_distr) and Outcome (Outcome)
Harmonising fat_distr (fat_distr) and Outcome (Outcome)
[1] 339
[1] 339
  iteration traits posterior_prob regional_prob candidate_snp
1         1   None             NA        0.0113            NA
  posterior_explained_by_snp dropped_trait   lead_snp
1                         NA      iradjbmi rs11770515
[1] "LEAD INDEX"
[1] 13
[1] "SPLICING EVENT"
[1] "chr7:73449689:73450847:clu_53868_-:ENSG00000009954.11"
Harmonising fat_distr (fat_distr) and Outcome (Outcome)
Harmonising fat_distr (fat_distr) and Outcome (Outcome)
[1] 139
[1] 139
  iteration traits posterior_prob regional_prob candidate_snp
1         1   None             NA        0.0554            NA
  posterior_explained_by_snp dropped_trait lead_snp
1                         NA      iradjbmi   rs2573
[1] "SPLICING EVENT"
[1] "chr7:73449689:73459536:clu_53868_-:ENSG00000009954.11"
Harmonising fat_distr (fat_distr) and Outcome (Outcome)
Harmonising fat_distr (fat_distr) and Outcome (Outcome)
[1] 139
[1] 139
  iteration traits posterior_prob regional_prob candidate_snp
1         1   None             NA        0.0167            NA
  posterior_explained_by_snp dropped_trait lead_snp
1                         NA      iradjbmi   rs2573
[1] "SPLICING EVENT"
[1] "chr7:73450994:73459536:clu_53868_-:ENSG00000009954.11"
Harmonising fat_distr (fat_distr) and Outcome (Outcome)
Harmonising fat_distr (fat_distr) and Outcome (Outcome)
[1] 139
[1] 139
  iteration traits posterior_prob regional_prob candidate_snp
1         1   None             NA        0.0257            NA
  posterior_explained_by_snp dropped_trait lead_snp
1                         NA      iradjbmi   rs2573
[1] "SPLICING EVENT"
[1] "chr7:73459718:73462791:clu_53869_-:ENSG00000009954.11"
Harmonising fat_distr (fat_distr) and Outcome (Outcome)
Harmonising fat_distr (fat_distr) and Outcome (Outcome)
[1] 139
[1] 139
  iteration traits posterior_prob regional_prob candidate_snp
1         1   None             NA        0.0129            NA
  posterior_explained_by_snp dropped_trait lead_snp
1                         NA      iradjbmi   rs2573
[1] "SPLICING EVENT"
[1] "chr7:73459718:73462922:clu_53869_-:ENSG00000009954.11"
Harmonising fat_distr (fat_distr) and Outcome (Outcome)
Harmonising fat_distr (fat_distr) and Outcome (Outcome)
[1] 139
[1] 139
  iteration traits posterior_prob regional_prob candidate_snp
1         1   None             NA        0.0126            NA
  posterior_explained_by_snp dropped_trait lead_snp
1                         NA      iradjbmi   rs2573
[1] "SPLICING EVENT"
[1] "chr7:73463099:73464120:clu_53870_-:ENSG00000009954.11"
Harmonising fat_distr (fat_distr) and Outcome (Outcome)
Harmonising fat_distr (fat_distr) and Outcome (Outcome)
[1] 139
[1] 139
  iteration traits posterior_prob regional_prob candidate_snp
1         1   None             NA        0.0155            NA
  posterior_explained_by_snp dropped_trait lead_snp
1                         NA      iradjbmi   rs2573
[1] "SPLICING EVENT"
[1] "chr7:73463099:73465439:clu_53870_-:ENSG00000009954.11"
Harmonising fat_distr (fat_distr) and Outcome (Outcome)
Harmonising fat_distr (fat_distr) and Outcome (Outcome)
[1] 139
[1] 139
  iteration traits posterior_prob regional_prob candidate_snp
1         1   None             NA        0.0151            NA
  posterior_explained_by_snp dropped_trait lead_snp
1                         NA      iradjbmi   rs2573
[1] "SPLICING EVENT"
[1] "chr7:73464196:73465439:clu_53870_-:ENSG00000009954.11"
Harmonising fat_distr (fat_distr) and Outcome (Outcome)
Harmonising fat_distr (fat_distr) and Outcome (Outcome)
[1] 139
[1] 139
  iteration traits posterior_prob regional_prob candidate_snp
1         1   None             NA        0.0084            NA
  posterior_explained_by_snp dropped_trait lead_snp
1                         NA      iradjbmi   rs2573
[1] "SPLICING EVENT"
[1] "chr7:73470483:73476868:clu_53871_-:ENSG00000009954.11"
Harmonising fat_distr (fat_distr) and Outcome (Outcome)
Harmonising fat_distr (fat_distr) and Outcome (Outcome)
[1] 139
[1] 139
  iteration traits posterior_prob regional_prob candidate_snp
1         1   None             NA        0.0103            NA
  posterior_explained_by_snp dropped_trait lead_snp
1                         NA      iradjbmi   rs2573
[1] "SPLICING EVENT"
[1] "chr7:73470483:73489194:clu_53871_-:ENSG00000009954.11"
Harmonising fat_distr (fat_distr) and Outcome (Outcome)
Harmonising fat_distr (fat_distr) and Outcome (Outcome)
[1] 139
[1] 139
  iteration traits posterior_prob regional_prob candidate_snp
1         1   None             NA        0.0087            NA
  posterior_explained_by_snp dropped_trait lead_snp
1                         NA      iradjbmi   rs2573
[1] "SPLICING EVENT"
[1] "chr7:73478569:73489194:clu_53871_-:ENSG00000009954.11"
Harmonising fat_distr (fat_distr) and Outcome (Outcome)
Harmonising fat_distr (fat_distr) and Outcome (Outcome)
[1] 139
[1] 139
  iteration traits posterior_prob regional_prob candidate_snp
1         1   None             NA        0.0107            NA
  posterior_explained_by_snp dropped_trait lead_snp
1                         NA      iradjbmi   rs2573
[1] "SPLICING EVENT"
[1] "chr7:73498698:73508327:clu_53872_-:ENSG00000009954.11"
Harmonising fat_distr (fat_distr) and Outcome (Outcome)
Harmonising fat_distr (fat_distr) and Outcome (Outcome)
[1] 139
[1] 139
  iteration traits posterior_prob regional_prob candidate_snp
1         1   None             NA        0.0295            NA
  posterior_explained_by_snp dropped_trait lead_snp
1                         NA      iradjbmi   rs2573
[1] "SPLICING EVENT"
[1] "chr7:73508471:73510736:clu_53873_-:ENSG00000009954.11"
Harmonising fat_distr (fat_distr) and Outcome (Outcome)
Harmonising fat_distr (fat_distr) and Outcome (Outcome)
[1] 139
[1] 139
  iteration traits posterior_prob regional_prob candidate_snp
1         1   None             NA        0.0121            NA
  posterior_explained_by_snp dropped_trait lead_snp
1                         NA      iradjbmi   rs2573
[1] "SPLICING EVENT"
[1] "chr7:73538013:73539882:clu_53875_-:ENSG00000106635.8"
Harmonising fat_distr (fat_distr) and Outcome (Outcome)
Harmonising fat_distr (fat_distr) and Outcome (Outcome)
[1] 139
[1] 139
  iteration traits posterior_prob regional_prob candidate_snp
1         1   None             NA        0.0111            NA
  posterior_explained_by_snp dropped_trait lead_snp
1                         NA      iradjbmi   rs2573
[1] "SPLICING EVENT"
[1] "chr7:73538013:73543548:clu_53875_-:ENSG00000106635.8"
Harmonising fat_distr (fat_distr) and Outcome (Outcome)
Harmonising fat_distr (fat_distr) and Outcome (Outcome)
[1] 139
[1] 139
  iteration traits posterior_prob regional_prob candidate_snp
1         1   None             NA         0.026            NA
  posterior_explained_by_snp dropped_trait lead_snp
1                         NA      iradjbmi   rs2573
[1] "SPLICING EVENT"
[1] "chr7:73540052:73543548:clu_53875_-:ENSG00000106635.8"
Harmonising fat_distr (fat_distr) and Outcome (Outcome)
Harmonising fat_distr (fat_distr) and Outcome (Outcome)
[1] 139
[1] 139
  iteration traits posterior_prob regional_prob candidate_snp
1         1   None             NA        0.0119            NA
  posterior_explained_by_snp dropped_trait lead_snp
1                         NA      iradjbmi   rs2573
[1] "SPLICING EVENT"
[1] "chr7:73543644:73552167:clu_53875_-:ENSG00000106635.8"
Harmonising fat_distr (fat_distr) and Outcome (Outcome)
Harmonising fat_distr (fat_distr) and Outcome (Outcome)
[1] 139
[1] 139
  iteration traits posterior_prob regional_prob candidate_snp
1         1   None             NA        0.0145            NA
  posterior_explained_by_snp dropped_trait lead_snp
1                         NA      iradjbmi   rs2573
[1] "SPLICING EVENT"
[1] "chr7:73552242:73553548:clu_53876_-:ENSG00000106635.8"
Harmonising fat_distr (fat_distr) and Outcome (Outcome)
Harmonising fat_distr (fat_distr) and Outcome (Outcome)
[1] 139
[1] 139
  iteration traits posterior_prob regional_prob candidate_snp
1         1   None             NA        0.0351            NA
  posterior_explained_by_snp dropped_trait lead_snp
1                         NA      iradjbmi   rs2573
[1] "SPLICING EVENT"
[1] "chr7:73552242:73557041:clu_53876_-:ENSG00000106635.8"
Harmonising fat_distr (fat_distr) and Outcome (Outcome)
Harmonising fat_distr (fat_distr) and Outcome (Outcome)
[1] 139
[1] 139
  iteration traits posterior_prob regional_prob candidate_snp
1         1   None             NA        0.3118            NA
  posterior_explained_by_snp dropped_trait lead_snp
1                         NA      iradjbmi   rs2573
[1] "SPLICING EVENT"
[1] "chr7:73552242:73557487:clu_53876_-:ENSG00000106635.8"
Harmonising fat_distr (fat_distr) and Outcome (Outcome)
Harmonising fat_distr (fat_distr) and Outcome (Outcome)
[1] 139
[1] 139
  iteration traits posterior_prob regional_prob candidate_snp
1         1   None             NA          0.09            NA
  posterior_explained_by_snp dropped_trait lead_snp
1                         NA      iradjbmi   rs2573
[1] "SPLICING EVENT"
[1] "chr7:73553669:73557487:clu_53876_-:ENSG00000106635.8"
Harmonising fat_distr (fat_distr) and Outcome (Outcome)
Harmonising fat_distr (fat_distr) and Outcome (Outcome)
[1] 139
[1] 139
  iteration traits posterior_prob regional_prob candidate_snp
1         1   None             NA        0.0111            NA
  posterior_explained_by_snp dropped_trait lead_snp
1                         NA      iradjbmi   rs2573
[1] "SPLICING EVENT"
[1] "chr7:73594398:73595637:clu_53881_-:ENSG00000009950.16"
Harmonising fat_distr (fat_distr) and Outcome (Outcome)
Harmonising fat_distr (fat_distr) and Outcome (Outcome)
[1] 139
[1] 139
  iteration traits posterior_prob regional_prob candidate_snp
1         1   None             NA        0.0254            NA
  posterior_explained_by_snp dropped_trait lead_snp
1                         NA      iradjbmi   rs2573
[1] "SPLICING EVENT"
[1] "chr7:73594403:73595637:clu_53881_-:ENSG00000009950.16"
Harmonising fat_distr (fat_distr) and Outcome (Outcome)
Harmonising fat_distr (fat_distr) and Outcome (Outcome)
[1] 139
[1] 139
  iteration traits posterior_prob regional_prob candidate_snp
1         1   None             NA        0.0191            NA
  posterior_explained_by_snp dropped_trait lead_snp
1                         NA      iradjbmi   rs2573
[1] "SPLICING EVENT"
[1] "chr7:73595912:73596153:clu_53882_-:ENSG00000009950.16"
Harmonising fat_distr (fat_distr) and Outcome (Outcome)
Harmonising fat_distr (fat_distr) and Outcome (Outcome)
[1] 139
[1] 139
  iteration traits posterior_prob regional_prob candidate_snp
1         1   None             NA        0.0121            NA
  posterior_explained_by_snp dropped_trait lead_snp
1                         NA      iradjbmi   rs2573
[1] "SPLICING EVENT"
[1] "chr7:73595915:73596153:clu_53882_-:ENSG00000009950.16"
Harmonising fat_distr (fat_distr) and Outcome (Outcome)
Harmonising fat_distr (fat_distr) and Outcome (Outcome)
[1] 139
[1] 139
  iteration traits posterior_prob regional_prob candidate_snp
1         1   None             NA        0.0201            NA
  posterior_explained_by_snp dropped_trait lead_snp
1                         NA      iradjbmi   rs2573
[1] "SPLICING EVENT"
[1] "chr7:73595969:73596153:clu_53882_-:ENSG00000009950.16"
Harmonising fat_distr (fat_distr) and Outcome (Outcome)
Harmonising fat_distr (fat_distr) and Outcome (Outcome)
[1] 139
[1] 139
  iteration traits posterior_prob regional_prob candidate_snp
1         1   None             NA        0.0227            NA
  posterior_explained_by_snp dropped_trait lead_snp
1                         NA      iradjbmi   rs2573
[1] "SPLICING EVENT"
[1] "chr7:73596479:73596639:clu_53883_-:ENSG00000009950.16"
Harmonising fat_distr (fat_distr) and Outcome (Outcome)
Harmonising fat_distr (fat_distr) and Outcome (Outcome)
[1] 139
[1] 139
  iteration traits posterior_prob regional_prob candidate_snp
1         1   None             NA        0.0466            NA
  posterior_explained_by_snp dropped_trait lead_snp
1                         NA      iradjbmi   rs2573
[1] "SPLICING EVENT"
[1] "chr7:73596479:73596865:clu_53883_-:ENSG00000009950.16"
Harmonising fat_distr (fat_distr) and Outcome (Outcome)
Harmonising fat_distr (fat_distr) and Outcome (Outcome)
[1] 139
[1] 139
  iteration traits posterior_prob regional_prob candidate_snp
1         1   None             NA        0.0146            NA
  posterior_explained_by_snp dropped_trait lead_snp
1                         NA      iradjbmi   rs2573
[1] "SPLICING EVENT"
[1] "chr7:73596786:73596865:clu_53883_-:ENSG00000009950.16"
Harmonising fat_distr (fat_distr) and Outcome (Outcome)
Harmonising fat_distr (fat_distr) and Outcome (Outcome)
[1] 139
[1] 139
  iteration traits posterior_prob regional_prob candidate_snp
1         1   None             NA        0.0284            NA
  posterior_explained_by_snp dropped_trait lead_snp
1                         NA      iradjbmi   rs2573
[1] "SPLICING EVENT"
[1] "chr7:73596789:73596865:clu_53883_-:ENSG00000009950.16"
Harmonising fat_distr (fat_distr) and Outcome (Outcome)
Harmonising fat_distr (fat_distr) and Outcome (Outcome)
[1] 139
[1] 139
  iteration traits posterior_prob regional_prob candidate_snp
1         1   None             NA        0.0228            NA
  posterior_explained_by_snp dropped_trait lead_snp
1                         NA      iradjbmi   rs2573
[1] "SPLICING EVENT"
[1] "chr7:73599666:73605688:clu_53884_-:ENSG00000009950.16"
Harmonising fat_distr (fat_distr) and Outcome (Outcome)
Harmonising fat_distr (fat_distr) and Outcome (Outcome)
[1] 139
[1] 139
  iteration traits posterior_prob regional_prob candidate_snp
1         1   None             NA        0.0208            NA
  posterior_explained_by_snp dropped_trait lead_snp
1                         NA      iradjbmi   rs2573
[1] "SPLICING EVENT"
[1] "chr7:73599695:73605688:clu_53884_-:ENSG00000009950.16"
Harmonising fat_distr (fat_distr) and Outcome (Outcome)
Harmonising fat_distr (fat_distr) and Outcome (Outcome)
[1] 139
[1] 139
  iteration traits posterior_prob regional_prob candidate_snp
1         1   None             NA        0.0115            NA
  posterior_explained_by_snp dropped_trait lead_snp
1                         NA      iradjbmi   rs2573
[1] "SPLICING EVENT"
[1] "chr7:73599695:73616071:clu_53884_-:ENSG00000009950.16"
Harmonising fat_distr (fat_distr) and Outcome (Outcome)
Harmonising fat_distr (fat_distr) and Outcome (Outcome)
[1] 139
[1] 139
  iteration traits posterior_prob regional_prob candidate_snp
1         1   None             NA         0.012            NA
  posterior_explained_by_snp dropped_trait lead_snp
1                         NA      iradjbmi   rs2573
[1] "SPLICING EVENT"
[1] "chr7:73605518:73605688:clu_53884_-:ENSG00000009950.16"
Harmonising fat_distr (fat_distr) and Outcome (Outcome)
Harmonising fat_distr (fat_distr) and Outcome (Outcome)
[1] 139
[1] 139
  iteration traits posterior_prob regional_prob candidate_snp
1         1   None             NA        0.0106            NA
  posterior_explained_by_snp dropped_trait lead_snp
1                         NA      iradjbmi   rs2573
[1] "SPLICING EVENT"
[1] "chr7:73607018:73607136:clu_53885_-:ENSG00000009950.16"
Harmonising fat_distr (fat_distr) and Outcome (Outcome)
Harmonising fat_distr (fat_distr) and Outcome (Outcome)
[1] 139
[1] 139
  iteration traits posterior_prob regional_prob candidate_snp
1         1   None             NA        0.0096            NA
  posterior_explained_by_snp dropped_trait lead_snp
1                         NA      iradjbmi   rs2573
[1] "SPLICING EVENT"
[1] "chr7:73607018:73607331:clu_53885_-:ENSG00000009950.16"
Harmonising fat_distr (fat_distr) and Outcome (Outcome)
Harmonising fat_distr (fat_distr) and Outcome (Outcome)
[1] 139
[1] 139
  iteration traits posterior_prob regional_prob candidate_snp
1         1   None             NA        0.0096            NA
  posterior_explained_by_snp dropped_trait lead_snp
1                         NA      iradjbmi   rs2573
[1] "SPLICING EVENT"
[1] "chr7:73607672:73616071:clu_53884_-:ENSG00000009950.16"
Harmonising fat_distr (fat_distr) and Outcome (Outcome)
Harmonising fat_distr (fat_distr) and Outcome (Outcome)
[1] 139
[1] 139
  iteration traits posterior_prob regional_prob candidate_snp
1         1   None             NA        0.0137            NA
  posterior_explained_by_snp dropped_trait lead_snp
1                         NA      iradjbmi   rs2573
[1] "SPLICING EVENT"
[1] "chr7:73616177:73624200:clu_53886_-:ENSG00000009950.16"
Harmonising fat_distr (fat_distr) and Outcome (Outcome)
Harmonising fat_distr (fat_distr) and Outcome (Outcome)
[1] 139
[1] 139
  iteration traits posterior_prob regional_prob candidate_snp
1         1   None             NA        0.0104            NA
  posterior_explained_by_snp dropped_trait lead_snp
1                         NA      iradjbmi   rs2573
[1] "LEAD INDEX"
[1] 14
[1] "LEAD INDEX"
[1] 15
[1] "LEAD INDEX"
[1] 16
[1] "SPLICING EVENT"
[1] "chr7:130872639:130884317:clu_54441_-:ENSG00000231721.7"
Harmonising fat_distr (fat_distr) and Outcome (Outcome)
Harmonising fat_distr (fat_distr) and Outcome (Outcome)
[1] 449
[1] 449
  iteration traits posterior_prob regional_prob candidate_snp
1         1   None             NA        0.0155            NA
  posterior_explained_by_snp dropped_trait  lead_snp
1                         NA      iradjbmi rs4731702
[1] "SPLICING EVENT"
[1] "chr7:130884396:130912110:clu_54441_-:ENSG00000231721.7"
Harmonising fat_distr (fat_distr) and Outcome (Outcome)
Harmonising fat_distr (fat_distr) and Outcome (Outcome)
[1] 449
[1] 449
  iteration traits posterior_prob regional_prob candidate_snp
1         1   None             NA        0.0082            NA
  posterior_explained_by_snp dropped_trait  lead_snp
1                         NA      iradjbmi rs4731702
[1] "SPLICING EVENT"
[1] "chr7:130912152:130941413:clu_54441_-:ENSG00000231721.7"
Harmonising fat_distr (fat_distr) and Outcome (Outcome)
Harmonising fat_distr (fat_distr) and Outcome (Outcome)
[1] 449
[1] 449
  iteration traits posterior_prob regional_prob candidate_snp
1         1   None             NA        0.0059            NA
  posterior_explained_by_snp dropped_trait  lead_snp
1                         NA      iradjbmi rs4731702
[1] "SPLICING EVENT"
[1] "chr7:130912152:130945720:clu_54441_-:ENSG00000231721.7"
Harmonising fat_distr (fat_distr) and Outcome (Outcome)
Harmonising fat_distr (fat_distr) and Outcome (Outcome)
[1] 449
[1] 449
  iteration traits posterior_prob regional_prob candidate_snp
1         1   None             NA        0.0056            NA
  posterior_explained_by_snp dropped_trait  lead_snp
1                         NA      iradjbmi rs4731702
[1] "SPLICING EVENT"
[1] "chr7:130944447:130945720:clu_54441_-:ENSG00000231721.7"
Harmonising fat_distr (fat_distr) and Outcome (Outcome)
Harmonising fat_distr (fat_distr) and Outcome (Outcome)
[1] 449
[1] 449
  iteration traits posterior_prob regional_prob candidate_snp
1         1   None             NA        0.0123            NA
  posterior_explained_by_snp dropped_trait  lead_snp
1                         NA      iradjbmi rs4731702
[1] "SPLICING EVENT"
[1] "chr7:130944889:130945720:clu_54441_-:ENSG00000231721.7"
Harmonising fat_distr (fat_distr) and Outcome (Outcome)
Harmonising fat_distr (fat_distr) and Outcome (Outcome)
[1] 449
[1] 449
  iteration traits posterior_prob regional_prob candidate_snp
1         1   None             NA        0.0062            NA
  posterior_explained_by_snp dropped_trait  lead_snp
1                         NA      iradjbmi rs4731702
[1] "SPLICING EVENT"
[1] "chr7:130944906:130945720:clu_54441_-:ENSG00000231721.7"
Harmonising fat_distr (fat_distr) and Outcome (Outcome)
Harmonising fat_distr (fat_distr) and Outcome (Outcome)
[1] 449
[1] 449
  iteration traits posterior_prob regional_prob candidate_snp
1         1   None             NA        0.0069            NA
  posterior_explained_by_snp dropped_trait  lead_snp
1                         NA      iradjbmi rs4731702
[1] "SPLICING EVENT"
[1] "chr7:130945835:130959869:clu_54442_-:ENSG00000231721.7"
Harmonising fat_distr (fat_distr) and Outcome (Outcome)
Harmonising fat_distr (fat_distr) and Outcome (Outcome)
[1] 449
[1] 449
  iteration traits posterior_prob regional_prob candidate_snp
1         1   None             NA         1e-04            NA
  posterior_explained_by_snp
1                         NA
                                           dropped_trait  lead_snp
1 chr7:130945835:130959869:clu_54442_-:ENSG00000231721.7 rs4731702
[1] "SPLICING EVENT"
[1] "chr7:130945835:130967389:clu_54442_-:ENSG00000231721.7"
Harmonising fat_distr (fat_distr) and Outcome (Outcome)
Harmonising fat_distr (fat_distr) and Outcome (Outcome)
[1] 449
[1] 449
  iteration traits posterior_prob regional_prob candidate_snp
1         1   None             NA        0.0076            NA
  posterior_explained_by_snp dropped_trait  lead_snp
1                         NA      iradjbmi rs4731702
[1] "SPLICING EVENT"
[1] "chr7:130945835:130984053:clu_54442_-:ENSG00000231721.7"
Harmonising fat_distr (fat_distr) and Outcome (Outcome)
Harmonising fat_distr (fat_distr) and Outcome (Outcome)
[1] 449
[1] 449
  iteration traits posterior_prob regional_prob candidate_snp
1         1   None             NA         1e-04            NA
  posterior_explained_by_snp
1                         NA
                                           dropped_trait  lead_snp
1 chr7:130945835:130984053:clu_54442_-:ENSG00000231721.7 rs4731702
[1] "SPLICING EVENT"
[1] "chr7:130959970:130984053:clu_54442_-:ENSG00000231721.7"
Harmonising fat_distr (fat_distr) and Outcome (Outcome)
Harmonising fat_distr (fat_distr) and Outcome (Outcome)
[1] 449
[1] 449
  iteration traits posterior_prob regional_prob candidate_snp
1         1   None             NA         1e-04            NA
  posterior_explained_by_snp
1                         NA
                                           dropped_trait  lead_snp
1 chr7:130959970:130984053:clu_54442_-:ENSG00000231721.7 rs4731702
[1] "SPLICING EVENT"
[1] "chr7:130967517:130984053:clu_54442_-:ENSG00000231721.7"
Harmonising fat_distr (fat_distr) and Outcome (Outcome)
Harmonising fat_distr (fat_distr) and Outcome (Outcome)
[1] 449
[1] 449
  iteration traits posterior_prob regional_prob candidate_snp
1         1   None             NA         0.006            NA
  posterior_explained_by_snp dropped_trait  lead_snp
1                         NA      iradjbmi rs4731702
[1] "SPLICING EVENT"
[1] "chr7:130984109:131002197:clu_54443_-:ENSG00000231721.7"
Harmonising fat_distr (fat_distr) and Outcome (Outcome)
Harmonising fat_distr (fat_distr) and Outcome (Outcome)
[1] 449
[1] 449
  iteration traits posterior_prob regional_prob candidate_snp
1         1   None             NA         2e-04            NA
  posterior_explained_by_snp
1                         NA
                                           dropped_trait  lead_snp
1 chr7:130984109:131002197:clu_54443_-:ENSG00000231721.7 rs4731702
[1] "SPLICING EVENT"
[1] "chr7:130984109:131009709:clu_54443_-:ENSG00000231721.7"
Harmonising fat_distr (fat_distr) and Outcome (Outcome)
Harmonising fat_distr (fat_distr) and Outcome (Outcome)
[1] 449
[1] 449
  iteration traits posterior_prob regional_prob candidate_snp
1         1   None             NA        0.0064            NA
  posterior_explained_by_snp dropped_trait  lead_snp
1                         NA      iradjbmi rs4731702
[1] "SPLICING EVENT"
[1] "chr7:130984109:131052425:clu_54443_-:ENSG00000231721.7"
Harmonising fat_distr (fat_distr) and Outcome (Outcome)
Harmonising fat_distr (fat_distr) and Outcome (Outcome)
[1] 449
[1] 449
  iteration traits posterior_prob regional_prob candidate_snp
1         1   None             NA         2e-04            NA
  posterior_explained_by_snp
1                         NA
                                           dropped_trait  lead_snp
1 chr7:130984109:131052425:clu_54443_-:ENSG00000231721.7 rs4731702
[1] "SPLICING EVENT"
[1] "chr7:130984109:131107720:clu_54443_-:ENSG00000231721.7"
Harmonising fat_distr (fat_distr) and Outcome (Outcome)
Harmonising fat_distr (fat_distr) and Outcome (Outcome)
[1] 449
[1] 449
  iteration traits posterior_prob regional_prob candidate_snp
1         1   None             NA         0.011            NA
  posterior_explained_by_snp dropped_trait  lead_snp
1                         NA      iradjbmi rs4731702
[1] "SPLICING EVENT"
[1] "chr7:131002320:131052425:clu_54443_-:ENSG00000231721.7"
Harmonising fat_distr (fat_distr) and Outcome (Outcome)
Harmonising fat_distr (fat_distr) and Outcome (Outcome)
[1] 449
[1] 449
  iteration traits posterior_prob regional_prob candidate_snp
1         1   None             NA         2e-04            NA
  posterior_explained_by_snp
1                         NA
                                           dropped_trait  lead_snp
1 chr7:131002320:131052425:clu_54443_-:ENSG00000231721.7 rs4731702
[1] "SPLICING EVENT"
[1] "chr7:131009778:131052425:clu_54443_-:ENSG00000231721.7"
Harmonising fat_distr (fat_distr) and Outcome (Outcome)
Harmonising fat_distr (fat_distr) and Outcome (Outcome)
[1] 449
[1] 449
  iteration traits posterior_prob regional_prob candidate_snp
1         1   None             NA        0.0108            NA
  posterior_explained_by_snp dropped_trait  lead_snp
1                         NA      iradjbmi rs4731702
[1] "SPLICING EVENT"
[1] "chr7:131052555:131106545:clu_54443_-:ENSG00000231721.7"
Harmonising fat_distr (fat_distr) and Outcome (Outcome)
Harmonising fat_distr (fat_distr) and Outcome (Outcome)
[1] 449
[1] 449
  iteration traits posterior_prob regional_prob candidate_snp
1         1   None             NA        0.0063            NA
  posterior_explained_by_snp dropped_trait  lead_snp
1                         NA      iradjbmi rs4731702
[1] "SPLICING EVENT"
[1] "chr7:131052555:131107720:clu_54443_-:ENSG00000231721.7"
Harmonising fat_distr (fat_distr) and Outcome (Outcome)
Harmonising fat_distr (fat_distr) and Outcome (Outcome)
[1] 449
[1] 449
  iteration traits posterior_prob regional_prob candidate_snp
1         1   None             NA        0.0082            NA
  posterior_explained_by_snp dropped_trait  lead_snp
1                         NA      iradjbmi rs4731702
[1] "LEAD INDEX"
[1] 17
[1] "LEAD INDEX"
[1] 18
[1] "SPLICING EVENT"
[1] "chr7:150567437:150569888:clu_53210_+:ENSG00000133574.10"
Harmonising fat_distr (fat_distr) and Outcome (Outcome)
Harmonising fat_distr (fat_distr) and Outcome (Outcome)
[1] 394
[1] 394
  iteration traits posterior_prob regional_prob candidate_snp
1         1   None             NA        0.0172            NA
  posterior_explained_by_snp dropped_trait   lead_snp
1                         NA      iradjbmi rs10254829
[1] "SPLICING EVENT"
[1] "chr7:150569959:150572129:clu_53210_+:ENSG00000133574.10"
Harmonising fat_distr (fat_distr) and Outcome (Outcome)
Harmonising fat_distr (fat_distr) and Outcome (Outcome)
[1] 394
[1] 394
  iteration traits posterior_prob regional_prob candidate_snp
1         1   None             NA        0.0304            NA
  posterior_explained_by_snp dropped_trait   lead_snp
1                         NA      iradjbmi rs10254829
[1] "SPLICING EVENT"
[1] "chr7:150570001:150572129:clu_53210_+:ENSG00000133574.10"
Harmonising fat_distr (fat_distr) and Outcome (Outcome)
Harmonising fat_distr (fat_distr) and Outcome (Outcome)
[1] 394
[1] 394
  iteration traits posterior_prob regional_prob candidate_snp
1         1   None             NA        0.0101            NA
  posterior_explained_by_snp dropped_trait   lead_snp
1                         NA      iradjbmi rs10254829
[1] "LEAD INDEX"
[1] 19
[1] "SPLICING EVENT"
[1] "chr7:150800828:150801536:clu_53215_+:ENSG00000002933.9"
Harmonising fat_distr (fat_distr) and Outcome (Outcome)
Harmonising fat_distr (fat_distr) and Outcome (Outcome)
[1] 519
[1] 519
  iteration traits posterior_prob regional_prob candidate_snp
1         1   None             NA        0.0704            NA
  posterior_explained_by_snp dropped_trait  lead_snp
1                         NA      iradjbmi rs6977081
[1] "SPLICING EVENT"
[1] "chr7:150800968:150801536:clu_53215_+:ENSG00000002933.9"
Harmonising fat_distr (fat_distr) and Outcome (Outcome)
Harmonising fat_distr (fat_distr) and Outcome (Outcome)
[1] 519
[1] 519
  iteration traits posterior_prob regional_prob candidate_snp
1         1   None             NA        0.1281            NA
  posterior_explained_by_snp dropped_trait  lead_snp
1                         NA      iradjbmi rs6977081
[1] "SPLICING EVENT"
[1] "chr7:150803832:150804362:clu_53219_+:ENSG00000002933.9"
Harmonising fat_distr (fat_distr) and Outcome (Outcome)
Harmonising fat_distr (fat_distr) and Outcome (Outcome)
[1] 519
[1] 519
  iteration traits posterior_prob regional_prob candidate_snp
1         1   None             NA        0.6176            NA
  posterior_explained_by_snp
1                         NA
                                           dropped_trait  lead_snp
1 chr7:150803832:150804362:clu_53219_+:ENSG00000002933.9 rs6977081
[1] "SPLICING EVENT"
[1] "chr7:150803832:150804827:clu_53219_+:ENSG00000002933.9"
Harmonising fat_distr (fat_distr) and Outcome (Outcome)
Harmonising fat_distr (fat_distr) and Outcome (Outcome)
[1] 519
[1] 519
  iteration traits posterior_prob regional_prob candidate_snp
1         1   None             NA         0.009            NA
  posterior_explained_by_snp dropped_trait  lead_snp
1                         NA      iradjbmi rs6977081
[1] "SPLICING EVENT"
[1] "chr7:150804472:150804827:clu_53219_+:ENSG00000002933.9"
Harmonising fat_distr (fat_distr) and Outcome (Outcome)
Harmonising fat_distr (fat_distr) and Outcome (Outcome)
[1] 519
[1] 519
  iteration traits posterior_prob regional_prob candidate_snp
1         1   None             NA         0.971            NA
  posterior_explained_by_snp dropped_trait  lead_snp
1                         NA      iradjbmi rs6977081
[1] "SPLICING EVENT"
[1] "chr7:150804485:150804827:clu_53219_+:ENSG00000002933.9"
Harmonising fat_distr (fat_distr) and Outcome (Outcome)
Harmonising fat_distr (fat_distr) and Outcome (Outcome)
[1] 519
[1] 519
  iteration traits posterior_prob regional_prob candidate_snp
1         1   None             NA        0.0069            NA
  posterior_explained_by_snp dropped_trait  lead_snp
1                         NA      iradjbmi rs6977081
[1] "CHROMOSOME"
[1] 8
[1] "LEAD INDEX"
[1] 1
[1] "SPLICING EVENT"
[1] "chr8:12723254:12725727:clu_54784_-:ENSG00000154359.13"
Harmonising fat_distr (fat_distr) and Outcome (Outcome)
Harmonising fat_distr (fat_distr) and Outcome (Outcome)
[1] 370
[1] 370
  iteration traits posterior_prob regional_prob candidate_snp
1         1   None             NA        0.0012            NA
  posterior_explained_by_snp dropped_trait  lead_snp
1                         NA      iradjbmi rs4474021
[1] "SPLICING EVENT"
[1] "chr8:12725879:12728901:clu_54784_-:ENSG00000154359.13"
Harmonising fat_distr (fat_distr) and Outcome (Outcome)
Harmonising fat_distr (fat_distr) and Outcome (Outcome)
[1] 370
[1] 370
  iteration traits posterior_prob regional_prob candidate_snp
1         1   None             NA        0.0012            NA
  posterior_explained_by_snp dropped_trait  lead_snp
1                         NA      iradjbmi rs4474021
[1] "SPLICING EVENT"
[1] "chr8:12729332:12731736:clu_54785_-:ENSG00000154359.13"
Harmonising fat_distr (fat_distr) and Outcome (Outcome)
Harmonising fat_distr (fat_distr) and Outcome (Outcome)
[1] 370
[1] 370
  iteration traits posterior_prob regional_prob candidate_snp
1         1   None             NA         0.001            NA
  posterior_explained_by_snp dropped_trait  lead_snp
1                         NA      iradjbmi rs4474021
[1] "SPLICING EVENT"
[1] "chr8:12729332:12735286:clu_54785_-:ENSG00000154359.13"
Harmonising fat_distr (fat_distr) and Outcome (Outcome)
Harmonising fat_distr (fat_distr) and Outcome (Outcome)
[1] 370
[1] 370
  iteration traits posterior_prob regional_prob candidate_snp
1         1   None             NA        0.0016            NA
  posterior_explained_by_snp dropped_trait  lead_snp
1                         NA      iradjbmi rs4474021
[1] "SPLICING EVENT"
[1] "chr8:12731857:12735286:clu_54785_-:ENSG00000154359.13"
Harmonising fat_distr (fat_distr) and Outcome (Outcome)
Harmonising fat_distr (fat_distr) and Outcome (Outcome)
[1] 370
[1] 370
  iteration traits posterior_prob regional_prob candidate_snp
1         1   None             NA        0.0014            NA
  posterior_explained_by_snp dropped_trait  lead_snp
1                         NA      iradjbmi rs4474021
[1] "SPLICING EVENT"
[1] "chr8:12736764:12736900:clu_54786_-:ENSG00000154359.13"
Harmonising fat_distr (fat_distr) and Outcome (Outcome)
Harmonising fat_distr (fat_distr) and Outcome (Outcome)
[1] 370
[1] 370
  iteration traits posterior_prob regional_prob candidate_snp
1         1   None             NA        0.0038            NA
  posterior_explained_by_snp dropped_trait  lead_snp
1                         NA      iradjbmi rs4474021
[1] "SPLICING EVENT"
[1] "chr8:12736797:12736900:clu_54786_-:ENSG00000154359.13"
Harmonising fat_distr (fat_distr) and Outcome (Outcome)
Harmonising fat_distr (fat_distr) and Outcome (Outcome)
[1] 370
[1] 370
  iteration traits posterior_prob regional_prob candidate_snp
1         1   None             NA        0.0046            NA
  posterior_explained_by_snp dropped_trait  lead_snp
1                         NA      iradjbmi rs4474021
[1] "SPLICING EVENT"
[1] "chr8:12737140:12737272:clu_54787_-:ENSG00000154359.13"
Harmonising fat_distr (fat_distr) and Outcome (Outcome)
Harmonising fat_distr (fat_distr) and Outcome (Outcome)
[1] 370
[1] 370
  iteration traits posterior_prob regional_prob candidate_snp
1         1   None             NA         9e-04            NA
  posterior_explained_by_snp dropped_trait  lead_snp
1                         NA      iradjbmi rs4474021
[1] "SPLICING EVENT"
[1] "chr8:12737140:12737995:clu_54787_-:ENSG00000154359.13"
Harmonising fat_distr (fat_distr) and Outcome (Outcome)
Harmonising fat_distr (fat_distr) and Outcome (Outcome)
[1] 370
[1] 370
  iteration traits posterior_prob regional_prob candidate_snp
1         1   None             NA         6e-04            NA
  posterior_explained_by_snp dropped_trait  lead_snp
1                         NA      iradjbmi rs4474021
[1] "SPLICING EVENT"
[1] "chr8:12737360:12737995:clu_54787_-:ENSG00000154359.13"
Harmonising fat_distr (fat_distr) and Outcome (Outcome)
Harmonising fat_distr (fat_distr) and Outcome (Outcome)
[1] 370
[1] 370
  iteration traits posterior_prob regional_prob candidate_snp
1         1   None             NA         0.001            NA
  posterior_explained_by_snp dropped_trait  lead_snp
1                         NA      iradjbmi rs4474021
[1] "SPLICING EVENT"
[1] "chr8:12738144:12740874:clu_54788_-:ENSG00000154359.13"
Harmonising fat_distr (fat_distr) and Outcome (Outcome)
Harmonising fat_distr (fat_distr) and Outcome (Outcome)
[1] 370
[1] 370
  iteration traits posterior_prob regional_prob candidate_snp
1         1   None             NA        0.0014            NA
  posterior_explained_by_snp dropped_trait  lead_snp
1                         NA      iradjbmi rs4474021
[1] "SPLICING EVENT"
[1] "chr8:12743282:12754700:clu_54789_-:ENSG00000154359.13"
Harmonising fat_distr (fat_distr) and Outcome (Outcome)
Harmonising fat_distr (fat_distr) and Outcome (Outcome)
[1] 370
[1] 370
  iteration traits posterior_prob regional_prob candidate_snp
1         1   None             NA        0.0011            NA
  posterior_explained_by_snp dropped_trait  lead_snp
1                         NA      iradjbmi rs4474021
[1] "LEAD INDEX"
[1] 2
[1] "LEAD INDEX"
[1] 3
[1] "SPLICING EVENT"
[1] "chr8:37736678:37737908:clu_56149_+:ENSG00000147475.17"
Harmonising fat_distr (fat_distr) and Outcome (Outcome)
Harmonising fat_distr (fat_distr) and Outcome (Outcome)
[1] 273
[1] 273
  iteration traits posterior_prob regional_prob candidate_snp
1         1   None             NA        0.0075            NA
  posterior_explained_by_snp dropped_trait  lead_snp
1                         NA      iradjbmi rs7816345
[1] "SPLICING EVENT"
[1] "chr8:37737007:37737908:clu_56149_+:ENSG00000147475.17"
Harmonising fat_distr (fat_distr) and Outcome (Outcome)
Harmonising fat_distr (fat_distr) and Outcome (Outcome)
[1] 273
[1] 273
  iteration traits posterior_prob regional_prob candidate_snp
1         1   None             NA        0.0072            NA
  posterior_explained_by_snp dropped_trait  lead_snp
1                         NA      iradjbmi rs7816345
[1] "SPLICING EVENT"
[1] "chr8:37740446:37741772:clu_56150_+:ENSG00000147475.17"
Harmonising fat_distr (fat_distr) and Outcome (Outcome)
Harmonising fat_distr (fat_distr) and Outcome (Outcome)
[1] 273
[1] 273
  iteration traits posterior_prob regional_prob candidate_snp
1         1   None             NA        0.0076            NA
  posterior_explained_by_snp dropped_trait  lead_snp
1                         NA      iradjbmi rs7816345
[1] "SPLICING EVENT"
[1] "chr8:37741818:37744355:clu_56150_+:ENSG00000147475.17"
Harmonising fat_distr (fat_distr) and Outcome (Outcome)
Harmonising fat_distr (fat_distr) and Outcome (Outcome)
[1] 273
[1] 273
  iteration traits posterior_prob regional_prob candidate_snp
1         1   None             NA        0.0076            NA
  posterior_explained_by_snp dropped_trait  lead_snp
1                         NA      iradjbmi rs7816345
[1] "SPLICING EVENT"
[1] "chr8:37744696:37749559:clu_56151_+:ENSG00000147475.17"
Harmonising fat_distr (fat_distr) and Outcome (Outcome)
Harmonising fat_distr (fat_distr) and Outcome (Outcome)
[1] 273
[1] 273
  iteration traits posterior_prob regional_prob candidate_snp
1         1   None             NA        0.0188            NA
  posterior_explained_by_snp dropped_trait  lead_snp
1                         NA      iradjbmi rs7816345
[1] "LEAD INDEX"
[1] 4
[1] "SPLICING EVENT"
[1] "chr8:38412595:38413918:clu_54998_-:ENSG00000077782.22"
Harmonising fat_distr (fat_distr) and Outcome (Outcome)
Harmonising fat_distr (fat_distr) and Outcome (Outcome)
[1] 270
[1] 270
  iteration traits posterior_prob regional_prob candidate_snp
1         1   None             NA        0.0386            NA
  posterior_explained_by_snp dropped_trait   lead_snp
1                         NA      iradjbmi rs10958704
[1] "SPLICING EVENT"
[1] "chr8:38413804:38413918:clu_54998_-:ENSG00000077782.22"
Harmonising fat_distr (fat_distr) and Outcome (Outcome)
Harmonising fat_distr (fat_distr) and Outcome (Outcome)
[1] 270
[1] 270
  iteration traits posterior_prob regional_prob candidate_snp
1         1   None             NA        0.0582            NA
  posterior_explained_by_snp dropped_trait   lead_snp
1                         NA      iradjbmi rs10958704
[1] "SPLICING EVENT"
[1] "chr8:38414023:38414152:clu_54999_-:ENSG00000077782.22"
Harmonising fat_distr (fat_distr) and Outcome (Outcome)
Harmonising fat_distr (fat_distr) and Outcome (Outcome)
[1] 270
[1] 270
  iteration traits posterior_prob regional_prob candidate_snp
1         1   None             NA        0.0053            NA
  posterior_explained_by_snp dropped_trait   lead_snp
1                         NA      iradjbmi rs10958704
[1] "SPLICING EVENT"
[1] "chr8:38414901:38415870:clu_55000_-:ENSG00000077782.22"
Harmonising fat_distr (fat_distr) and Outcome (Outcome)
Harmonising fat_distr (fat_distr) and Outcome (Outcome)
[1] 270
[1] 270
  iteration traits posterior_prob regional_prob candidate_snp
1         1   None             NA        0.0073            NA
  posterior_explained_by_snp dropped_trait   lead_snp
1                         NA      iradjbmi rs10958704
[1] "SPLICING EVENT"
[1] "chr8:38417416:38417870:clu_55001_-:ENSG00000077782.22"
Harmonising fat_distr (fat_distr) and Outcome (Outcome)
Harmonising fat_distr (fat_distr) and Outcome (Outcome)
[1] 270
[1] 270
  iteration traits posterior_prob regional_prob candidate_snp
1         1   None             NA        0.0091            NA
  posterior_explained_by_snp dropped_trait   lead_snp
1                         NA      iradjbmi rs10958704
[1] "SPLICING EVENT"
[1] "chr8:38418373:38419533:clu_55002_-:ENSG00000077782.22"
Harmonising fat_distr (fat_distr) and Outcome (Outcome)
Harmonising fat_distr (fat_distr) and Outcome (Outcome)
[1] 270
[1] 270
  iteration traits posterior_prob regional_prob candidate_snp
1         1   None             NA        0.0061            NA
  posterior_explained_by_snp dropped_trait   lead_snp
1                         NA      iradjbmi rs10958704
[1] "SPLICING EVENT"
[1] "chr8:38418373:38419539:clu_55002_-:ENSG00000077782.22"
Harmonising fat_distr (fat_distr) and Outcome (Outcome)
Harmonising fat_distr (fat_distr) and Outcome (Outcome)
[1] 270
[1] 270
  iteration traits posterior_prob regional_prob candidate_snp
1         1   None             NA        0.0058            NA
  posterior_explained_by_snp dropped_trait   lead_snp
1                         NA      iradjbmi rs10958704
[1] "SPLICING EVENT"
[1] "chr8:38421941:38424509:clu_55003_-:ENSG00000077782.22"
Harmonising fat_distr (fat_distr) and Outcome (Outcome)
Harmonising fat_distr (fat_distr) and Outcome (Outcome)
[1] 270
[1] 270
  iteration traits posterior_prob regional_prob candidate_snp
1         1   None             NA        0.0269            NA
  posterior_explained_by_snp dropped_trait   lead_snp
1                         NA      iradjbmi rs10958704
[1] "SPLICING EVENT"
[1] "chr8:38423175:38424509:clu_55003_-:ENSG00000077782.22"
Harmonising fat_distr (fat_distr) and Outcome (Outcome)
Harmonising fat_distr (fat_distr) and Outcome (Outcome)
[1] 270
[1] 270
  iteration traits posterior_prob regional_prob candidate_snp
1         1   None             NA        0.0242            NA
  posterior_explained_by_snp dropped_trait   lead_snp
1                         NA      iradjbmi rs10958704
[1] "SPLICING EVENT"
[1] "chr8:38426245:38427921:clu_55003_-:ENSG00000077782.22"
Harmonising fat_distr (fat_distr) and Outcome (Outcome)
Harmonising fat_distr (fat_distr) and Outcome (Outcome)
[1] 270
[1] 270
  iteration traits posterior_prob regional_prob candidate_snp
1         1   None             NA        0.0071            NA
  posterior_explained_by_snp dropped_trait   lead_snp
1                         NA      iradjbmi rs10958704
[1] "SPLICING EVENT"
[1] "chr8:38428093:38428346:clu_55004_-:ENSG00000077782.22"
Harmonising fat_distr (fat_distr) and Outcome (Outcome)
Harmonising fat_distr (fat_distr) and Outcome (Outcome)
[1] 270
[1] 270
  iteration traits posterior_prob regional_prob candidate_snp
1         1   None             NA        0.0057            NA
  posterior_explained_by_snp dropped_trait   lead_snp
1                         NA      iradjbmi rs10958704
[1] "SPLICING EVENT"
[1] "chr8:38428093:38428352:clu_55004_-:ENSG00000077782.22"
Harmonising fat_distr (fat_distr) and Outcome (Outcome)
Harmonising fat_distr (fat_distr) and Outcome (Outcome)
[1] 270
[1] 270
  iteration traits posterior_prob regional_prob candidate_snp
1         1   None             NA        0.0058            NA
  posterior_explained_by_snp dropped_trait   lead_snp
1                         NA      iradjbmi rs10958704
[1] "SPLICING EVENT"
[1] "chr8:38428435:38429682:clu_55005_-:ENSG00000077782.22"
Harmonising fat_distr (fat_distr) and Outcome (Outcome)
Harmonising fat_distr (fat_distr) and Outcome (Outcome)
[1] 270
[1] 270
  iteration traits posterior_prob regional_prob candidate_snp
1         1   None             NA        0.0392            NA
  posterior_explained_by_snp dropped_trait   lead_snp
1                         NA      iradjbmi rs10958704
[1] "SPLICING EVENT"
[1] "chr8:38428435:38457356:clu_55005_-:ENSG00000077782.22"
Harmonising fat_distr (fat_distr) and Outcome (Outcome)
Harmonising fat_distr (fat_distr) and Outcome (Outcome)
[1] 270
[1] 270
  iteration traits posterior_prob regional_prob candidate_snp
1         1   None             NA        0.0162            NA
  posterior_explained_by_snp dropped_trait   lead_snp
1                         NA      iradjbmi rs10958704
[1] "SPLICING EVENT"
[1] "chr8:38429948:38457356:clu_55005_-:ENSG00000077782.22"
Harmonising fat_distr (fat_distr) and Outcome (Outcome)
Harmonising fat_distr (fat_distr) and Outcome (Outcome)
[1] 270
[1] 270
  iteration traits posterior_prob regional_prob candidate_snp
1         1   None             NA        0.0056            NA
  posterior_explained_by_snp dropped_trait   lead_snp
1                         NA      iradjbmi rs10958704
[1] "SPLICING EVENT"
[1] "chr8:38457534:38467672:clu_55006_-:ENSG00000077782.22"
Harmonising fat_distr (fat_distr) and Outcome (Outcome)
Harmonising fat_distr (fat_distr) and Outcome (Outcome)
[1] 270
[1] 270
  iteration traits posterior_prob regional_prob candidate_snp
1         1   None             NA        0.0057            NA
  posterior_explained_by_snp dropped_trait   lead_snp
1                         NA      iradjbmi rs10958704
[1] "SPLICING EVENT"
[1] "chr8:38457534:38467981:clu_55006_-:ENSG00000077782.22"
Harmonising fat_distr (fat_distr) and Outcome (Outcome)
Harmonising fat_distr (fat_distr) and Outcome (Outcome)
[1] 270
[1] 270
  iteration traits posterior_prob regional_prob candidate_snp
1         1   None             NA        0.0264            NA
  posterior_explained_by_snp dropped_trait   lead_snp
1                         NA      iradjbmi rs10958704
[1] "LEAD INDEX"
[1] 5
[1] "LEAD INDEX"
[1] 6
[1] "LEAD INDEX"
[1] 7
[1] "LEAD INDEX"
[1] 8
[1] "SPLICING EVENT"
[1] "chr8:10726666:10730196:clu_54767_-:ENSG00000171056.8"
Harmonising fat_distr (fat_distr) and Outcome (Outcome)
Removing the following SNPs for incompatible alleles:
chr8:10423934
Harmonising fat_distr (fat_distr) and Outcome (Outcome)
[1] 541
[1] 541
  iteration traits posterior_prob regional_prob candidate_snp
1         1   None             NA        0.0077            NA
  posterior_explained_by_snp dropped_trait  lead_snp
1                         NA      iradjbmi rs9657541
[1] "SPLICING EVENT"
[1] "chr8:10765916:10820193:clu_54767_-:ENSG00000171056.8"
Harmonising fat_distr (fat_distr) and Outcome (Outcome)
Removing the following SNPs for incompatible alleles:
chr8:10423934
Harmonising fat_distr (fat_distr) and Outcome (Outcome)
[1] 541
[1] 541
  iteration traits posterior_prob regional_prob candidate_snp
1         1   None             NA        0.0079            NA
  posterior_explained_by_snp dropped_trait  lead_snp
1                         NA      iradjbmi rs9657541
[1] "SPLICING EVENT"
[1] "chr8:10765916:10826152:clu_54767_-:ENSG00000171056.8"
Harmonising fat_distr (fat_distr) and Outcome (Outcome)
Removing the following SNPs for incompatible alleles:
chr8:10423934
Harmonising fat_distr (fat_distr) and Outcome (Outcome)
[1] 541
[1] 541
  iteration traits posterior_prob regional_prob candidate_snp
1         1   None             NA        0.0082            NA
  posterior_explained_by_snp dropped_trait  lead_snp
1                         NA      iradjbmi rs9657541
[1] "SPLICING EVENT"
[1] "chr8:10820269:10826152:clu_54767_-:ENSG00000171056.8"
Harmonising fat_distr (fat_distr) and Outcome (Outcome)
Removing the following SNPs for incompatible alleles:
chr8:10423934
Harmonising fat_distr (fat_distr) and Outcome (Outcome)
[1] 541
[1] 541
  iteration traits posterior_prob regional_prob candidate_snp
1         1   None             NA         0.013            NA
  posterior_explained_by_snp dropped_trait  lead_snp
1                         NA      iradjbmi rs9657541
[1] "LEAD INDEX"
[1] 9
[1] "LEAD INDEX"
[1] 10
[1] "SPLICING EVENT"
[1] "chr8:17924780:17934706:clu_55931_+:ENSG00000078674.19"
Harmonising fat_distr (fat_distr) and Outcome (Outcome)
Harmonising fat_distr (fat_distr) and Outcome (Outcome)
[1] 765
[1] 765
  iteration traits posterior_prob regional_prob candidate_snp
1         1   None             NA        0.2072            NA
  posterior_explained_by_snp
1                         NA
                                          dropped_trait lead_snp
1 chr8:17924780:17934706:clu_55931_+:ENSG00000078674.19 rs208062
[1] "SPLICING EVENT"
[1] "chr8:17924780:17935589:clu_55931_+:ENSG00000078674.19"
Harmonising fat_distr (fat_distr) and Outcome (Outcome)
Harmonising fat_distr (fat_distr) and Outcome (Outcome)
[1] 765
[1] 765
  iteration traits posterior_prob regional_prob candidate_snp
1         1   None             NA        0.0307            NA
  posterior_explained_by_snp dropped_trait lead_snp
1                         NA      iradjbmi rs208062
[1] "SPLICING EVENT"
[1] "chr8:17935317:17935589:clu_55931_+:ENSG00000078674.19"
Harmonising fat_distr (fat_distr) and Outcome (Outcome)
Harmonising fat_distr (fat_distr) and Outcome (Outcome)
[1] 765
[1] 765
  iteration traits posterior_prob regional_prob candidate_snp
1         1   None             NA        0.0089            NA
  posterior_explained_by_snp dropped_trait lead_snp
1                         NA      iradjbmi rs208062
[1] "SPLICING EVENT"
[1] "chr8:17939861:17940042:clu_55932_+:ENSG00000078674.19"
Harmonising fat_distr (fat_distr) and Outcome (Outcome)
Harmonising fat_distr (fat_distr) and Outcome (Outcome)
[1] 765
[1] 765
  iteration traits posterior_prob regional_prob candidate_snp
1         1   None             NA        0.0061            NA
  posterior_explained_by_snp dropped_trait lead_snp
1                         NA      iradjbmi rs208062
[1] "SPLICING EVENT"
[1] "chr8:17939861:17947186:clu_55932_+:ENSG00000078674.19"
Harmonising fat_distr (fat_distr) and Outcome (Outcome)
Harmonising fat_distr (fat_distr) and Outcome (Outcome)
[1] 765
[1] 765
  iteration traits posterior_prob regional_prob candidate_snp
1         1   None             NA        0.0098            NA
  posterior_explained_by_snp dropped_trait lead_snp
1                         NA      iradjbmi rs208062
[1] "SPLICING EVENT"
[1] "chr8:17940158:17947186:clu_55932_+:ENSG00000078674.19"
Harmonising fat_distr (fat_distr) and Outcome (Outcome)
Harmonising fat_distr (fat_distr) and Outcome (Outcome)
[1] 765
[1] 765
  iteration traits posterior_prob regional_prob candidate_snp
1         1   None             NA         0.005            NA
  posterior_explained_by_snp dropped_trait lead_snp
1                         NA      iradjbmi rs208062
[1] "SPLICING EVENT"
[1] "chr8:17957421:17957537:clu_55940_+:ENSG00000078674.19"
Harmonising fat_distr (fat_distr) and Outcome (Outcome)
Harmonising fat_distr (fat_distr) and Outcome (Outcome)
[1] 765
[1] 765
  iteration traits posterior_prob regional_prob candidate_snp
1         1   None             NA        0.0046            NA
  posterior_explained_by_snp dropped_trait lead_snp
1                         NA      iradjbmi rs208062
[1] "SPLICING EVENT"
[1] "chr8:17957421:17957540:clu_55940_+:ENSG00000078674.19"
Harmonising fat_distr (fat_distr) and Outcome (Outcome)
Harmonising fat_distr (fat_distr) and Outcome (Outcome)
[1] 765
[1] 765
  iteration traits posterior_prob regional_prob candidate_snp
1         1   None             NA        0.0048            NA
  posterior_explained_by_snp dropped_trait lead_snp
1                         NA      iradjbmi rs208062
[1] "SPLICING EVENT"
[1] "chr8:17960444:17962034:clu_55941_+:ENSG00000078674.19"
Harmonising fat_distr (fat_distr) and Outcome (Outcome)
Harmonising fat_distr (fat_distr) and Outcome (Outcome)
[1] 765
[1] 765
  iteration                                                          traits
1         1 iradjbmi, chr8:17960444:17962034:clu_55941_+:ENSG00000078674.19
  posterior_prob regional_prob candidate_snp posterior_explained_by_snp
1         0.4813        0.6883    rs17126160                     0.1992
  dropped_trait lead_snp
1            NA rs208062
[1] "SPLICING EVENT"
[1] "chr8:17962174:17963101:clu_55941_+:ENSG00000078674.19"
Harmonising fat_distr (fat_distr) and Outcome (Outcome)
Harmonising fat_distr (fat_distr) and Outcome (Outcome)
[1] 765
[1] 765
  iteration traits posterior_prob regional_prob candidate_snp
1         1   None             NA        0.0066            NA
  posterior_explained_by_snp dropped_trait lead_snp
1                         NA      iradjbmi rs208062
[1] "SPLICING EVENT"
[1] "chr8:17963291:17964568:clu_55941_+:ENSG00000078674.19"
Harmonising fat_distr (fat_distr) and Outcome (Outcome)
Harmonising fat_distr (fat_distr) and Outcome (Outcome)
[1] 765
[1] 765
  iteration                                                          traits
1         1 iradjbmi, chr8:17963291:17964568:clu_55941_+:ENSG00000078674.19
  posterior_prob regional_prob candidate_snp posterior_explained_by_snp
1         0.4575        0.6382    rs11203929                       0.26
  dropped_trait lead_snp
1            NA rs208062
[1] "SPLICING EVENT"
[1] "chr8:17967170:17969577:clu_55943_+:ENSG00000078674.19"
Harmonising fat_distr (fat_distr) and Outcome (Outcome)
Harmonising fat_distr (fat_distr) and Outcome (Outcome)
[1] 765
[1] 765
  iteration traits posterior_prob regional_prob candidate_snp
1         1   None             NA        0.0045            NA
  posterior_explained_by_snp dropped_trait lead_snp
1                         NA      iradjbmi rs208062
[1] "SPLICING EVENT"
[1] "chr8:17967170:17969616:clu_55943_+:ENSG00000078674.19"
Harmonising fat_distr (fat_distr) and Outcome (Outcome)
Harmonising fat_distr (fat_distr) and Outcome (Outcome)
[1] 765
[1] 765
  iteration traits posterior_prob regional_prob candidate_snp
1         1   None             NA        0.0043            NA
  posterior_explained_by_snp dropped_trait lead_snp
1                         NA      iradjbmi rs208062
[1] "SPLICING EVENT"
[1] "chr8:17972687:17980591:clu_55944_+:ENSG00000078674.19"
Harmonising fat_distr (fat_distr) and Outcome (Outcome)
Harmonising fat_distr (fat_distr) and Outcome (Outcome)
[1] 765
[1] 765
  iteration traits posterior_prob regional_prob candidate_snp
1         1   None             NA         0.007            NA
  posterior_explained_by_snp dropped_trait lead_snp
1                         NA      iradjbmi rs208062
[1] "SPLICING EVENT"
[1] "chr8:17972687:17983233:clu_55944_+:ENSG00000078674.19"
Harmonising fat_distr (fat_distr) and Outcome (Outcome)
Harmonising fat_distr (fat_distr) and Outcome (Outcome)
[1] 765
[1] 765
  iteration traits posterior_prob regional_prob candidate_snp
1         1   None             NA        0.0057            NA
  posterior_explained_by_snp dropped_trait lead_snp
1                         NA      iradjbmi rs208062
[1] "SPLICING EVENT"
[1] "chr8:17972687:17985447:clu_55944_+:ENSG00000078674.19"
Harmonising fat_distr (fat_distr) and Outcome (Outcome)
Harmonising fat_distr (fat_distr) and Outcome (Outcome)
[1] 765
[1] 765
  iteration traits posterior_prob regional_prob candidate_snp
1         1   None             NA        0.0105            NA
  posterior_explained_by_snp dropped_trait lead_snp
1                         NA      iradjbmi rs208062
[1] "SPLICING EVENT"
[1] "chr8:17980755:17983233:clu_55944_+:ENSG00000078674.19"
Harmonising fat_distr (fat_distr) and Outcome (Outcome)
Harmonising fat_distr (fat_distr) and Outcome (Outcome)
[1] 765
[1] 765
  iteration traits posterior_prob regional_prob candidate_snp
1         1   None             NA        0.0595            NA
  posterior_explained_by_snp
1                         NA
                                          dropped_trait lead_snp
1 chr8:17980755:17983233:clu_55944_+:ENSG00000078674.19 rs208062
[1] "SPLICING EVENT"
[1] "chr8:17980755:17985447:clu_55944_+:ENSG00000078674.19"
Harmonising fat_distr (fat_distr) and Outcome (Outcome)
Harmonising fat_distr (fat_distr) and Outcome (Outcome)
[1] 765
[1] 765
  iteration traits posterior_prob regional_prob candidate_snp
1         1   None             NA        0.1916            NA
  posterior_explained_by_snp
1                         NA
                                          dropped_trait lead_snp
1 chr8:17980755:17985447:clu_55944_+:ENSG00000078674.19 rs208062
[1] "SPLICING EVENT"
[1] "chr8:17983289:17985447:clu_55944_+:ENSG00000078674.19"
Harmonising fat_distr (fat_distr) and Outcome (Outcome)
Harmonising fat_distr (fat_distr) and Outcome (Outcome)
[1] 765
[1] 765
  iteration traits posterior_prob regional_prob candidate_snp
1         1   None             NA        0.0752            NA
  posterior_explained_by_snp
1                         NA
                                          dropped_trait lead_snp
1 chr8:17983289:17985447:clu_55944_+:ENSG00000078674.19 rs208062
[1] "SPLICING EVENT"
[1] "chr8:17986087:17988952:clu_55945_+:ENSG00000078674.19"
Harmonising fat_distr (fat_distr) and Outcome (Outcome)
Harmonising fat_distr (fat_distr) and Outcome (Outcome)
[1] 765
[1] 765
  iteration traits posterior_prob regional_prob candidate_snp
1         1   None             NA        0.1267            NA
  posterior_explained_by_snp dropped_trait lead_snp
1                         NA      iradjbmi rs208062
[1] "SPLICING EVENT"
[1] "chr8:17986087:17989859:clu_55945_+:ENSG00000078674.19"
Harmonising fat_distr (fat_distr) and Outcome (Outcome)
Harmonising fat_distr (fat_distr) and Outcome (Outcome)
[1] 765
[1] 765
  iteration traits posterior_prob regional_prob candidate_snp
1         1   None             NA        0.1315            NA
  posterior_explained_by_snp dropped_trait lead_snp
1                         NA      iradjbmi rs208062
[1] "SPLICING EVENT"
[1] "chr8:17991676:17993483:clu_55946_+:ENSG00000078674.19"
Harmonising fat_distr (fat_distr) and Outcome (Outcome)
Harmonising fat_distr (fat_distr) and Outcome (Outcome)
[1] 765
[1] 765
  iteration traits posterior_prob regional_prob candidate_snp
1         1   None             NA        0.0791            NA
  posterior_explained_by_snp
1                         NA
                                          dropped_trait lead_snp
1 chr8:17991676:17993483:clu_55946_+:ENSG00000078674.19 rs208062
[1] "SPLICING EVENT"
[1] "chr8:17991700:17993483:clu_55946_+:ENSG00000078674.19"
Harmonising fat_distr (fat_distr) and Outcome (Outcome)
Harmonising fat_distr (fat_distr) and Outcome (Outcome)
[1] 765
[1] 765
  iteration traits posterior_prob regional_prob candidate_snp
1         1   None             NA        0.0792            NA
  posterior_explained_by_snp
1                         NA
                                          dropped_trait lead_snp
1 chr8:17991700:17993483:clu_55946_+:ENSG00000078674.19 rs208062
[1] "SPLICING EVENT"
[1] "chr8:17993619:18006251:clu_55933_+:ENSG00000078674.19"
Harmonising fat_distr (fat_distr) and Outcome (Outcome)
Harmonising fat_distr (fat_distr) and Outcome (Outcome)
[1] 765
[1] 765
  iteration traits posterior_prob regional_prob candidate_snp
1         1   None             NA        0.0075            NA
  posterior_explained_by_snp dropped_trait lead_snp
1                         NA      iradjbmi rs208062
[1] "SPLICING EVENT"
[1] "chr8:17993619:18006263:clu_55933_+:ENSG00000078674.19"
Harmonising fat_distr (fat_distr) and Outcome (Outcome)
Harmonising fat_distr (fat_distr) and Outcome (Outcome)
[1] 765
[1] 765
  iteration traits posterior_prob regional_prob candidate_snp
1         1   None             NA        0.0072            NA
  posterior_explained_by_snp dropped_trait lead_snp
1                         NA      iradjbmi rs208062
[1] "SPLICING EVENT"
[1] "chr8:18025453:18025544:clu_55934_+:ENSG00000078674.19"
Harmonising fat_distr (fat_distr) and Outcome (Outcome)
Harmonising fat_distr (fat_distr) and Outcome (Outcome)
[1] 765
[1] 765
  iteration traits posterior_prob regional_prob candidate_snp
1         1   None             NA        0.0058            NA
  posterior_explained_by_snp dropped_trait lead_snp
1                         NA      iradjbmi rs208062
[1] "LEAD INDEX"
[1] 11
[1] "LEAD INDEX"
[1] 12
[1] "LEAD INDEX"
[1] 13
[1] "LEAD INDEX"
[1] 14
[1] "LEAD INDEX"
[1] 15
[1] "LEAD INDEX"
[1] 16
[1] "LEAD INDEX"
[1] 17
[1] "LEAD INDEX"
[1] 18
[1] "LEAD INDEX"
[1] 19
[1] "LEAD INDEX"
[1] 20
[1] "LEAD INDEX"
[1] 21
[1] "SPLICING EVENT"
[1] "chr8:71211256:71215387:clu_55175_-:ENSG00000104313.20"
Harmonising fat_distr (fat_distr) and Outcome (Outcome)
Harmonising fat_distr (fat_distr) and Outcome (Outcome)
[1] 568
[1] 568
  iteration traits posterior_prob regional_prob candidate_snp
1         1   None             NA        0.0115            NA
  posterior_explained_by_snp dropped_trait   lead_snp
1                         NA      iradjbmi rs10097671
[1] "SPLICING EVENT"
[1] "chr8:71215508:71215614:clu_55175_-:ENSG00000104313.20"
Harmonising fat_distr (fat_distr) and Outcome (Outcome)
Harmonising fat_distr (fat_distr) and Outcome (Outcome)
[1] 568
[1] 568
  iteration traits posterior_prob regional_prob candidate_snp
1         1   None             NA        0.0181            NA
  posterior_explained_by_snp dropped_trait   lead_snp
1                         NA      iradjbmi rs10097671
[1] "SPLICING EVENT"
[1] "chr8:71217023:71244603:clu_55176_-:ENSG00000104313.20"
Harmonising fat_distr (fat_distr) and Outcome (Outcome)
Harmonising fat_distr (fat_distr) and Outcome (Outcome)
[1] 568
[1] 568
  iteration traits posterior_prob regional_prob candidate_snp
1         1   None             NA        0.0133            NA
  posterior_explained_by_snp dropped_trait   lead_snp
1                         NA      iradjbmi rs10097671
[1] "SPLICING EVENT"
[1] "chr8:71244692:71269740:clu_55176_-:ENSG00000104313.20"
Harmonising fat_distr (fat_distr) and Outcome (Outcome)
Harmonising fat_distr (fat_distr) and Outcome (Outcome)
[1] 568
[1] 568
  iteration traits posterior_prob regional_prob candidate_snp
1         1   None             NA        0.0118            NA
  posterior_explained_by_snp dropped_trait   lead_snp
1                         NA      iradjbmi rs10097671
[1] "SPLICING EVENT"
[1] "chr8:71317674:71321734:clu_55177_-:ENSG00000104313.20"
Harmonising fat_distr (fat_distr) and Outcome (Outcome)
Harmonising fat_distr (fat_distr) and Outcome (Outcome)
[1] 568
[1] 568
  iteration traits posterior_prob regional_prob candidate_snp
1         1   None             NA        0.0327            NA
  posterior_explained_by_snp dropped_trait   lead_snp
1                         NA      iradjbmi rs10097671
[1] "SPLICING EVENT"
[1] "chr8:71317689:71321734:clu_55177_-:ENSG00000104313.20"
Harmonising fat_distr (fat_distr) and Outcome (Outcome)
Harmonising fat_distr (fat_distr) and Outcome (Outcome)
[1] 568
[1] 568
  iteration traits posterior_prob regional_prob candidate_snp
1         1   None             NA        0.0123            NA
  posterior_explained_by_snp dropped_trait   lead_snp
1                         NA      iradjbmi rs10097671
[1] "SPLICING EVENT"
[1] "chr8:71321876:71322199:clu_55178_-:ENSG00000104313.20"
Harmonising fat_distr (fat_distr) and Outcome (Outcome)
Harmonising fat_distr (fat_distr) and Outcome (Outcome)
[1] 568
[1] 568
  iteration traits posterior_prob regional_prob candidate_snp
1         1   None             NA        0.0157            NA
  posterior_explained_by_snp dropped_trait   lead_snp
1                         NA      iradjbmi rs10097671
[1] "SPLICING EVENT"
[1] "chr8:71321879:71322199:clu_55178_-:ENSG00000104313.20"
Harmonising fat_distr (fat_distr) and Outcome (Outcome)
Harmonising fat_distr (fat_distr) and Outcome (Outcome)
[1] 568
[1] 568
  iteration traits posterior_prob regional_prob candidate_snp
1         1   None             NA        0.0138            NA
  posterior_explained_by_snp dropped_trait   lead_snp
1                         NA      iradjbmi rs10097671
[1] "SPLICING EVENT"
[1] "chr8:71334174:71354782:clu_55179_-:ENSG00000104313.20"
Harmonising fat_distr (fat_distr) and Outcome (Outcome)
Harmonising fat_distr (fat_distr) and Outcome (Outcome)
[1] 568
[1] 568
  iteration traits posterior_prob regional_prob candidate_snp
1         1   None             NA        0.0449            NA
  posterior_explained_by_snp dropped_trait   lead_snp
1                         NA      iradjbmi rs10097671
[1] "SPLICING EVENT"
[1] "chr8:71354909:71356462:clu_55179_-:ENSG00000104313.20"
Harmonising fat_distr (fat_distr) and Outcome (Outcome)
Harmonising fat_distr (fat_distr) and Outcome (Outcome)
[1] 568
[1] 568
  iteration traits posterior_prob regional_prob candidate_snp
1         1   None             NA        0.0372            NA
  posterior_explained_by_snp dropped_trait   lead_snp
1                         NA      iradjbmi rs10097671
[1] "LEAD INDEX"
[1] 22
[1] "LEAD INDEX"
[1] 23
[1] "LEAD INDEX"
[1] 24
[1] "LEAD INDEX"
[1] 25
[1] "LEAD INDEX"
[1] 26
[1] "CHROMOSOME"
[1] 9
[1] "LEAD INDEX"
[1] 1
[1] "LEAD INDEX"
[1] 2
[1] "LEAD INDEX"
[1] 3
[1] "LEAD INDEX"
[1] 4
[1] "SPLICING EVENT"
[1] "chr9:34179240:34203381:clu_58420_+:ENSG00000165006.14"
Harmonising fat_distr (fat_distr) and Outcome (Outcome)
Harmonising fat_distr (fat_distr) and Outcome (Outcome)
[1] 320
[1] 320
  iteration traits posterior_prob regional_prob candidate_snp
1         1   None             NA        0.0489            NA
  posterior_explained_by_snp dropped_trait   lead_snp
1                         NA      iradjbmi rs13284229
[1] "SPLICING EVENT"
[1] "chr9:34179240:34216674:clu_58420_+:ENSG00000165006.14"
Harmonising fat_distr (fat_distr) and Outcome (Outcome)
Harmonising fat_distr (fat_distr) and Outcome (Outcome)
[1] 320
[1] 320
  iteration traits posterior_prob regional_prob candidate_snp
1         1   None             NA        0.2109            NA
  posterior_explained_by_snp
1                         NA
                                          dropped_trait   lead_snp
1 chr9:34179240:34216674:clu_58420_+:ENSG00000165006.14 rs13284229
[1] "SPLICING EVENT"
[1] "chr9:34179240:34220908:clu_58420_+:ENSG00000165006.14"
Harmonising fat_distr (fat_distr) and Outcome (Outcome)
Harmonising fat_distr (fat_distr) and Outcome (Outcome)
[1] 320
[1] 320
  iteration traits posterior_prob regional_prob candidate_snp
1         1   None             NA        0.0311            NA
  posterior_explained_by_snp dropped_trait   lead_snp
1                         NA      iradjbmi rs13284229
[1] "SPLICING EVENT"
[1] "chr9:34179240:34234216:clu_58420_+:ENSG00000165006.14"
Harmonising fat_distr (fat_distr) and Outcome (Outcome)
Harmonising fat_distr (fat_distr) and Outcome (Outcome)
[1] 320
[1] 320
  iteration traits posterior_prob regional_prob candidate_snp
1         1   None             NA        0.0059            NA
  posterior_explained_by_snp dropped_trait   lead_snp
1                         NA      iradjbmi rs13284229
[1] "SPLICING EVENT"
[1] "chr9:34216789:34220908:clu_58420_+:ENSG00000165006.14"
Harmonising fat_distr (fat_distr) and Outcome (Outcome)
Harmonising fat_distr (fat_distr) and Outcome (Outcome)
[1] 320
[1] 320
  iteration traits posterior_prob regional_prob candidate_snp
1         1   None             NA        0.0926            NA
  posterior_explained_by_snp
1                         NA
                                          dropped_trait   lead_snp
1 chr9:34216789:34220908:clu_58420_+:ENSG00000165006.14 rs13284229
[1] "SPLICING EVENT"
[1] "chr9:34220948:34234216:clu_58420_+:ENSG00000165006.14"
Harmonising fat_distr (fat_distr) and Outcome (Outcome)
Harmonising fat_distr (fat_distr) and Outcome (Outcome)
[1] 320
[1] 320
  iteration traits posterior_prob regional_prob candidate_snp
1         1   None             NA        0.0298            NA
  posterior_explained_by_snp dropped_trait   lead_snp
1                         NA      iradjbmi rs13284229
[1] "SPLICING EVENT"
[1] "chr9:34220948:34241185:clu_58420_+:ENSG00000165006.14"
Harmonising fat_distr (fat_distr) and Outcome (Outcome)
Harmonising fat_distr (fat_distr) and Outcome (Outcome)
[1] 320
[1] 320
  iteration traits posterior_prob regional_prob candidate_snp
1         1   None             NA        0.0126            NA
  posterior_explained_by_snp dropped_trait   lead_snp
1                         NA      iradjbmi rs13284229
[1] "SPLICING EVENT"
[1] "chr9:34234340:34241185:clu_58420_+:ENSG00000165006.14"
Harmonising fat_distr (fat_distr) and Outcome (Outcome)
Harmonising fat_distr (fat_distr) and Outcome (Outcome)
[1] 320
[1] 320
  iteration traits posterior_prob regional_prob candidate_snp
1         1   None             NA        0.0065            NA
  posterior_explained_by_snp dropped_trait   lead_snp
1                         NA      iradjbmi rs13284229
[1] "SPLICING EVENT"
[1] "chr9:34329599:34338713:clu_58421_+:ENSG00000164978.18"
Harmonising fat_distr (fat_distr) and Outcome (Outcome)
Harmonising fat_distr (fat_distr) and Outcome (Outcome)
[1] 320
[1] 320
  iteration traits posterior_prob regional_prob candidate_snp
1         1   None             NA        0.0205            NA
  posterior_explained_by_snp dropped_trait   lead_snp
1                         NA      iradjbmi rs13284229
[1] "SPLICING EVENT"
[1] "chr9:34336341:34338713:clu_58421_+:ENSG00000164978.18"
Harmonising fat_distr (fat_distr) and Outcome (Outcome)
Harmonising fat_distr (fat_distr) and Outcome (Outcome)
[1] 320
[1] 320
  iteration traits posterior_prob regional_prob candidate_snp
1         1   None             NA         1e-04            NA
  posterior_explained_by_snp
1                         NA
                                          dropped_trait   lead_snp
1 chr9:34336341:34338713:clu_58421_+:ENSG00000164978.18 rs13284229
[1] "SPLICING EVENT"
[1] "chr9:34338847:34339024:clu_58421_+:ENSG00000164978.18"
Harmonising fat_distr (fat_distr) and Outcome (Outcome)
Harmonising fat_distr (fat_distr) and Outcome (Outcome)
[1] 320
[1] 320
  iteration traits posterior_prob regional_prob candidate_snp
1         1   None             NA        0.2598            NA
  posterior_explained_by_snp dropped_trait   lead_snp
1                         NA      iradjbmi rs13284229
[1] "SPLICING EVENT"
[1] "chr9:34338847:34339031:clu_58421_+:ENSG00000164978.18"
Harmonising fat_distr (fat_distr) and Outcome (Outcome)
Harmonising fat_distr (fat_distr) and Outcome (Outcome)
[1] 320
[1] 320
  iteration traits posterior_prob regional_prob candidate_snp
1         1   None             NA         0.008            NA
  posterior_explained_by_snp dropped_trait   lead_snp
1                         NA      iradjbmi rs13284229
[1] "SPLICING EVENT"
[1] "chr9:34339166:34343124:clu_58421_+:ENSG00000164978.18"
Harmonising fat_distr (fat_distr) and Outcome (Outcome)
Harmonising fat_distr (fat_distr) and Outcome (Outcome)
[1] 320
[1] 320
  iteration traits posterior_prob regional_prob candidate_snp
1         1   None             NA        0.0059            NA
  posterior_explained_by_snp
1                         NA
                                          dropped_trait   lead_snp
1 chr9:34339166:34343124:clu_58421_+:ENSG00000164978.18 rs13284229
[1] "LEAD INDEX"
[1] 5
[1] "LEAD INDEX"
[1] 6
[1] "LEAD INDEX"
[1] 7
[1] "SPLICING EVENT"
[1] "chr9:123383913:123387730:clu_57756_-:ENSG00000119522.17"
Harmonising fat_distr (fat_distr) and Outcome (Outcome)
Harmonising fat_distr (fat_distr) and Outcome (Outcome)
[1] 443
[1] 443
  iteration traits posterior_prob regional_prob candidate_snp
1         1   None             NA         0.006            NA
  posterior_explained_by_snp dropped_trait  lead_snp
1                         NA      iradjbmi rs2479106
[1] "SPLICING EVENT"
[1] "chr9:123383913:123403402:clu_57756_-:ENSG00000119522.17"
Harmonising fat_distr (fat_distr) and Outcome (Outcome)
Harmonising fat_distr (fat_distr) and Outcome (Outcome)
[1] 443
[1] 443
  iteration traits posterior_prob regional_prob candidate_snp
1         1   None             NA        0.0055            NA
  posterior_explained_by_snp dropped_trait  lead_snp
1                         NA      iradjbmi rs2479106
[1] "SPLICING EVENT"
[1] "chr9:123387858:123403402:clu_57756_-:ENSG00000119522.17"
Harmonising fat_distr (fat_distr) and Outcome (Outcome)
Harmonising fat_distr (fat_distr) and Outcome (Outcome)
[1] 443
[1] 443
  iteration traits posterior_prob regional_prob candidate_snp
1         1   None             NA        0.0071            NA
  posterior_explained_by_snp dropped_trait  lead_snp
1                         NA      iradjbmi rs2479106
[1] "SPLICING EVENT"
[1] "chr9:123401912:123403402:clu_57756_-:ENSG00000119522.17"
Harmonising fat_distr (fat_distr) and Outcome (Outcome)
Harmonising fat_distr (fat_distr) and Outcome (Outcome)
[1] 443
[1] 443
  iteration traits posterior_prob regional_prob candidate_snp
1         1   None             NA        0.0051            NA
  posterior_explained_by_snp dropped_trait  lead_snp
1                         NA      iradjbmi rs2479106
[1] "SPLICING EVENT"
[1] "chr9:123403490:123411776:clu_57757_-:ENSG00000119522.17"
Harmonising fat_distr (fat_distr) and Outcome (Outcome)
Harmonising fat_distr (fat_distr) and Outcome (Outcome)
[1] 443
[1] 443
  iteration traits posterior_prob regional_prob candidate_snp
1         1   None             NA        0.0062            NA
  posterior_explained_by_snp dropped_trait  lead_snp
1                         NA      iradjbmi rs2479106
[1] "SPLICING EVENT"
[1] "chr9:123403490:123440360:clu_57757_-:ENSG00000119522.17"
Harmonising fat_distr (fat_distr) and Outcome (Outcome)
Harmonising fat_distr (fat_distr) and Outcome (Outcome)
[1] 443
[1] 443
  iteration traits posterior_prob regional_prob candidate_snp
1         1   None             NA        0.0235            NA
  posterior_explained_by_snp dropped_trait  lead_snp
1                         NA      iradjbmi rs2479106
[1] "SPLICING EVENT"
[1] "chr9:123411829:123440360:clu_57757_-:ENSG00000119522.17"
Harmonising fat_distr (fat_distr) and Outcome (Outcome)
Harmonising fat_distr (fat_distr) and Outcome (Outcome)
[1] 443
[1] 443
  iteration traits posterior_prob regional_prob candidate_snp
1         1   None             NA         0.019            NA
  posterior_explained_by_snp dropped_trait  lead_snp
1                         NA      iradjbmi rs2479106
[1] "SPLICING EVENT"
[1] "chr9:123440491:123450693:clu_57758_-:ENSG00000119522.17"
Harmonising fat_distr (fat_distr) and Outcome (Outcome)
Harmonising fat_distr (fat_distr) and Outcome (Outcome)
[1] 443
[1] 443
  iteration traits posterior_prob regional_prob candidate_snp
1         1   None             NA        0.0067            NA
  posterior_explained_by_snp dropped_trait  lead_snp
1                         NA      iradjbmi rs2479106
[1] "SPLICING EVENT"
[1] "chr9:123440491:123452276:clu_57758_-:ENSG00000119522.17"
Harmonising fat_distr (fat_distr) and Outcome (Outcome)
Harmonising fat_distr (fat_distr) and Outcome (Outcome)
[1] 443
[1] 443
  iteration traits posterior_prob regional_prob candidate_snp
1         1   None             NA        0.0173            NA
  posterior_explained_by_snp dropped_trait  lead_snp
1                         NA      iradjbmi rs2479106
[1] "SPLICING EVENT"
[1] "chr9:123450749:123452276:clu_57758_-:ENSG00000119522.17"
Harmonising fat_distr (fat_distr) and Outcome (Outcome)
Harmonising fat_distr (fat_distr) and Outcome (Outcome)
[1] 443
[1] 443
  iteration traits posterior_prob regional_prob candidate_snp
1         1   None             NA         0.006            NA
  posterior_explained_by_snp dropped_trait  lead_snp
1                         NA      iradjbmi rs2479106
[1] "SPLICING EVENT"
[1] "chr9:123452347:123454739:clu_57759_-:ENSG00000119522.17"
Harmonising fat_distr (fat_distr) and Outcome (Outcome)
Harmonising fat_distr (fat_distr) and Outcome (Outcome)
[1] 443
[1] 443
  iteration traits posterior_prob regional_prob candidate_snp
1         1   None             NA        0.0123            NA
  posterior_explained_by_snp dropped_trait  lead_snp
1                         NA      iradjbmi rs2479106
[1] "SPLICING EVENT"
[1] "chr9:123454779:123457348:clu_57759_-:ENSG00000119522.17"
Harmonising fat_distr (fat_distr) and Outcome (Outcome)
Harmonising fat_distr (fat_distr) and Outcome (Outcome)
[1] 443
[1] 443
  iteration traits posterior_prob regional_prob candidate_snp
1         1   None             NA        0.0076            NA
  posterior_explained_by_snp dropped_trait  lead_snp
1                         NA      iradjbmi rs2479106
[1] "SPLICING EVENT"
[1] "chr9:123457897:123557570:clu_57759_-:ENSG00000119522.17"
Harmonising fat_distr (fat_distr) and Outcome (Outcome)
Harmonising fat_distr (fat_distr) and Outcome (Outcome)
[1] 443
[1] 443
  iteration traits posterior_prob regional_prob candidate_snp
1         1   None             NA        0.0069            NA
  posterior_explained_by_snp dropped_trait  lead_snp
1                         NA      iradjbmi rs2479106
[1] "SPLICING EVENT"
[1] "chr9:123557695:123583169:clu_57760_-:ENSG00000119522.17"
Harmonising fat_distr (fat_distr) and Outcome (Outcome)
Harmonising fat_distr (fat_distr) and Outcome (Outcome)
[1] 443
[1] 443
  iteration traits posterior_prob regional_prob candidate_snp
1         1   None             NA        0.0109            NA
  posterior_explained_by_snp dropped_trait  lead_snp
1                         NA      iradjbmi rs2479106
[1] "SPLICING EVENT"
[1] "chr9:123569595:123583169:clu_57760_-:ENSG00000119522.17"
Harmonising fat_distr (fat_distr) and Outcome (Outcome)
Harmonising fat_distr (fat_distr) and Outcome (Outcome)
[1] 443
[1] 443
  iteration traits posterior_prob regional_prob candidate_snp
1         1   None             NA        0.0083            NA
  posterior_explained_by_snp dropped_trait  lead_snp
1                         NA      iradjbmi rs2479106
[1] "SPLICING EVENT"
[1] "chr9:123583270:123609436:clu_57761_-:ENSG00000119522.17"
Harmonising fat_distr (fat_distr) and Outcome (Outcome)
Harmonising fat_distr (fat_distr) and Outcome (Outcome)
[1] 443
[1] 443
  iteration traits posterior_prob regional_prob candidate_snp
1         1   None             NA        0.0125            NA
  posterior_explained_by_snp dropped_trait  lead_snp
1                         NA      iradjbmi rs2479106
[1] "SPLICING EVENT"
[1] "chr9:123609481:123630376:clu_57761_-:ENSG00000119522.17"
Harmonising fat_distr (fat_distr) and Outcome (Outcome)
Harmonising fat_distr (fat_distr) and Outcome (Outcome)
[1] 443
[1] 443
  iteration traits posterior_prob regional_prob candidate_snp
1         1   None             NA        0.0097            NA
  posterior_explained_by_snp dropped_trait  lead_snp
1                         NA      iradjbmi rs2479106
[1] "SPLICING EVENT"
[1] "chr9:123652123:123667026:clu_57762_-:ENSG00000119522.17"
Harmonising fat_distr (fat_distr) and Outcome (Outcome)
Harmonising fat_distr (fat_distr) and Outcome (Outcome)
[1] 443
[1] 443
  iteration traits posterior_prob regional_prob candidate_snp
1         1   None             NA         0.007            NA
  posterior_explained_by_snp dropped_trait  lead_snp
1                         NA      iradjbmi rs2479106
[1] "SPLICING EVENT"
[1] "chr9:123667079:123671291:clu_57763_-:ENSG00000119522.17"
Harmonising fat_distr (fat_distr) and Outcome (Outcome)
Harmonising fat_distr (fat_distr) and Outcome (Outcome)
[1] 443
[1] 443
  iteration traits posterior_prob regional_prob candidate_snp
1         1   None             NA        0.0067            NA
  posterior_explained_by_snp dropped_trait  lead_snp
1                         NA      iradjbmi rs2479106
[1] "SPLICING EVENT"
[1] "chr9:123671371:123676720:clu_57763_-:ENSG00000119522.17"
Harmonising fat_distr (fat_distr) and Outcome (Outcome)
Harmonising fat_distr (fat_distr) and Outcome (Outcome)
[1] 443
[1] 443
  iteration traits posterior_prob regional_prob candidate_snp
1         1   None             NA        0.0068            NA
  posterior_explained_by_snp dropped_trait  lead_snp
1                         NA      iradjbmi rs2479106
[1] "SPLICING EVENT"
[1] "chr9:123757822:123769514:clu_57764_-:ENSG00000119522.17"
Harmonising fat_distr (fat_distr) and Outcome (Outcome)
Harmonising fat_distr (fat_distr) and Outcome (Outcome)
[1] 443
[1] 443
  iteration traits posterior_prob regional_prob candidate_snp
1         1   None             NA        0.0078            NA
  posterior_explained_by_snp dropped_trait  lead_snp
1                         NA      iradjbmi rs2479106
[1] "SPLICING EVENT"
[1] "chr9:123769563:123792587:clu_57764_-:ENSG00000119522.17"
Harmonising fat_distr (fat_distr) and Outcome (Outcome)
Harmonising fat_distr (fat_distr) and Outcome (Outcome)
[1] 443
[1] 443
  iteration traits posterior_prob regional_prob candidate_snp
1         1   None             NA        0.0113            NA
  posterior_explained_by_snp dropped_trait  lead_snp
1                         NA      iradjbmi rs2479106
[1] "LEAD INDEX"
[1] 8
[1] "SPLICING EVENT"
[1] "chr9:1050482:1051570:clu_58227_+:ENSG00000173253.16"
Harmonising fat_distr (fat_distr) and Outcome (Outcome)
Harmonising fat_distr (fat_distr) and Outcome (Outcome)
[1] 815
[1] 815
  iteration traits posterior_prob regional_prob candidate_snp
1         1   None             NA        0.0068            NA
  posterior_explained_by_snp dropped_trait  lead_snp
1                         NA      iradjbmi rs2175055
[1] "SPLICING EVENT"
[1] "chr9:1050775:1051570:clu_58227_+:ENSG00000173253.16"
Harmonising fat_distr (fat_distr) and Outcome (Outcome)
Harmonising fat_distr (fat_distr) and Outcome (Outcome)
[1] 815
[1] 815
  iteration traits posterior_prob regional_prob candidate_snp
1         1   None             NA        0.0121            NA
  posterior_explained_by_snp dropped_trait  lead_snp
1                         NA      iradjbmi rs2175055
[1] "SPLICING EVENT"
[1] "chr9:1053824:1055722:clu_58229_+:ENSG00000173253.16"
Harmonising fat_distr (fat_distr) and Outcome (Outcome)
Harmonising fat_distr (fat_distr) and Outcome (Outcome)
[1] 815
[1] 815
  iteration traits posterior_prob regional_prob candidate_snp
1         1   None             NA        0.0127            NA
  posterior_explained_by_snp dropped_trait  lead_snp
1                         NA      iradjbmi rs2175055
[1] "LEAD INDEX"
[1] 9
[1] "LEAD INDEX"
[1] 10
[1] "SPLICING EVENT"
[1] "chr9:92326105:92332170:clu_58759_+:ENSG00000188312.14"
Harmonising fat_distr (fat_distr) and Outcome (Outcome)
Removing the following SNPs for incompatible alleles:
chr9:92420825
Harmonising fat_distr (fat_distr) and Outcome (Outcome)
[1] 408
[1] 408
  iteration traits posterior_prob regional_prob candidate_snp
1         1   None             NA        0.0064            NA
  posterior_explained_by_snp dropped_trait  lead_snp
1                         NA      iradjbmi rs7855203
[1] "SPLICING EVENT"
[1] "chr9:92332351:92337541:clu_58759_+:ENSG00000188312.14"
Harmonising fat_distr (fat_distr) and Outcome (Outcome)
Removing the following SNPs for incompatible alleles:
chr9:92420825
Harmonising fat_distr (fat_distr) and Outcome (Outcome)
[1] 408
[1] 408
  iteration traits posterior_prob regional_prob candidate_snp
1         1   None             NA        0.0049            NA
  posterior_explained_by_snp dropped_trait  lead_snp
1                         NA      iradjbmi rs7855203
[1] "SPLICING EVENT"
[1] "chr9:92337629:92345699:clu_58759_+:ENSG00000188312.14"
Harmonising fat_distr (fat_distr) and Outcome (Outcome)
Removing the following SNPs for incompatible alleles:
chr9:92420825
Harmonising fat_distr (fat_distr) and Outcome (Outcome)
[1] 408
[1] 408
  iteration traits posterior_prob regional_prob candidate_snp
1         1   None             NA        0.0048            NA
  posterior_explained_by_snp dropped_trait  lead_snp
1                         NA      iradjbmi rs7855203
[1] "SPLICING EVENT"
[1] "chr9:92345787:92379763:clu_58759_+:ENSG00000188312.14"
Harmonising fat_distr (fat_distr) and Outcome (Outcome)
Removing the following SNPs for incompatible alleles:
chr9:92420825
Harmonising fat_distr (fat_distr) and Outcome (Outcome)
[1] 408
[1] 408
  iteration traits posterior_prob regional_prob candidate_snp
1         1   None             NA        0.0067            NA
  posterior_explained_by_snp dropped_trait  lead_snp
1                         NA      iradjbmi rs7855203
[1] "SPLICING EVENT"
[1] "chr9:92611393:92612523:clu_58761_+:ENSG00000188312.14"
Harmonising fat_distr (fat_distr) and Outcome (Outcome)
Removing the following SNPs for incompatible alleles:
chr9:92420825
Harmonising fat_distr (fat_distr) and Outcome (Outcome)
[1] 408
[1] 408
  iteration traits posterior_prob regional_prob candidate_snp
1         1   None             NA        0.0052            NA
  posterior_explained_by_snp dropped_trait  lead_snp
1                         NA      iradjbmi rs7855203
[1] "SPLICING EVENT"
[1] "chr9:92612614:92613019:clu_58761_+:ENSG00000188312.14"
Harmonising fat_distr (fat_distr) and Outcome (Outcome)
Removing the following SNPs for incompatible alleles:
chr9:92420825
Harmonising fat_distr (fat_distr) and Outcome (Outcome)
[1] 408
[1] 408
  iteration traits posterior_prob regional_prob candidate_snp
1         1   None             NA        0.0052            NA
  posterior_explained_by_snp dropped_trait  lead_snp
1                         NA      iradjbmi rs7855203
[1] "SPLICING EVENT"
[1] "chr9:92619565:92634386:clu_57449_-:ENSG00000127080.10"
Harmonising fat_distr (fat_distr) and Outcome (Outcome)
Removing the following SNPs for incompatible alleles:
chr9:92420825
Harmonising fat_distr (fat_distr) and Outcome (Outcome)
[1] 408
[1] 408
  iteration traits posterior_prob regional_prob candidate_snp
1         1   None             NA        0.0047            NA
  posterior_explained_by_snp dropped_trait  lead_snp
1                         NA      iradjbmi rs7855203
[1] "SPLICING EVENT"
[1] "chr9:92635308:92638001:clu_57450_-:ENSG00000127080.10"
Harmonising fat_distr (fat_distr) and Outcome (Outcome)
Removing the following SNPs for incompatible alleles:
chr9:92420825
Harmonising fat_distr (fat_distr) and Outcome (Outcome)
[1] 408
[1] 408
  iteration traits posterior_prob regional_prob candidate_snp
1         1   None             NA        0.0117            NA
  posterior_explained_by_snp dropped_trait  lead_snp
1                         NA      iradjbmi rs7855203
[1] "SPLICING EVENT"
[1] "chr9:92648148:92649453:clu_57451_-:ENSG00000127080.10"
Harmonising fat_distr (fat_distr) and Outcome (Outcome)
Removing the following SNPs for incompatible alleles:
chr9:92420825
Harmonising fat_distr (fat_distr) and Outcome (Outcome)
[1] 408
[1] 408
  iteration traits posterior_prob regional_prob candidate_snp
1         1   None             NA        0.0141            NA
  posterior_explained_by_snp dropped_trait  lead_snp
1                         NA      iradjbmi rs7855203
[1] "SPLICING EVENT"
[1] "chr9:92649574:92652573:clu_57451_-:ENSG00000127080.10"
Harmonising fat_distr (fat_distr) and Outcome (Outcome)
Removing the following SNPs for incompatible alleles:
chr9:92420825
Harmonising fat_distr (fat_distr) and Outcome (Outcome)
[1] 408
[1] 408
  iteration traits posterior_prob regional_prob candidate_snp
1         1   None             NA        0.0125            NA
  posterior_explained_by_snp dropped_trait  lead_snp
1                         NA      iradjbmi rs7855203
[1] "LEAD INDEX"
[1] 11
[1] "LEAD INDEX"
[1] 12
[1] "CHROMOSOME"
[1] 10
[1] "LEAD INDEX"
[1] 1
[1] "LEAD INDEX"
[1] 2
[1] "LEAD INDEX"
[1] 3
[1] "SPLICING EVENT"
[1] "chr10:59652950:59653549:clu_7822_-:ENSG00000165449.12"
Harmonising fat_distr (fat_distr) and Outcome (Outcome)
Harmonising fat_distr (fat_distr) and Outcome (Outcome)
[1] 514
[1] 514
  iteration                                                          traits
1         1 iradjbmi, chr10:59652950:59653549:clu_7822_-:ENSG00000165449.12
  posterior_prob regional_prob candidate_snp posterior_explained_by_snp
1         0.9917        0.9983    rs12356193                          1
  dropped_trait   lead_snp
1            NA rs12356193
[1] "SPLICING EVENT"
[1] "chr10:59652950:59653675:clu_7822_-:ENSG00000165449.12"
Harmonising fat_distr (fat_distr) and Outcome (Outcome)
Harmonising fat_distr (fat_distr) and Outcome (Outcome)
[1] 514
[1] 514
  iteration                                                          traits
1         1 iradjbmi, chr10:59652950:59653675:clu_7822_-:ENSG00000165449.12
  posterior_prob regional_prob candidate_snp posterior_explained_by_snp
1         0.9917        0.9983    rs12356193                          1
  dropped_trait   lead_snp
1            NA rs12356193
[1] "SPLICING EVENT"
[1] "chr10:59653616:59664227:clu_7823_-:ENSG00000165449.12"
Harmonising fat_distr (fat_distr) and Outcome (Outcome)
Harmonising fat_distr (fat_distr) and Outcome (Outcome)
[1] 514
[1] 514
  iteration                                                          traits
1         1 iradjbmi, chr10:59653616:59664227:clu_7823_-:ENSG00000165449.12
  posterior_prob regional_prob candidate_snp posterior_explained_by_snp
1         0.9917        0.9983    rs12356193                          1
  dropped_trait   lead_snp
1            NA rs12356193
[1] "SPLICING EVENT"
[1] "chr10:59654589:59664227:clu_7823_-:ENSG00000165449.12"
Harmonising fat_distr (fat_distr) and Outcome (Outcome)
Harmonising fat_distr (fat_distr) and Outcome (Outcome)
[1] 514
[1] 514
  iteration                                                          traits
1         1 iradjbmi, chr10:59654589:59664227:clu_7823_-:ENSG00000165449.12
  posterior_prob regional_prob candidate_snp posterior_explained_by_snp
1         0.9917        0.9983    rs12356193                          1
  dropped_trait   lead_snp
1            NA rs12356193
[1] "LEAD INDEX"
[1] 4
[1] "LEAD INDEX"
[1] 5
[1] "LEAD INDEX"
[1] 6
[1] "LEAD INDEX"
[1] 7
[1] "LEAD INDEX"
[1] 8
[1] "LEAD INDEX"
[1] 9
[1] "SPLICING EVENT"
[1] "chr10:112153666:112154629:clu_8364_-:ENSG00000119927.14"
Harmonising fat_distr (fat_distr) and Outcome (Outcome)
Harmonising fat_distr (fat_distr) and Outcome (Outcome)
[1] 441
[1] 441
  iteration traits posterior_prob regional_prob candidate_snp
1         1   None             NA        0.2443            NA
  posterior_explained_by_snp dropped_trait  lead_snp
1                         NA      iradjbmi rs4573621
[1] "SPLICING EVENT"
[1] "chr10:112154687:112155864:clu_8364_-:ENSG00000119927.14"
Harmonising fat_distr (fat_distr) and Outcome (Outcome)
Harmonising fat_distr (fat_distr) and Outcome (Outcome)
[1] 441
[1] 441
  iteration traits posterior_prob regional_prob candidate_snp
1         1   None             NA        0.0133            NA
  posterior_explained_by_snp dropped_trait  lead_snp
1                         NA      iradjbmi rs4573621
[1] "SPLICING EVENT"
[1] "chr10:112160868:112161667:clu_8367_-:ENSG00000119927.14"
Harmonising fat_distr (fat_distr) and Outcome (Outcome)
Harmonising fat_distr (fat_distr) and Outcome (Outcome)
[1] 441
[1] 441
  iteration traits posterior_prob regional_prob candidate_snp
1         1   None             NA        0.0149            NA
  posterior_explained_by_snp dropped_trait  lead_snp
1                         NA      iradjbmi rs4573621
[1] "SPLICING EVENT"
[1] "chr10:112161737:112163701:clu_8367_-:ENSG00000119927.14"
Harmonising fat_distr (fat_distr) and Outcome (Outcome)
Harmonising fat_distr (fat_distr) and Outcome (Outcome)
[1] 441
[1] 441
  iteration traits posterior_prob regional_prob candidate_snp
1         1   None             NA        0.0085            NA
  posterior_explained_by_snp dropped_trait  lead_snp
1                         NA      iradjbmi rs4573621
[1] "SPLICING EVENT"
[1] "chr10:112175713:112177984:clu_8370_-:ENSG00000119927.14"
Harmonising fat_distr (fat_distr) and Outcome (Outcome)
Harmonising fat_distr (fat_distr) and Outcome (Outcome)
[1] 441
[1] 441
  iteration traits posterior_prob regional_prob candidate_snp
1         1   None             NA        0.0087            NA
  posterior_explained_by_snp dropped_trait  lead_snp
1                         NA      iradjbmi rs4573621
[1] "SPLICING EVENT"
[1] "chr10:112178057:112180473:clu_8370_-:ENSG00000119927.14"
Harmonising fat_distr (fat_distr) and Outcome (Outcome)
Harmonising fat_distr (fat_distr) and Outcome (Outcome)
[1] 441
[1] 441
  iteration traits posterior_prob regional_prob candidate_snp
1         1   None             NA        0.0085            NA
  posterior_explained_by_snp dropped_trait  lead_snp
1                         NA      iradjbmi rs4573621
[1] "LEAD INDEX"
[1] 10
[1] "LEAD INDEX"
[1] 11
[1] "CHROMOSOME"
[1] 11
[1] "LEAD INDEX"
[1] 1
[1] "SPLICING EVENT"
[1] "chr11:10581986:10591548:clu_8846_-:ENSG00000072952.20"
Harmonising fat_distr (fat_distr) and Outcome (Outcome)
Harmonising fat_distr (fat_distr) and Outcome (Outcome)
[1] 564
[1] 564
  iteration traits posterior_prob regional_prob candidate_snp
1         1   None             NA        0.0072            NA
  posterior_explained_by_snp dropped_trait  lead_snp
1                         NA      iradjbmi rs4909945
[1] "SPLICING EVENT"
[1] "chr11:10591612:10593492:clu_8846_-:ENSG00000072952.20"
Harmonising fat_distr (fat_distr) and Outcome (Outcome)
Harmonising fat_distr (fat_distr) and Outcome (Outcome)
[1] 564
[1] 564
  iteration traits posterior_prob regional_prob candidate_snp
1         1   None             NA        0.0079            NA
  posterior_explained_by_snp dropped_trait  lead_snp
1                         NA      iradjbmi rs4909945
[1] "SPLICING EVENT"
[1] "chr11:10593599:10594146:clu_8847_-:ENSG00000072952.20"
Harmonising fat_distr (fat_distr) and Outcome (Outcome)
Harmonising fat_distr (fat_distr) and Outcome (Outcome)
[1] 564
[1] 564
  iteration traits posterior_prob regional_prob candidate_snp
1         1   None             NA        0.0098            NA
  posterior_explained_by_snp dropped_trait  lead_snp
1                         NA      iradjbmi rs4909945
[1] "SPLICING EVENT"
[1] "chr11:10594195:10600918:clu_8847_-:ENSG00000072952.20"
Harmonising fat_distr (fat_distr) and Outcome (Outcome)
Harmonising fat_distr (fat_distr) and Outcome (Outcome)
[1] 564
[1] 564
  iteration traits posterior_prob regional_prob candidate_snp
1         1   None             NA        0.0125            NA
  posterior_explained_by_snp dropped_trait  lead_snp
1                         NA      iradjbmi rs4909945
[1] "SPLICING EVENT"
[1] "chr11:10604545:10606742:clu_8849_-:ENSG00000072952.20"
Harmonising fat_distr (fat_distr) and Outcome (Outcome)
Harmonising fat_distr (fat_distr) and Outcome (Outcome)
[1] 564
[1] 564
  iteration traits posterior_prob regional_prob candidate_snp
1         1   None             NA        0.0131            NA
  posterior_explained_by_snp dropped_trait  lead_snp
1                         NA      iradjbmi rs4909945
[1] "SPLICING EVENT"
[1] "chr11:10606772:10609728:clu_8849_-:ENSG00000072952.20"
Harmonising fat_distr (fat_distr) and Outcome (Outcome)
Harmonising fat_distr (fat_distr) and Outcome (Outcome)
[1] 564
[1] 564
  iteration traits posterior_prob regional_prob candidate_snp
1         1   None             NA        0.0217            NA
  posterior_explained_by_snp dropped_trait  lead_snp
1                         NA      iradjbmi rs4909945
[1] "SPLICING EVENT"
[1] "chr11:10623856:10625966:clu_8851_-:ENSG00000072952.20"
Harmonising fat_distr (fat_distr) and Outcome (Outcome)
Harmonising fat_distr (fat_distr) and Outcome (Outcome)
[1] 564
[1] 564
  iteration traits posterior_prob regional_prob candidate_snp
1         1   None             NA        0.1223            NA
  posterior_explained_by_snp dropped_trait  lead_snp
1                         NA      iradjbmi rs4909945
[1] "SPLICING EVENT"
[1] "chr11:10626583:10627716:clu_8851_-:ENSG00000072952.20"
Harmonising fat_distr (fat_distr) and Outcome (Outcome)
Harmonising fat_distr (fat_distr) and Outcome (Outcome)
[1] 564
[1] 564
  iteration traits posterior_prob regional_prob candidate_snp
1         1   None             NA        0.0494            NA
  posterior_explained_by_snp dropped_trait  lead_snp
1                         NA      iradjbmi rs4909945
[1] "SPLICING EVENT"
[1] "chr11:10627760:10627973:clu_8851_-:ENSG00000072952.20"
Harmonising fat_distr (fat_distr) and Outcome (Outcome)
Harmonising fat_distr (fat_distr) and Outcome (Outcome)
[1] 564
[1] 564
  iteration traits posterior_prob regional_prob candidate_snp
1         1   None             NA        0.0437            NA
  posterior_explained_by_snp dropped_trait  lead_snp
1                         NA      iradjbmi rs4909945
[1] "SPLICING EVENT"
[1] "chr11:10628025:10628751:clu_8851_-:ENSG00000072952.20"
Harmonising fat_distr (fat_distr) and Outcome (Outcome)
Harmonising fat_distr (fat_distr) and Outcome (Outcome)
[1] 564
[1] 564
  iteration traits posterior_prob regional_prob candidate_snp
1         1   None             NA        0.0072            NA
  posterior_explained_by_snp dropped_trait  lead_snp
1                         NA      iradjbmi rs4909945
[1] "SPLICING EVENT"
[1] "chr11:10628828:10629538:clu_8851_-:ENSG00000072952.20"
Harmonising fat_distr (fat_distr) and Outcome (Outcome)
Harmonising fat_distr (fat_distr) and Outcome (Outcome)
[1] 564
[1] 564
  iteration traits posterior_prob regional_prob candidate_snp
1         1   None             NA         0.011            NA
  posterior_explained_by_snp dropped_trait  lead_snp
1                         NA      iradjbmi rs4909945
[1] "SPLICING EVENT"
[1] "chr11:10634071:10652025:clu_8853_-:ENSG00000072952.20"
Harmonising fat_distr (fat_distr) and Outcome (Outcome)
Harmonising fat_distr (fat_distr) and Outcome (Outcome)
[1] 564
[1] 564
  iteration                                                          traits
1         1 iradjbmi, chr11:10634071:10652025:clu_8853_-:ENSG00000072952.20
  posterior_prob regional_prob candidate_snp posterior_explained_by_snp
1         0.7758        0.9898    rs11042902                     0.9897
  dropped_trait  lead_snp
1            NA rs4909945
[1] "SPLICING EVENT"
[1] "chr11:10690369:10693462:clu_8853_-:ENSG00000072952.20"
Harmonising fat_distr (fat_distr) and Outcome (Outcome)
Harmonising fat_distr (fat_distr) and Outcome (Outcome)
[1] 564
[1] 564
  iteration traits posterior_prob regional_prob candidate_snp
1         1   None             NA        0.0097            NA
  posterior_explained_by_snp dropped_trait  lead_snp
1                         NA      iradjbmi rs4909945
[1] "LEAD INDEX"
[1] 2
[1] "LEAD INDEX"
[1] 3
[1] "LEAD INDEX"
[1] 4
[1] "LEAD INDEX"
[1] 5
[1] "LEAD INDEX"
[1] 6
[1] "SPLICING EVENT"
[1] "chr11:117338668:117344166:clu_11730_+:ENSG00000110274.16"
Harmonising fat_distr (fat_distr) and Outcome (Outcome)
Harmonising fat_distr (fat_distr) and Outcome (Outcome)
[1] 337
[1] 337
  iteration traits posterior_prob regional_prob candidate_snp
1         1   None             NA        0.0281            NA
  posterior_explained_by_snp dropped_trait lead_snp
1                         NA      iradjbmi rs593245
[1] "SPLICING EVENT"
[1] "chr11:117362538:117363429:clu_11733_+:ENSG00000110274.16"
Harmonising fat_distr (fat_distr) and Outcome (Outcome)
Harmonising fat_distr (fat_distr) and Outcome (Outcome)
[1] 337
[1] 337
  iteration traits posterior_prob regional_prob candidate_snp
1         1   None             NA        0.0068            NA
  posterior_explained_by_snp dropped_trait lead_snp
1                         NA      iradjbmi rs593245
[1] "SPLICING EVENT"
[1] "chr11:117362538:117371080:clu_11733_+:ENSG00000110274.16"
Harmonising fat_distr (fat_distr) and Outcome (Outcome)
Harmonising fat_distr (fat_distr) and Outcome (Outcome)
[1] 337
[1] 337
  iteration traits posterior_prob regional_prob candidate_snp
1         1   None             NA        0.0072            NA
  posterior_explained_by_snp dropped_trait lead_snp
1                         NA      iradjbmi rs593245
[1] "SPLICING EVENT"
[1] "chr11:117363506:117371080:clu_11733_+:ENSG00000110274.16"
Harmonising fat_distr (fat_distr) and Outcome (Outcome)
Harmonising fat_distr (fat_distr) and Outcome (Outcome)
[1] 337
[1] 337
  iteration traits posterior_prob regional_prob candidate_snp
1         1   None             NA         0.007            NA
  posterior_explained_by_snp dropped_trait lead_snp
1                         NA      iradjbmi rs593245
[1] "SPLICING EVENT"
[1] "chr11:117371466:117373751:clu_11734_+:ENSG00000110274.16"
Harmonising fat_distr (fat_distr) and Outcome (Outcome)
Harmonising fat_distr (fat_distr) and Outcome (Outcome)
[1] 337
[1] 337
  iteration traits posterior_prob regional_prob candidate_snp
1         1   None             NA        0.0117            NA
  posterior_explained_by_snp dropped_trait lead_snp
1                         NA      iradjbmi rs593245
[1] "SPLICING EVENT"
[1] "chr11:117373831:117375708:clu_11734_+:ENSG00000110274.16"
Harmonising fat_distr (fat_distr) and Outcome (Outcome)
Harmonising fat_distr (fat_distr) and Outcome (Outcome)
[1] 337
[1] 337
  iteration traits posterior_prob regional_prob candidate_snp
1         1   None             NA        0.0094            NA
  posterior_explained_by_snp dropped_trait lead_snp
1                         NA      iradjbmi rs593245
[1] "SPLICING EVENT"
[1] "chr11:117381868:117382796:clu_11736_+:ENSG00000110274.16"
Harmonising fat_distr (fat_distr) and Outcome (Outcome)
Harmonising fat_distr (fat_distr) and Outcome (Outcome)
[1] 337
[1] 337
  iteration traits posterior_prob regional_prob candidate_snp
1         1   None             NA         0.007            NA
  posterior_explained_by_snp dropped_trait lead_snp
1                         NA      iradjbmi rs593245
[1] "SPLICING EVENT"
[1] "chr11:117381868:117387203:clu_11736_+:ENSG00000110274.16"
Harmonising fat_distr (fat_distr) and Outcome (Outcome)
Harmonising fat_distr (fat_distr) and Outcome (Outcome)
[1] 337
[1] 337
  iteration traits posterior_prob regional_prob candidate_snp
1         1   None             NA        0.0072            NA
  posterior_explained_by_snp dropped_trait lead_snp
1                         NA      iradjbmi rs593245
[1] "SPLICING EVENT"
[1] "chr11:117382942:117387203:clu_11736_+:ENSG00000110274.16"
Harmonising fat_distr (fat_distr) and Outcome (Outcome)
Harmonising fat_distr (fat_distr) and Outcome (Outcome)
[1] 337
[1] 337
  iteration traits posterior_prob regional_prob candidate_snp
1         1   None             NA        0.0087            NA
  posterior_explained_by_snp dropped_trait lead_snp
1                         NA      iradjbmi rs593245
[1] "SPLICING EVENT"
[1] "chr11:117387412:117390777:clu_11736_+:ENSG00000110274.16"
Harmonising fat_distr (fat_distr) and Outcome (Outcome)
Harmonising fat_distr (fat_distr) and Outcome (Outcome)
[1] 337
[1] 337
  iteration traits posterior_prob regional_prob candidate_snp
1         1   None             NA          0.01            NA
  posterior_explained_by_snp dropped_trait lead_snp
1                         NA      iradjbmi rs593245
[1] "SPLICING EVENT"
[1] "chr11:117395722:117396054:clu_11739_+:ENSG00000110274.16"
Harmonising fat_distr (fat_distr) and Outcome (Outcome)
Harmonising fat_distr (fat_distr) and Outcome (Outcome)
[1] 337
[1] 337
  iteration traits posterior_prob regional_prob candidate_snp
1         1   None             NA        0.0082            NA
  posterior_explained_by_snp dropped_trait lead_snp
1                         NA      iradjbmi rs593245
[1] "SPLICING EVENT"
[1] "chr11:117395722:117396057:clu_11739_+:ENSG00000110274.16"
Harmonising fat_distr (fat_distr) and Outcome (Outcome)
Harmonising fat_distr (fat_distr) and Outcome (Outcome)
[1] 337
[1] 337
  iteration traits posterior_prob regional_prob candidate_snp
1         1   None             NA        0.0077            NA
  posterior_explained_by_snp dropped_trait lead_snp
1                         NA      iradjbmi rs593245
[1] "SPLICING EVENT"
[1] "chr11:117409004:117409618:clu_11742_+:ENSG00000110274.16"
Harmonising fat_distr (fat_distr) and Outcome (Outcome)
Harmonising fat_distr (fat_distr) and Outcome (Outcome)
[1] 337
[1] 337
  iteration traits posterior_prob regional_prob candidate_snp
1         1   None             NA        0.0074            NA
  posterior_explained_by_snp dropped_trait lead_snp
1                         NA      iradjbmi rs593245
[1] "SPLICING EVENT"
[1] "chr11:117409028:117409618:clu_11742_+:ENSG00000110274.16"
Harmonising fat_distr (fat_distr) and Outcome (Outcome)
Harmonising fat_distr (fat_distr) and Outcome (Outcome)
[1] 337
[1] 337
  iteration traits posterior_prob regional_prob candidate_snp
1         1   None             NA        0.0074            NA
  posterior_explained_by_snp dropped_trait lead_snp
1                         NA      iradjbmi rs593245
[1] "LEAD INDEX"
[1] 7
[1] "LEAD INDEX"
[1] 8
[1] "LEAD INDEX"
[1] 9
[1] "LEAD INDEX"
[1] 10
[1] "LEAD INDEX"
[1] 11
[1] "LEAD INDEX"
[1] 12
[1] "SPLICING EVENT"
[1] "chr11:46859315:46860929:clu_9068_-:ENSG00000134569.10"
Harmonising fat_distr (fat_distr) and Outcome (Outcome)
Harmonising fat_distr (fat_distr) and Outcome (Outcome)
[1] 191
[1] 191
  iteration traits posterior_prob regional_prob candidate_snp
1         1   None             NA        0.0098            NA
  posterior_explained_by_snp dropped_trait  lead_snp
1                         NA      iradjbmi rs1872896
[1] "SPLICING EVENT"
[1] "chr11:46859315:46862606:clu_9068_-:ENSG00000134569.10"
Harmonising fat_distr (fat_distr) and Outcome (Outcome)
Harmonising fat_distr (fat_distr) and Outcome (Outcome)
[1] 191
[1] 191
  iteration traits posterior_prob regional_prob candidate_snp
1         1   None             NA        0.0097            NA
  posterior_explained_by_snp dropped_trait  lead_snp
1                         NA      iradjbmi rs1872896
[1] "SPLICING EVENT"
[1] "chr11:46860987:46862606:clu_9068_-:ENSG00000134569.10"
Harmonising fat_distr (fat_distr) and Outcome (Outcome)
Harmonising fat_distr (fat_distr) and Outcome (Outcome)
[1] 191
[1] 191
  iteration traits posterior_prob regional_prob candidate_snp
1         1   None             NA        0.0322            NA
  posterior_explained_by_snp dropped_trait  lead_snp
1                         NA      iradjbmi rs1872896
[1] "SPLICING EVENT"
[1] "chr11:46860990:46862606:clu_9068_-:ENSG00000134569.10"
Harmonising fat_distr (fat_distr) and Outcome (Outcome)
Harmonising fat_distr (fat_distr) and Outcome (Outcome)
[1] 191
[1] 191
  iteration traits posterior_prob regional_prob candidate_snp
1         1   None             NA        0.0202            NA
  posterior_explained_by_snp dropped_trait  lead_snp
1                         NA      iradjbmi rs1872896
[1] "SPLICING EVENT"
[1] "chr11:46871633:46873100:clu_9070_-:ENSG00000134569.10"
Harmonising fat_distr (fat_distr) and Outcome (Outcome)
Harmonising fat_distr (fat_distr) and Outcome (Outcome)
[1] 191
[1] 191
  iteration traits posterior_prob regional_prob candidate_snp
1         1   None             NA        0.0079            NA
  posterior_explained_by_snp dropped_trait  lead_snp
1                         NA      iradjbmi rs1872896
[1] "SPLICING EVENT"
[1] "chr11:46873593:46874800:clu_9070_-:ENSG00000134569.10"
Harmonising fat_distr (fat_distr) and Outcome (Outcome)
Harmonising fat_distr (fat_distr) and Outcome (Outcome)
[1] 191
[1] 191
  iteration traits posterior_prob regional_prob candidate_snp
1         1   None             NA         0.008            NA
  posterior_explained_by_snp dropped_trait  lead_snp
1                         NA      iradjbmi rs1872896
[1] "SPLICING EVENT"
[1] "chr11:46883976:46886091:clu_9073_-:ENSG00000134569.10"
Harmonising fat_distr (fat_distr) and Outcome (Outcome)
Harmonising fat_distr (fat_distr) and Outcome (Outcome)
[1] 191
[1] 191
  iteration traits posterior_prob regional_prob candidate_snp
1         1   None             NA        0.0163            NA
  posterior_explained_by_snp dropped_trait  lead_snp
1                         NA      iradjbmi rs1872896
[1] "SPLICING EVENT"
[1] "chr11:46886172:46886325:clu_9073_-:ENSG00000134569.10"
Harmonising fat_distr (fat_distr) and Outcome (Outcome)
Harmonising fat_distr (fat_distr) and Outcome (Outcome)
[1] 191
[1] 191
  iteration traits posterior_prob regional_prob candidate_snp
1         1   None             NA        0.0186            NA
  posterior_explained_by_snp dropped_trait  lead_snp
1                         NA      iradjbmi rs1872896
[1] "SPLICING EVENT"
[1] "chr11:46886502:46889411:clu_9074_-:ENSG00000134569.10"
Harmonising fat_distr (fat_distr) and Outcome (Outcome)
Harmonising fat_distr (fat_distr) and Outcome (Outcome)
[1] 191
[1] 191
  iteration traits posterior_prob regional_prob candidate_snp
1         1   None             NA        0.0085            NA
  posterior_explained_by_snp dropped_trait  lead_snp
1                         NA      iradjbmi rs1872896
[1] "SPLICING EVENT"
[1] "chr11:46886533:46889411:clu_9074_-:ENSG00000134569.10"
Harmonising fat_distr (fat_distr) and Outcome (Outcome)
Harmonising fat_distr (fat_distr) and Outcome (Outcome)
[1] 191
[1] 191
  iteration traits posterior_prob regional_prob candidate_snp
1         1   None             NA        0.0145            NA
  posterior_explained_by_snp dropped_trait  lead_snp
1                         NA      iradjbmi rs1872896
[1] "SPLICING EVENT"
[1] "chr11:46894819:46895166:clu_9076_-:ENSG00000134569.10"
Harmonising fat_distr (fat_distr) and Outcome (Outcome)
Harmonising fat_distr (fat_distr) and Outcome (Outcome)
[1] 191
[1] 191
  iteration traits posterior_prob regional_prob candidate_snp
1         1   None             NA        0.0121            NA
  posterior_explained_by_snp dropped_trait  lead_snp
1                         NA      iradjbmi rs1872896
[1] "SPLICING EVENT"
[1] "chr11:46895291:46895884:clu_9076_-:ENSG00000134569.10"
Harmonising fat_distr (fat_distr) and Outcome (Outcome)
Harmonising fat_distr (fat_distr) and Outcome (Outcome)
[1] 191
[1] 191
  iteration traits posterior_prob regional_prob candidate_snp
1         1   None             NA        0.0156            NA
  posterior_explained_by_snp dropped_trait  lead_snp
1                         NA      iradjbmi rs1872896
[1] "SPLICING EVENT"
[1] "chr11:46936851:46987208:clu_10697_+:ENSG00000149179.14"
Harmonising fat_distr (fat_distr) and Outcome (Outcome)
Harmonising fat_distr (fat_distr) and Outcome (Outcome)
[1] 191
[1] 191
  iteration traits posterior_prob regional_prob candidate_snp
1         1   None             NA        0.0088            NA
  posterior_explained_by_snp dropped_trait  lead_snp
1                         NA      iradjbmi rs1872896
[1] "SPLICING EVENT"
[1] "chr11:46987310:47052388:clu_10697_+:ENSG00000149179.14"
Harmonising fat_distr (fat_distr) and Outcome (Outcome)
Harmonising fat_distr (fat_distr) and Outcome (Outcome)
[1] 191
[1] 191
  iteration traits posterior_prob regional_prob candidate_snp
1         1   None             NA        0.0202            NA
  posterior_explained_by_snp dropped_trait  lead_snp
1                         NA      iradjbmi rs1872896
[1] "SPLICING EVENT"
[1] "chr11:47052518:47137645:clu_10697_+:ENSG00000149179.14"
Harmonising fat_distr (fat_distr) and Outcome (Outcome)
Harmonising fat_distr (fat_distr) and Outcome (Outcome)
[1] 191
[1] 191
  iteration traits posterior_prob regional_prob candidate_snp
1         1   None             NA        0.0121            NA
  posterior_explained_by_snp dropped_trait  lead_snp
1                         NA      iradjbmi rs1872896
[1] "SPLICING EVENT"
[1] "chr11:47157922:47161127:clu_10700_+:ENSG00000149179.14"
Harmonising fat_distr (fat_distr) and Outcome (Outcome)
Harmonising fat_distr (fat_distr) and Outcome (Outcome)
[1] 191
[1] 191
  iteration traits posterior_prob regional_prob candidate_snp
1         1   None             NA         0.013            NA
  posterior_explained_by_snp dropped_trait  lead_snp
1                         NA      iradjbmi rs1872896
[1] "SPLICING EVENT"
[1] "chr11:47161190:47161446:clu_10700_+:ENSG00000149179.14"
Harmonising fat_distr (fat_distr) and Outcome (Outcome)
Harmonising fat_distr (fat_distr) and Outcome (Outcome)
[1] 191
[1] 191
  iteration traits posterior_prob regional_prob candidate_snp
1         1   None             NA        0.0717            NA
  posterior_explained_by_snp dropped_trait  lead_snp
1                         NA      iradjbmi rs1872896
[1] "SPLICING EVENT"
[1] "chr11:47161190:47161464:clu_10700_+:ENSG00000149179.14"
Harmonising fat_distr (fat_distr) and Outcome (Outcome)
Harmonising fat_distr (fat_distr) and Outcome (Outcome)
[1] 191
[1] 191
  iteration traits posterior_prob regional_prob candidate_snp
1         1   None             NA        0.0163            NA
  posterior_explained_by_snp dropped_trait  lead_snp
1                         NA      iradjbmi rs1872896
[1] "SPLICING EVENT"
[1] "chr11:47217049:47232814:clu_10704_+:ENSG00000134574.12"
Harmonising fat_distr (fat_distr) and Outcome (Outcome)
Harmonising fat_distr (fat_distr) and Outcome (Outcome)
[1] 191
[1] 191
  iteration traits posterior_prob regional_prob candidate_snp
1         1   None             NA         0.063            NA
  posterior_explained_by_snp dropped_trait  lead_snp
1                         NA      iradjbmi rs1872896
[1] "SPLICING EVENT"
[1] "chr11:47232959:47234573:clu_10704_+:ENSG00000134574.12"
Harmonising fat_distr (fat_distr) and Outcome (Outcome)
Harmonising fat_distr (fat_distr) and Outcome (Outcome)
[1] 191
[1] 191
  iteration traits posterior_prob regional_prob candidate_snp
1         1   None             NA        0.0088            NA
  posterior_explained_by_snp dropped_trait  lead_snp
1                         NA      iradjbmi rs1872896
[1] "SPLICING EVENT"
[1] "chr11:47234672:47234757:clu_10705_+:ENSG00000134574.12"
Harmonising fat_distr (fat_distr) and Outcome (Outcome)
Harmonising fat_distr (fat_distr) and Outcome (Outcome)
[1] 191
[1] 191
  iteration traits posterior_prob regional_prob candidate_snp
1         1   None             NA        0.0122            NA
  posterior_explained_by_snp dropped_trait  lead_snp
1                         NA      iradjbmi rs1872896
[1] "SPLICING EVENT"
[1] "chr11:47234672:47235270:clu_10705_+:ENSG00000134574.12"
Harmonising fat_distr (fat_distr) and Outcome (Outcome)
Harmonising fat_distr (fat_distr) and Outcome (Outcome)
[1] 191
[1] 191
  iteration traits posterior_prob regional_prob candidate_snp
1         1   None             NA        0.0427            NA
  posterior_explained_by_snp dropped_trait  lead_snp
1                         NA      iradjbmi rs1872896
[1] "SPLICING EVENT"
[1] "chr11:47234934:47235270:clu_10705_+:ENSG00000134574.12"
Harmonising fat_distr (fat_distr) and Outcome (Outcome)
Harmonising fat_distr (fat_distr) and Outcome (Outcome)
[1] 191
[1] 191
  iteration traits posterior_prob regional_prob candidate_snp
1         1   None             NA         0.008            NA
  posterior_explained_by_snp dropped_trait  lead_snp
1                         NA      iradjbmi rs1872896
[1] "SPLICING EVENT"
[1] "chr11:47235412:47237837:clu_10704_+:ENSG00000134574.12"
Harmonising fat_distr (fat_distr) and Outcome (Outcome)
Harmonising fat_distr (fat_distr) and Outcome (Outcome)
[1] 191
[1] 191
  iteration                                                           traits
1         1 iradjbmi, chr11:47235412:47237837:clu_10704_+:ENSG00000134574.12
  posterior_prob regional_prob candidate_snp posterior_explained_by_snp
1          0.623          0.89     rs1060573                      0.114
  dropped_trait  lead_snp
1            NA rs1872896
[1] "SPLICING EVENT"
[1] "chr11:47237712:47237837:clu_10704_+:ENSG00000134574.12"
Harmonising fat_distr (fat_distr) and Outcome (Outcome)
Harmonising fat_distr (fat_distr) and Outcome (Outcome)
[1] 191
[1] 191
  iteration                                                           traits
1         1 iradjbmi, chr11:47237712:47237837:clu_10704_+:ENSG00000134574.12
  posterior_prob regional_prob candidate_snp posterior_explained_by_snp
1         0.8888             1    rs11039002                     0.5885
  dropped_trait  lead_snp
1            NA rs1872896
[1] "LEAD INDEX"
[1] 13
[1] "SPLICING EVENT"
[1] "chr11:61790602:61792556:clu_9220_-:ENSG00000134825.16"
Harmonising fat_distr (fat_distr) and Outcome (Outcome)
Harmonising fat_distr (fat_distr) and Outcome (Outcome)
[1] 409
[1] 409
  iteration                                                          traits
1         1 iradjbmi, chr11:61790602:61792556:clu_9220_-:ENSG00000134825.16
  posterior_prob regional_prob candidate_snp posterior_explained_by_snp
1         0.9526        0.9983      rs174583                     0.3029
  dropped_trait lead_snp
1            NA rs174574
[1] "SPLICING EVENT"
[1] "chr11:61816426:61837778:clu_10817_+:ENSG00000134824.14"
Harmonising fat_distr (fat_distr) and Outcome (Outcome)
Harmonising fat_distr (fat_distr) and Outcome (Outcome)
[1] 409
[1] 409
  iteration                                                           traits
1         1 iradjbmi, chr11:61816426:61837778:clu_10817_+:ENSG00000134824.14
  posterior_prob regional_prob candidate_snp posterior_explained_by_snp
1         0.7463        0.7821      rs174566                     0.3129
  dropped_trait lead_snp
1            NA rs174574
[1] "SPLICING EVENT"
[1] "chr11:61828597:61837778:clu_10817_+:ENSG00000134824.14"
Harmonising fat_distr (fat_distr) and Outcome (Outcome)
Harmonising fat_distr (fat_distr) and Outcome (Outcome)
[1] 409
[1] 409
  iteration traits posterior_prob regional_prob candidate_snp
1         1   None             NA        0.4378            NA
  posterior_explained_by_snp dropped_trait lead_snp
1                         NA      iradjbmi rs174574
[1] "SPLICING EVENT"
[1] "chr11:61848284:61857011:clu_10819_+:ENSG00000134824.14"
Harmonising fat_distr (fat_distr) and Outcome (Outcome)
Harmonising fat_distr (fat_distr) and Outcome (Outcome)
[1] 409
[1] 409
  iteration traits posterior_prob regional_prob candidate_snp
1         1   None             NA        0.0373            NA
  posterior_explained_by_snp dropped_trait lead_snp
1                         NA      iradjbmi rs174574
[1] "SPLICING EVENT"
[1] "chr11:61813353:61816555:clu_9224_-:ENSG00000149485.19"
Harmonising fat_distr (fat_distr) and Outcome (Outcome)
Harmonising fat_distr (fat_distr) and Outcome (Outcome)
[1] 409
[1] 409
  iteration traits posterior_prob regional_prob candidate_snp
1         1   None             NA        0.0049            NA
  posterior_explained_by_snp dropped_trait lead_snp
1                         NA      iradjbmi rs174574
[1] "LEAD INDEX"
[1] 14
[1] "SPLICING EVENT"
[1] "chr11:62597415:62597610:clu_9253_-:ENSG00000149480.7"
Harmonising fat_distr (fat_distr) and Outcome (Outcome)
Harmonising fat_distr (fat_distr) and Outcome (Outcome)
[1] 365
[1] 365
  iteration traits posterior_prob regional_prob candidate_snp
1         1   None             NA        0.0058            NA
  posterior_explained_by_snp dropped_trait   lead_snp
1                         NA      iradjbmi rs11231155
[1] "SPLICING EVENT"
[1] "chr11:62598141:62598327:clu_9254_-:ENSG00000149480.7"
Harmonising fat_distr (fat_distr) and Outcome (Outcome)
Harmonising fat_distr (fat_distr) and Outcome (Outcome)
[1] 365
[1] 365
  iteration                                                         traits
1         1 iradjbmi, chr11:62598141:62598327:clu_9254_-:ENSG00000149480.7
  posterior_prob regional_prob candidate_snp posterior_explained_by_snp
1         0.6149        0.6446     rs2849030                     0.1449
  dropped_trait   lead_snp
1            NA rs11231155
[1] "SPLICING EVENT"
[1] "chr11:62600689:62601023:clu_9255_-:ENSG00000149480.7"
Harmonising fat_distr (fat_distr) and Outcome (Outcome)
Harmonising fat_distr (fat_distr) and Outcome (Outcome)
[1] 365
[1] 365
  iteration                                                         traits
1         1 iradjbmi, chr11:62600689:62601023:clu_9255_-:ENSG00000149480.7
  posterior_prob regional_prob candidate_snp posterior_explained_by_snp
1           0.94        0.9755     rs2849030                     0.1776
  dropped_trait   lead_snp
1            NA rs11231155
[1] "SPLICING EVENT"
[1] "chr11:62600689:62601423:clu_9255_-:ENSG00000149480.7"
Harmonising fat_distr (fat_distr) and Outcome (Outcome)
Harmonising fat_distr (fat_distr) and Outcome (Outcome)
[1] 365
[1] 365
  iteration                                                         traits
1         1 iradjbmi, chr11:62600689:62601423:clu_9255_-:ENSG00000149480.7
  posterior_prob regional_prob candidate_snp posterior_explained_by_snp
1         0.9286        0.9709     rs2849030                     0.1782
  dropped_trait   lead_snp
1            NA rs11231155
[1] "SPLICING EVENT"
[1] "chr11:62602779:62603149:clu_9256_-:ENSG00000149499.12"
Harmonising fat_distr (fat_distr) and Outcome (Outcome)
Harmonising fat_distr (fat_distr) and Outcome (Outcome)
[1] 365
[1] 365
  iteration traits posterior_prob regional_prob candidate_snp
1         1   None             NA        0.0074            NA
  posterior_explained_by_snp dropped_trait   lead_snp
1                         NA      iradjbmi rs11231155
[1] "SPLICING EVENT"
[1] "chr11:62602889:62603149:clu_9256_-:ENSG00000149499.12"
Harmonising fat_distr (fat_distr) and Outcome (Outcome)
Harmonising fat_distr (fat_distr) and Outcome (Outcome)
[1] 365
[1] 365
  iteration traits posterior_prob regional_prob candidate_snp
1         1   None             NA        0.0145            NA
  posterior_explained_by_snp dropped_trait   lead_snp
1                         NA      iradjbmi rs11231155
[1] "SPLICING EVENT"
[1] "chr11:62604041:62604113:clu_9258_-:ENSG00000149499.12"
Harmonising fat_distr (fat_distr) and Outcome (Outcome)
Harmonising fat_distr (fat_distr) and Outcome (Outcome)
[1] 365
[1] 365
  iteration traits posterior_prob regional_prob candidate_snp
1         1   None             NA        0.0405            NA
  posterior_explained_by_snp dropped_trait   lead_snp
1                         NA      iradjbmi rs11231155
[1] "SPLICING EVENT"
[1] "chr11:62605180:62605642:clu_9259_-:ENSG00000149499.12"
Harmonising fat_distr (fat_distr) and Outcome (Outcome)
Harmonising fat_distr (fat_distr) and Outcome (Outcome)
[1] 365
[1] 365
  iteration traits posterior_prob regional_prob candidate_snp
1         1   None             NA        0.0133            NA
  posterior_explained_by_snp dropped_trait   lead_snp
1                         NA      iradjbmi rs11231155
[1] "SPLICING EVENT"
[1] "chr11:62605980:62606063:clu_9261_-:ENSG00000149499.12"
Harmonising fat_distr (fat_distr) and Outcome (Outcome)
Harmonising fat_distr (fat_distr) and Outcome (Outcome)
[1] 365
[1] 365
  iteration traits posterior_prob regional_prob candidate_snp
1         1   None             NA        0.0091            NA
  posterior_explained_by_snp dropped_trait   lead_snp
1                         NA      iradjbmi rs11231155
[1] "SPLICING EVENT"
[1] "chr11:62606214:62606958:clu_9261_-:ENSG00000149499.12"
Harmonising fat_distr (fat_distr) and Outcome (Outcome)
Harmonising fat_distr (fat_distr) and Outcome (Outcome)
[1] 365
[1] 365
  iteration traits posterior_prob regional_prob candidate_snp
1         1   None             NA        0.0119            NA
  posterior_explained_by_snp dropped_trait   lead_snp
1                         NA      iradjbmi rs11231155
[1] "SPLICING EVENT"
[1] "chr11:62607099:62607666:clu_9262_-:ENSG00000149499.12"
Harmonising fat_distr (fat_distr) and Outcome (Outcome)
Harmonising fat_distr (fat_distr) and Outcome (Outcome)
[1] 365
[1] 365
  iteration traits posterior_prob regional_prob candidate_snp
1         1   None             NA        0.0058            NA
  posterior_explained_by_snp dropped_trait   lead_snp
1                         NA      iradjbmi rs11231155
[1] "SPLICING EVENT"
[1] "chr11:62607099:62608201:clu_9262_-:ENSG00000149499.12"
Harmonising fat_distr (fat_distr) and Outcome (Outcome)
Harmonising fat_distr (fat_distr) and Outcome (Outcome)
[1] 365
[1] 365
  iteration traits posterior_prob regional_prob candidate_snp
1         1   None             NA        0.0045            NA
  posterior_explained_by_snp dropped_trait   lead_snp
1                         NA      iradjbmi rs11231155
[1] "SPLICING EVENT"
[1] "chr11:62607821:62608201:clu_9262_-:ENSG00000149499.12"
Harmonising fat_distr (fat_distr) and Outcome (Outcome)
Harmonising fat_distr (fat_distr) and Outcome (Outcome)
[1] 365
[1] 365
  iteration traits posterior_prob regional_prob candidate_snp
1         1   None             NA        0.0063            NA
  posterior_explained_by_snp dropped_trait   lead_snp
1                         NA      iradjbmi rs11231155
[1] "SPLICING EVENT"
[1] "chr11:62609477:62609629:clu_9263_-:ENSG00000149499.12"
Harmonising fat_distr (fat_distr) and Outcome (Outcome)
Harmonising fat_distr (fat_distr) and Outcome (Outcome)
[1] 365
[1] 365
  iteration traits posterior_prob regional_prob candidate_snp
1         1   None             NA        0.0053            NA
  posterior_explained_by_snp dropped_trait   lead_snp
1                         NA      iradjbmi rs11231155
[1] "SPLICING EVENT"
[1] "chr11:62609696:62610636:clu_9264_-:ENSG00000149499.12"
Harmonising fat_distr (fat_distr) and Outcome (Outcome)
Harmonising fat_distr (fat_distr) and Outcome (Outcome)
[1] 365
[1] 365
  iteration traits posterior_prob regional_prob candidate_snp
1         1   None             NA        0.0884            NA
  posterior_explained_by_snp dropped_trait   lead_snp
1                         NA      iradjbmi rs11231155
[1] "SPLICING EVENT"
[1] "chr11:62609696:62610879:clu_9264_-:ENSG00000149499.12"
Harmonising fat_distr (fat_distr) and Outcome (Outcome)
Harmonising fat_distr (fat_distr) and Outcome (Outcome)
[1] 365
[1] 365
  iteration                                                          traits
1         1 iradjbmi, chr11:62609696:62610879:clu_9264_-:ENSG00000149499.12
  posterior_prob regional_prob candidate_snp posterior_explained_by_snp
1         0.9418        0.9766    rs11553576                      0.199
  dropped_trait   lead_snp
1            NA rs11231155
[1] "SPLICING EVENT"
[1] "chr11:62610768:62610879:clu_9264_-:ENSG00000149499.12"
Harmonising fat_distr (fat_distr) and Outcome (Outcome)
Harmonising fat_distr (fat_distr) and Outcome (Outcome)
[1] 365
[1] 365
  iteration                                                          traits
1         1 iradjbmi, chr11:62610768:62610879:clu_9264_-:ENSG00000149499.12
  posterior_prob regional_prob candidate_snp posterior_explained_by_snp
1         0.9589        0.9868     rs2849030                     0.2805
  dropped_trait   lead_snp
1            NA rs11231155
[1] "SPLICING EVENT"
[1] "chr11:62610954:62611087:clu_9265_-:ENSG00000149499.12"
Harmonising fat_distr (fat_distr) and Outcome (Outcome)
Harmonising fat_distr (fat_distr) and Outcome (Outcome)
[1] 365
[1] 365
  iteration traits posterior_prob regional_prob candidate_snp
1         1   None             NA        0.0203            NA
  posterior_explained_by_snp dropped_trait   lead_snp
1                         NA      iradjbmi rs11231155
[1] "SPLICING EVENT"
[1] "chr11:62610992:62611087:clu_9265_-:ENSG00000149499.12"
Harmonising fat_distr (fat_distr) and Outcome (Outcome)
Harmonising fat_distr (fat_distr) and Outcome (Outcome)
[1] 365
[1] 365
  iteration traits posterior_prob regional_prob candidate_snp
1         1   None             NA        0.0066            NA
  posterior_explained_by_snp dropped_trait   lead_snp
1                         NA      iradjbmi rs11231155
[1] "SPLICING EVENT"
[1] "chr11:62611344:62611425:clu_9266_-:ENSG00000149499.12"
Harmonising fat_distr (fat_distr) and Outcome (Outcome)
Harmonising fat_distr (fat_distr) and Outcome (Outcome)
[1] 365
[1] 365
  iteration                                                          traits
1         1 iradjbmi, chr11:62611344:62611425:clu_9266_-:ENSG00000149499.12
  posterior_prob regional_prob candidate_snp posterior_explained_by_snp
1         0.9212        0.9567    rs11231154                     0.2279
  dropped_trait   lead_snp
1            NA rs11231155
[1] "SPLICING EVENT"
[1] "chr11:62611347:62611425:clu_9266_-:ENSG00000149499.12"
Harmonising fat_distr (fat_distr) and Outcome (Outcome)
Harmonising fat_distr (fat_distr) and Outcome (Outcome)
[1] 365
[1] 365
  iteration                                                          traits
1         1 iradjbmi, chr11:62611347:62611425:clu_9266_-:ENSG00000149499.12
  posterior_prob regional_prob candidate_snp posterior_explained_by_snp
1         0.9408        0.9758    rs35156678                     0.2235
  dropped_trait   lead_snp
1            NA rs11231155
[1] "LEAD INDEX"
[1] 15
[1] "LEAD INDEX"
[1] 16
[1] "LEAD INDEX"
[1] 17
[1] "SPLICING EVENT"
[1] "chr11:66216775:66219746:clu_11093_+:ENSG00000175115.13"
Harmonising fat_distr (fat_distr) and Outcome (Outcome)
Harmonising fat_distr (fat_distr) and Outcome (Outcome)
[1] 345
[1] 345
  iteration traits posterior_prob regional_prob candidate_snp
1         1   None             NA        0.0115            NA
  posterior_explained_by_snp dropped_trait  lead_snp
1                         NA      iradjbmi rs2452681
[1] "SPLICING EVENT"
[1] "chr11:66241653:66242912:clu_11097_+:ENSG00000175115.13"
Harmonising fat_distr (fat_distr) and Outcome (Outcome)
Harmonising fat_distr (fat_distr) and Outcome (Outcome)
[1] 345
[1] 345
  iteration traits posterior_prob regional_prob candidate_snp
1         1   None             NA        0.0114            NA
  posterior_explained_by_snp dropped_trait  lead_snp
1                         NA      iradjbmi rs2452681
[1] "SPLICING EVENT"
[1] "chr11:66243031:66243165:clu_11097_+:ENSG00000175115.13"
Harmonising fat_distr (fat_distr) and Outcome (Outcome)
Harmonising fat_distr (fat_distr) and Outcome (Outcome)
[1] 345
[1] 345
  iteration traits posterior_prob regional_prob candidate_snp
1         1   None             NA        0.0112            NA
  posterior_explained_by_snp dropped_trait  lead_snp
1                         NA      iradjbmi rs2452681
[1] "SPLICING EVENT"
[1] "chr11:66284783:66284873:clu_9470_-:ENSG00000174851.16"
Harmonising fat_distr (fat_distr) and Outcome (Outcome)
Harmonising fat_distr (fat_distr) and Outcome (Outcome)
[1] 345
[1] 345
  iteration traits posterior_prob regional_prob candidate_snp
1         1   None             NA        0.0085            NA
  posterior_explained_by_snp dropped_trait  lead_snp
1                         NA      iradjbmi rs2452681
[1] "SPLICING EVENT"
[1] "chr11:66284966:66285381:clu_9471_-:ENSG00000174851.16"
Harmonising fat_distr (fat_distr) and Outcome (Outcome)
Harmonising fat_distr (fat_distr) and Outcome (Outcome)
[1] 345
[1] 345
  iteration traits posterior_prob regional_prob candidate_snp
1         1   None             NA        0.4711            NA
  posterior_explained_by_snp dropped_trait  lead_snp
1                         NA      iradjbmi rs2452681
[1] "SPLICING EVENT"
[1] "chr11:66284966:66285701:clu_9471_-:ENSG00000174851.16"
Harmonising fat_distr (fat_distr) and Outcome (Outcome)
Harmonising fat_distr (fat_distr) and Outcome (Outcome)
[1] 345
[1] 345
  iteration traits posterior_prob regional_prob candidate_snp
1         1   None             NA        0.6021            NA
  posterior_explained_by_snp
1                         NA
                                          dropped_trait  lead_snp
1 chr11:66284966:66285701:clu_9471_-:ENSG00000174851.16 rs2452681
[1] "SPLICING EVENT"
[1] "chr11:66285536:66285701:clu_9471_-:ENSG00000174851.16"
Harmonising fat_distr (fat_distr) and Outcome (Outcome)
Harmonising fat_distr (fat_distr) and Outcome (Outcome)
[1] 345
[1] 345
  iteration traits posterior_prob regional_prob candidate_snp
1         1   None             NA        0.0627            NA
  posterior_explained_by_snp dropped_trait  lead_snp
1                         NA      iradjbmi rs2452681
[1] "SPLICING EVENT"
[1] "chr11:66285758:66287598:clu_9471_-:ENSG00000174851.16"
Harmonising fat_distr (fat_distr) and Outcome (Outcome)
Harmonising fat_distr (fat_distr) and Outcome (Outcome)
[1] 345
[1] 345
  iteration traits posterior_prob regional_prob candidate_snp
1         1   None             NA        0.0075            NA
  posterior_explained_by_snp dropped_trait  lead_snp
1                         NA      iradjbmi rs2452681
[1] "LEAD INDEX"
[1] 18
[1] "SPLICING EVENT"
[1] "chr11:110093223:110136663:clu_11631_+:ENSG00000149289.11"
Harmonising fat_distr (fat_distr) and Outcome (Outcome)
Harmonising fat_distr (fat_distr) and Outcome (Outcome)
[1] 360
[1] 360
  iteration traits posterior_prob regional_prob candidate_snp
1         1   None             NA        0.0247            NA
  posterior_explained_by_snp dropped_trait   lead_snp
1                         NA      iradjbmi rs10789752
[1] "SPLICING EVENT"
[1] "chr11:110137414:110152919:clu_11631_+:ENSG00000149289.11"
Harmonising fat_distr (fat_distr) and Outcome (Outcome)
Harmonising fat_distr (fat_distr) and Outcome (Outcome)
[1] 360
[1] 360
  iteration traits posterior_prob regional_prob candidate_snp
1         1   None             NA        0.0067            NA
  posterior_explained_by_snp dropped_trait   lead_snp
1                         NA      iradjbmi rs10789752
[1] "LEAD INDEX"
[1] 19
[1] "LEAD INDEX"
[1] 20
[1] "LEAD INDEX"
[1] 21
[1] "SPLICING EVENT"
[1] "chr11:119045831:119046417:clu_10040_-:ENSG00000149428.20"
Harmonising fat_distr (fat_distr) and Outcome (Outcome)
Harmonising fat_distr (fat_distr) and Outcome (Outcome)
[1] 348
[1] 348
  iteration traits posterior_prob regional_prob candidate_snp
1         1   None             NA        0.0084            NA
  posterior_explained_by_snp dropped_trait  lead_snp
1                         NA      iradjbmi rs1003081
[1] "SPLICING EVENT"
[1] "chr11:119045834:119046417:clu_10040_-:ENSG00000149428.20"
Harmonising fat_distr (fat_distr) and Outcome (Outcome)
Harmonising fat_distr (fat_distr) and Outcome (Outcome)
[1] 348
[1] 348
  iteration traits posterior_prob regional_prob candidate_snp
1         1   None             NA        0.0079            NA
  posterior_explained_by_snp dropped_trait  lead_snp
1                         NA      iradjbmi rs1003081
[1] "SPLICING EVENT"
[1] "chr11:119046462:119046562:clu_10041_-:ENSG00000149428.20"
Harmonising fat_distr (fat_distr) and Outcome (Outcome)
Harmonising fat_distr (fat_distr) and Outcome (Outcome)
[1] 348
[1] 348
  iteration traits posterior_prob regional_prob candidate_snp
1         1   None             NA        0.0065            NA
  posterior_explained_by_snp dropped_trait  lead_snp
1                         NA      iradjbmi rs1003081
[1] "SPLICING EVENT"
[1] "chr11:119046467:119046562:clu_10041_-:ENSG00000149428.20"
Harmonising fat_distr (fat_distr) and Outcome (Outcome)
Harmonising fat_distr (fat_distr) and Outcome (Outcome)
[1] 348
[1] 348
  iteration traits posterior_prob regional_prob candidate_snp
1         1   None             NA        0.0072            NA
  posterior_explained_by_snp dropped_trait  lead_snp
1                         NA      iradjbmi rs1003081
[1] "SPLICING EVENT"
[1] "chr11:119046802:119047734:clu_10042_-:ENSG00000149428.20"
Harmonising fat_distr (fat_distr) and Outcome (Outcome)
Harmonising fat_distr (fat_distr) and Outcome (Outcome)
[1] 348
[1] 348
  iteration traits posterior_prob regional_prob candidate_snp
1         1   None             NA        0.0069            NA
  posterior_explained_by_snp dropped_trait  lead_snp
1                         NA      iradjbmi rs1003081
[1] "SPLICING EVENT"
[1] "chr11:119046831:119047734:clu_10042_-:ENSG00000149428.20"
Harmonising fat_distr (fat_distr) and Outcome (Outcome)
Harmonising fat_distr (fat_distr) and Outcome (Outcome)
[1] 348
[1] 348
  iteration traits posterior_prob regional_prob candidate_snp
1         1   None             NA        0.0063            NA
  posterior_explained_by_snp dropped_trait  lead_snp
1                         NA      iradjbmi rs1003081
[1] "SPLICING EVENT"
[1] "chr11:119048886:119049018:clu_10043_-:ENSG00000149428.20"
Harmonising fat_distr (fat_distr) and Outcome (Outcome)
Harmonising fat_distr (fat_distr) and Outcome (Outcome)
[1] 348
[1] 348
  iteration traits posterior_prob regional_prob candidate_snp
1         1   None             NA        0.0067            NA
  posterior_explained_by_snp dropped_trait  lead_snp
1                         NA      iradjbmi rs1003081
[1] "SPLICING EVENT"
[1] "chr11:119049203:119049556:clu_10043_-:ENSG00000149428.20"
Harmonising fat_distr (fat_distr) and Outcome (Outcome)
Harmonising fat_distr (fat_distr) and Outcome (Outcome)
[1] 348
[1] 348
  iteration traits posterior_prob regional_prob candidate_snp
1         1   None             NA        0.0066            NA
  posterior_explained_by_snp dropped_trait  lead_snp
1                         NA      iradjbmi rs1003081
[1] "SPLICING EVENT"
[1] "chr11:119051625:119051819:clu_10044_-:ENSG00000149428.20"
Harmonising fat_distr (fat_distr) and Outcome (Outcome)
Harmonising fat_distr (fat_distr) and Outcome (Outcome)
[1] 348
[1] 348
  iteration traits posterior_prob regional_prob candidate_snp
1         1   None             NA        0.0142            NA
  posterior_explained_by_snp dropped_trait  lead_snp
1                         NA      iradjbmi rs1003081
[1] "SPLICING EVENT"
[1] "chr11:119051951:119052090:clu_10044_-:ENSG00000149428.20"
Harmonising fat_distr (fat_distr) and Outcome (Outcome)
Harmonising fat_distr (fat_distr) and Outcome (Outcome)
[1] 348
[1] 348
  iteration traits posterior_prob regional_prob candidate_snp
1         1   None             NA        0.0237            NA
  posterior_explained_by_snp dropped_trait  lead_snp
1                         NA      iradjbmi rs1003081
[1] "SPLICING EVENT"
[1] "chr11:119055571:119055750:clu_10046_-:ENSG00000149428.20"
Harmonising fat_distr (fat_distr) and Outcome (Outcome)
Harmonising fat_distr (fat_distr) and Outcome (Outcome)
[1] 348
[1] 348
  iteration traits posterior_prob regional_prob candidate_snp
1         1   None             NA        0.0128            NA
  posterior_explained_by_snp dropped_trait  lead_snp
1                         NA      iradjbmi rs1003081
[1] "SPLICING EVENT"
[1] "chr11:119055843:119056070:clu_10046_-:ENSG00000149428.20"
Harmonising fat_distr (fat_distr) and Outcome (Outcome)
Harmonising fat_distr (fat_distr) and Outcome (Outcome)
[1] 348
[1] 348
  iteration traits posterior_prob regional_prob candidate_snp
1         1   None             NA         0.012            NA
  posterior_explained_by_snp dropped_trait  lead_snp
1                         NA      iradjbmi rs1003081
[1] "SPLICING EVENT"
[1] "chr11:119056167:119057020:clu_10047_-:ENSG00000149428.20"
Harmonising fat_distr (fat_distr) and Outcome (Outcome)
Harmonising fat_distr (fat_distr) and Outcome (Outcome)
[1] 348
[1] 348
  iteration traits posterior_prob regional_prob candidate_snp
1         1   None             NA        0.0342            NA
  posterior_explained_by_snp dropped_trait  lead_snp
1                         NA      iradjbmi rs1003081
[1] "SPLICING EVENT"
[1] "chr11:119056167:119057153:clu_10047_-:ENSG00000149428.20"
Harmonising fat_distr (fat_distr) and Outcome (Outcome)
Harmonising fat_distr (fat_distr) and Outcome (Outcome)
[1] 348
[1] 348
  iteration traits posterior_prob regional_prob candidate_snp
1         1   None             NA        0.0105            NA
  posterior_explained_by_snp dropped_trait  lead_snp
1                         NA      iradjbmi rs1003081
[1] "CHROMOSOME"
[1] 12
[1] "LEAD INDEX"
[1] 1
[1] "SPLICING EVENT"
[1] "chr12:55997339:55997615:clu_14398_+:ENSG00000139531.13"
Harmonising fat_distr (fat_distr) and Outcome (Outcome)
Harmonising fat_distr (fat_distr) and Outcome (Outcome)
[1] 274
[1] 274
  iteration traits posterior_prob regional_prob candidate_snp
1         1   None             NA        0.0064            NA
  posterior_explained_by_snp dropped_trait   lead_snp
1                         NA      iradjbmi rs11171739
[1] "SPLICING EVENT"
[1] "chr12:55997339:56002212:clu_14398_+:ENSG00000139531.13"
Harmonising fat_distr (fat_distr) and Outcome (Outcome)
Harmonising fat_distr (fat_distr) and Outcome (Outcome)
[1] 274
[1] 274
  iteration                                                           traits
1         1 iradjbmi, chr12:55997339:56002212:clu_14398_+:ENSG00000139531.13
  posterior_prob regional_prob candidate_snp posterior_explained_by_snp
1         0.9206        0.9652      rs705699                     0.8478
  dropped_trait   lead_snp
1            NA rs11171739
[1] "SPLICING EVENT"
[1] "chr12:55997723:55999333:clu_14398_+:ENSG00000139531.13"
Harmonising fat_distr (fat_distr) and Outcome (Outcome)
Harmonising fat_distr (fat_distr) and Outcome (Outcome)
[1] 274
[1] 274
  iteration                                                           traits
1         1 iradjbmi, chr12:55997723:55999333:clu_14398_+:ENSG00000139531.13
  posterior_prob regional_prob candidate_snp posterior_explained_by_snp
1         0.9296        0.9677      rs705699                     0.4061
  dropped_trait   lead_snp
1            NA rs11171739
[1] "SPLICING EVENT"
[1] "chr12:55997723:56002212:clu_14398_+:ENSG00000139531.13"
Harmonising fat_distr (fat_distr) and Outcome (Outcome)
Harmonising fat_distr (fat_distr) and Outcome (Outcome)
[1] 274
[1] 274
  iteration                                                           traits
1         1 iradjbmi, chr12:55997723:56002212:clu_14398_+:ENSG00000139531.13
  posterior_prob regional_prob candidate_snp posterior_explained_by_snp
1         0.9084        0.9599      rs705700                     0.7036
  dropped_trait   lead_snp
1            NA rs11171739
[1] "SPLICING EVENT"
[1] "chr12:55999458:56002212:clu_14398_+:ENSG00000139531.13"
Harmonising fat_distr (fat_distr) and Outcome (Outcome)
Harmonising fat_distr (fat_distr) and Outcome (Outcome)
[1] 274
[1] 274
  iteration                                                           traits
1         1 iradjbmi, chr12:55999458:56002212:clu_14398_+:ENSG00000139531.13
  posterior_prob regional_prob candidate_snp posterior_explained_by_snp
1          0.885        0.9416    rs11171739                     0.4485
  dropped_trait   lead_snp
1            NA rs11171739
[1] "SPLICING EVENT"
[1] "chr12:55999590:56002212:clu_14398_+:ENSG00000139531.13"
Harmonising fat_distr (fat_distr) and Outcome (Outcome)
Harmonising fat_distr (fat_distr) and Outcome (Outcome)
[1] 274
[1] 274
  iteration                                                           traits
1         1 iradjbmi, chr12:55999590:56002212:clu_14398_+:ENSG00000139531.13
  posterior_prob regional_prob candidate_snp posterior_explained_by_snp
1         0.9634        0.9837    rs10876864                          1
  dropped_trait   lead_snp
1            NA rs11171739
[1] "SPLICING EVENT"
[1] "chr12:56000722:56002212:clu_14398_+:ENSG00000139531.13"
Harmonising fat_distr (fat_distr) and Outcome (Outcome)
Harmonising fat_distr (fat_distr) and Outcome (Outcome)
[1] 274
[1] 274
  iteration traits posterior_prob regional_prob candidate_snp
1         1   None             NA        0.1841            NA
  posterior_explained_by_snp dropped_trait   lead_snp
1                         NA      iradjbmi rs11171739
[1] "SPLICING EVENT"
[1] "chr12:56002271:56002543:clu_14399_+:ENSG00000139531.13"
Harmonising fat_distr (fat_distr) and Outcome (Outcome)
Harmonising fat_distr (fat_distr) and Outcome (Outcome)
[1] 274
[1] 274
  iteration traits posterior_prob regional_prob candidate_snp
1         1   None             NA        0.0497            NA
  posterior_explained_by_snp dropped_trait   lead_snp
1                         NA      iradjbmi rs11171739
[1] "SPLICING EVENT"
[1] "chr12:56002720:56003618:clu_14399_+:ENSG00000139531.13"
Harmonising fat_distr (fat_distr) and Outcome (Outcome)
Harmonising fat_distr (fat_distr) and Outcome (Outcome)
[1] 274
[1] 274
  iteration traits posterior_prob regional_prob candidate_snp
1         1   None             NA        0.0486            NA
  posterior_explained_by_snp dropped_trait   lead_snp
1                         NA      iradjbmi rs11171739
[1] "SPLICING EVENT"
[1] "chr12:56007734:56011417:clu_14400_+:ENSG00000123411.15"
Harmonising fat_distr (fat_distr) and Outcome (Outcome)
Harmonising fat_distr (fat_distr) and Outcome (Outcome)
[1] 274
[1] 274
  iteration traits posterior_prob regional_prob candidate_snp
1         1   None             NA        0.0057            NA
  posterior_explained_by_snp dropped_trait   lead_snp
1                         NA      iradjbmi rs11171739
[1] "SPLICING EVENT"
[1] "chr12:56011494:56018123:clu_14400_+:ENSG00000123411.15"
Harmonising fat_distr (fat_distr) and Outcome (Outcome)
Harmonising fat_distr (fat_distr) and Outcome (Outcome)
[1] 274
[1] 274
  iteration traits posterior_prob regional_prob candidate_snp
1         1   None             NA        0.0071            NA
  posterior_explained_by_snp dropped_trait   lead_snp
1                         NA      iradjbmi rs11171739
[1] "SPLICING EVENT"
[1] "chr12:56011494:56018126:clu_14400_+:ENSG00000123411.15"
Harmonising fat_distr (fat_distr) and Outcome (Outcome)
Harmonising fat_distr (fat_distr) and Outcome (Outcome)
[1] 274
[1] 274
  iteration traits posterior_prob regional_prob candidate_snp
1         1   None             NA        0.0071            NA
  posterior_explained_by_snp dropped_trait   lead_snp
1                         NA      iradjbmi rs11171739
[1] "SPLICING EVENT"
[1] "chr12:56018177:56025054:clu_14401_+:ENSG00000123411.15"
Harmonising fat_distr (fat_distr) and Outcome (Outcome)
Harmonising fat_distr (fat_distr) and Outcome (Outcome)
[1] 274
[1] 274
  iteration traits posterior_prob regional_prob candidate_snp
1         1   None             NA        0.0048            NA
  posterior_explained_by_snp dropped_trait   lead_snp
1                         NA      iradjbmi rs11171739
[1] "LEAD INDEX"
[1] 2
[1] "LEAD INDEX"
[1] 3
[1] "SPLICING EVENT"
[1] "chr12:6570693:6570869:clu_12043_-:ENSG00000111642.16"
Harmonising fat_distr (fat_distr) and Outcome (Outcome)
Harmonising fat_distr (fat_distr) and Outcome (Outcome)
[1] 413
[1] 413
  iteration traits posterior_prob regional_prob candidate_snp
1         1   None             NA        0.0165            NA
  posterior_explained_by_snp dropped_trait   lead_snp
1                         NA      iradjbmi rs11064289
[1] "SPLICING EVENT"
[1] "chr12:6571032:6573071:clu_12020_-:ENSG00000111642.16"
Harmonising fat_distr (fat_distr) and Outcome (Outcome)
Harmonising fat_distr (fat_distr) and Outcome (Outcome)
[1] 413
[1] 413
  iteration traits posterior_prob regional_prob candidate_snp
1         1   None             NA        0.0155            NA
  posterior_explained_by_snp dropped_trait   lead_snp
1                         NA      iradjbmi rs11064289
[1] "SPLICING EVENT"
[1] "chr12:6571032:6573074:clu_12020_-:ENSG00000111642.16"
Harmonising fat_distr (fat_distr) and Outcome (Outcome)
Harmonising fat_distr (fat_distr) and Outcome (Outcome)
[1] 413
[1] 413
  iteration traits posterior_prob regional_prob candidate_snp
1         1   None             NA        0.0149            NA
  posterior_explained_by_snp dropped_trait   lead_snp
1                         NA      iradjbmi rs11064289
[1] "SPLICING EVENT"
[1] "chr12:6578117:6578409:clu_12044_-:ENSG00000111642.16"
Harmonising fat_distr (fat_distr) and Outcome (Outcome)
Harmonising fat_distr (fat_distr) and Outcome (Outcome)
[1] 413
[1] 413
  iteration traits posterior_prob regional_prob candidate_snp
1         1   None             NA         0.008            NA
  posterior_explained_by_snp dropped_trait   lead_snp
1                         NA      iradjbmi rs11064289
[1] "SPLICING EVENT"
[1] "chr12:6578137:6578409:clu_12044_-:ENSG00000111642.16"
Harmonising fat_distr (fat_distr) and Outcome (Outcome)
Harmonising fat_distr (fat_distr) and Outcome (Outcome)
[1] 413
[1] 413
  iteration traits posterior_prob regional_prob candidate_snp
1         1   None             NA         0.008            NA
  posterior_explained_by_snp dropped_trait   lead_snp
1                         NA      iradjbmi rs11064289
[1] "SPLICING EVENT"
[1] "chr12:6578546:6578846:clu_12045_-:ENSG00000111642.16"
Harmonising fat_distr (fat_distr) and Outcome (Outcome)
Harmonising fat_distr (fat_distr) and Outcome (Outcome)
[1] 413
[1] 413
  iteration traits posterior_prob regional_prob candidate_snp
1         1   None             NA        0.0106            NA
  posterior_explained_by_snp dropped_trait   lead_snp
1                         NA      iradjbmi rs11064289
[1] "SPLICING EVENT"
[1] "chr12:6578917:6581038:clu_12046_-:ENSG00000111642.16"
Harmonising fat_distr (fat_distr) and Outcome (Outcome)
Harmonising fat_distr (fat_distr) and Outcome (Outcome)
[1] 413
[1] 413
  iteration                                                         traits
1         1 iradjbmi, chr12:6578917:6581038:clu_12046_-:ENSG00000111642.16
  posterior_prob regional_prob candidate_snp posterior_explained_by_snp
1         0.9626        0.9929    rs16932801                     0.9957
  dropped_trait   lead_snp
1            NA rs11064289
[1] "SPLICING EVENT"
[1] "chr12:6578917:6581044:clu_12046_-:ENSG00000111642.16"
Harmonising fat_distr (fat_distr) and Outcome (Outcome)
Harmonising fat_distr (fat_distr) and Outcome (Outcome)
[1] 413
[1] 413
  iteration                                                         traits
1         1 iradjbmi, chr12:6578917:6581044:clu_12046_-:ENSG00000111642.16
  posterior_prob regional_prob candidate_snp posterior_explained_by_snp
1         0.9255        0.9567    rs16932801                     0.7553
  dropped_trait   lead_snp
1            NA rs11064289
[1] "SPLICING EVENT"
[1] "chr12:6580929:6581044:clu_12046_-:ENSG00000111642.16"
Harmonising fat_distr (fat_distr) and Outcome (Outcome)
Harmonising fat_distr (fat_distr) and Outcome (Outcome)
[1] 413
[1] 413
  iteration traits posterior_prob regional_prob candidate_snp
1         1   None             NA        0.0125            NA
  posterior_explained_by_snp dropped_trait   lead_snp
1                         NA      iradjbmi rs11064289
[1] "SPLICING EVENT"
[1] "chr12:6581385:6581649:clu_12048_-:ENSG00000111642.16"
Harmonising fat_distr (fat_distr) and Outcome (Outcome)
Harmonising fat_distr (fat_distr) and Outcome (Outcome)
[1] 413
[1] 413
  iteration traits posterior_prob regional_prob candidate_snp
1         1   None             NA        0.0083            NA
  posterior_explained_by_snp dropped_trait   lead_snp
1                         NA      iradjbmi rs11064289
[1] "SPLICING EVENT"
[1] "chr12:6581388:6581649:clu_12048_-:ENSG00000111642.16"
Harmonising fat_distr (fat_distr) and Outcome (Outcome)
Harmonising fat_distr (fat_distr) and Outcome (Outcome)
[1] 413
[1] 413
  iteration traits posterior_prob regional_prob candidate_snp
1         1   None             NA        0.0091            NA
  posterior_explained_by_snp dropped_trait   lead_snp
1                         NA      iradjbmi rs11064289
[1] "SPLICING EVENT"
[1] "chr12:6583375:6587384:clu_12021_-:ENSG00000111642.16"
Harmonising fat_distr (fat_distr) and Outcome (Outcome)
Harmonising fat_distr (fat_distr) and Outcome (Outcome)
[1] 413
[1] 413
  iteration traits posterior_prob regional_prob candidate_snp
1         1   None             NA        0.0166            NA
  posterior_explained_by_snp dropped_trait   lead_snp
1                         NA      iradjbmi rs11064289
[1] "SPLICING EVENT"
[1] "chr12:6583378:6587384:clu_12021_-:ENSG00000111642.16"
Harmonising fat_distr (fat_distr) and Outcome (Outcome)
Harmonising fat_distr (fat_distr) and Outcome (Outcome)
[1] 413
[1] 413
  iteration traits posterior_prob regional_prob candidate_snp
1         1   None             NA        0.0179            NA
  posterior_explained_by_snp dropped_trait   lead_snp
1                         NA      iradjbmi rs11064289
[1] "SPLICING EVENT"
[1] "chr12:6600356:6600534:clu_12049_-:ENSG00000111642.16"
Harmonising fat_distr (fat_distr) and Outcome (Outcome)
Harmonising fat_distr (fat_distr) and Outcome (Outcome)
[1] 413
[1] 413
  iteration traits posterior_prob regional_prob candidate_snp
1         1   None             NA        0.0077            NA
  posterior_explained_by_snp dropped_trait   lead_snp
1                         NA      iradjbmi rs11064289
[1] "SPLICING EVENT"
[1] "chr12:6600395:6600534:clu_12049_-:ENSG00000111642.16"
Harmonising fat_distr (fat_distr) and Outcome (Outcome)
Harmonising fat_distr (fat_distr) and Outcome (Outcome)
[1] 413
[1] 413
  iteration traits posterior_prob regional_prob candidate_snp
1         1   None             NA        0.0081            NA
  posterior_explained_by_snp dropped_trait   lead_snp
1                         NA      iradjbmi rs11064289
[1] "SPLICING EVENT"
[1] "chr12:6600669:6600926:clu_12050_-:ENSG00000111642.16"
Harmonising fat_distr (fat_distr) and Outcome (Outcome)
Harmonising fat_distr (fat_distr) and Outcome (Outcome)
[1] 413
[1] 413
  iteration traits posterior_prob regional_prob candidate_snp
1         1   None             NA        0.0066            NA
  posterior_explained_by_snp dropped_trait   lead_snp
1                         NA      iradjbmi rs11064289
[1] "SPLICING EVENT"
[1] "chr12:6602154:6602376:clu_12051_-:ENSG00000111642.16"
Harmonising fat_distr (fat_distr) and Outcome (Outcome)
Harmonising fat_distr (fat_distr) and Outcome (Outcome)
[1] 413
[1] 413
  iteration traits posterior_prob regional_prob candidate_snp
1         1   None             NA        0.0143            NA
  posterior_explained_by_snp dropped_trait   lead_snp
1                         NA      iradjbmi rs11064289
[1] "SPLICING EVENT"
[1] "chr12:6602175:6602376:clu_12051_-:ENSG00000111642.16"
Harmonising fat_distr (fat_distr) and Outcome (Outcome)
Harmonising fat_distr (fat_distr) and Outcome (Outcome)
[1] 413
[1] 413
  iteration traits posterior_prob regional_prob candidate_snp
1         1   None             NA        0.0177            NA
  posterior_explained_by_snp dropped_trait   lead_snp
1                         NA      iradjbmi rs11064289
[1] "SPLICING EVENT"
[1] "chr12:6606451:6607300:clu_12053_-:ENSG00000111642.16"
Harmonising fat_distr (fat_distr) and Outcome (Outcome)
Harmonising fat_distr (fat_distr) and Outcome (Outcome)
[1] 413
[1] 413
  iteration traits posterior_prob regional_prob candidate_snp
1         1   None             NA        0.0075            NA
  posterior_explained_by_snp dropped_trait   lead_snp
1                         NA      iradjbmi rs11064289
[1] "LEAD INDEX"
[1] 4
[1] "LEAD INDEX"
[1] 5
[1] "LEAD INDEX"
[1] 6
[1] "LEAD INDEX"
[1] 7
[1] "LEAD INDEX"
[1] 8
[1] "LEAD INDEX"
[1] 9
[1] "LEAD INDEX"
[1] 10
[1] "LEAD INDEX"
[1] 11
[1] "LEAD INDEX"
[1] 12
[1] "LEAD INDEX"
[1] 13
[1] "SPLICING EVENT"
[1] "chr12:123924288:123942744:clu_13558_-:ENSG00000119242.9"
Harmonising fat_distr (fat_distr) and Outcome (Outcome)
Harmonising fat_distr (fat_distr) and Outcome (Outcome)
[1] 408
[1] 408
  iteration traits posterior_prob regional_prob candidate_snp
1         1   None             NA        0.2455            NA
  posterior_explained_by_snp dropped_trait  lead_snp
1                         NA      iradjbmi rs7133378
[1] "SPLICING EVENT"
[1] "chr12:123937830:123942744:clu_13558_-:ENSG00000119242.9"
Harmonising fat_distr (fat_distr) and Outcome (Outcome)
Harmonising fat_distr (fat_distr) and Outcome (Outcome)
[1] 408
[1] 408
  iteration traits posterior_prob regional_prob candidate_snp
1         1   None             NA        0.2585            NA
  posterior_explained_by_snp dropped_trait  lead_snp
1                         NA      iradjbmi rs7133378
[1] "SPLICING EVENT"
[1] "chr12:123943493:123944272:clu_13559_-:ENSG00000119242.9"
Harmonising fat_distr (fat_distr) and Outcome (Outcome)
Harmonising fat_distr (fat_distr) and Outcome (Outcome)
[1] 408
[1] 408
  iteration                                                            traits
1         1 iradjbmi, chr12:123943493:123944272:clu_13559_-:ENSG00000119242.9
  posterior_prob regional_prob candidate_snp posterior_explained_by_snp
1         0.5634             1     rs4930721                     0.5011
  dropped_trait  lead_snp
1            NA rs7133378
[1] "SPLICING EVENT"
[1] "chr12:123943493:123972529:clu_13559_-:ENSG00000119242.9"
Harmonising fat_distr (fat_distr) and Outcome (Outcome)
Harmonising fat_distr (fat_distr) and Outcome (Outcome)
[1] 408
[1] 408
  iteration traits posterior_prob regional_prob candidate_snp
1         1   None             NA        0.0247            NA
  posterior_explained_by_snp dropped_trait  lead_snp
1                         NA      iradjbmi rs7133378
[1] "SPLICING EVENT"
[1] "chr12:123944354:123972529:clu_13559_-:ENSG00000119242.9"
Harmonising fat_distr (fat_distr) and Outcome (Outcome)
Harmonising fat_distr (fat_distr) and Outcome (Outcome)
[1] 408
[1] 408
  iteration                                                            traits
1         1 iradjbmi, chr12:123944354:123972529:clu_13559_-:ENSG00000119242.9
  posterior_prob regional_prob candidate_snp posterior_explained_by_snp
1         0.9422        0.9997     rs7975482                     0.2283
  dropped_trait  lead_snp
1            NA rs7133378
[1] "SPLICING EVENT"
[1] "chr12:123944364:123944669:clu_13559_-:ENSG00000119242.9"
Harmonising fat_distr (fat_distr) and Outcome (Outcome)
Harmonising fat_distr (fat_distr) and Outcome (Outcome)
[1] 408
[1] 408
  iteration                                                            traits
1         1 iradjbmi, chr12:123944364:123944669:clu_13559_-:ENSG00000119242.9
  posterior_prob regional_prob candidate_snp posterior_explained_by_snp
1         0.5381             1    rs12311114                      0.878
  dropped_trait  lead_snp
1            NA rs7133378
[1] "SPLICING EVENT"
[1] "chr12:123944364:123945704:clu_13559_-:ENSG00000119242.9"
Harmonising fat_distr (fat_distr) and Outcome (Outcome)
Harmonising fat_distr (fat_distr) and Outcome (Outcome)
[1] 408
[1] 408
  iteration                                                            traits
1         1 iradjbmi, chr12:123944364:123945704:clu_13559_-:ENSG00000119242.9
  posterior_prob regional_prob candidate_snp posterior_explained_by_snp
1         0.5031             1     rs2178663                     0.9969
  dropped_trait  lead_snp
1            NA rs7133378
[1] "SPLICING EVENT"
[1] "chr12:123944364:123956284:clu_13559_-:ENSG00000119242.9"
Harmonising fat_distr (fat_distr) and Outcome (Outcome)
Harmonising fat_distr (fat_distr) and Outcome (Outcome)
[1] 408
[1] 408
  iteration                                                            traits
1         1 iradjbmi, chr12:123944364:123956284:clu_13559_-:ENSG00000119242.9
  posterior_prob regional_prob candidate_snp posterior_explained_by_snp
1         0.8014             1     rs7975482                      0.094
  dropped_trait  lead_snp
1            NA rs7133378
[1] "SPLICING EVENT"
[1] "chr12:123944364:123971895:clu_13559_-:ENSG00000119242.9"
Harmonising fat_distr (fat_distr) and Outcome (Outcome)
Harmonising fat_distr (fat_distr) and Outcome (Outcome)
[1] 408
[1] 408
  iteration                                                            traits
1         1 iradjbmi, chr12:123944364:123971895:clu_13559_-:ENSG00000119242.9
  posterior_prob regional_prob candidate_snp posterior_explained_by_snp
1         0.5951        0.8093     rs7975482                     0.1422
  dropped_trait  lead_snp
1            NA rs7133378
[1] "SPLICING EVENT"
[1] "chr12:123944364:123972529:clu_13559_-:ENSG00000119242.9"
Harmonising fat_distr (fat_distr) and Outcome (Outcome)
Harmonising fat_distr (fat_distr) and Outcome (Outcome)
[1] 408
[1] 408
  iteration                                                            traits
1         1 iradjbmi, chr12:123944364:123972529:clu_13559_-:ENSG00000119242.9
  posterior_prob regional_prob candidate_snp posterior_explained_by_snp
1         0.5209             1     rs2178663                     0.6982
  dropped_trait  lead_snp
1            NA rs7133378
[1] "SPLICING EVENT"
[1] "chr12:123944740:123945704:clu_13559_-:ENSG00000119242.9"
Harmonising fat_distr (fat_distr) and Outcome (Outcome)
Harmonising fat_distr (fat_distr) and Outcome (Outcome)
[1] 408
[1] 408
  iteration                                                            traits
1         1 iradjbmi, chr12:123944740:123945704:clu_13559_-:ENSG00000119242.9
  posterior_prob regional_prob candidate_snp posterior_explained_by_snp
1          0.503             1     rs2178663                     0.9988
  dropped_trait  lead_snp
1            NA rs7133378
[1] "SPLICING EVENT"
[1] "chr12:123945800:123972529:clu_13559_-:ENSG00000119242.9"
Harmonising fat_distr (fat_distr) and Outcome (Outcome)
Harmonising fat_distr (fat_distr) and Outcome (Outcome)
[1] 408
[1] 408
  iteration                                                            traits
1         1 iradjbmi, chr12:123945800:123972529:clu_13559_-:ENSG00000119242.9
  posterior_prob regional_prob candidate_snp posterior_explained_by_snp
1         0.5036             1     rs2178663                     0.9899
  dropped_trait  lead_snp
1            NA rs7133378
[1] "SPLICING EVENT"
[1] "chr12:123956444:123972529:clu_13559_-:ENSG00000119242.9"
Harmonising fat_distr (fat_distr) and Outcome (Outcome)
Harmonising fat_distr (fat_distr) and Outcome (Outcome)
[1] 408
[1] 408
  iteration                                                            traits
1         1 iradjbmi, chr12:123956444:123972529:clu_13559_-:ENSG00000119242.9
  posterior_prob regional_prob candidate_snp posterior_explained_by_snp
1         0.5944        0.6551     rs7133378                     0.1586
  dropped_trait  lead_snp
1            NA rs7133378
[1] "SPLICING EVENT"
[1] "chr12:123972972:123973886:clu_15176_+:ENSG00000179195.16"
Harmonising fat_distr (fat_distr) and Outcome (Outcome)
Harmonising fat_distr (fat_distr) and Outcome (Outcome)
[1] 408
[1] 408
  iteration traits posterior_prob regional_prob candidate_snp
1         1   None             NA        0.1137            NA
  posterior_explained_by_snp dropped_trait  lead_snp
1                         NA      iradjbmi rs7133378
[1] "SPLICING EVENT"
[1] "chr12:123973303:123973886:clu_15176_+:ENSG00000179195.16"
Harmonising fat_distr (fat_distr) and Outcome (Outcome)
Harmonising fat_distr (fat_distr) and Outcome (Outcome)
[1] 408
[1] 408
  iteration traits posterior_prob regional_prob candidate_snp
1         1   None             NA        0.0106            NA
  posterior_explained_by_snp dropped_trait  lead_snp
1                         NA      iradjbmi rs7133378
[1] "SPLICING EVENT"
[1] "chr12:123973352:123973886:clu_15176_+:ENSG00000179195.16"
Harmonising fat_distr (fat_distr) and Outcome (Outcome)
Harmonising fat_distr (fat_distr) and Outcome (Outcome)
[1] 408
[1] 408
  iteration traits posterior_prob regional_prob candidate_snp
1         1   None             NA        0.0072            NA
  posterior_explained_by_snp dropped_trait  lead_snp
1                         NA      iradjbmi rs7133378
[1] "SPLICING EVENT"
[1] "chr12:123974020:123988043:clu_15177_+:ENSG00000179195.16"
Harmonising fat_distr (fat_distr) and Outcome (Outcome)
Harmonising fat_distr (fat_distr) and Outcome (Outcome)
[1] 408
[1] 408
  iteration traits posterior_prob regional_prob candidate_snp
1         1   None             NA        0.0194            NA
  posterior_explained_by_snp dropped_trait  lead_snp
1                         NA      iradjbmi rs7133378
[1] "SPLICING EVENT"
[1] "chr12:123974020:123988046:clu_15177_+:ENSG00000179195.16"
Harmonising fat_distr (fat_distr) and Outcome (Outcome)
Harmonising fat_distr (fat_distr) and Outcome (Outcome)
[1] 408
[1] 408
  iteration traits posterior_prob regional_prob candidate_snp
1         1   None             NA        0.0065            NA
  posterior_explained_by_snp dropped_trait  lead_snp
1                         NA      iradjbmi rs7133378
[1] "SPLICING EVENT"
[1] "chr12:123974020:124011381:clu_15177_+:ENSG00000179195.16"
Harmonising fat_distr (fat_distr) and Outcome (Outcome)
Harmonising fat_distr (fat_distr) and Outcome (Outcome)
[1] 408
[1] 408
  iteration traits posterior_prob regional_prob candidate_snp
1         1   None             NA        0.0117            NA
  posterior_explained_by_snp dropped_trait  lead_snp
1                         NA      iradjbmi rs7133378
[1] "SPLICING EVENT"
[1] "chr12:123988138:123989309:clu_15177_+:ENSG00000179195.16"
Harmonising fat_distr (fat_distr) and Outcome (Outcome)
Harmonising fat_distr (fat_distr) and Outcome (Outcome)
[1] 408
[1] 408
  iteration traits posterior_prob regional_prob candidate_snp
1         1   None             NA        0.0082            NA
  posterior_explained_by_snp dropped_trait  lead_snp
1                         NA      iradjbmi rs7133378
[1] "SPLICING EVENT"
[1] "chr12:123988138:124003423:clu_15177_+:ENSG00000179195.16"
Harmonising fat_distr (fat_distr) and Outcome (Outcome)
Harmonising fat_distr (fat_distr) and Outcome (Outcome)
[1] 408
[1] 408
  iteration traits posterior_prob regional_prob candidate_snp
1         1   None             NA        0.0071            NA
  posterior_explained_by_snp dropped_trait  lead_snp
1                         NA      iradjbmi rs7133378
[1] "SPLICING EVENT"
[1] "chr12:123988138:124004878:clu_15177_+:ENSG00000179195.16"
Harmonising fat_distr (fat_distr) and Outcome (Outcome)
Harmonising fat_distr (fat_distr) and Outcome (Outcome)
[1] 408
[1] 408
  iteration traits posterior_prob regional_prob candidate_snp
1         1   None             NA        0.0087            NA
  posterior_explained_by_snp dropped_trait  lead_snp
1                         NA      iradjbmi rs7133378
[1] "SPLICING EVENT"
[1] "chr12:123988138:124011381:clu_15177_+:ENSG00000179195.16"
Harmonising fat_distr (fat_distr) and Outcome (Outcome)
Harmonising fat_distr (fat_distr) and Outcome (Outcome)
[1] 408
[1] 408
  iteration traits posterior_prob regional_prob candidate_snp
1         1   None             NA        0.0131            NA
  posterior_explained_by_snp dropped_trait  lead_snp
1                         NA      iradjbmi rs7133378
[1] "SPLICING EVENT"
[1] "chr12:123989442:124011381:clu_15177_+:ENSG00000179195.16"
Harmonising fat_distr (fat_distr) and Outcome (Outcome)
Harmonising fat_distr (fat_distr) and Outcome (Outcome)
[1] 408
[1] 408
  iteration traits posterior_prob regional_prob candidate_snp
1         1   None             NA        0.0082            NA
  posterior_explained_by_snp dropped_trait  lead_snp
1                         NA      iradjbmi rs7133378
[1] "SPLICING EVENT"
[1] "chr12:124003540:124004554:clu_15177_+:ENSG00000179195.16"
Harmonising fat_distr (fat_distr) and Outcome (Outcome)
Harmonising fat_distr (fat_distr) and Outcome (Outcome)
[1] 408
[1] 408
  iteration traits posterior_prob regional_prob candidate_snp
1         1   None             NA        0.0073            NA
  posterior_explained_by_snp dropped_trait  lead_snp
1                         NA      iradjbmi rs7133378
[1] "SPLICING EVENT"
[1] "chr12:124004654:124004878:clu_15177_+:ENSG00000179195.16"
Harmonising fat_distr (fat_distr) and Outcome (Outcome)
Harmonising fat_distr (fat_distr) and Outcome (Outcome)
[1] 408
[1] 408
  iteration traits posterior_prob regional_prob candidate_snp
1         1   None             NA        0.0343            NA
  posterior_explained_by_snp dropped_trait  lead_snp
1                         NA      iradjbmi rs7133378
[1] "SPLICING EVENT"
[1] "chr12:124004935:124011381:clu_15177_+:ENSG00000179195.16"
Harmonising fat_distr (fat_distr) and Outcome (Outcome)
Harmonising fat_distr (fat_distr) and Outcome (Outcome)
[1] 408
[1] 408
  iteration traits posterior_prob regional_prob candidate_snp
1         1   None             NA        0.0064            NA
  posterior_explained_by_snp dropped_trait  lead_snp
1                         NA      iradjbmi rs7133378
[1] "LEAD INDEX"
[1] 14
[1] "CHROMOSOME"
[1] 13
[1] "LEAD INDEX"
[1] 1
[1] "SPLICING EVENT"
[1] "chr13:23181075:23191247:clu_15856_+:ENSG00000102683.8"
Harmonising fat_distr (fat_distr) and Outcome (Outcome)
Harmonising fat_distr (fat_distr) and Outcome (Outcome)
[1] 637
[1] 637
  iteration traits posterior_prob regional_prob candidate_snp
1         1   None             NA         1e-04            NA
  posterior_explained_by_snp
1                         NA
                                          dropped_trait  lead_snp
1 chr13:23181075:23191247:clu_15856_+:ENSG00000102683.8 rs3829352
[1] "SPLICING EVENT"
[1] "chr13:23181075:23203695:clu_15856_+:ENSG00000102683.8"
Harmonising fat_distr (fat_distr) and Outcome (Outcome)
Harmonising fat_distr (fat_distr) and Outcome (Outcome)
[1] 637
[1] 637
  iteration traits posterior_prob regional_prob candidate_snp
1         1   None             NA         2e-04            NA
  posterior_explained_by_snp
1                         NA
                                          dropped_trait  lead_snp
1 chr13:23181075:23203695:clu_15856_+:ENSG00000102683.8 rs3829352
[1] "SPLICING EVENT"
[1] "chr13:23191397:23203695:clu_15856_+:ENSG00000102683.8"
Harmonising fat_distr (fat_distr) and Outcome (Outcome)
Harmonising fat_distr (fat_distr) and Outcome (Outcome)
[1] 637
[1] 637
  iteration traits posterior_prob regional_prob candidate_snp
1         1   None             NA         1e-04            NA
  posterior_explained_by_snp
1                         NA
                                          dropped_trait  lead_snp
1 chr13:23191397:23203695:clu_15856_+:ENSG00000102683.8 rs3829352
[1] "SPLICING EVENT"
[1] "chr13:23203889:23234611:clu_15856_+:ENSG00000102683.8"
Harmonising fat_distr (fat_distr) and Outcome (Outcome)
Harmonising fat_distr (fat_distr) and Outcome (Outcome)
[1] 637
[1] 637
  iteration traits posterior_prob regional_prob candidate_snp
1         1   None             NA        0.0032            NA
  posterior_explained_by_snp dropped_trait  lead_snp
1                         NA      iradjbmi rs3829352
[1] "SPLICING EVENT"
[1] "chr13:23234712:23235044:clu_15857_+:ENSG00000102683.8"
Harmonising fat_distr (fat_distr) and Outcome (Outcome)
Harmonising fat_distr (fat_distr) and Outcome (Outcome)
[1] 637
[1] 637
  iteration traits posterior_prob regional_prob candidate_snp
1         1   None             NA        0.0038            NA
  posterior_explained_by_snp dropped_trait  lead_snp
1                         NA      iradjbmi rs3829352
[1] "SPLICING EVENT"
[1] "chr13:23234712:23250630:clu_15857_+:ENSG00000102683.8"
Harmonising fat_distr (fat_distr) and Outcome (Outcome)
Harmonising fat_distr (fat_distr) and Outcome (Outcome)
[1] 637
[1] 637
  iteration traits posterior_prob regional_prob candidate_snp
1         1   None             NA        0.0039            NA
  posterior_explained_by_snp dropped_trait  lead_snp
1                         NA      iradjbmi rs3829352
[1] "SPLICING EVENT"
[1] "chr13:23295487:23310108:clu_15858_+:ENSG00000102683.8"
Harmonising fat_distr (fat_distr) and Outcome (Outcome)
Harmonising fat_distr (fat_distr) and Outcome (Outcome)
[1] 637
[1] 637
  iteration                                                          traits
1         1 iradjbmi, chr13:23295487:23310108:clu_15858_+:ENSG00000102683.8
  posterior_prob regional_prob candidate_snp posterior_explained_by_snp
1         0.9829        0.9907     rs9552923                     0.3701
  dropped_trait  lead_snp
1            NA rs3829352
[1] "SPLICING EVENT"
[1] "chr13:23295487:23320637:clu_15858_+:ENSG00000102683.8"
Harmonising fat_distr (fat_distr) and Outcome (Outcome)
Harmonising fat_distr (fat_distr) and Outcome (Outcome)
[1] 637
[1] 637
  iteration traits posterior_prob regional_prob candidate_snp
1         1   None             NA        0.3817            NA
  posterior_explained_by_snp dropped_trait  lead_snp
1                         NA      iradjbmi rs3829352
[1] "SPLICING EVENT"
[1] "chr13:23295487:23324368:clu_15858_+:ENSG00000102683.8"
Harmonising fat_distr (fat_distr) and Outcome (Outcome)
Harmonising fat_distr (fat_distr) and Outcome (Outcome)
[1] 637
[1] 637
  iteration                                                          traits
1         1 iradjbmi, chr13:23295487:23324368:clu_15858_+:ENSG00000102683.8
  posterior_prob regional_prob candidate_snp posterior_explained_by_snp
1         0.9844        0.9913     rs4770433                     0.8067
  dropped_trait  lead_snp
1            NA rs3829352
[1] "SPLICING EVENT"
[1] "chr13:23310249:23320637:clu_15858_+:ENSG00000102683.8"
Harmonising fat_distr (fat_distr) and Outcome (Outcome)
Harmonising fat_distr (fat_distr) and Outcome (Outcome)
[1] 637
[1] 637
  iteration traits posterior_prob regional_prob candidate_snp
1         1   None             NA        0.0269            NA
  posterior_explained_by_snp
1                         NA
                                          dropped_trait  lead_snp
1 chr13:23310249:23320637:clu_15858_+:ENSG00000102683.8 rs3829352
[1] "SPLICING EVENT"
[1] "chr13:23320760:23324368:clu_15858_+:ENSG00000102683.8"
Harmonising fat_distr (fat_distr) and Outcome (Outcome)
Harmonising fat_distr (fat_distr) and Outcome (Outcome)
[1] 637
[1] 637
  iteration traits posterior_prob regional_prob candidate_snp
1         1   None             NA        0.0067            NA
  posterior_explained_by_snp dropped_trait  lead_snp
1                         NA      iradjbmi rs3829352
[1] "SPLICING EVENT"
[1] "chr13:23329484:23346811:clu_15322_-:ENSG00000151835.17"
Harmonising fat_distr (fat_distr) and Outcome (Outcome)
Harmonising fat_distr (fat_distr) and Outcome (Outcome)
[1] 637
[1] 637
  iteration traits posterior_prob regional_prob candidate_snp
1         1   None             NA        0.0094            NA
  posterior_explained_by_snp dropped_trait  lead_snp
1                         NA      iradjbmi rs3829352
[1] "SPLICING EVENT"
[1] "chr13:23341690:23346811:clu_15322_-:ENSG00000151835.17"
Harmonising fat_distr (fat_distr) and Outcome (Outcome)
Harmonising fat_distr (fat_distr) and Outcome (Outcome)
[1] 637
[1] 637
  iteration traits posterior_prob regional_prob candidate_snp
1         1   None             NA        0.0297            NA
  posterior_explained_by_snp dropped_trait  lead_snp
1                         NA      iradjbmi rs3829352
[1] "SPLICING EVENT"
[1] "chr13:23346837:23353785:clu_15322_-:ENSG00000151835.17"
Harmonising fat_distr (fat_distr) and Outcome (Outcome)
Harmonising fat_distr (fat_distr) and Outcome (Outcome)
[1] 637
[1] 637
  iteration traits posterior_prob regional_prob candidate_snp
1         1   None             NA        0.0043            NA
  posterior_explained_by_snp dropped_trait  lead_snp
1                         NA      iradjbmi rs3829352
[1] "SPLICING EVENT"
[1] "chr13:23356007:23358335:clu_15323_-:ENSG00000151835.17"
Harmonising fat_distr (fat_distr) and Outcome (Outcome)
Harmonising fat_distr (fat_distr) and Outcome (Outcome)
[1] 637
[1] 637
  iteration traits posterior_prob regional_prob candidate_snp
1         1   None             NA         0.006            NA
  posterior_explained_by_snp dropped_trait  lead_snp
1                         NA      iradjbmi rs3829352
[1] "SPLICING EVENT"
[1] "chr13:23358481:23365166:clu_15323_-:ENSG00000151835.17"
Harmonising fat_distr (fat_distr) and Outcome (Outcome)
Harmonising fat_distr (fat_distr) and Outcome (Outcome)
[1] 637
[1] 637
  iteration traits posterior_prob regional_prob candidate_snp
1         1   None             NA        0.0053            NA
  posterior_explained_by_snp dropped_trait  lead_snp
1                         NA      iradjbmi rs3829352
[1] "SPLICING EVENT"
[1] "chr13:23368487:23371078:clu_15324_-:ENSG00000151835.17"
Harmonising fat_distr (fat_distr) and Outcome (Outcome)
Harmonising fat_distr (fat_distr) and Outcome (Outcome)
[1] 637
[1] 637
  iteration traits posterior_prob regional_prob candidate_snp
1         1   None             NA        0.0054            NA
  posterior_explained_by_snp dropped_trait  lead_snp
1                         NA      iradjbmi rs3829352
[1] "SPLICING EVENT"
[1] "chr13:23371165:23375119:clu_15324_-:ENSG00000151835.17"
Harmonising fat_distr (fat_distr) and Outcome (Outcome)
Harmonising fat_distr (fat_distr) and Outcome (Outcome)
[1] 637
[1] 637
  iteration traits posterior_prob regional_prob candidate_snp
1         1   None             NA        0.0045            NA
  posterior_explained_by_snp dropped_trait  lead_snp
1                         NA      iradjbmi rs3829352
[1] "LEAD INDEX"
[1] 2
[1] "LEAD INDEX"
[1] 3
[1] "SPLICING EVENT"
[1] "chr13:113996739:113999585:clu_15818_-:ENSG00000185989.11"
Harmonising fat_distr (fat_distr) and Outcome (Outcome)
Harmonising fat_distr (fat_distr) and Outcome (Outcome)
[1] 246
[1] 246
  iteration traits posterior_prob regional_prob candidate_snp
1         1   None             NA        0.0114            NA
  posterior_explained_by_snp dropped_trait  lead_snp
1                         NA      iradjbmi rs4393438
[1] "SPLICING EVENT"
[1] "chr13:114000932:114007533:clu_15819_-:ENSG00000185989.11"
Harmonising fat_distr (fat_distr) and Outcome (Outcome)
Harmonising fat_distr (fat_distr) and Outcome (Outcome)
[1] 246
[1] 246
  iteration traits posterior_prob regional_prob candidate_snp
1         1   None             NA        0.0049            NA
  posterior_explained_by_snp dropped_trait  lead_snp
1                         NA      iradjbmi rs4393438
[1] "SPLICING EVENT"
[1] "chr13:114009464:114011171:clu_15820_-:ENSG00000185989.11"
Harmonising fat_distr (fat_distr) and Outcome (Outcome)
Harmonising fat_distr (fat_distr) and Outcome (Outcome)
[1] 246
[1] 246
  iteration traits posterior_prob regional_prob candidate_snp
1         1   None             NA        0.0276            NA
  posterior_explained_by_snp dropped_trait  lead_snp
1                         NA      iradjbmi rs4393438
[1] "SPLICING EVENT"
[1] "chr13:114011248:114013142:clu_15821_-:ENSG00000185989.11"
Harmonising fat_distr (fat_distr) and Outcome (Outcome)
Harmonising fat_distr (fat_distr) and Outcome (Outcome)
[1] 246
[1] 246
  iteration traits posterior_prob regional_prob candidate_snp
1         1   None             NA        0.0342            NA
  posterior_explained_by_snp dropped_trait  lead_snp
1                         NA      iradjbmi rs4393438
[1] "SPLICING EVENT"
[1] "chr13:114017351:114018104:clu_15822_-:ENSG00000185989.11"
Harmonising fat_distr (fat_distr) and Outcome (Outcome)
Harmonising fat_distr (fat_distr) and Outcome (Outcome)
[1] 246
[1] 246
  iteration traits posterior_prob regional_prob candidate_snp
1         1   None             NA        0.0042            NA
  posterior_explained_by_snp dropped_trait  lead_snp
1                         NA      iradjbmi rs4393438
[1] "SPLICING EVENT"
[1] "chr13:114018252:114018763:clu_15823_-:ENSG00000185989.11"
Harmonising fat_distr (fat_distr) and Outcome (Outcome)
Harmonising fat_distr (fat_distr) and Outcome (Outcome)
[1] 246
[1] 246
  iteration traits posterior_prob regional_prob candidate_snp
1         1   None             NA        0.0046            NA
  posterior_explained_by_snp dropped_trait  lead_snp
1                         NA      iradjbmi rs4393438
[1] "SPLICING EVENT"
[1] "chr13:114018919:114021404:clu_15823_-:ENSG00000185989.11"
Harmonising fat_distr (fat_distr) and Outcome (Outcome)
Harmonising fat_distr (fat_distr) and Outcome (Outcome)
[1] 246
[1] 246
  iteration traits posterior_prob regional_prob candidate_snp
1         1   None             NA        0.0047            NA
  posterior_explained_by_snp dropped_trait  lead_snp
1                         NA      iradjbmi rs4393438
[1] "SPLICING EVENT"
[1] "chr13:114029887:114041000:clu_15824_-:ENSG00000185989.11"
Harmonising fat_distr (fat_distr) and Outcome (Outcome)
Harmonising fat_distr (fat_distr) and Outcome (Outcome)
[1] 246
[1] 246
  iteration traits posterior_prob regional_prob candidate_snp
1         1   None             NA        0.4347            NA
  posterior_explained_by_snp
1                         NA
                                             dropped_trait  lead_snp
1 chr13:114029887:114041000:clu_15824_-:ENSG00000185989.11 rs4393438
[1] "SPLICING EVENT"
[1] "chr13:114041094:114052052:clu_15824_-:ENSG00000185989.11"
Harmonising fat_distr (fat_distr) and Outcome (Outcome)
Harmonising fat_distr (fat_distr) and Outcome (Outcome)
[1] 246
[1] 246
  iteration traits posterior_prob regional_prob candidate_snp
1         1   None             NA        0.1375            NA
  posterior_explained_by_snp dropped_trait  lead_snp
1                         NA      iradjbmi rs4393438
[1] "SPLICING EVENT"
[1] "chr13:114052155:114073720:clu_15825_-:ENSG00000185989.11"
Harmonising fat_distr (fat_distr) and Outcome (Outcome)
Harmonising fat_distr (fat_distr) and Outcome (Outcome)
[1] 246
[1] 246
  iteration traits posterior_prob regional_prob candidate_snp
1         1   None             NA         0.035            NA
  posterior_explained_by_snp dropped_trait  lead_snp
1                         NA      iradjbmi rs4393438
[1] "CHROMOSOME"
[1] 14
[1] "LEAD INDEX"
[1] 1
[1] "CHROMOSOME"
[1] 15
[1] "LEAD INDEX"
[1] 1
[1] "LEAD INDEX"
[1] 2
[1] "SPLICING EVENT"
[1] "chr15:42724616:42725144:clu_18580_-:ENSG00000140326.13"
Harmonising fat_distr (fat_distr) and Outcome (Outcome)
Harmonising fat_distr (fat_distr) and Outcome (Outcome)
[1] 244
[1] 244
  iteration traits posterior_prob regional_prob candidate_snp
1         1   None             NA        0.0159            NA
  posterior_explained_by_snp dropped_trait   lead_snp
1                         NA      iradjbmi rs12917018
[1] "SPLICING EVENT"
[1] "chr15:42725251:42725489:clu_18580_-:ENSG00000140326.13"
Harmonising fat_distr (fat_distr) and Outcome (Outcome)
Harmonising fat_distr (fat_distr) and Outcome (Outcome)
[1] 244
[1] 244
  iteration traits posterior_prob regional_prob candidate_snp
1         1   None             NA        0.0153            NA
  posterior_explained_by_snp dropped_trait   lead_snp
1                         NA      iradjbmi rs12917018
[1] "SPLICING EVENT"
[1] "chr15:42725670:42726097:clu_18581_-:ENSG00000140326.13"
Harmonising fat_distr (fat_distr) and Outcome (Outcome)
Harmonising fat_distr (fat_distr) and Outcome (Outcome)
[1] 244
[1] 244
  iteration traits posterior_prob regional_prob candidate_snp
1         1   None             NA        0.0156            NA
  posterior_explained_by_snp dropped_trait   lead_snp
1                         NA      iradjbmi rs12917018
[1] "SPLICING EVENT"
[1] "chr15:42725670:42726310:clu_18581_-:ENSG00000140326.13"
Harmonising fat_distr (fat_distr) and Outcome (Outcome)
Harmonising fat_distr (fat_distr) and Outcome (Outcome)
[1] 244
[1] 244
  iteration traits posterior_prob regional_prob candidate_snp
1         1   None             NA        0.0188            NA
  posterior_explained_by_snp dropped_trait   lead_snp
1                         NA      iradjbmi rs12917018
[1] "SPLICING EVENT"
[1] "chr15:42726160:42726310:clu_18581_-:ENSG00000140326.13"
Harmonising fat_distr (fat_distr) and Outcome (Outcome)
Harmonising fat_distr (fat_distr) and Outcome (Outcome)
[1] 244
[1] 244
  iteration traits posterior_prob regional_prob candidate_snp
1         1   None             NA          0.02            NA
  posterior_explained_by_snp dropped_trait   lead_snp
1                         NA      iradjbmi rs12917018
[1] "SPLICING EVENT"
[1] "chr15:42726417:42727621:clu_18582_-:ENSG00000140326.13"
Harmonising fat_distr (fat_distr) and Outcome (Outcome)
Harmonising fat_distr (fat_distr) and Outcome (Outcome)
[1] 244
[1] 244
  iteration traits posterior_prob regional_prob candidate_snp
1         1   None             NA         0.016            NA
  posterior_explained_by_snp dropped_trait   lead_snp
1                         NA      iradjbmi rs12917018
[1] "SPLICING EVENT"
[1] "chr15:42726417:42727668:clu_18582_-:ENSG00000140326.13"
Harmonising fat_distr (fat_distr) and Outcome (Outcome)
Harmonising fat_distr (fat_distr) and Outcome (Outcome)
[1] 244
[1] 244
  iteration traits posterior_prob regional_prob candidate_snp
1         1   None             NA        0.0151            NA
  posterior_explained_by_snp dropped_trait   lead_snp
1                         NA      iradjbmi rs12917018
[1] "SPLICING EVENT"
[1] "chr15:42727769:42727955:clu_18582_-:ENSG00000140326.13"
Harmonising fat_distr (fat_distr) and Outcome (Outcome)
Harmonising fat_distr (fat_distr) and Outcome (Outcome)
[1] 244
[1] 244
  iteration traits posterior_prob regional_prob candidate_snp
1         1   None             NA        0.0151            NA
  posterior_explained_by_snp dropped_trait   lead_snp
1                         NA      iradjbmi rs12917018
[1] "SPLICING EVENT"
[1] "chr15:42730764:42730925:clu_18586_-:ENSG00000140326.13"
Harmonising fat_distr (fat_distr) and Outcome (Outcome)
Harmonising fat_distr (fat_distr) and Outcome (Outcome)
[1] 244
[1] 244
  iteration traits posterior_prob regional_prob candidate_snp
1         1   None             NA        0.0214            NA
  posterior_explained_by_snp dropped_trait   lead_snp
1                         NA      iradjbmi rs12917018
[1] "SPLICING EVENT"
[1] "chr15:42730764:42730963:clu_18586_-:ENSG00000140326.13"
Harmonising fat_distr (fat_distr) and Outcome (Outcome)
Harmonising fat_distr (fat_distr) and Outcome (Outcome)
[1] 244
[1] 244
  iteration traits posterior_prob regional_prob candidate_snp
1         1   None             NA         0.017            NA
  posterior_explained_by_snp dropped_trait   lead_snp
1                         NA      iradjbmi rs12917018
[1] "SPLICING EVENT"
[1] "chr15:42734047:42734226:clu_18588_-:ENSG00000140326.13"
Harmonising fat_distr (fat_distr) and Outcome (Outcome)
Harmonising fat_distr (fat_distr) and Outcome (Outcome)
[1] 244
[1] 244
  iteration traits posterior_prob regional_prob candidate_snp
1         1   None             NA        0.0185            NA
  posterior_explained_by_snp dropped_trait   lead_snp
1                         NA      iradjbmi rs12917018
[1] "SPLICING EVENT"
[1] "chr15:42734047:42735100:clu_18588_-:ENSG00000140326.13"
Harmonising fat_distr (fat_distr) and Outcome (Outcome)
Harmonising fat_distr (fat_distr) and Outcome (Outcome)
[1] 244
[1] 244
  iteration traits posterior_prob regional_prob candidate_snp
1         1   None             NA         0.015            NA
  posterior_explained_by_snp dropped_trait   lead_snp
1                         NA      iradjbmi rs12917018
[1] "SPLICING EVENT"
[1] "chr15:42734346:42735100:clu_18588_-:ENSG00000140326.13"
Harmonising fat_distr (fat_distr) and Outcome (Outcome)
Harmonising fat_distr (fat_distr) and Outcome (Outcome)
[1] 244
[1] 244
  iteration traits posterior_prob regional_prob candidate_snp
1         1   None             NA        0.0219            NA
  posterior_explained_by_snp dropped_trait   lead_snp
1                         NA      iradjbmi rs12917018
[1] "SPLICING EVENT"
[1] "chr15:42736078:42736302:clu_18591_-:ENSG00000140326.13"
Harmonising fat_distr (fat_distr) and Outcome (Outcome)
Harmonising fat_distr (fat_distr) and Outcome (Outcome)
[1] 244
[1] 244
  iteration traits posterior_prob regional_prob candidate_snp
1         1   None             NA         0.015            NA
  posterior_explained_by_snp dropped_trait   lead_snp
1                         NA      iradjbmi rs12917018
[1] "SPLICING EVENT"
[1] "chr15:42736081:42736302:clu_18591_-:ENSG00000140326.13"
Harmonising fat_distr (fat_distr) and Outcome (Outcome)
Harmonising fat_distr (fat_distr) and Outcome (Outcome)
[1] 244
[1] 244
  iteration traits posterior_prob regional_prob candidate_snp
1         1   None             NA        0.0252            NA
  posterior_explained_by_snp dropped_trait   lead_snp
1                         NA      iradjbmi rs12917018
[1] "SPLICING EVENT"
[1] "chr15:42736780:42737013:clu_18591_-:ENSG00000140326.13"
Harmonising fat_distr (fat_distr) and Outcome (Outcome)
Harmonising fat_distr (fat_distr) and Outcome (Outcome)
[1] 244
[1] 244
  iteration traits posterior_prob regional_prob candidate_snp
1         1   None             NA        0.0156            NA
  posterior_explained_by_snp dropped_trait   lead_snp
1                         NA      iradjbmi rs12917018
[1] "SPLICING EVENT"
[1] "chr15:42739263:42745770:clu_18591_-:ENSG00000140326.13"
Harmonising fat_distr (fat_distr) and Outcome (Outcome)
Harmonising fat_distr (fat_distr) and Outcome (Outcome)
[1] 244
[1] 244
  iteration traits posterior_prob regional_prob candidate_snp
1         1   None             NA        0.0181            NA
  posterior_explained_by_snp dropped_trait   lead_snp
1                         NA      iradjbmi rs12917018
[1] "SPLICING EVENT"
[1] "chr15:42739889:42745770:clu_18591_-:ENSG00000140326.13"
Harmonising fat_distr (fat_distr) and Outcome (Outcome)
Harmonising fat_distr (fat_distr) and Outcome (Outcome)
[1] 244
[1] 244
  iteration traits posterior_prob regional_prob candidate_snp
1         1   None             NA        0.0139            NA
  posterior_explained_by_snp dropped_trait   lead_snp
1                         NA      iradjbmi rs12917018
[1] "SPLICING EVENT"
[1] "chr15:42811780:42817032:clu_18592_-:ENSG00000128881.18"
Harmonising fat_distr (fat_distr) and Outcome (Outcome)
Harmonising fat_distr (fat_distr) and Outcome (Outcome)
[1] 244
[1] 244
  iteration traits posterior_prob regional_prob candidate_snp
1         1   None             NA        0.0148            NA
  posterior_explained_by_snp dropped_trait   lead_snp
1                         NA      iradjbmi rs12917018
[1] "SPLICING EVENT"
[1] "chr15:42817097:42827928:clu_18592_-:ENSG00000128881.18"
Harmonising fat_distr (fat_distr) and Outcome (Outcome)
Harmonising fat_distr (fat_distr) and Outcome (Outcome)
[1] 244
[1] 244
  iteration traits posterior_prob regional_prob candidate_snp
1         1   None             NA        0.0148            NA
  posterior_explained_by_snp dropped_trait   lead_snp
1                         NA      iradjbmi rs12917018
[1] "SPLICING EVENT"
[1] "chr15:42840433:42871445:clu_18593_-:ENSG00000128881.18"
Harmonising fat_distr (fat_distr) and Outcome (Outcome)
Harmonising fat_distr (fat_distr) and Outcome (Outcome)
[1] 244
[1] 244
  iteration traits posterior_prob regional_prob candidate_snp
1         1   None             NA        0.0137            NA
  posterior_explained_by_snp dropped_trait   lead_snp
1                         NA      iradjbmi rs12917018
[1] "SPLICING EVENT"
[1] "chr15:42840433:42872611:clu_18593_-:ENSG00000128881.18"
Harmonising fat_distr (fat_distr) and Outcome (Outcome)
Harmonising fat_distr (fat_distr) and Outcome (Outcome)
[1] 244
[1] 244
  iteration traits posterior_prob regional_prob candidate_snp
1         1   None             NA        0.0134            NA
  posterior_explained_by_snp dropped_trait   lead_snp
1                         NA      iradjbmi rs12917018
[1] "SPLICING EVENT"
[1] "chr15:42878684:42919759:clu_18594_-:ENSG00000128881.18"
Harmonising fat_distr (fat_distr) and Outcome (Outcome)
Harmonising fat_distr (fat_distr) and Outcome (Outcome)
[1] 244
[1] 244
  iteration traits posterior_prob regional_prob candidate_snp
1         1   None             NA        0.0179            NA
  posterior_explained_by_snp dropped_trait   lead_snp
1                         NA      iradjbmi rs12917018
[1] "SPLICING EVENT"
[1] "chr15:42878684:42920438:clu_18594_-:ENSG00000128881.18"
Harmonising fat_distr (fat_distr) and Outcome (Outcome)
Harmonising fat_distr (fat_distr) and Outcome (Outcome)
[1] 244
[1] 244
  iteration traits posterior_prob regional_prob candidate_snp
1         1   None             NA        0.0196            NA
  posterior_explained_by_snp dropped_trait   lead_snp
1                         NA      iradjbmi rs12917018
[1] "LEAD INDEX"
[1] 3
[1] "SPLICING EVENT"
[1] "chr15:39588218:39588526:clu_19657_+:ENSG00000137801.11"
Harmonising fat_distr (fat_distr) and Outcome (Outcome)
Removing the following SNPs for incompatible alleles:
chr15:39634951
Harmonising fat_distr (fat_distr) and Outcome (Outcome)
[1] 573
[1] 573
  iteration traits posterior_prob regional_prob candidate_snp
1         1   None             NA        0.0081            NA
  posterior_explained_by_snp dropped_trait lead_snp
1                         NA      iradjbmi rs275184
[1] "SPLICING EVENT"
[1] "chr15:39588699:39588959:clu_19657_+:ENSG00000137801.11"
Harmonising fat_distr (fat_distr) and Outcome (Outcome)
Removing the following SNPs for incompatible alleles:
chr15:39634951
Harmonising fat_distr (fat_distr) and Outcome (Outcome)
[1] 573
[1] 573
  iteration traits posterior_prob regional_prob candidate_snp
1         1   None             NA         0.008            NA
  posterior_explained_by_snp dropped_trait lead_snp
1                         NA      iradjbmi rs275184
[1] "SPLICING EVENT"
[1] "chr15:39590023:39590516:clu_19658_+:ENSG00000137801.11"
Harmonising fat_distr (fat_distr) and Outcome (Outcome)
Removing the following SNPs for incompatible alleles:
chr15:39634951
Harmonising fat_distr (fat_distr) and Outcome (Outcome)
[1] 573
[1] 573
  iteration traits posterior_prob regional_prob candidate_snp
1         1   None             NA        0.1005            NA
  posterior_explained_by_snp dropped_trait lead_snp
1                         NA      iradjbmi rs275184
[1] "LEAD INDEX"
[1] 4
[1] "LEAD INDEX"
[1] 5
[1] "SPLICING EVENT"
[1] "chr15:61590003:61635415:clu_18863_-:ENSG00000259616.2"
Harmonising fat_distr (fat_distr) and Outcome (Outcome)
Harmonising fat_distr (fat_distr) and Outcome (Outcome)
[1] 528
[1] 528
  iteration                                                          traits
1         1 iradjbmi, chr15:61590003:61635415:clu_18863_-:ENSG00000259616.2
  posterior_prob regional_prob candidate_snp posterior_explained_by_snp
1         0.6246        0.6423     rs4775426                      0.498
  dropped_trait  lead_snp
1            NA rs4775426
[1] "SPLICING EVENT"
[1] "chr15:61629905:61635415:clu_18863_-:ENSG00000259616.2"
Harmonising fat_distr (fat_distr) and Outcome (Outcome)
Harmonising fat_distr (fat_distr) and Outcome (Outcome)
[1] 528
[1] 528
  iteration                                                          traits
1         1 iradjbmi, chr15:61629905:61635415:clu_18863_-:ENSG00000259616.2
  posterior_prob regional_prob candidate_snp posterior_explained_by_snp
1         0.8276        0.8458     rs4775426                     0.3135
  dropped_trait  lead_snp
1            NA rs4775426
[1] "SPLICING EVENT"
[1] "chr15:61639712:61653189:clu_18863_-:ENSG00000259616.2"
Harmonising fat_distr (fat_distr) and Outcome (Outcome)
Harmonising fat_distr (fat_distr) and Outcome (Outcome)
[1] 528
[1] 528
  iteration                                                          traits
1         1 iradjbmi, chr15:61639712:61653189:clu_18863_-:ENSG00000259616.2
  posterior_prob regional_prob candidate_snp posterior_explained_by_snp
1         0.7961        0.8104     rs2249312                     0.6299
  dropped_trait  lead_snp
1            NA rs4775426
[1] "SPLICING EVENT"
[1] "chr15:61646691:61653189:clu_18863_-:ENSG00000259616.2"
Harmonising fat_distr (fat_distr) and Outcome (Outcome)
Harmonising fat_distr (fat_distr) and Outcome (Outcome)
[1] 528
[1] 528
  iteration traits posterior_prob regional_prob candidate_snp
1         1   None             NA        0.0479            NA
  posterior_explained_by_snp dropped_trait  lead_snp
1                         NA      iradjbmi rs4775426
[1] "SPLICING EVENT"
[1] "chr15:61590003:61635415:clu_18863_-:ENSG00000259675.3"
Harmonising fat_distr (fat_distr) and Outcome (Outcome)
Harmonising fat_distr (fat_distr) and Outcome (Outcome)
[1] 528
[1] 528
  iteration                                                          traits
1         1 iradjbmi, chr15:61590003:61635415:clu_18863_-:ENSG00000259675.3
  posterior_prob regional_prob candidate_snp posterior_explained_by_snp
1         0.6246        0.6423     rs4775426                      0.498
  dropped_trait  lead_snp
1            NA rs4775426
[1] "SPLICING EVENT"
[1] "chr15:61629905:61635415:clu_18863_-:ENSG00000259675.3"
Harmonising fat_distr (fat_distr) and Outcome (Outcome)
Harmonising fat_distr (fat_distr) and Outcome (Outcome)
[1] 528
[1] 528
  iteration                                                          traits
1         1 iradjbmi, chr15:61629905:61635415:clu_18863_-:ENSG00000259675.3
  posterior_prob regional_prob candidate_snp posterior_explained_by_snp
1         0.8276        0.8458     rs4775426                     0.3135
  dropped_trait  lead_snp
1            NA rs4775426
[1] "SPLICING EVENT"
[1] "chr15:61639712:61653189:clu_18863_-:ENSG00000259675.3"
Harmonising fat_distr (fat_distr) and Outcome (Outcome)
Harmonising fat_distr (fat_distr) and Outcome (Outcome)
[1] 528
[1] 528
  iteration                                                          traits
1         1 iradjbmi, chr15:61639712:61653189:clu_18863_-:ENSG00000259675.3
  posterior_prob regional_prob candidate_snp posterior_explained_by_snp
1         0.7961        0.8104     rs2249312                     0.6299
  dropped_trait  lead_snp
1            NA rs4775426
[1] "SPLICING EVENT"
[1] "chr15:61646691:61653189:clu_18863_-:ENSG00000259675.3"
Harmonising fat_distr (fat_distr) and Outcome (Outcome)
Harmonising fat_distr (fat_distr) and Outcome (Outcome)
[1] 528
[1] 528
  iteration traits posterior_prob regional_prob candidate_snp
1         1   None             NA        0.0479            NA
  posterior_explained_by_snp dropped_trait  lead_snp
1                         NA      iradjbmi rs4775426
[1] "LEAD INDEX"
[1] 6
[1] "SPLICING EVENT"
[1] "chr15:63057118:63059563:clu_19970_+:ENSG00000140416.23"
Harmonising fat_distr (fat_distr) and Outcome (Outcome)
Harmonising fat_distr (fat_distr) and Outcome (Outcome)
[1] 491
[1] 491
  iteration traits posterior_prob regional_prob candidate_snp
1         1   None             NA        0.0251            NA
  posterior_explained_by_snp dropped_trait  lead_snp
1                         NA      iradjbmi rs2729827
[1] "SPLICING EVENT"
[1] "chr15:63057118:63059565:clu_19970_+:ENSG00000140416.23"
Harmonising fat_distr (fat_distr) and Outcome (Outcome)
Harmonising fat_distr (fat_distr) and Outcome (Outcome)
[1] 491
[1] 491
  iteration traits posterior_prob regional_prob candidate_snp
1         1   None             NA        0.0224            NA
  posterior_explained_by_snp dropped_trait  lead_snp
1                         NA      iradjbmi rs2729827
[1] "SPLICING EVENT"
[1] "chr15:63062645:63064064:clu_19971_+:ENSG00000140416.23"
Harmonising fat_distr (fat_distr) and Outcome (Outcome)
Harmonising fat_distr (fat_distr) and Outcome (Outcome)
[1] 491
[1] 491
  iteration traits posterior_prob regional_prob candidate_snp
1         1   None             NA        0.0051            NA
  posterior_explained_by_snp dropped_trait  lead_snp
1                         NA      iradjbmi rs2729827
[1] "SPLICING EVENT"
[1] "chr15:63062645:63071090:clu_19971_+:ENSG00000140416.23"
Harmonising fat_distr (fat_distr) and Outcome (Outcome)
Harmonising fat_distr (fat_distr) and Outcome (Outcome)
[1] 491
[1] 491
  iteration traits posterior_prob regional_prob candidate_snp
1         1   None             NA        0.0049            NA
  posterior_explained_by_snp dropped_trait  lead_snp
1                         NA      iradjbmi rs2729827
[1] "LEAD INDEX"
[1] 7
[1] "LEAD INDEX"
[1] 8
[1] "LEAD INDEX"
[1] 9
[1] "CHROMOSOME"
[1] 16
[1] "LEAD INDEX"
[1] 1
[1] "SPLICING EVENT"
[1] "chr16:56363056:56363921:clu_21414_-:ENSG00000159461.15"
Harmonising fat_distr (fat_distr) and Outcome (Outcome)
Harmonising fat_distr (fat_distr) and Outcome (Outcome)
[1] 315
[1] 315
  iteration traits posterior_prob regional_prob candidate_snp
1         1   None             NA        0.0066            NA
  posterior_explained_by_snp dropped_trait  lead_snp
1                         NA      iradjbmi rs9937484
[1] "SPLICING EVENT"
[1] "chr16:56363103:56363921:clu_21414_-:ENSG00000159461.15"
Harmonising fat_distr (fat_distr) and Outcome (Outcome)
Harmonising fat_distr (fat_distr) and Outcome (Outcome)
[1] 315
[1] 315
  iteration traits posterior_prob regional_prob candidate_snp
1         1   None             NA        0.0062            NA
  posterior_explained_by_snp dropped_trait  lead_snp
1                         NA      iradjbmi rs9937484
[1] "SPLICING EVENT"
[1] "chr16:56409516:56414252:clu_21413_-:ENSG00000159461.15"
Harmonising fat_distr (fat_distr) and Outcome (Outcome)
Harmonising fat_distr (fat_distr) and Outcome (Outcome)
[1] 315
[1] 315
  iteration traits posterior_prob regional_prob candidate_snp
1         1   None             NA        0.0055            NA
  posterior_explained_by_snp dropped_trait  lead_snp
1                         NA      iradjbmi rs9937484
[1] "SPLICING EVENT"
[1] "chr16:56409588:56414252:clu_21413_-:ENSG00000159461.15"
Harmonising fat_distr (fat_distr) and Outcome (Outcome)
Harmonising fat_distr (fat_distr) and Outcome (Outcome)
[1] 315
[1] 315
  iteration traits posterior_prob regional_prob candidate_snp
1         1   None             NA        0.0053            NA
  posterior_explained_by_snp dropped_trait  lead_snp
1                         NA      iradjbmi rs9937484
[1] "LEAD INDEX"
[1] 2
[1] "LEAD INDEX"
[1] 3
[1] "SPLICING EVENT"
[1] "chr16:15040066:15041068:clu_20950_-:ENSG00000157045.9"
Harmonising fat_distr (fat_distr) and Outcome (Outcome)
Harmonising fat_distr (fat_distr) and Outcome (Outcome)
[1] 101
[1] 101
  iteration traits posterior_prob regional_prob candidate_snp
1         1   None             NA        0.0144            NA
  posterior_explained_by_snp dropped_trait   lead_snp
1                         NA      iradjbmi rs11075253
[1] "SPLICING EVENT"
[1] "chr16:15040089:15041068:clu_20950_-:ENSG00000157045.9"
Harmonising fat_distr (fat_distr) and Outcome (Outcome)
Harmonising fat_distr (fat_distr) and Outcome (Outcome)
[1] 101
[1] 101
  iteration traits posterior_prob regional_prob candidate_snp
1         1   None             NA        0.0076            NA
  posterior_explained_by_snp dropped_trait   lead_snp
1                         NA      iradjbmi rs11075253
[1] "SPLICING EVENT"
[1] "chr16:15041676:15044334:clu_20951_-:ENSG00000157045.9"
Harmonising fat_distr (fat_distr) and Outcome (Outcome)
Harmonising fat_distr (fat_distr) and Outcome (Outcome)
[1] 101
[1] 101
  iteration traits posterior_prob regional_prob candidate_snp
1         1   None             NA        0.0116            NA
  posterior_explained_by_snp dropped_trait   lead_snp
1                         NA      iradjbmi rs11075253
[1] "SPLICING EVENT"
[1] "chr16:15044407:15047418:clu_20951_-:ENSG00000157045.9"
Harmonising fat_distr (fat_distr) and Outcome (Outcome)
Harmonising fat_distr (fat_distr) and Outcome (Outcome)
[1] 101
[1] 101
  iteration traits posterior_prob regional_prob candidate_snp
1         1   None             NA        0.0091            NA
  posterior_explained_by_snp dropped_trait   lead_snp
1                         NA      iradjbmi rs11075253
[1] "SPLICING EVENT"
[1] "chr16:15044407:15047442:clu_20951_-:ENSG00000157045.9"
Harmonising fat_distr (fat_distr) and Outcome (Outcome)
Harmonising fat_distr (fat_distr) and Outcome (Outcome)
[1] 101
[1] 101
  iteration traits posterior_prob regional_prob candidate_snp
1         1   None             NA        0.0114            NA
  posterior_explained_by_snp dropped_trait   lead_snp
1                         NA      iradjbmi rs11075253
[1] "SPLICING EVENT"
[1] "chr16:15047550:15047855:clu_20952_-:ENSG00000157045.9"
Harmonising fat_distr (fat_distr) and Outcome (Outcome)
Harmonising fat_distr (fat_distr) and Outcome (Outcome)
[1] 101
[1] 101
  iteration traits posterior_prob regional_prob candidate_snp
1         1   None             NA        0.0301            NA
  posterior_explained_by_snp dropped_trait   lead_snp
1                         NA      iradjbmi rs11075253
[1] "SPLICING EVENT"
[1] "chr16:15047550:15055891:clu_20952_-:ENSG00000157045.9"
Harmonising fat_distr (fat_distr) and Outcome (Outcome)
Harmonising fat_distr (fat_distr) and Outcome (Outcome)
[1] 101
[1] 101
  iteration traits posterior_prob regional_prob candidate_snp
1         1   None             NA        0.0401            NA
  posterior_explained_by_snp dropped_trait   lead_snp
1                         NA      iradjbmi rs11075253
[1] "SPLICING EVENT"
[1] "chr16:15047920:15047997:clu_20952_-:ENSG00000157045.9"
Harmonising fat_distr (fat_distr) and Outcome (Outcome)
Harmonising fat_distr (fat_distr) and Outcome (Outcome)
[1] 101
[1] 101
  iteration traits posterior_prob regional_prob candidate_snp
1         1   None             NA        0.0084            NA
  posterior_explained_by_snp dropped_trait   lead_snp
1                         NA      iradjbmi rs11075253
[1] "SPLICING EVENT"
[1] "chr16:15047920:15055891:clu_20952_-:ENSG00000157045.9"
Harmonising fat_distr (fat_distr) and Outcome (Outcome)
Harmonising fat_distr (fat_distr) and Outcome (Outcome)
[1] 101
[1] 101
  iteration traits posterior_prob regional_prob candidate_snp
1         1   None             NA        0.0188            NA
  posterior_explained_by_snp dropped_trait   lead_snp
1                         NA      iradjbmi rs11075253
[1] "SPLICING EVENT"
[1] "chr16:15048099:15055891:clu_20952_-:ENSG00000157045.9"
Harmonising fat_distr (fat_distr) and Outcome (Outcome)
Harmonising fat_distr (fat_distr) and Outcome (Outcome)
[1] 101
[1] 101
  iteration traits posterior_prob regional_prob candidate_snp
1         1   None             NA         0.012            NA
  posterior_explained_by_snp dropped_trait   lead_snp
1                         NA      iradjbmi rs11075253
[1] "LEAD INDEX"
[1] 4
[1] "SPLICING EVENT"
[1] "chr16:29907108:29910978:clu_21236_-:ENSG00000174943.11"
Harmonising fat_distr (fat_distr) and Outcome (Outcome)
Harmonising fat_distr (fat_distr) and Outcome (Outcome)
[1] 181
[1] 181
  iteration traits posterior_prob regional_prob candidate_snp
1         1   None             NA        0.0212            NA
  posterior_explained_by_snp dropped_trait  lead_snp
1                         NA      iradjbmi rs4283241
[1] "SPLICING EVENT"
[1] "chr16:29907974:29910978:clu_21236_-:ENSG00000174943.11"
Harmonising fat_distr (fat_distr) and Outcome (Outcome)
Harmonising fat_distr (fat_distr) and Outcome (Outcome)
[1] 181
[1] 181
  iteration traits posterior_prob regional_prob candidate_snp
1         1   None             NA        0.0115            NA
  posterior_explained_by_snp dropped_trait  lead_snp
1                         NA      iradjbmi rs4283241
[1] "SPLICING EVENT"
[1] "chr16:29911173:29911815:clu_21237_-:ENSG00000174943.11"
Harmonising fat_distr (fat_distr) and Outcome (Outcome)
Harmonising fat_distr (fat_distr) and Outcome (Outcome)
[1] 181
[1] 181
  iteration traits posterior_prob regional_prob candidate_snp
1         1   None             NA        0.0068            NA
  posterior_explained_by_snp dropped_trait  lead_snp
1                         NA      iradjbmi rs4283241
[1] "SPLICING EVENT"
[1] "chr16:29911557:29911815:clu_21237_-:ENSG00000174943.11"
Harmonising fat_distr (fat_distr) and Outcome (Outcome)
Harmonising fat_distr (fat_distr) and Outcome (Outcome)
[1] 181
[1] 181
  iteration traits posterior_prob regional_prob candidate_snp
1         1   None             NA         0.008            NA
  posterior_explained_by_snp dropped_trait  lead_snp
1                         NA      iradjbmi rs4283241
[1] "SPLICING EVENT"
[1] "chr16:29912049:29923190:clu_21238_-:ENSG00000174943.11"
Harmonising fat_distr (fat_distr) and Outcome (Outcome)
Harmonising fat_distr (fat_distr) and Outcome (Outcome)
[1] 181
[1] 181
  iteration traits posterior_prob regional_prob candidate_snp
1         1   None             NA        0.0107            NA
  posterior_explained_by_snp dropped_trait  lead_snp
1                         NA      iradjbmi rs4283241
[1] "SPLICING EVENT"
[1] "chr16:29923359:29925539:clu_21238_-:ENSG00000174943.11"
Harmonising fat_distr (fat_distr) and Outcome (Outcome)
Harmonising fat_distr (fat_distr) and Outcome (Outcome)
[1] 181
[1] 181
  iteration traits posterior_prob regional_prob candidate_snp
1         1   None             NA        0.0081            NA
  posterior_explained_by_snp dropped_trait  lead_snp
1                         NA      iradjbmi rs4283241
[1] "SPLICING EVENT"
[1] "chr16:29923359:29925790:clu_21238_-:ENSG00000174943.11"
Harmonising fat_distr (fat_distr) and Outcome (Outcome)
Harmonising fat_distr (fat_distr) and Outcome (Outcome)
[1] 181
[1] 181
  iteration traits posterior_prob regional_prob candidate_snp
1         1   None             NA        0.0107            NA
  posterior_explained_by_snp dropped_trait  lead_snp
1                         NA      iradjbmi rs4283241
[1] "SPLICING EVENT"
[1] "chr16:29925581:29925790:clu_21238_-:ENSG00000174943.11"
Harmonising fat_distr (fat_distr) and Outcome (Outcome)
Harmonising fat_distr (fat_distr) and Outcome (Outcome)
[1] 181
[1] 181
  iteration traits posterior_prob regional_prob candidate_snp
1         1   None             NA        0.0891            NA
  posterior_explained_by_snp dropped_trait  lead_snp
1                         NA      iradjbmi rs4283241
[1] "SPLICING EVENT"
[1] "chr16:29982901:29983054:clu_22660_+:ENSG00000149930.18"
Harmonising fat_distr (fat_distr) and Outcome (Outcome)
Harmonising fat_distr (fat_distr) and Outcome (Outcome)
[1] 181
[1] 181
  iteration traits posterior_prob regional_prob candidate_snp
1         1   None             NA        0.0064            NA
  posterior_explained_by_snp dropped_trait  lead_snp
1                         NA      iradjbmi rs4283241
[1] "SPLICING EVENT"
[1] "chr16:29982901:29983072:clu_22660_+:ENSG00000149930.18"
Harmonising fat_distr (fat_distr) and Outcome (Outcome)
Harmonising fat_distr (fat_distr) and Outcome (Outcome)
[1] 181
[1] 181
  iteration traits posterior_prob regional_prob candidate_snp
1         1   None             NA        0.0192            NA
  posterior_explained_by_snp dropped_trait  lead_snp
1                         NA      iradjbmi rs4283241
[1] "SPLICING EVENT"
[1] "chr16:29983664:29985213:clu_22661_+:ENSG00000149930.18"
Harmonising fat_distr (fat_distr) and Outcome (Outcome)
Harmonising fat_distr (fat_distr) and Outcome (Outcome)
[1] 181
[1] 181
  iteration traits posterior_prob regional_prob candidate_snp
1         1   None             NA        0.3348            NA
  posterior_explained_by_snp
1                         NA
                                           dropped_trait  lead_snp
1 chr16:29983664:29985213:clu_22661_+:ENSG00000149930.18 rs4283241
[1] "SPLICING EVENT"
[1] "chr16:29986504:29988359:clu_22663_+:ENSG00000149930.18"
Harmonising fat_distr (fat_distr) and Outcome (Outcome)
Harmonising fat_distr (fat_distr) and Outcome (Outcome)
[1] 181
[1] 181
  iteration traits posterior_prob regional_prob candidate_snp
1         1   None             NA        0.0068            NA
  posterior_explained_by_snp dropped_trait  lead_snp
1                         NA      iradjbmi rs4283241
[1] "SPLICING EVENT"
[1] "chr16:29986504:29989195:clu_22663_+:ENSG00000149930.18"
Harmonising fat_distr (fat_distr) and Outcome (Outcome)
Harmonising fat_distr (fat_distr) and Outcome (Outcome)
[1] 181
[1] 181
  iteration traits posterior_prob regional_prob candidate_snp
1         1   None             NA        0.0166            NA
  posterior_explained_by_snp dropped_trait  lead_snp
1                         NA      iradjbmi rs4283241
[1] "SPLICING EVENT"
[1] "chr16:29986504:29989593:clu_22663_+:ENSG00000149930.18"
Harmonising fat_distr (fat_distr) and Outcome (Outcome)
Harmonising fat_distr (fat_distr) and Outcome (Outcome)
[1] 181
[1] 181
  iteration traits posterior_prob regional_prob candidate_snp
1         1   None             NA        0.0203            NA
  posterior_explained_by_snp dropped_trait  lead_snp
1                         NA      iradjbmi rs4283241
[1] "SPLICING EVENT"
[1] "chr16:29989805:29990543:clu_22664_+:ENSG00000149930.18"
Harmonising fat_distr (fat_distr) and Outcome (Outcome)
Harmonising fat_distr (fat_distr) and Outcome (Outcome)
[1] 181
[1] 181
  iteration traits posterior_prob regional_prob candidate_snp
1         1   None             NA        0.0065            NA
  posterior_explained_by_snp dropped_trait  lead_snp
1                         NA      iradjbmi rs4283241
[1] "SPLICING EVENT"
[1] "chr16:29989805:29990784:clu_22664_+:ENSG00000149930.18"
Harmonising fat_distr (fat_distr) and Outcome (Outcome)
Harmonising fat_distr (fat_distr) and Outcome (Outcome)
[1] 181
[1] 181
  iteration traits posterior_prob regional_prob candidate_snp
1         1   None             NA        0.0057            NA
  posterior_explained_by_snp dropped_trait  lead_snp
1                         NA      iradjbmi rs4283241
[1] "SPLICING EVENT"
[1] "chr16:29990647:29990784:clu_22664_+:ENSG00000149930.18"
Harmonising fat_distr (fat_distr) and Outcome (Outcome)
Harmonising fat_distr (fat_distr) and Outcome (Outcome)
[1] 181
[1] 181
  iteration traits posterior_prob regional_prob candidate_snp
1         1   None             NA        0.0052            NA
  posterior_explained_by_snp dropped_trait  lead_snp
1                         NA      iradjbmi rs4283241
[1] "SPLICING EVENT"
[1] "chr16:29996617:29996808:clu_22665_+:ENSG00000169592.15"
Harmonising fat_distr (fat_distr) and Outcome (Outcome)
Harmonising fat_distr (fat_distr) and Outcome (Outcome)
[1] 181
[1] 181
  iteration traits posterior_prob regional_prob candidate_snp
1         1   None             NA        0.0066            NA
  posterior_explained_by_snp dropped_trait  lead_snp
1                         NA      iradjbmi rs4283241
[1] "SPLICING EVENT"
[1] "chr16:29996617:30000758:clu_22665_+:ENSG00000169592.15"
Harmonising fat_distr (fat_distr) and Outcome (Outcome)
Harmonising fat_distr (fat_distr) and Outcome (Outcome)
[1] 181
[1] 181
  iteration traits posterior_prob regional_prob candidate_snp
1         1   None             NA         0.047            NA
  posterior_explained_by_snp dropped_trait  lead_snp
1                         NA      iradjbmi rs4283241
[1] "SPLICING EVENT"
[1] "chr16:29996860:30000758:clu_22665_+:ENSG00000169592.15"
Harmonising fat_distr (fat_distr) and Outcome (Outcome)
Harmonising fat_distr (fat_distr) and Outcome (Outcome)
[1] 181
[1] 181
  iteration traits posterior_prob regional_prob candidate_snp
1         1   None             NA        0.0064            NA
  posterior_explained_by_snp dropped_trait  lead_snp
1                         NA      iradjbmi rs4283241
[1] "SPLICING EVENT"
[1] "chr16:30001040:30001212:clu_22666_+:ENSG00000169592.15"
Harmonising fat_distr (fat_distr) and Outcome (Outcome)
Harmonising fat_distr (fat_distr) and Outcome (Outcome)
[1] 181
[1] 181
  iteration traits posterior_prob regional_prob candidate_snp
1         1   None             NA        0.3208            NA
  posterior_explained_by_snp dropped_trait  lead_snp
1                         NA      iradjbmi rs4283241
[1] "SPLICING EVENT"
[1] "chr16:30001040:30001414:clu_22666_+:ENSG00000169592.15"
Harmonising fat_distr (fat_distr) and Outcome (Outcome)
Harmonising fat_distr (fat_distr) and Outcome (Outcome)
[1] 181
[1] 181
  iteration traits posterior_prob regional_prob candidate_snp
1         1   None             NA        0.0244            NA
  posterior_explained_by_snp dropped_trait  lead_snp
1                         NA      iradjbmi rs4283241
[1] "SPLICING EVENT"
[1] "chr16:30001040:30005221:clu_22666_+:ENSG00000169592.15"
Harmonising fat_distr (fat_distr) and Outcome (Outcome)
Harmonising fat_distr (fat_distr) and Outcome (Outcome)
[1] 181
[1] 181
  iteration traits posterior_prob regional_prob candidate_snp
1         1   None             NA         0.251            NA
  posterior_explained_by_snp dropped_trait  lead_snp
1                         NA      iradjbmi rs4283241
[1] "SPLICING EVENT"
[1] "chr16:30001530:30003436:clu_22666_+:ENSG00000169592.15"
Harmonising fat_distr (fat_distr) and Outcome (Outcome)
Harmonising fat_distr (fat_distr) and Outcome (Outcome)
[1] 181
[1] 181
  iteration                                                           traits
1         1 iradjbmi, chr16:30001530:30003436:clu_22666_+:ENSG00000169592.15
  posterior_prob regional_prob candidate_snp posterior_explained_by_snp
1         0.6674        0.9913     rs4283241                     0.3836
  dropped_trait  lead_snp
1            NA rs4283241
[1] "SPLICING EVENT"
[1] "chr16:30001530:30004568:clu_22666_+:ENSG00000169592.15"
Harmonising fat_distr (fat_distr) and Outcome (Outcome)
Harmonising fat_distr (fat_distr) and Outcome (Outcome)
[1] 181
[1] 181
  iteration traits posterior_prob regional_prob candidate_snp
1         1   None             NA        0.0176            NA
  posterior_explained_by_snp dropped_trait  lead_snp
1                         NA      iradjbmi rs4283241
[1] "SPLICING EVENT"
[1] "chr16:30001530:30005221:clu_22666_+:ENSG00000169592.15"
Harmonising fat_distr (fat_distr) and Outcome (Outcome)
Harmonising fat_distr (fat_distr) and Outcome (Outcome)
[1] 181
[1] 181
  iteration traits posterior_prob regional_prob candidate_snp
1         1   None             NA        0.0419            NA
  posterior_explained_by_snp dropped_trait  lead_snp
1                         NA      iradjbmi rs4283241
[1] "SPLICING EVENT"
[1] "chr16:30004657:30005221:clu_22666_+:ENSG00000169592.15"
Harmonising fat_distr (fat_distr) and Outcome (Outcome)
Harmonising fat_distr (fat_distr) and Outcome (Outcome)
[1] 181
[1] 181
  iteration traits posterior_prob regional_prob candidate_snp
1         1   None             NA        0.1203            NA
  posterior_explained_by_snp dropped_trait  lead_snp
1                         NA      iradjbmi rs4283241
[1] "LEAD INDEX"
[1] 5
[1] "SPLICING EVENT"
[1] "chr16:67255471:67255753:clu_23029_+:ENSG00000135740.17"
Harmonising fat_distr (fat_distr) and Outcome (Outcome)
Harmonising fat_distr (fat_distr) and Outcome (Outcome)
[1] 131
[1] 131
  iteration traits posterior_prob regional_prob candidate_snp
1         1   None             NA        0.0108            NA
  posterior_explained_by_snp dropped_trait  lead_snp
1                         NA      iradjbmi rs8059722
[1] "SPLICING EVENT"
[1] "chr16:67255930:67256469:clu_23029_+:ENSG00000135740.17"
Harmonising fat_distr (fat_distr) and Outcome (Outcome)
Harmonising fat_distr (fat_distr) and Outcome (Outcome)
[1] 131
[1] 131
  iteration traits posterior_prob regional_prob candidate_snp
1         1   None             NA        0.0104            NA
  posterior_explained_by_snp dropped_trait  lead_snp
1                         NA      iradjbmi rs8059722
[1] "SPLICING EVENT"
[1] "chr16:67257434:67257531:clu_23030_+:ENSG00000135740.17"
Harmonising fat_distr (fat_distr) and Outcome (Outcome)
Harmonising fat_distr (fat_distr) and Outcome (Outcome)
[1] 131
[1] 131
  iteration traits posterior_prob regional_prob candidate_snp
1         1   None             NA        0.0097            NA
  posterior_explained_by_snp dropped_trait  lead_snp
1                         NA      iradjbmi rs8059722
[1] "SPLICING EVENT"
[1] "chr16:67257601:67258318:clu_23030_+:ENSG00000135740.17"
Harmonising fat_distr (fat_distr) and Outcome (Outcome)
Harmonising fat_distr (fat_distr) and Outcome (Outcome)
[1] 131
[1] 131
  iteration traits posterior_prob regional_prob candidate_snp
1         1   None             NA        0.0087            NA
  posterior_explained_by_snp dropped_trait  lead_snp
1                         NA      iradjbmi rs8059722
[1] "SPLICING EVENT"
[1] "chr16:67259946:67262212:clu_23031_+:ENSG00000135740.17"
Harmonising fat_distr (fat_distr) and Outcome (Outcome)
Harmonising fat_distr (fat_distr) and Outcome (Outcome)
[1] 131
[1] 131
  iteration traits posterior_prob regional_prob candidate_snp
1         1   None             NA          0.15            NA
  posterior_explained_by_snp dropped_trait  lead_snp
1                         NA      iradjbmi rs8059722
[1] "SPLICING EVENT"
[1] "chr16:67259946:67264352:clu_23031_+:ENSG00000135740.17"
Harmonising fat_distr (fat_distr) and Outcome (Outcome)
Harmonising fat_distr (fat_distr) and Outcome (Outcome)
[1] 131
[1] 131
  iteration traits posterior_prob regional_prob candidate_snp
1         1   None             NA        0.0093            NA
  posterior_explained_by_snp dropped_trait  lead_snp
1                         NA      iradjbmi rs8059722
[1] "SPLICING EVENT"
[1] "chr16:67262289:67264352:clu_23031_+:ENSG00000135740.17"
Harmonising fat_distr (fat_distr) and Outcome (Outcome)
Harmonising fat_distr (fat_distr) and Outcome (Outcome)
[1] 131
[1] 131
  iteration traits posterior_prob regional_prob candidate_snp
1         1   None             NA        0.0097            NA
  posterior_explained_by_snp dropped_trait  lead_snp
1                         NA      iradjbmi rs8059722
[1] "SPLICING EVENT"
[1] "chr16:67265106:67266088:clu_23031_+:ENSG00000135740.17"
Harmonising fat_distr (fat_distr) and Outcome (Outcome)
Harmonising fat_distr (fat_distr) and Outcome (Outcome)
[1] 131
[1] 131
  iteration traits posterior_prob regional_prob candidate_snp
1         1   None             NA        0.0816            NA
  posterior_explained_by_snp dropped_trait  lead_snp
1                         NA      iradjbmi rs8059722
[1] "LEAD INDEX"
[1] 6
[1] "LEAD INDEX"
[1] 7
[1] "SPLICING EVENT"
[1] "chr16:81607692:81620876:clu_23239_+:ENSG00000153815.18"
Harmonising fat_distr (fat_distr) and Outcome (Outcome)
Harmonising fat_distr (fat_distr) and Outcome (Outcome)
[1] 706
[1] 706
  iteration traits posterior_prob regional_prob candidate_snp
1         1   None             NA        0.0068            NA
  posterior_explained_by_snp dropped_trait  lead_snp
1                         NA      iradjbmi rs2925979
[1] "SPLICING EVENT"
[1] "chr16:81610540:81620876:clu_23239_+:ENSG00000153815.18"
Harmonising fat_distr (fat_distr) and Outcome (Outcome)
Harmonising fat_distr (fat_distr) and Outcome (Outcome)
[1] 706
[1] 706
  iteration traits posterior_prob regional_prob candidate_snp
1         1   None             NA        0.0064            NA
  posterior_explained_by_snp dropped_trait  lead_snp
1                         NA      iradjbmi rs2925979
[1] "SPLICING EVENT"
[1] "chr16:81660946:81664269:clu_23241_+:ENSG00000153815.18"
Harmonising fat_distr (fat_distr) and Outcome (Outcome)
Harmonising fat_distr (fat_distr) and Outcome (Outcome)
[1] 706
[1] 706
  iteration traits posterior_prob regional_prob candidate_snp
1         1   None             NA        0.0068            NA
  posterior_explained_by_snp dropped_trait  lead_snp
1                         NA      iradjbmi rs2925979
[1] "SPLICING EVENT"
[1] "chr16:81664349:81670142:clu_23241_+:ENSG00000153815.18"
Harmonising fat_distr (fat_distr) and Outcome (Outcome)
Harmonising fat_distr (fat_distr) and Outcome (Outcome)
[1] 706
[1] 706
  iteration traits posterior_prob regional_prob candidate_snp
1         1   None             NA        0.0068            NA
  posterior_explained_by_snp dropped_trait  lead_snp
1                         NA      iradjbmi rs2925979
[1] "SPLICING EVENT"
[1] "chr16:81693487:81696560:clu_23242_+:ENSG00000153815.18"
Harmonising fat_distr (fat_distr) and Outcome (Outcome)
Harmonising fat_distr (fat_distr) and Outcome (Outcome)
[1] 706
[1] 706
  iteration traits posterior_prob regional_prob candidate_snp
1         1   None             NA         0.008            NA
  posterior_explained_by_snp dropped_trait  lead_snp
1                         NA      iradjbmi rs2925979
[1] "SPLICING EVENT"
[1] "chr16:81696667:81699685:clu_23242_+:ENSG00000153815.18"
Harmonising fat_distr (fat_distr) and Outcome (Outcome)
Harmonising fat_distr (fat_distr) and Outcome (Outcome)
[1] 706
[1] 706
  iteration traits posterior_prob regional_prob candidate_snp
1         1   None             NA        0.0065            NA
  posterior_explained_by_snp dropped_trait  lead_snp
1                         NA      iradjbmi rs2925979
[1] "SPLICING EVENT"
[1] "chr16:81699801:81701660:clu_23242_+:ENSG00000153815.18"
Harmonising fat_distr (fat_distr) and Outcome (Outcome)
Harmonising fat_distr (fat_distr) and Outcome (Outcome)
[1] 706
[1] 706
  iteration traits posterior_prob regional_prob candidate_snp
1         1   None             NA        0.0074            NA
  posterior_explained_by_snp dropped_trait  lead_snp
1                         NA      iradjbmi rs2925979
[1] "SPLICING EVENT"
[1] "chr16:81701800:81702622:clu_23243_+:ENSG00000153815.18"
Harmonising fat_distr (fat_distr) and Outcome (Outcome)
Harmonising fat_distr (fat_distr) and Outcome (Outcome)
[1] 706
[1] 706
  iteration traits posterior_prob regional_prob candidate_snp
1         1   None             NA        0.0102            NA
  posterior_explained_by_snp dropped_trait  lead_snp
1                         NA      iradjbmi rs2925979
[1] "SPLICING EVENT"
[1] "chr16:81702669:81703939:clu_23243_+:ENSG00000153815.18"
Harmonising fat_distr (fat_distr) and Outcome (Outcome)
Harmonising fat_distr (fat_distr) and Outcome (Outcome)
[1] 706
[1] 706
  iteration traits posterior_prob regional_prob candidate_snp
1         1   None             NA         0.008            NA
  posterior_explained_by_snp dropped_trait  lead_snp
1                         NA      iradjbmi rs2925979
[1] "SPLICING EVENT"
[1] "chr16:81704085:81705499:clu_23244_+:ENSG00000153815.18"
Harmonising fat_distr (fat_distr) and Outcome (Outcome)
Harmonising fat_distr (fat_distr) and Outcome (Outcome)
[1] 706
[1] 706
  iteration traits posterior_prob regional_prob candidate_snp
1         1   None             NA         0.008            NA
  posterior_explained_by_snp dropped_trait  lead_snp
1                         NA      iradjbmi rs2925979
[1] "SPLICING EVENT"
[1] "chr16:81705604:81707014:clu_23244_+:ENSG00000153815.18"
Harmonising fat_distr (fat_distr) and Outcome (Outcome)
Harmonising fat_distr (fat_distr) and Outcome (Outcome)
[1] 706
[1] 706
  iteration traits posterior_prob regional_prob candidate_snp
1         1   None             NA        0.0072            NA
  posterior_explained_by_snp dropped_trait  lead_snp
1                         NA      iradjbmi rs2925979
[1] "LEAD INDEX"
[1] 8
[1] "SPLICING EVENT"
[1] "chr16:87951515:87975048:clu_23314_+:ENSG00000172530.21"
Harmonising fat_distr (fat_distr) and Outcome (Outcome)
Harmonising fat_distr (fat_distr) and Outcome (Outcome)
[1] 396
[1] 396
  iteration traits posterior_prob regional_prob candidate_snp
1         1   None             NA        0.0113            NA
  posterior_explained_by_snp dropped_trait   lead_snp
1                         NA      iradjbmi rs11117333
[1] "SPLICING EVENT"
[1] "chr16:87975185:87981036:clu_23314_+:ENSG00000172530.21"
Harmonising fat_distr (fat_distr) and Outcome (Outcome)
Harmonising fat_distr (fat_distr) and Outcome (Outcome)
[1] 396
[1] 396
  iteration traits posterior_prob regional_prob candidate_snp
1         1   None             NA        0.0053            NA
  posterior_explained_by_snp dropped_trait   lead_snp
1                         NA      iradjbmi rs11117333
[1] "SPLICING EVENT"
[1] "chr16:87975203:87981036:clu_23314_+:ENSG00000172530.21"
Harmonising fat_distr (fat_distr) and Outcome (Outcome)
Harmonising fat_distr (fat_distr) and Outcome (Outcome)
[1] 396
[1] 396
  iteration traits posterior_prob regional_prob candidate_snp
1         1   None             NA        0.0241            NA
  posterior_explained_by_snp dropped_trait   lead_snp
1                         NA      iradjbmi rs11117333
[1] "SPLICING EVENT"
[1] "chr16:87975207:87981036:clu_23314_+:ENSG00000172530.21"
Harmonising fat_distr (fat_distr) and Outcome (Outcome)
Harmonising fat_distr (fat_distr) and Outcome (Outcome)
[1] 396
[1] 396
  iteration traits posterior_prob regional_prob candidate_snp
1         1   None             NA        0.0066            NA
  posterior_explained_by_snp dropped_trait   lead_snp
1                         NA      iradjbmi rs11117333
[1] "SPLICING EVENT"
[1] "chr16:87984259:88004295:clu_23315_+:ENSG00000172530.21"
Harmonising fat_distr (fat_distr) and Outcome (Outcome)
Harmonising fat_distr (fat_distr) and Outcome (Outcome)
[1] 396
[1] 396
  iteration traits posterior_prob regional_prob candidate_snp
1         1   None             NA        0.0106            NA
  posterior_explained_by_snp dropped_trait   lead_snp
1                         NA      iradjbmi rs11117333
[1] "SPLICING EVENT"
[1] "chr16:87984259:88006090:clu_23315_+:ENSG00000172530.21"
Harmonising fat_distr (fat_distr) and Outcome (Outcome)
Harmonising fat_distr (fat_distr) and Outcome (Outcome)
[1] 396
[1] 396
  iteration traits posterior_prob regional_prob candidate_snp
1         1   None             NA        0.0128            NA
  posterior_explained_by_snp dropped_trait   lead_snp
1                         NA      iradjbmi rs11117333
[1] "SPLICING EVENT"
[1] "chr16:88004411:88006090:clu_23315_+:ENSG00000172530.21"
Harmonising fat_distr (fat_distr) and Outcome (Outcome)
Harmonising fat_distr (fat_distr) and Outcome (Outcome)
[1] 396
[1] 396
  iteration traits posterior_prob regional_prob candidate_snp
1         1   None             NA          0.01            NA
  posterior_explained_by_snp dropped_trait   lead_snp
1                         NA      iradjbmi rs11117333
[1] "SPLICING EVENT"
[1] "chr16:88006265:88018428:clu_23315_+:ENSG00000172530.21"
Harmonising fat_distr (fat_distr) and Outcome (Outcome)
Harmonising fat_distr (fat_distr) and Outcome (Outcome)
[1] 396
[1] 396
  iteration traits posterior_prob regional_prob candidate_snp
1         1   None             NA        0.0054            NA
  posterior_explained_by_snp dropped_trait   lead_snp
1                         NA      iradjbmi rs11117333
[1] "SPLICING EVENT"
[1] "chr16:88018667:88027483:clu_23316_+:ENSG00000172530.21"
Harmonising fat_distr (fat_distr) and Outcome (Outcome)
Harmonising fat_distr (fat_distr) and Outcome (Outcome)
[1] 396
[1] 396
  iteration                                                           traits
1         1 iradjbmi, chr16:88018667:88027483:clu_23316_+:ENSG00000172530.21
  posterior_prob regional_prob candidate_snp posterior_explained_by_snp
1         0.9626         0.986    rs11117333                     0.2107
  dropped_trait   lead_snp
1            NA rs11117333
[1] "SPLICING EVENT"
[1] "chr16:88033245:88035323:clu_23317_+:ENSG00000172530.21"
Harmonising fat_distr (fat_distr) and Outcome (Outcome)
Harmonising fat_distr (fat_distr) and Outcome (Outcome)
[1] 396
[1] 396
  iteration traits posterior_prob regional_prob candidate_snp
1         1   None             NA        0.0127            NA
  posterior_explained_by_snp dropped_trait   lead_snp
1                         NA      iradjbmi rs11117333
[1] "SPLICING EVENT"
[1] "chr16:88033245:88035332:clu_23317_+:ENSG00000172530.21"
Harmonising fat_distr (fat_distr) and Outcome (Outcome)
Harmonising fat_distr (fat_distr) and Outcome (Outcome)
[1] 396
[1] 396
  iteration traits posterior_prob regional_prob candidate_snp
1         1   None             NA        0.0123            NA
  posterior_explained_by_snp dropped_trait   lead_snp
1                         NA      iradjbmi rs11117333
[1] "SPLICING EVENT"
[1] "chr16:88035394:88037973:clu_23320_+:ENSG00000172530.21"
Harmonising fat_distr (fat_distr) and Outcome (Outcome)
Harmonising fat_distr (fat_distr) and Outcome (Outcome)
[1] 396
[1] 396
  iteration traits posterior_prob regional_prob candidate_snp
1         1   None             NA          0.01            NA
  posterior_explained_by_snp dropped_trait   lead_snp
1                         NA      iradjbmi rs11117333
[1] "SPLICING EVENT"
[1] "chr16:88038011:88065267:clu_23318_+:ENSG00000172530.21"
Harmonising fat_distr (fat_distr) and Outcome (Outcome)
Harmonising fat_distr (fat_distr) and Outcome (Outcome)
[1] 396
[1] 396
  iteration traits posterior_prob regional_prob candidate_snp
1         1   None             NA        0.0058            NA
  posterior_explained_by_snp dropped_trait   lead_snp
1                         NA      iradjbmi rs11117333
[1] "SPLICING EVENT"
[1] "chr16:88038011:88072069:clu_23318_+:ENSG00000172530.21"
Harmonising fat_distr (fat_distr) and Outcome (Outcome)
Harmonising fat_distr (fat_distr) and Outcome (Outcome)
[1] 396
[1] 396
  iteration traits posterior_prob regional_prob candidate_snp
1         1   None             NA         0.007            NA
  posterior_explained_by_snp dropped_trait   lead_snp
1                         NA      iradjbmi rs11117333
[1] "SPLICING EVENT"
[1] "chr16:88065332:88072069:clu_23318_+:ENSG00000172530.21"
Harmonising fat_distr (fat_distr) and Outcome (Outcome)
Harmonising fat_distr (fat_distr) and Outcome (Outcome)
[1] 396
[1] 396
  iteration traits posterior_prob regional_prob candidate_snp
1         1   None             NA        0.0051            NA
  posterior_explained_by_snp dropped_trait   lead_snp
1                         NA      iradjbmi rs11117333
[1] "SPLICING EVENT"
[1] "chr16:88072212:88076590:clu_23319_+:ENSG00000172530.21"
Harmonising fat_distr (fat_distr) and Outcome (Outcome)
Harmonising fat_distr (fat_distr) and Outcome (Outcome)
[1] 396
[1] 396
  iteration traits posterior_prob regional_prob candidate_snp
1         1   None             NA         0.005            NA
  posterior_explained_by_snp dropped_trait   lead_snp
1                         NA      iradjbmi rs11117333
[1] "CHROMOSOME"
[1] 17
[1] "LEAD INDEX"
[1] 1
[1] "SPLICING EVENT"
[1] "chr17:17505848:17506227:clu_23975_-:ENSG00000133027.18"
Harmonising fat_distr (fat_distr) and Outcome (Outcome)
Harmonising fat_distr (fat_distr) and Outcome (Outcome)
[1] 385
[1] 385
  iteration traits posterior_prob regional_prob candidate_snp
1         1   None             NA        0.0231            NA
  posterior_explained_by_snp dropped_trait  lead_snp
1                         NA      iradjbmi rs1263507
[1] "SPLICING EVENT"
[1] "chr17:17506301:17507169:clu_23975_-:ENSG00000133027.18"
Harmonising fat_distr (fat_distr) and Outcome (Outcome)
Harmonising fat_distr (fat_distr) and Outcome (Outcome)
[1] 385
[1] 385
  iteration traits posterior_prob regional_prob candidate_snp
1         1   None             NA         0.007            NA
  posterior_explained_by_snp dropped_trait  lead_snp
1                         NA      iradjbmi rs1263507
[1] "SPLICING EVENT"
[1] "chr17:17506301:17509434:clu_23975_-:ENSG00000133027.18"
Harmonising fat_distr (fat_distr) and Outcome (Outcome)
Harmonising fat_distr (fat_distr) and Outcome (Outcome)
[1] 385
[1] 385
  iteration traits posterior_prob regional_prob candidate_snp
1         1   None             NA        0.0165            NA
  posterior_explained_by_snp dropped_trait  lead_snp
1                         NA      iradjbmi rs1263507
[1] "SPLICING EVENT"
[1] "chr17:17509545:17512509:clu_23976_-:ENSG00000133027.18"
Harmonising fat_distr (fat_distr) and Outcome (Outcome)
Harmonising fat_distr (fat_distr) and Outcome (Outcome)
[1] 385
[1] 385
  iteration traits posterior_prob regional_prob candidate_snp
1         1   None             NA         0.031            NA
  posterior_explained_by_snp dropped_trait  lead_snp
1                         NA      iradjbmi rs1263507
[1] "SPLICING EVENT"
[1] "chr17:17512654:17522280:clu_23976_-:ENSG00000133027.18"
Harmonising fat_distr (fat_distr) and Outcome (Outcome)
Harmonising fat_distr (fat_distr) and Outcome (Outcome)
[1] 385
[1] 385
  iteration traits posterior_prob regional_prob candidate_snp
1         1   None             NA        0.0218            NA
  posterior_explained_by_snp dropped_trait  lead_snp
1                         NA      iradjbmi rs1263507
[1] "SPLICING EVENT"
[1] "chr17:17577027:17591531:clu_23977_-:ENSG00000133027.18"
Harmonising fat_distr (fat_distr) and Outcome (Outcome)
Harmonising fat_distr (fat_distr) and Outcome (Outcome)
[1] 385
[1] 385
  iteration traits posterior_prob regional_prob candidate_snp
1         1   None             NA        0.0119            NA
  posterior_explained_by_snp dropped_trait  lead_snp
1                         NA      iradjbmi rs1263507
[1] "SPLICING EVENT"
[1] "chr17:17577027:17591597:clu_23977_-:ENSG00000133027.18"
Harmonising fat_distr (fat_distr) and Outcome (Outcome)
Harmonising fat_distr (fat_distr) and Outcome (Outcome)
[1] 385
[1] 385
  iteration traits posterior_prob regional_prob candidate_snp
1         1   None             NA         0.021            NA
  posterior_explained_by_snp dropped_trait  lead_snp
1                         NA      iradjbmi rs1263507
[1] "LEAD INDEX"
[1] 2
[1] "LEAD INDEX"
[1] 3
[1] "LEAD INDEX"
[1] 4
[1] "LEAD INDEX"
[1] 5
[1] "SPLICING EVENT"
[1] "chr17:17505848:17506227:clu_23975_-:ENSG00000133027.18"
Harmonising fat_distr (fat_distr) and Outcome (Outcome)
Harmonising fat_distr (fat_distr) and Outcome (Outcome)
[1] 382
[1] 382
  iteration traits posterior_prob regional_prob candidate_snp
1         1   None             NA        0.0231            NA
  posterior_explained_by_snp dropped_trait  lead_snp
1                         NA      iradjbmi rs7222358
[1] "SPLICING EVENT"
[1] "chr17:17506301:17507169:clu_23975_-:ENSG00000133027.18"
Harmonising fat_distr (fat_distr) and Outcome (Outcome)
Harmonising fat_distr (fat_distr) and Outcome (Outcome)
[1] 382
[1] 382
  iteration traits posterior_prob regional_prob candidate_snp
1         1   None             NA         0.007            NA
  posterior_explained_by_snp dropped_trait  lead_snp
1                         NA      iradjbmi rs7222358
[1] "SPLICING EVENT"
[1] "chr17:17506301:17509434:clu_23975_-:ENSG00000133027.18"
Harmonising fat_distr (fat_distr) and Outcome (Outcome)
Harmonising fat_distr (fat_distr) and Outcome (Outcome)
[1] 382
[1] 382
  iteration traits posterior_prob regional_prob candidate_snp
1         1   None             NA        0.0165            NA
  posterior_explained_by_snp dropped_trait  lead_snp
1                         NA      iradjbmi rs7222358
[1] "SPLICING EVENT"
[1] "chr17:17509545:17512509:clu_23976_-:ENSG00000133027.18"
Harmonising fat_distr (fat_distr) and Outcome (Outcome)
Harmonising fat_distr (fat_distr) and Outcome (Outcome)
[1] 382
[1] 382
  iteration traits posterior_prob regional_prob candidate_snp
1         1   None             NA         0.031            NA
  posterior_explained_by_snp dropped_trait  lead_snp
1                         NA      iradjbmi rs7222358
[1] "SPLICING EVENT"
[1] "chr17:17512654:17522280:clu_23976_-:ENSG00000133027.18"
Harmonising fat_distr (fat_distr) and Outcome (Outcome)
Harmonising fat_distr (fat_distr) and Outcome (Outcome)
[1] 382
[1] 382
  iteration traits posterior_prob regional_prob candidate_snp
1         1   None             NA        0.0218            NA
  posterior_explained_by_snp dropped_trait  lead_snp
1                         NA      iradjbmi rs7222358
[1] "SPLICING EVENT"
[1] "chr17:17577027:17591531:clu_23977_-:ENSG00000133027.18"
Harmonising fat_distr (fat_distr) and Outcome (Outcome)
Harmonising fat_distr (fat_distr) and Outcome (Outcome)
[1] 382
[1] 382
  iteration traits posterior_prob regional_prob candidate_snp
1         1   None             NA        0.0119            NA
  posterior_explained_by_snp dropped_trait  lead_snp
1                         NA      iradjbmi rs7222358
[1] "SPLICING EVENT"
[1] "chr17:17577027:17591597:clu_23977_-:ENSG00000133027.18"
Harmonising fat_distr (fat_distr) and Outcome (Outcome)
Harmonising fat_distr (fat_distr) and Outcome (Outcome)
[1] 382
[1] 382
  iteration traits posterior_prob regional_prob candidate_snp
1         1   None             NA         0.021            NA
  posterior_explained_by_snp dropped_trait  lead_snp
1                         NA      iradjbmi rs7222358
[1] "LEAD INDEX"
[1] 6
[1] "SPLICING EVENT"
[1] "chr17:42567166:42567619:clu_26324_+:ENSG00000108788.12"
Harmonising fat_distr (fat_distr) and Outcome (Outcome)
Harmonising fat_distr (fat_distr) and Outcome (Outcome)
[1] 237
[1] 237
  iteration traits posterior_prob regional_prob candidate_snp
1         1   None             NA        0.0098            NA
  posterior_explained_by_snp dropped_trait lead_snp
1                         NA      iradjbmi rs646123
[1] "SPLICING EVENT"
[1] "chr17:42567328:42567619:clu_26324_+:ENSG00000108788.12"
Harmonising fat_distr (fat_distr) and Outcome (Outcome)
Harmonising fat_distr (fat_distr) and Outcome (Outcome)
[1] 237
[1] 237
  iteration traits posterior_prob regional_prob candidate_snp
1         1   None             NA        0.0092            NA
  posterior_explained_by_snp dropped_trait lead_snp
1                         NA      iradjbmi rs646123
[1] "SPLICING EVENT"
[1] "chr17:42567655:42568470:clu_26325_+:ENSG00000108788.12"
Harmonising fat_distr (fat_distr) and Outcome (Outcome)
Harmonising fat_distr (fat_distr) and Outcome (Outcome)
[1] 237
[1] 237
  iteration                                                           traits
1         1 iradjbmi, chr17:42567655:42568470:clu_26325_+:ENSG00000108788.12
  posterior_prob regional_prob candidate_snp posterior_explained_by_snp
1         0.9945        0.9999      rs665268                     0.5169
  dropped_trait lead_snp
1            NA rs646123
[1] "SPLICING EVENT"
[1] "chr17:42567655:42568837:clu_26325_+:ENSG00000108788.12"
Harmonising fat_distr (fat_distr) and Outcome (Outcome)
Harmonising fat_distr (fat_distr) and Outcome (Outcome)
[1] 237
[1] 237
  iteration                                                           traits
1         1 iradjbmi, chr17:42567655:42568837:clu_26325_+:ENSG00000108788.12
  posterior_prob regional_prob candidate_snp posterior_explained_by_snp
1         0.9948        0.9999      rs646123                      0.572
  dropped_trait lead_snp
1            NA rs646123
[1] "SPLICING EVENT"
[1] "chr17:42568559:42568837:clu_26325_+:ENSG00000108788.12"
Harmonising fat_distr (fat_distr) and Outcome (Outcome)
Harmonising fat_distr (fat_distr) and Outcome (Outcome)
[1] 237
[1] 237
  iteration                                                           traits
1         1 iradjbmi, chr17:42568559:42568837:clu_26325_+:ENSG00000108788.12
  posterior_prob regional_prob candidate_snp posterior_explained_by_snp
1         0.9915        0.9998      rs646123                     0.5395
  dropped_trait lead_snp
1            NA rs646123
[1] "SPLICING EVENT"
[1] "chr17:42569606:42569982:clu_26326_+:ENSG00000108788.12"
Harmonising fat_distr (fat_distr) and Outcome (Outcome)
Harmonising fat_distr (fat_distr) and Outcome (Outcome)
[1] 237
[1] 237
  iteration                                                           traits
1         1 iradjbmi, chr17:42569606:42569982:clu_26326_+:ENSG00000108788.12
  posterior_prob regional_prob candidate_snp posterior_explained_by_snp
1         0.8882        0.9005      rs646123                      0.382
  dropped_trait lead_snp
1            NA rs646123
[1] "SPLICING EVENT"
[1] "chr17:42569606:42570097:clu_26326_+:ENSG00000108788.12"
Harmonising fat_distr (fat_distr) and Outcome (Outcome)
Harmonising fat_distr (fat_distr) and Outcome (Outcome)
[1] 237
[1] 237
  iteration                                                           traits
1         1 iradjbmi, chr17:42569606:42570097:clu_26326_+:ENSG00000108788.12
  posterior_prob regional_prob candidate_snp posterior_explained_by_snp
1         0.9795        0.9898      rs646123                     0.3895
  dropped_trait lead_snp
1            NA rs646123
[1] "SPLICING EVENT"
[1] "chr17:42570172:42571547:clu_26327_+:ENSG00000108788.12"
Harmonising fat_distr (fat_distr) and Outcome (Outcome)
Harmonising fat_distr (fat_distr) and Outcome (Outcome)
[1] 237
[1] 237
  iteration traits posterior_prob regional_prob candidate_snp
1         1   None             NA          0.01            NA
  posterior_explained_by_snp dropped_trait lead_snp
1                         NA      iradjbmi rs646123
[1] "SPLICING EVENT"
[1] "chr17:42570183:42571547:clu_26327_+:ENSG00000108788.12"
Harmonising fat_distr (fat_distr) and Outcome (Outcome)
Harmonising fat_distr (fat_distr) and Outcome (Outcome)
[1] 237
[1] 237
  iteration traits posterior_prob regional_prob candidate_snp
1         1   None             NA        0.0096            NA
  posterior_explained_by_snp dropped_trait lead_snp
1                         NA      iradjbmi rs646123
[1] "SPLICING EVENT"
[1] "chr17:42586137:42586765:clu_24444_-:ENSG00000141699.11"
Harmonising fat_distr (fat_distr) and Outcome (Outcome)
Harmonising fat_distr (fat_distr) and Outcome (Outcome)
[1] 237
[1] 237
  iteration traits posterior_prob regional_prob candidate_snp
1         1   None             NA        0.0113            NA
  posterior_explained_by_snp dropped_trait lead_snp
1                         NA      iradjbmi rs646123
[1] "SPLICING EVENT"
[1] "chr17:42586891:42587834:clu_24444_-:ENSG00000141699.11"
Harmonising fat_distr (fat_distr) and Outcome (Outcome)
Harmonising fat_distr (fat_distr) and Outcome (Outcome)
[1] 237
[1] 237
  iteration traits posterior_prob regional_prob candidate_snp
1         1   None             NA        0.0153            NA
  posterior_explained_by_snp dropped_trait lead_snp
1                         NA      iradjbmi rs646123
[1] "SPLICING EVENT"
[1] "chr17:42586891:42592056:clu_24444_-:ENSG00000141699.11"
Harmonising fat_distr (fat_distr) and Outcome (Outcome)
Harmonising fat_distr (fat_distr) and Outcome (Outcome)
[1] 237
[1] 237
  iteration traits posterior_prob regional_prob candidate_snp
1         1   None             NA        0.0121            NA
  posterior_explained_by_snp dropped_trait lead_snp
1                         NA      iradjbmi rs646123
[1] "SPLICING EVENT"
[1] "chr17:42587864:42592056:clu_24444_-:ENSG00000141699.11"
Harmonising fat_distr (fat_distr) and Outcome (Outcome)
Harmonising fat_distr (fat_distr) and Outcome (Outcome)
[1] 237
[1] 237
  iteration traits posterior_prob regional_prob candidate_snp
1         1   None             NA        0.0098            NA
  posterior_explained_by_snp dropped_trait lead_snp
1                         NA      iradjbmi rs646123
[1] "SPLICING EVENT"
[1] "chr17:42660316:42660639:clu_26331_+:ENSG00000037042.9"
Harmonising fat_distr (fat_distr) and Outcome (Outcome)
Harmonising fat_distr (fat_distr) and Outcome (Outcome)
[1] 237
[1] 237
  iteration traits posterior_prob regional_prob candidate_snp
1         1   None             NA        0.0072            NA
  posterior_explained_by_snp dropped_trait lead_snp
1                         NA      iradjbmi rs646123
[1] "SPLICING EVENT"
[1] "chr17:42660362:42660639:clu_26331_+:ENSG00000037042.9"
Harmonising fat_distr (fat_distr) and Outcome (Outcome)
Harmonising fat_distr (fat_distr) and Outcome (Outcome)
[1] 237
[1] 237
  iteration traits posterior_prob regional_prob candidate_snp
1         1   None             NA         0.016            NA
  posterior_explained_by_snp dropped_trait lead_snp
1                         NA      iradjbmi rs646123
[1] "SPLICING EVENT"
[1] "chr17:42660707:42661201:clu_26332_+:ENSG00000037042.9"
Harmonising fat_distr (fat_distr) and Outcome (Outcome)
Harmonising fat_distr (fat_distr) and Outcome (Outcome)
[1] 237
[1] 237
  iteration traits posterior_prob regional_prob candidate_snp
1         1   None             NA        0.0194            NA
  posterior_explained_by_snp dropped_trait lead_snp
1                         NA      iradjbmi rs646123
[1] "SPLICING EVENT"
[1] "chr17:42660707:42662973:clu_26332_+:ENSG00000037042.9"
Harmonising fat_distr (fat_distr) and Outcome (Outcome)
Harmonising fat_distr (fat_distr) and Outcome (Outcome)
[1] 237
[1] 237
  iteration traits posterior_prob regional_prob candidate_snp
1         1   None             NA        0.0076            NA
  posterior_explained_by_snp dropped_trait lead_snp
1                         NA      iradjbmi rs646123
[1] "SPLICING EVENT"
[1] "chr17:42661227:42662973:clu_26332_+:ENSG00000037042.9"
Harmonising fat_distr (fat_distr) and Outcome (Outcome)
Harmonising fat_distr (fat_distr) and Outcome (Outcome)
[1] 237
[1] 237
  iteration traits posterior_prob regional_prob candidate_snp
1         1   None             NA         0.007            NA
  posterior_explained_by_snp dropped_trait lead_snp
1                         NA      iradjbmi rs646123
[1] "SPLICING EVENT"
[1] "chr17:42663052:42663377:clu_26332_+:ENSG00000037042.9"
Harmonising fat_distr (fat_distr) and Outcome (Outcome)
Harmonising fat_distr (fat_distr) and Outcome (Outcome)
[1] 237
[1] 237
  iteration traits posterior_prob regional_prob candidate_snp
1         1   None             NA        0.0077            NA
  posterior_explained_by_snp dropped_trait lead_snp
1                         NA      iradjbmi rs646123
[1] "LEAD INDEX"
[1] 7
[1] "SPLICING EVENT"
[1] "chr17:43492292:43492681:clu_26368_+:ENSG00000067596.12"
Harmonising fat_distr (fat_distr) and Outcome (Outcome)
Harmonising fat_distr (fat_distr) and Outcome (Outcome)
[1] 305
[1] 305
  iteration traits posterior_prob regional_prob candidate_snp
1         1   None             NA        0.0122            NA
  posterior_explained_by_snp dropped_trait  lead_snp
1                         NA      iradjbmi rs4632174
[1] "SPLICING EVENT"
[1] "chr17:43492292:43492687:clu_26368_+:ENSG00000067596.12"
Harmonising fat_distr (fat_distr) and Outcome (Outcome)
Harmonising fat_distr (fat_distr) and Outcome (Outcome)
[1] 305
[1] 305
  iteration traits posterior_prob regional_prob candidate_snp
1         1   None             NA        0.0103            NA
  posterior_explained_by_snp dropped_trait  lead_snp
1                         NA      iradjbmi rs4632174
[1] "SPLICING EVENT"
[1] "chr17:43508019:43508339:clu_26371_+:ENSG00000067596.12"
Harmonising fat_distr (fat_distr) and Outcome (Outcome)
Harmonising fat_distr (fat_distr) and Outcome (Outcome)
[1] 305
[1] 305
  iteration traits posterior_prob regional_prob candidate_snp
1         1   None             NA        0.0147            NA
  posterior_explained_by_snp dropped_trait  lead_snp
1                         NA      iradjbmi rs4632174
[1] "SPLICING EVENT"
[1] "chr17:43508520:43513362:clu_26371_+:ENSG00000067596.12"
Harmonising fat_distr (fat_distr) and Outcome (Outcome)
Harmonising fat_distr (fat_distr) and Outcome (Outcome)
[1] 305
[1] 305
  iteration traits posterior_prob regional_prob candidate_snp
1         1   None             NA        0.0174            NA
  posterior_explained_by_snp dropped_trait  lead_snp
1                         NA      iradjbmi rs4632174
[1] "SPLICING EVENT"
[1] "chr17:43517322:43520130:clu_26372_+:ENSG00000067596.12"
Harmonising fat_distr (fat_distr) and Outcome (Outcome)
Harmonising fat_distr (fat_distr) and Outcome (Outcome)
[1] 305
[1] 305
  iteration traits posterior_prob regional_prob candidate_snp
1         1   None             NA        0.0103            NA
  posterior_explained_by_snp dropped_trait  lead_snp
1                         NA      iradjbmi rs4632174
[1] "SPLICING EVENT"
[1] "chr17:43520267:43520751:clu_26373_+:ENSG00000067596.12"
Harmonising fat_distr (fat_distr) and Outcome (Outcome)
Harmonising fat_distr (fat_distr) and Outcome (Outcome)
[1] 305
[1] 305
  iteration traits posterior_prob regional_prob candidate_snp
1         1   None             NA        0.0109            NA
  posterior_explained_by_snp dropped_trait  lead_snp
1                         NA      iradjbmi rs4632174
[1] "SPLICING EVENT"
[1] "chr17:43520879:43521369:clu_26373_+:ENSG00000067596.12"
Harmonising fat_distr (fat_distr) and Outcome (Outcome)
Harmonising fat_distr (fat_distr) and Outcome (Outcome)
[1] 305
[1] 305
  iteration traits posterior_prob regional_prob candidate_snp
1         1   None             NA        0.0122            NA
  posterior_explained_by_snp dropped_trait  lead_snp
1                         NA      iradjbmi rs4632174
[1] "SPLICING EVENT"
[1] "chr17:43522226:43523628:clu_26374_+:ENSG00000067596.12"
Harmonising fat_distr (fat_distr) and Outcome (Outcome)
Harmonising fat_distr (fat_distr) and Outcome (Outcome)
[1] 305
[1] 305
  iteration traits posterior_prob regional_prob candidate_snp
1         1   None             NA        0.0104            NA
  posterior_explained_by_snp dropped_trait  lead_snp
1                         NA      iradjbmi rs4632174
[1] "SPLICING EVENT"
[1] "chr17:43522226:43526496:clu_26374_+:ENSG00000067596.12"
Harmonising fat_distr (fat_distr) and Outcome (Outcome)
Harmonising fat_distr (fat_distr) and Outcome (Outcome)
[1] 305
[1] 305
  iteration traits posterior_prob regional_prob candidate_snp
1         1   None             NA        0.0124            NA
  posterior_explained_by_snp dropped_trait  lead_snp
1                         NA      iradjbmi rs4632174
[1] "SPLICING EVENT"
[1] "chr17:43522226:43536412:clu_26374_+:ENSG00000067596.12"
Harmonising fat_distr (fat_distr) and Outcome (Outcome)
Harmonising fat_distr (fat_distr) and Outcome (Outcome)
[1] 305
[1] 305
  iteration traits posterior_prob regional_prob candidate_snp
1         1   None             NA        0.0113            NA
  posterior_explained_by_snp dropped_trait  lead_snp
1                         NA      iradjbmi rs4632174
[1] "LEAD INDEX"
[1] 8
[1] "LEAD INDEX"
[1] 9
[1] "LEAD INDEX"
[1] 10
[1] "LEAD INDEX"
[1] 11
[1] "SPLICING EVENT"
[1] "chr17:47941813:47943306:clu_26489_+:ENSG00000108439.11"
Harmonising fat_distr (fat_distr) and Outcome (Outcome)
Harmonising fat_distr (fat_distr) and Outcome (Outcome)
[1] 430
[1] 430
  iteration traits posterior_prob regional_prob candidate_snp
1         1   None             NA        0.0123            NA
  posterior_explained_by_snp dropped_trait   lead_snp
1                         NA      iradjbmi rs17618704
[1] "SPLICING EVENT"
[1] "chr17:47942051:47943306:clu_26489_+:ENSG00000108439.11"
Harmonising fat_distr (fat_distr) and Outcome (Outcome)
Harmonising fat_distr (fat_distr) and Outcome (Outcome)
[1] 430
[1] 430
  iteration traits posterior_prob regional_prob candidate_snp
1         1   None             NA        0.0157            NA
  posterior_explained_by_snp dropped_trait   lead_snp
1                         NA      iradjbmi rs17618704
[1] "SPLICING EVENT"
[1] "chr17:47943430:47944616:clu_26489_+:ENSG00000108439.11"
Harmonising fat_distr (fat_distr) and Outcome (Outcome)
Harmonising fat_distr (fat_distr) and Outcome (Outcome)
[1] 430
[1] 430
  iteration traits posterior_prob regional_prob candidate_snp
1         1   None             NA        0.0127            NA
  posterior_explained_by_snp dropped_trait   lead_snp
1                         NA      iradjbmi rs17618704
[1] "SPLICING EVENT"
[1] "chr17:47944715:47945559:clu_26489_+:ENSG00000108439.11"
Harmonising fat_distr (fat_distr) and Outcome (Outcome)
Harmonising fat_distr (fat_distr) and Outcome (Outcome)
[1] 430
[1] 430
  iteration traits posterior_prob regional_prob candidate_snp
1         1   None             NA        0.0117            NA
  posterior_explained_by_snp dropped_trait   lead_snp
1                         NA      iradjbmi rs17618704
[1] "SPLICING EVENT"
[1] "chr17:47945612:47945861:clu_26490_+:ENSG00000108439.11"
Harmonising fat_distr (fat_distr) and Outcome (Outcome)
Harmonising fat_distr (fat_distr) and Outcome (Outcome)
[1] 430
[1] 430
  iteration                                                           traits
1         1 iradjbmi, chr17:47945612:47945861:clu_26490_+:ENSG00000108439.11
  posterior_prob regional_prob candidate_snp posterior_explained_by_snp
1           0.86        0.9997     rs4378657                     0.8729
  dropped_trait   lead_snp
1            NA rs17618704
[1] "SPLICING EVENT"
[1] "chr17:47945612:47946323:clu_26490_+:ENSG00000108439.11"
Harmonising fat_distr (fat_distr) and Outcome (Outcome)
Harmonising fat_distr (fat_distr) and Outcome (Outcome)
[1] 430
[1] 430
  iteration traits posterior_prob regional_prob candidate_snp
1         1   None             NA        0.0144            NA
  posterior_explained_by_snp dropped_trait   lead_snp
1                         NA      iradjbmi rs17618704
[1] "SPLICING EVENT"
[1] "chr17:47945989:47946323:clu_26490_+:ENSG00000108439.11"
Harmonising fat_distr (fat_distr) and Outcome (Outcome)
Harmonising fat_distr (fat_distr) and Outcome (Outcome)
[1] 430
[1] 430
  iteration                                                           traits
1         1 iradjbmi, chr17:47945989:47946323:clu_26490_+:ENSG00000108439.11
  posterior_prob regional_prob candidate_snp posterior_explained_by_snp
1         0.8755        0.9997     rs4378657                     0.4861
  dropped_trait   lead_snp
1            NA rs17618704
[1] "SPLICING EVENT"
[1] "chr17:47946393:47946614:clu_26491_+:ENSG00000108439.11"
Harmonising fat_distr (fat_distr) and Outcome (Outcome)
Harmonising fat_distr (fat_distr) and Outcome (Outcome)
[1] 430
[1] 430
  iteration                                                           traits
1         1 iradjbmi, chr17:47946393:47946614:clu_26491_+:ENSG00000108439.11
  posterior_prob regional_prob candidate_snp posterior_explained_by_snp
1         0.8637        0.9997     rs4378657                     0.7887
  dropped_trait   lead_snp
1            NA rs17618704
[1] "SPLICING EVENT"
[1] "chr17:47946393:47964050:clu_26491_+:ENSG00000108439.11"
Harmonising fat_distr (fat_distr) and Outcome (Outcome)
Harmonising fat_distr (fat_distr) and Outcome (Outcome)
[1] 430
[1] 430
  iteration                                                           traits
1         1 iradjbmi, chr17:47946393:47964050:clu_26491_+:ENSG00000108439.11
  posterior_prob regional_prob candidate_snp posterior_explained_by_snp
1         0.8689        0.9997     rs4378657                      0.686
  dropped_trait   lead_snp
1            NA rs17618704
[1] "LEAD INDEX"
[1] 12
[1] "LEAD INDEX"
[1] 13
[1] "LEAD INDEX"
[1] 14
[1] "SPLICING EVENT"
[1] "chr17:76265403:76265907:clu_26967_+:ENSG00000185262.9"
Harmonising fat_distr (fat_distr) and Outcome (Outcome)
Harmonising fat_distr (fat_distr) and Outcome (Outcome)
[1] 389
[1] 389
  iteration traits posterior_prob regional_prob candidate_snp
1         1   None             NA        0.0156            NA
  posterior_explained_by_snp dropped_trait  lead_snp
1                         NA      iradjbmi rs9674537
[1] "SPLICING EVENT"
[1] "chr17:76265625:76265907:clu_26967_+:ENSG00000185262.9"
Harmonising fat_distr (fat_distr) and Outcome (Outcome)
Harmonising fat_distr (fat_distr) and Outcome (Outcome)
[1] 389
[1] 389
  iteration traits posterior_prob regional_prob candidate_snp
1         1   None             NA        0.0143            NA
  posterior_explained_by_snp dropped_trait  lead_snp
1                         NA      iradjbmi rs9674537
[1] "LEAD INDEX"
[1] 15
[1] "SPLICING EVENT"
[1] "chr17:78378808:78392476:clu_27017_+:ENSG00000087157.19"
Harmonising fat_distr (fat_distr) and Outcome (Outcome)
Harmonising fat_distr (fat_distr) and Outcome (Outcome)
[1] 471
[1] 471
  iteration                                                           traits
1         1 iradjbmi, chr17:78378808:78392476:clu_27017_+:ENSG00000087157.19
  posterior_prob regional_prob candidate_snp posterior_explained_by_snp
1           0.98             1    rs16971107                     0.1699
  dropped_trait   lead_snp
1            NA rs16971107
[1] "SPLICING EVENT"
[1] "chr17:78392665:78396308:clu_27018_+:ENSG00000087157.19"
Harmonising fat_distr (fat_distr) and Outcome (Outcome)
Harmonising fat_distr (fat_distr) and Outcome (Outcome)
[1] 471
[1] 471
  iteration traits posterior_prob regional_prob candidate_snp
1         1   None             NA        0.0076            NA
  posterior_explained_by_snp dropped_trait   lead_snp
1                         NA      iradjbmi rs16971107
[1] "SPLICING EVENT"
[1] "chr17:78392665:78398252:clu_27018_+:ENSG00000087157.19"
Harmonising fat_distr (fat_distr) and Outcome (Outcome)
Harmonising fat_distr (fat_distr) and Outcome (Outcome)
[1] 471
[1] 471
  iteration traits posterior_prob regional_prob candidate_snp
1         1   None             NA        0.0227            NA
  posterior_explained_by_snp dropped_trait   lead_snp
1                         NA      iradjbmi rs16971107
[1] "SPLICING EVENT"
[1] "chr17:78396385:78398252:clu_27018_+:ENSG00000087157.19"
Harmonising fat_distr (fat_distr) and Outcome (Outcome)
Harmonising fat_distr (fat_distr) and Outcome (Outcome)
[1] 471
[1] 471
  iteration traits posterior_prob regional_prob candidate_snp
1         1   None             NA        0.0167            NA
  posterior_explained_by_snp dropped_trait   lead_snp
1                         NA      iradjbmi rs16971107
[1] "SPLICING EVENT"
[1] "chr17:78399537:78400677:clu_27019_+:ENSG00000087157.19"
Harmonising fat_distr (fat_distr) and Outcome (Outcome)
Harmonising fat_distr (fat_distr) and Outcome (Outcome)
[1] 471
[1] 471
  iteration traits posterior_prob regional_prob candidate_snp
1         1   None             NA        0.0069            NA
  posterior_explained_by_snp dropped_trait   lead_snp
1                         NA      iradjbmi rs16971107
[1] "SPLICING EVENT"
[1] "chr17:78400855:78403568:clu_27019_+:ENSG00000087157.19"
Harmonising fat_distr (fat_distr) and Outcome (Outcome)
Harmonising fat_distr (fat_distr) and Outcome (Outcome)
[1] 471
[1] 471
  iteration traits posterior_prob regional_prob candidate_snp
1         1   None             NA         0.007            NA
  posterior_explained_by_snp dropped_trait   lead_snp
1                         NA      iradjbmi rs16971107
[1] "SPLICING EVENT"
[1] "chr17:78404089:78414879:clu_27020_+:ENSG00000087157.19"
Harmonising fat_distr (fat_distr) and Outcome (Outcome)
Harmonising fat_distr (fat_distr) and Outcome (Outcome)
[1] 471
[1] 471
  iteration traits posterior_prob regional_prob candidate_snp
1         1   None             NA        0.0063            NA
  posterior_explained_by_snp dropped_trait   lead_snp
1                         NA      iradjbmi rs16971107
[1] "SPLICING EVENT"
[1] "chr17:78404089:78414952:clu_27020_+:ENSG00000087157.19"
Harmonising fat_distr (fat_distr) and Outcome (Outcome)
Harmonising fat_distr (fat_distr) and Outcome (Outcome)
[1] 471
[1] 471
  iteration traits posterior_prob regional_prob candidate_snp
1         1   None             NA        0.0108            NA
  posterior_explained_by_snp dropped_trait   lead_snp
1                         NA      iradjbmi rs16971107
[1] "SPLICING EVENT"
[1] "chr17:78404089:78419546:clu_27020_+:ENSG00000087157.19"
Harmonising fat_distr (fat_distr) and Outcome (Outcome)
Harmonising fat_distr (fat_distr) and Outcome (Outcome)
[1] 471
[1] 471
  iteration traits posterior_prob regional_prob candidate_snp
1         1   None             NA        0.0133            NA
  posterior_explained_by_snp dropped_trait   lead_snp
1                         NA      iradjbmi rs16971107
[1] "SPLICING EVENT"
[1] "chr17:78415027:78419546:clu_27020_+:ENSG00000087157.19"
Harmonising fat_distr (fat_distr) and Outcome (Outcome)
Harmonising fat_distr (fat_distr) and Outcome (Outcome)
[1] 471
[1] 471
  iteration traits posterior_prob regional_prob candidate_snp
1         1   None             NA        0.0077            NA
  posterior_explained_by_snp dropped_trait   lead_snp
1                         NA      iradjbmi rs16971107
[1] "SPLICING EVENT"
[1] "chr17:78419675:78420214:clu_27021_+:ENSG00000087157.19"
Harmonising fat_distr (fat_distr) and Outcome (Outcome)
Harmonising fat_distr (fat_distr) and Outcome (Outcome)
[1] 471
[1] 471
  iteration traits posterior_prob regional_prob candidate_snp
1         1   None             NA        0.0133            NA
  posterior_explained_by_snp dropped_trait   lead_snp
1                         NA      iradjbmi rs16971107
[1] "SPLICING EVENT"
[1] "chr17:78419675:78424061:clu_27021_+:ENSG00000087157.19"
Harmonising fat_distr (fat_distr) and Outcome (Outcome)
Harmonising fat_distr (fat_distr) and Outcome (Outcome)
[1] 471
[1] 471
  iteration traits posterior_prob regional_prob candidate_snp
1         1   None             NA        0.0286            NA
  posterior_explained_by_snp dropped_trait   lead_snp
1                         NA      iradjbmi rs16971107
[1] "SPLICING EVENT"
[1] "chr17:78419725:78424061:clu_27021_+:ENSG00000087157.19"
Harmonising fat_distr (fat_distr) and Outcome (Outcome)
Harmonising fat_distr (fat_distr) and Outcome (Outcome)
[1] 471
[1] 471
  iteration traits posterior_prob regional_prob candidate_snp
1         1   None             NA        0.0128            NA
  posterior_explained_by_snp dropped_trait   lead_snp
1                         NA      iradjbmi rs16971107
[1] "SPLICING EVENT"
[1] "chr17:78420323:78424061:clu_27021_+:ENSG00000087157.19"
Harmonising fat_distr (fat_distr) and Outcome (Outcome)
Harmonising fat_distr (fat_distr) and Outcome (Outcome)
[1] 471
[1] 471
  iteration traits posterior_prob regional_prob candidate_snp
1         1   None             NA         0.013            NA
  posterior_explained_by_snp dropped_trait   lead_snp
1                         NA      iradjbmi rs16971107
[1] "CHROMOSOME"
[1] 18
[1] "LEAD INDEX"
[1] 1
[1] "LEAD INDEX"
[1] 2
[1] "LEAD INDEX"
[1] 3
[1] "LEAD INDEX"
[1] 4
[1] "LEAD INDEX"
[1] 5
[1] "LEAD INDEX"
[1] 6
[1] "SPLICING EVENT"
[1] "chr18:23503720:23504371:clu_27395_+:ENSG00000141452.10"
Harmonising fat_distr (fat_distr) and Outcome (Outcome)
Harmonising fat_distr (fat_distr) and Outcome (Outcome)
[1] 341
[1] 341
  iteration traits posterior_prob regional_prob candidate_snp
1         1   None             NA        0.0066            NA
  posterior_explained_by_snp dropped_trait  lead_snp
1                         NA      iradjbmi rs1623060
[1] "SPLICING EVENT"
[1] "chr18:23504447:23506970:clu_27395_+:ENSG00000141452.10"
Harmonising fat_distr (fat_distr) and Outcome (Outcome)
Harmonising fat_distr (fat_distr) and Outcome (Outcome)
[1] 341
[1] 341
  iteration traits posterior_prob regional_prob candidate_snp
1         1   None             NA        0.0077            NA
  posterior_explained_by_snp dropped_trait  lead_snp
1                         NA      iradjbmi rs1623060
[1] "SPLICING EVENT"
[1] "chr18:23504447:23507985:clu_27395_+:ENSG00000141452.10"
Harmonising fat_distr (fat_distr) and Outcome (Outcome)
Harmonising fat_distr (fat_distr) and Outcome (Outcome)
[1] 341
[1] 341
  iteration traits posterior_prob regional_prob candidate_snp
1         1   None             NA         0.043            NA
  posterior_explained_by_snp dropped_trait  lead_snp
1                         NA      iradjbmi rs1623060
[1] "SPLICING EVENT"
[1] "chr18:23504447:23509193:clu_27395_+:ENSG00000141452.10"
Harmonising fat_distr (fat_distr) and Outcome (Outcome)
Harmonising fat_distr (fat_distr) and Outcome (Outcome)
[1] 341
[1] 341
  iteration traits posterior_prob regional_prob candidate_snp
1         1   None             NA        0.0172            NA
  posterior_explained_by_snp dropped_trait  lead_snp
1                         NA      iradjbmi rs1623060
[1] "SPLICING EVENT"
[1] "chr18:23507054:23507985:clu_27395_+:ENSG00000141452.10"
Harmonising fat_distr (fat_distr) and Outcome (Outcome)
Harmonising fat_distr (fat_distr) and Outcome (Outcome)
[1] 341
[1] 341
  iteration traits posterior_prob regional_prob candidate_snp
1         1   None             NA        0.0063            NA
  posterior_explained_by_snp dropped_trait  lead_snp
1                         NA      iradjbmi rs1623060
[1] "SPLICING EVENT"
[1] "chr18:23508041:23509193:clu_27395_+:ENSG00000141452.10"
Harmonising fat_distr (fat_distr) and Outcome (Outcome)
Harmonising fat_distr (fat_distr) and Outcome (Outcome)
[1] 341
[1] 341
  iteration traits posterior_prob regional_prob candidate_snp
1         1   None             NA        0.0069            NA
  posterior_explained_by_snp dropped_trait  lead_snp
1                         NA      iradjbmi rs1623060
[1] "SPLICING EVENT"
[1] "chr18:23509279:23515856:clu_27395_+:ENSG00000141452.10"
Harmonising fat_distr (fat_distr) and Outcome (Outcome)
Harmonising fat_distr (fat_distr) and Outcome (Outcome)
[1] 341
[1] 341
  iteration traits posterior_prob regional_prob candidate_snp
1         1   None             NA        0.0067            NA
  posterior_explained_by_snp dropped_trait  lead_snp
1                         NA      iradjbmi rs1623060
[1] "SPLICING EVENT"
[1] "chr18:23516423:23518890:clu_27396_+:ENSG00000141452.10"
Harmonising fat_distr (fat_distr) and Outcome (Outcome)
Harmonising fat_distr (fat_distr) and Outcome (Outcome)
[1] 341
[1] 341
  iteration traits posterior_prob regional_prob candidate_snp
1         1   None             NA        0.0131            NA
  posterior_explained_by_snp dropped_trait  lead_snp
1                         NA      iradjbmi rs1623060
[1] "SPLICING EVENT"
[1] "chr18:23526765:23527795:clu_27398_+:ENSG00000141452.10"
Harmonising fat_distr (fat_distr) and Outcome (Outcome)
Harmonising fat_distr (fat_distr) and Outcome (Outcome)
[1] 341
[1] 341
  iteration traits posterior_prob regional_prob candidate_snp
1         1   None             NA        0.0073            NA
  posterior_explained_by_snp dropped_trait  lead_snp
1                         NA      iradjbmi rs1623060
[1] "SPLICING EVENT"
[1] "chr18:23527901:23529179:clu_27398_+:ENSG00000141452.10"
Harmonising fat_distr (fat_distr) and Outcome (Outcome)
Harmonising fat_distr (fat_distr) and Outcome (Outcome)
[1] 341
[1] 341
  iteration traits posterior_prob regional_prob candidate_snp
1         1   None             NA        0.0068            NA
  posterior_explained_by_snp dropped_trait  lead_snp
1                         NA      iradjbmi rs1623060
[1] "SPLICING EVENT"
[1] "chr18:23529298:23529635:clu_27399_+:ENSG00000141452.10"
Harmonising fat_distr (fat_distr) and Outcome (Outcome)
Harmonising fat_distr (fat_distr) and Outcome (Outcome)
[1] 341
[1] 341
  iteration traits posterior_prob regional_prob candidate_snp
1         1   None             NA        0.0066            NA
  posterior_explained_by_snp dropped_trait  lead_snp
1                         NA      iradjbmi rs1623060
[1] "SPLICING EVENT"
[1] "chr18:23530132:23530229:clu_27400_+:ENSG00000141452.10"
Harmonising fat_distr (fat_distr) and Outcome (Outcome)
Harmonising fat_distr (fat_distr) and Outcome (Outcome)
[1] 341
[1] 341
  iteration traits posterior_prob regional_prob candidate_snp
1         1   None             NA        0.0083            NA
  posterior_explained_by_snp dropped_trait  lead_snp
1                         NA      iradjbmi rs1623060
[1] "SPLICING EVENT"
[1] "chr18:23530297:23530387:clu_27401_+:ENSG00000141452.10"
Harmonising fat_distr (fat_distr) and Outcome (Outcome)
Harmonising fat_distr (fat_distr) and Outcome (Outcome)
[1] 341
[1] 341
  iteration traits posterior_prob regional_prob candidate_snp
1         1   None             NA        0.0326            NA
  posterior_explained_by_snp dropped_trait  lead_snp
1                         NA      iradjbmi rs1623060
[1] "SPLICING EVENT"
[1] "chr18:23530297:23530511:clu_27401_+:ENSG00000141452.10"
Harmonising fat_distr (fat_distr) and Outcome (Outcome)
Harmonising fat_distr (fat_distr) and Outcome (Outcome)
[1] 341
[1] 341
  iteration traits posterior_prob regional_prob candidate_snp
1         1   None             NA        0.0547            NA
  posterior_explained_by_snp dropped_trait  lead_snp
1                         NA      iradjbmi rs1623060
[1] "SPLICING EVENT"
[1] "chr18:23530612:23531625:clu_27402_+:ENSG00000141452.10"
Harmonising fat_distr (fat_distr) and Outcome (Outcome)
Harmonising fat_distr (fat_distr) and Outcome (Outcome)
[1] 341
[1] 341
  iteration traits posterior_prob regional_prob candidate_snp
1         1   None             NA        0.0061            NA
  posterior_explained_by_snp dropped_trait  lead_snp
1                         NA      iradjbmi rs1623060
[1] "SPLICING EVENT"
[1] "chr18:23506642:23533355:clu_27844_-:ENSG00000141458.13"
Harmonising fat_distr (fat_distr) and Outcome (Outcome)
Harmonising fat_distr (fat_distr) and Outcome (Outcome)
[1] 341
[1] 341
  iteration traits posterior_prob regional_prob candidate_snp
1         1   None             NA        0.0186            NA
  posterior_explained_by_snp
1                         NA
                                           dropped_trait  lead_snp
1 chr18:23506642:23533355:clu_27844_-:ENSG00000141458.13 rs1623060
[1] "SPLICING EVENT"
[1] "chr18:23522906:23533355:clu_27844_-:ENSG00000141458.13"
Harmonising fat_distr (fat_distr) and Outcome (Outcome)
Harmonising fat_distr (fat_distr) and Outcome (Outcome)
[1] 341
[1] 341
  iteration                                                           traits
1         1 iradjbmi, chr18:23522906:23533355:clu_27844_-:ENSG00000141458.13
  posterior_prob regional_prob candidate_snp posterior_explained_by_snp
1         0.9472             1     rs4800488                     0.3331
  dropped_trait  lead_snp
1            NA rs1623060
[1] "SPLICING EVENT"
[1] "chr18:23532284:23533355:clu_27844_-:ENSG00000141458.13"
Harmonising fat_distr (fat_distr) and Outcome (Outcome)
Harmonising fat_distr (fat_distr) and Outcome (Outcome)
[1] 341
[1] 341
  iteration traits posterior_prob regional_prob candidate_snp
1         1   None             NA        0.9964            NA
  posterior_explained_by_snp dropped_trait  lead_snp
1                         NA      iradjbmi rs1623060
[1] "SPLICING EVENT"
[1] "chr18:23535700:23536673:clu_27845_-:ENSG00000141458.13"
Harmonising fat_distr (fat_distr) and Outcome (Outcome)
Harmonising fat_distr (fat_distr) and Outcome (Outcome)
[1] 341
[1] 341
  iteration                                                           traits
1         1 iradjbmi, chr18:23535700:23536673:clu_27845_-:ENSG00000141458.13
  posterior_prob regional_prob candidate_snp posterior_explained_by_snp
1         0.6246        0.6672     rs2510344                     0.1507
  dropped_trait  lead_snp
1            NA rs1623060
[1] "SPLICING EVENT"
[1] "chr18:23539470:23539811:clu_27847_-:ENSG00000141458.13"
Harmonising fat_distr (fat_distr) and Outcome (Outcome)
Harmonising fat_distr (fat_distr) and Outcome (Outcome)
[1] 341
[1] 341
  iteration                                                           traits
1         1 iradjbmi, chr18:23539470:23539811:clu_27847_-:ENSG00000141458.13
  posterior_prob regional_prob candidate_snp posterior_explained_by_snp
1         0.9583             1     rs1623060                     0.2504
  dropped_trait  lead_snp
1            NA rs1623060
[1] "SPLICING EVENT"
[1] "chr18:23541433:23543455:clu_27848_-:ENSG00000141458.13"
Harmonising fat_distr (fat_distr) and Outcome (Outcome)
Harmonising fat_distr (fat_distr) and Outcome (Outcome)
[1] 341
[1] 341
  iteration traits posterior_prob regional_prob candidate_snp
1         1   None             NA        0.0178            NA
  posterior_explained_by_snp dropped_trait  lead_snp
1                         NA      iradjbmi rs1623060
[1] "SPLICING EVENT"
[1] "chr18:23543569:23544344:clu_27848_-:ENSG00000141458.13"
Harmonising fat_distr (fat_distr) and Outcome (Outcome)
Harmonising fat_distr (fat_distr) and Outcome (Outcome)
[1] 341
[1] 341
  iteration traits posterior_prob regional_prob candidate_snp
1         1   None             NA        0.0183            NA
  posterior_explained_by_snp dropped_trait  lead_snp
1                         NA      iradjbmi rs1623060
[1] "SPLICING EVENT"
[1] "chr18:23556613:23557117:clu_27846_-:ENSG00000141458.13"
Harmonising fat_distr (fat_distr) and Outcome (Outcome)
Harmonising fat_distr (fat_distr) and Outcome (Outcome)
[1] 341
[1] 341
  iteration traits posterior_prob regional_prob candidate_snp
1         1   None             NA        0.0068            NA
  posterior_explained_by_snp dropped_trait  lead_snp
1                         NA      iradjbmi rs1623060
[1] "LEAD INDEX"
[1] 7
[1] "CHROMOSOME"
[1] 19
[1] "LEAD INDEX"
[1] 1
[1] "LEAD INDEX"
[1] 2
[1] "LEAD INDEX"
[1] 3
[1] "LEAD INDEX"
[1] 4
[1] "SPLICING EVENT"
[1] "chr19:7117410:7119449:clu_28506_-:ENSG00000171105.14"
Harmonising fat_distr (fat_distr) and Outcome (Outcome)
Harmonising fat_distr (fat_distr) and Outcome (Outcome)
[1] 442
[1] 442
  iteration traits posterior_prob regional_prob candidate_snp
1         1   None             NA        0.0095            NA
  posterior_explained_by_snp dropped_trait  lead_snp
1                         NA      iradjbmi rs8101064
[1] "SPLICING EVENT"
[1] "chr19:7119583:7120620:clu_28506_-:ENSG00000171105.14"
Harmonising fat_distr (fat_distr) and Outcome (Outcome)
Harmonising fat_distr (fat_distr) and Outcome (Outcome)
[1] 442
[1] 442
  iteration traits posterior_prob regional_prob candidate_snp
1         1   None             NA        0.0089            NA
  posterior_explained_by_snp dropped_trait  lead_snp
1                         NA      iradjbmi rs8101064
[1] "SPLICING EVENT"
[1] "chr19:7122989:7125283:clu_28507_-:ENSG00000171105.14"
Harmonising fat_distr (fat_distr) and Outcome (Outcome)
Harmonising fat_distr (fat_distr) and Outcome (Outcome)
[1] 442
[1] 442
  iteration traits posterior_prob regional_prob candidate_snp
1         1   None             NA         0.004            NA
  posterior_explained_by_snp
1                         NA
                                         dropped_trait  lead_snp
1 chr19:7122989:7125283:clu_28507_-:ENSG00000171105.14 rs8101064
[1] "SPLICING EVENT"
[1] "chr19:7125527:7126584:clu_28507_-:ENSG00000171105.14"
Harmonising fat_distr (fat_distr) and Outcome (Outcome)
Harmonising fat_distr (fat_distr) and Outcome (Outcome)
[1] 442
[1] 442
  iteration traits posterior_prob regional_prob candidate_snp
1         1   None             NA        0.0032            NA
  posterior_explained_by_snp
1                         NA
                                         dropped_trait  lead_snp
1 chr19:7125527:7126584:clu_28507_-:ENSG00000171105.14 rs8101064
[1] "SPLICING EVENT"
[1] "chr19:7128951:7132158:clu_28509_-:ENSG00000171105.14"
Harmonising fat_distr (fat_distr) and Outcome (Outcome)
Harmonising fat_distr (fat_distr) and Outcome (Outcome)
[1] 442
[1] 442
  iteration traits posterior_prob regional_prob candidate_snp
1         1   None             NA        0.0107            NA
  posterior_explained_by_snp dropped_trait  lead_snp
1                         NA      iradjbmi rs8101064
[1] "SPLICING EVENT"
[1] "chr19:7128954:7132158:clu_28509_-:ENSG00000171105.14"
Harmonising fat_distr (fat_distr) and Outcome (Outcome)
Harmonising fat_distr (fat_distr) and Outcome (Outcome)
[1] 442
[1] 442
  iteration traits posterior_prob regional_prob candidate_snp
1         1   None             NA        0.0104            NA
  posterior_explained_by_snp dropped_trait  lead_snp
1                         NA      iradjbmi rs8101064
[1] "SPLICING EVENT"
[1] "chr19:7132317:7141677:clu_28510_-:ENSG00000171105.14"
Harmonising fat_distr (fat_distr) and Outcome (Outcome)
Harmonising fat_distr (fat_distr) and Outcome (Outcome)
[1] 442
[1] 442
  iteration traits posterior_prob regional_prob candidate_snp
1         1   None             NA        0.0063            NA
  posterior_explained_by_snp dropped_trait  lead_snp
1                         NA      iradjbmi rs8101064
[1] "SPLICING EVENT"
[1] "chr19:7143090:7150497:clu_28511_-:ENSG00000171105.14"
Harmonising fat_distr (fat_distr) and Outcome (Outcome)
Harmonising fat_distr (fat_distr) and Outcome (Outcome)
[1] 442
[1] 442
  iteration traits posterior_prob regional_prob candidate_snp
1         1   None             NA        0.0098            NA
  posterior_explained_by_snp dropped_trait  lead_snp
1                         NA      iradjbmi rs8101064
[1] "SPLICING EVENT"
[1] "chr19:7143090:7152726:clu_28511_-:ENSG00000171105.14"
Harmonising fat_distr (fat_distr) and Outcome (Outcome)
Harmonising fat_distr (fat_distr) and Outcome (Outcome)
[1] 442
[1] 442
  iteration traits posterior_prob regional_prob candidate_snp
1         1   None             NA        0.0062            NA
  posterior_explained_by_snp dropped_trait  lead_snp
1                         NA      iradjbmi rs8101064
[1] "SPLICING EVENT"
[1] "chr19:7150532:7152726:clu_28511_-:ENSG00000171105.14"
Harmonising fat_distr (fat_distr) and Outcome (Outcome)
Harmonising fat_distr (fat_distr) and Outcome (Outcome)
[1] 442
[1] 442
  iteration traits posterior_prob regional_prob candidate_snp
1         1   None             NA        0.0121            NA
  posterior_explained_by_snp dropped_trait  lead_snp
1                         NA      iradjbmi rs8101064
[1] "SPLICING EVENT"
[1] "chr19:7152927:7163032:clu_28512_-:ENSG00000171105.14"
Harmonising fat_distr (fat_distr) and Outcome (Outcome)
Harmonising fat_distr (fat_distr) and Outcome (Outcome)
[1] 442
[1] 442
  iteration traits posterior_prob regional_prob candidate_snp
1         1   None             NA        0.1138            NA
  posterior_explained_by_snp dropped_trait  lead_snp
1                         NA      iradjbmi rs8101064
[1] "LEAD INDEX"
[1] 5
[1] "SPLICING EVENT"
[1] "chr19:7904068:7905808:clu_30214_+:ENSG00000076984.18"
Harmonising fat_distr (fat_distr) and Outcome (Outcome)
Harmonising fat_distr (fat_distr) and Outcome (Outcome)
[1] 439
[1] 439
  iteration traits posterior_prob regional_prob candidate_snp
1         1   None             NA        0.0123            NA
  posterior_explained_by_snp dropped_trait  lead_snp
1                         NA      iradjbmi rs4804833
[1] "SPLICING EVENT"
[1] "chr19:7904068:7909755:clu_30214_+:ENSG00000076984.18"
Harmonising fat_distr (fat_distr) and Outcome (Outcome)
Harmonising fat_distr (fat_distr) and Outcome (Outcome)
[1] 439
[1] 439
  iteration traits posterior_prob regional_prob candidate_snp
1         1   None             NA         0.005            NA
  posterior_explained_by_snp dropped_trait  lead_snp
1                         NA      iradjbmi rs4804833
[1] "SPLICING EVENT"
[1] "chr19:7905855:7909755:clu_30214_+:ENSG00000076984.18"
Harmonising fat_distr (fat_distr) and Outcome (Outcome)
Harmonising fat_distr (fat_distr) and Outcome (Outcome)
[1] 439
[1] 439
  iteration traits posterior_prob regional_prob candidate_snp
1         1   None             NA        0.0082            NA
  posterior_explained_by_snp dropped_trait  lead_snp
1                         NA      iradjbmi rs4804833
[1] "SPLICING EVENT"
[1] "chr19:7909896:7910063:clu_30215_+:ENSG00000076984.18"
Harmonising fat_distr (fat_distr) and Outcome (Outcome)
Harmonising fat_distr (fat_distr) and Outcome (Outcome)
[1] 439
[1] 439
  iteration traits posterior_prob regional_prob candidate_snp
1         1   None             NA        0.0073            NA
  posterior_explained_by_snp dropped_trait  lead_snp
1                         NA      iradjbmi rs4804833
[1] "SPLICING EVENT"
[1] "chr19:7909896:7910260:clu_30215_+:ENSG00000076984.18"
Harmonising fat_distr (fat_distr) and Outcome (Outcome)
Harmonising fat_distr (fat_distr) and Outcome (Outcome)
[1] 439
[1] 439
  iteration traits posterior_prob regional_prob candidate_snp
1         1   None             NA        0.0052            NA
  posterior_explained_by_snp dropped_trait  lead_snp
1                         NA      iradjbmi rs4804833
[1] "SPLICING EVENT"
[1] "chr19:7910129:7910260:clu_30215_+:ENSG00000076984.18"
Harmonising fat_distr (fat_distr) and Outcome (Outcome)
Harmonising fat_distr (fat_distr) and Outcome (Outcome)
[1] 439
[1] 439
  iteration traits posterior_prob regional_prob candidate_snp
1         1   None             NA        0.0086            NA
  posterior_explained_by_snp dropped_trait  lead_snp
1                         NA      iradjbmi rs4804833
[1] "SPLICING EVENT"
[1] "chr19:7911330:7911415:clu_30216_+:ENSG00000076984.18"
Harmonising fat_distr (fat_distr) and Outcome (Outcome)
Harmonising fat_distr (fat_distr) and Outcome (Outcome)
[1] 439
[1] 439
  iteration traits posterior_prob regional_prob candidate_snp
1         1   None             NA        0.0143            NA
  posterior_explained_by_snp dropped_trait  lead_snp
1                         NA      iradjbmi rs4804833
[1] "SPLICING EVENT"
[1] "chr19:7911330:7911436:clu_30216_+:ENSG00000076984.18"
Harmonising fat_distr (fat_distr) and Outcome (Outcome)
Harmonising fat_distr (fat_distr) and Outcome (Outcome)
[1] 439
[1] 439
  iteration traits posterior_prob regional_prob candidate_snp
1         1   None             NA        0.0074            NA
  posterior_explained_by_snp dropped_trait  lead_snp
1                         NA      iradjbmi rs4804833
[1] "SPLICING EVENT"
[1] "chr19:7912194:7912297:clu_30217_+:ENSG00000076984.18"
Harmonising fat_distr (fat_distr) and Outcome (Outcome)
Harmonising fat_distr (fat_distr) and Outcome (Outcome)
[1] 439
[1] 439
  iteration traits posterior_prob regional_prob candidate_snp
1         1   None             NA         0.062            NA
  posterior_explained_by_snp dropped_trait  lead_snp
1                         NA      iradjbmi rs4804833
[1] "LEAD INDEX"
[1] 6
[1] "LEAD INDEX"
[1] 7
[1] "LEAD INDEX"
[1] 8
[1] "SPLICING EVENT"
[1] "chr19:8544464:8545650:clu_28553_-:ENSG00000142347.19"
Harmonising fat_distr (fat_distr) and Outcome (Outcome)
Harmonising fat_distr (fat_distr) and Outcome (Outcome)
[1] 422
[1] 422
  iteration traits posterior_prob regional_prob candidate_snp
1         1   None             NA        0.0155            NA
  posterior_explained_by_snp dropped_trait  lead_snp
1                         NA      iradjbmi rs4804311
[1] "SPLICING EVENT"
[1] "chr19:8545736:8548036:clu_28553_-:ENSG00000142347.19"
Harmonising fat_distr (fat_distr) and Outcome (Outcome)
Harmonising fat_distr (fat_distr) and Outcome (Outcome)
[1] 422
[1] 422
  iteration traits posterior_prob regional_prob candidate_snp
1         1   None             NA        0.0131            NA
  posterior_explained_by_snp dropped_trait  lead_snp
1                         NA      iradjbmi rs4804311
[1] "LEAD INDEX"
[1] 9
[1] "LEAD INDEX"
[1] 10
[1] "LEAD INDEX"
[1] 11
[1] "LEAD INDEX"
[1] 12
[1] "LEAD INDEX"
[1] 13
[1] "LEAD INDEX"
[1] 14
[1] "LEAD INDEX"
[1] 15
[1] "LEAD INDEX"
[1] 16
[1] "SPLICING EVENT"
[1] "chr19:48720997:48721854:clu_29531_-:ENSG00000105538.10"
Harmonising fat_distr (fat_distr) and Outcome (Outcome)
Harmonising fat_distr (fat_distr) and Outcome (Outcome)
[1] 414
[1] 414
  iteration traits posterior_prob regional_prob candidate_snp
1         1   None             NA        0.0137            NA
  posterior_explained_by_snp dropped_trait lead_snp
1                         NA      iradjbmi rs485186
[1] "SPLICING EVENT"
[1] "chr19:48722001:48724337:clu_29532_-:ENSG00000105538.10"
Harmonising fat_distr (fat_distr) and Outcome (Outcome)
Harmonising fat_distr (fat_distr) and Outcome (Outcome)
[1] 414
[1] 414
  iteration traits posterior_prob regional_prob candidate_snp
1         1   None             NA        0.0136            NA
  posterior_explained_by_snp dropped_trait lead_snp
1                         NA      iradjbmi rs485186
[1] "SPLICING EVENT"
[1] "chr19:48724509:48724717:clu_29533_-:ENSG00000105538.10"
Harmonising fat_distr (fat_distr) and Outcome (Outcome)
Harmonising fat_distr (fat_distr) and Outcome (Outcome)
[1] 414
[1] 414
  iteration traits posterior_prob regional_prob candidate_snp
1         1   None             NA        0.0164            NA
  posterior_explained_by_snp dropped_trait lead_snp
1                         NA      iradjbmi rs485186
[1] "SPLICING EVENT"
[1] "chr19:48724960:48726785:clu_29534_-:ENSG00000105538.10"
Harmonising fat_distr (fat_distr) and Outcome (Outcome)
Harmonising fat_distr (fat_distr) and Outcome (Outcome)
[1] 414
[1] 414
  iteration traits posterior_prob regional_prob candidate_snp
1         1   None             NA        0.0054            NA
  posterior_explained_by_snp dropped_trait lead_snp
1                         NA      iradjbmi rs485186
[1] "SPLICING EVENT"
[1] "chr19:48724960:48727007:clu_29534_-:ENSG00000105538.10"
Harmonising fat_distr (fat_distr) and Outcome (Outcome)
Harmonising fat_distr (fat_distr) and Outcome (Outcome)
[1] 414
[1] 414
  iteration traits posterior_prob regional_prob candidate_snp
1         1   None             NA        0.0077            NA
  posterior_explained_by_snp dropped_trait lead_snp
1                         NA      iradjbmi rs485186
[1] "SPLICING EVENT"
[1] "chr19:48726888:48727007:clu_29534_-:ENSG00000105538.10"
Harmonising fat_distr (fat_distr) and Outcome (Outcome)
Harmonising fat_distr (fat_distr) and Outcome (Outcome)
[1] 414
[1] 414
  iteration traits posterior_prob regional_prob candidate_snp
1         1   None             NA        0.0054            NA
  posterior_explained_by_snp dropped_trait lead_snp
1                         NA      iradjbmi rs485186
[1] "SPLICING EVENT"
[1] "chr19:48727158:48727393:clu_29534_-:ENSG00000105538.10"
Harmonising fat_distr (fat_distr) and Outcome (Outcome)
Harmonising fat_distr (fat_distr) and Outcome (Outcome)
[1] 414
[1] 414
  iteration traits posterior_prob regional_prob candidate_snp
1         1   None             NA        0.0076            NA
  posterior_explained_by_snp dropped_trait lead_snp
1                         NA      iradjbmi rs485186
[1] "SPLICING EVENT"
[1] "chr19:48727430:48728937:clu_29534_-:ENSG00000105538.10"
Harmonising fat_distr (fat_distr) and Outcome (Outcome)
Harmonising fat_distr (fat_distr) and Outcome (Outcome)
[1] 414
[1] 414
  iteration traits posterior_prob regional_prob candidate_snp
1         1   None             NA        0.0056            NA
  posterior_explained_by_snp dropped_trait lead_snp
1                         NA      iradjbmi rs485186
[1] "SPLICING EVENT"
[1] "chr19:48729590:48735196:clu_29534_-:ENSG00000105538.10"
Harmonising fat_distr (fat_distr) and Outcome (Outcome)
Harmonising fat_distr (fat_distr) and Outcome (Outcome)
[1] 414
[1] 414
  iteration traits posterior_prob regional_prob candidate_snp
1         1   None             NA        0.0555            NA
  posterior_explained_by_snp dropped_trait lead_snp
1                         NA      iradjbmi rs485186
[1] "LEAD INDEX"
[1] 17
[1] "CHROMOSOME"
[1] 20
[1] "LEAD INDEX"
[1] 1
[1] "SPLICING EVENT"
[1] "chr20:41352220:41352606:clu_37403_+:ENSG00000132793.12"
Harmonising fat_distr (fat_distr) and Outcome (Outcome)
Harmonising fat_distr (fat_distr) and Outcome (Outcome)
[1] 375
[1] 375
  iteration traits posterior_prob regional_prob candidate_snp
1         1   None             NA        0.0094            NA
  posterior_explained_by_snp dropped_trait  lead_snp
1                         NA      iradjbmi rs6102322
[1] "SPLICING EVENT"
[1] "chr20:41352699:41352798:clu_37403_+:ENSG00000132793.12"
Harmonising fat_distr (fat_distr) and Outcome (Outcome)
Harmonising fat_distr (fat_distr) and Outcome (Outcome)
[1] 375
[1] 375
  iteration traits posterior_prob regional_prob candidate_snp
1         1   None             NA        0.0233            NA
  posterior_explained_by_snp dropped_trait  lead_snp
1                         NA      iradjbmi rs6102322
[1] "SPLICING EVENT"
[1] "chr20:41352867:41354645:clu_37403_+:ENSG00000132793.12"
Harmonising fat_distr (fat_distr) and Outcome (Outcome)
Harmonising fat_distr (fat_distr) and Outcome (Outcome)
[1] 375
[1] 375
  iteration traits posterior_prob regional_prob candidate_snp
1         1   None             NA        0.0103            NA
  posterior_explained_by_snp dropped_trait  lead_snp
1                         NA      iradjbmi rs6102322
[1] "SPLICING EVENT"
[1] "chr20:41354737:41354820:clu_37404_+:ENSG00000132793.12"
Harmonising fat_distr (fat_distr) and Outcome (Outcome)
Harmonising fat_distr (fat_distr) and Outcome (Outcome)
[1] 375
[1] 375
  iteration traits posterior_prob regional_prob candidate_snp
1         1   None             NA        0.0097            NA
  posterior_explained_by_snp dropped_trait  lead_snp
1                         NA      iradjbmi rs6102322
[1] "SPLICING EVENT"
[1] "chr20:41354737:41354825:clu_37404_+:ENSG00000132793.12"
Harmonising fat_distr (fat_distr) and Outcome (Outcome)
Harmonising fat_distr (fat_distr) and Outcome (Outcome)
[1] 375
[1] 375
  iteration traits posterior_prob regional_prob candidate_snp
1         1   None             NA        0.0105            NA
  posterior_explained_by_snp dropped_trait  lead_snp
1                         NA      iradjbmi rs6102322
[1] "SPLICING EVENT"
[1] "chr20:41357447:41357882:clu_37407_+:ENSG00000132793.12"
Harmonising fat_distr (fat_distr) and Outcome (Outcome)
Harmonising fat_distr (fat_distr) and Outcome (Outcome)
[1] 375
[1] 375
  iteration traits posterior_prob regional_prob candidate_snp
1         1   None             NA          0.01            NA
  posterior_explained_by_snp dropped_trait  lead_snp
1                         NA      iradjbmi rs6102322
[1] "SPLICING EVENT"
[1] "chr20:41358034:41358237:clu_37407_+:ENSG00000132793.12"
Harmonising fat_distr (fat_distr) and Outcome (Outcome)
Harmonising fat_distr (fat_distr) and Outcome (Outcome)
[1] 375
[1] 375
  iteration traits posterior_prob regional_prob candidate_snp
1         1   None             NA        0.0183            NA
  posterior_explained_by_snp dropped_trait  lead_snp
1                         NA      iradjbmi rs6102322
[1] "LEAD INDEX"
[1] 2
[1] "SPLICING EVENT"
[1] "chr20:63737902:63737973:clu_37733_+:ENSG00000203896.10"
Harmonising fat_distr (fat_distr) and Outcome (Outcome)
Harmonising fat_distr (fat_distr) and Outcome (Outcome)
[1] 425
[1] 425
  iteration traits posterior_prob regional_prob candidate_snp
1         1   None             NA        0.0077            NA
  posterior_explained_by_snp dropped_trait  lead_snp
1                         NA      iradjbmi rs1151625
[1] "SPLICING EVENT"
[1] "chr20:63737902:63738008:clu_37733_+:ENSG00000203896.10"
Harmonising fat_distr (fat_distr) and Outcome (Outcome)
Harmonising fat_distr (fat_distr) and Outcome (Outcome)
[1] 425
[1] 425
  iteration traits posterior_prob regional_prob candidate_snp
1         1   None             NA        0.0072            NA
  posterior_explained_by_snp dropped_trait  lead_snp
1                         NA      iradjbmi rs1151625
[1] "SPLICING EVENT"
[1] "chr20:63738060:63738183:clu_37733_+:ENSG00000203896.10"
Harmonising fat_distr (fat_distr) and Outcome (Outcome)
Harmonising fat_distr (fat_distr) and Outcome (Outcome)
[1] 425
[1] 425
  iteration traits posterior_prob regional_prob candidate_snp
1         1   None             NA        0.0073            NA
  posterior_explained_by_snp dropped_trait  lead_snp
1                         NA      iradjbmi rs1151625
[1] "LEAD INDEX"
[1] 3
[1] "LEAD INDEX"
[1] 4
[1] "LEAD INDEX"
[1] 5
[1] "LEAD INDEX"
[1] 6
[1] "SPLICING EVENT"
[1] "chr20:45888873:45890250:clu_36599_-:ENSG00000124257.7"
Harmonising fat_distr (fat_distr) and Outcome (Outcome)
Harmonising fat_distr (fat_distr) and Outcome (Outcome)
[1] 502
[1] 502
  iteration traits posterior_prob regional_prob candidate_snp
1         1   None             NA        0.0106            NA
  posterior_explained_by_snp dropped_trait  lead_snp
1                         NA      iradjbmi rs4810479
[1] "SPLICING EVENT"
[1] "chr20:45888887:45890250:clu_36599_-:ENSG00000124257.7"
Harmonising fat_distr (fat_distr) and Outcome (Outcome)
Harmonising fat_distr (fat_distr) and Outcome (Outcome)
[1] 502
[1] 502
  iteration traits posterior_prob regional_prob candidate_snp
1         1   None             NA        0.0079            NA
  posterior_explained_by_snp dropped_trait  lead_snp
1                         NA      iradjbmi rs4810479
[1] "SPLICING EVENT"
[1] "chr20:45899685:45899836:clu_36601_-:ENSG00000100979.15"
Harmonising fat_distr (fat_distr) and Outcome (Outcome)
Harmonising fat_distr (fat_distr) and Outcome (Outcome)
[1] 502
[1] 502
  iteration traits posterior_prob regional_prob candidate_snp
1         1   None             NA        0.0101            NA
  posterior_explained_by_snp dropped_trait  lead_snp
1                         NA      iradjbmi rs4810479
[1] "SPLICING EVENT"
[1] "chr20:45907904:45909516:clu_36602_-:ENSG00000100979.15"
Harmonising fat_distr (fat_distr) and Outcome (Outcome)
Harmonising fat_distr (fat_distr) and Outcome (Outcome)
[1] 502
[1] 502
  iteration traits posterior_prob regional_prob candidate_snp
1         1   None             NA        0.0081            NA
  posterior_explained_by_snp dropped_trait  lead_snp
1                         NA      iradjbmi rs4810479
[1] "SPLICING EVENT"
[1] "chr20:45909671:45909942:clu_36602_-:ENSG00000100979.15"
Harmonising fat_distr (fat_distr) and Outcome (Outcome)
Harmonising fat_distr (fat_distr) and Outcome (Outcome)
[1] 502
[1] 502
  iteration traits posterior_prob regional_prob candidate_snp
1         1   None             NA        0.0093            NA
  posterior_explained_by_snp dropped_trait  lead_snp
1                         NA      iradjbmi rs4810479
[1] "LEAD INDEX"
[1] 7
[1] "LEAD INDEX"
[1] 8
[1] "LEAD INDEX"
[1] 9
[1] "SPLICING EVENT"
[1] "chr20:47016297:47072185:clu_37497_+:ENSG00000064655.19"
Harmonising fat_distr (fat_distr) and Outcome (Outcome)
Harmonising fat_distr (fat_distr) and Outcome (Outcome)
[1] 500
[1] 500
  iteration traits posterior_prob regional_prob candidate_snp
1         1   None             NA        0.0101            NA
  posterior_explained_by_snp dropped_trait  lead_snp
1                         NA      iradjbmi rs6066149
[1] "SPLICING EVENT"
[1] "chr20:47074335:47089239:clu_37497_+:ENSG00000064655.19"
Harmonising fat_distr (fat_distr) and Outcome (Outcome)
Harmonising fat_distr (fat_distr) and Outcome (Outcome)
[1] 500
[1] 500
  iteration traits posterior_prob regional_prob candidate_snp
1         1   None             NA        0.0094            NA
  posterior_explained_by_snp dropped_trait  lead_snp
1                         NA      iradjbmi rs6066149
[1] "SPLICING EVENT"
[1] "chr20:47097168:47143059:clu_37498_+:ENSG00000064655.19"
Harmonising fat_distr (fat_distr) and Outcome (Outcome)
Harmonising fat_distr (fat_distr) and Outcome (Outcome)
[1] 500
[1] 500
  iteration traits posterior_prob regional_prob candidate_snp
1         1   None             NA        0.0109            NA
  posterior_explained_by_snp dropped_trait  lead_snp
1                         NA      iradjbmi rs6066149
[1] "SPLICING EVENT"
[1] "chr20:47143148:47169139:clu_37498_+:ENSG00000064655.19"
Harmonising fat_distr (fat_distr) and Outcome (Outcome)
Harmonising fat_distr (fat_distr) and Outcome (Outcome)
[1] 500
[1] 500
  iteration traits posterior_prob regional_prob candidate_snp
1         1   None             NA        0.0095            NA
  posterior_explained_by_snp dropped_trait  lead_snp
1                         NA      iradjbmi rs6066149
[1] "SPLICING EVENT"
[1] "chr20:47172867:47179798:clu_37499_+:ENSG00000064655.19"
Harmonising fat_distr (fat_distr) and Outcome (Outcome)
Harmonising fat_distr (fat_distr) and Outcome (Outcome)
[1] 500
[1] 500
  iteration traits posterior_prob regional_prob candidate_snp
1         1   None             NA        0.0083            NA
  posterior_explained_by_snp dropped_trait  lead_snp
1                         NA      iradjbmi rs6066149
[1] "SPLICING EVENT"
[1] "chr20:47180936:47183291:clu_37499_+:ENSG00000064655.19"
Harmonising fat_distr (fat_distr) and Outcome (Outcome)
Harmonising fat_distr (fat_distr) and Outcome (Outcome)
[1] 500
[1] 500
  iteration traits posterior_prob regional_prob candidate_snp
1         1   None             NA         0.008            NA
  posterior_explained_by_snp dropped_trait  lead_snp
1                         NA      iradjbmi rs6066149
[1] "LEAD INDEX"
[1] 10
[1] "LEAD INDEX"
[1] 11
[1] "CHROMOSOME"
[1] 21
[1] "LEAD INDEX"
[1] 1
[1] "SPLICING EVENT"
[1] "chr21:41168575:41226266:clu_37950_+:ENSG00000182240.16"
Harmonising fat_distr (fat_distr) and Outcome (Outcome)
Harmonising fat_distr (fat_distr) and Outcome (Outcome)
[1] 623
[1] 623
  iteration traits posterior_prob regional_prob candidate_snp
1         1   None             NA        0.0055            NA
  posterior_explained_by_snp dropped_trait  lead_snp
1                         NA      iradjbmi rs2837996
[1] "SPLICING EVENT"
[1] "chr21:41225695:41226266:clu_37950_+:ENSG00000182240.16"
Harmonising fat_distr (fat_distr) and Outcome (Outcome)
Harmonising fat_distr (fat_distr) and Outcome (Outcome)
[1] 623
[1] 623
  iteration traits posterior_prob regional_prob candidate_snp
1         1   None             NA        0.0683            NA
  posterior_explained_by_snp dropped_trait  lead_snp
1                         NA      iradjbmi rs2837996
[1] "SPLICING EVENT"
[1] "chr21:41241939:41243376:clu_37951_+:ENSG00000182240.16"
Harmonising fat_distr (fat_distr) and Outcome (Outcome)
Harmonising fat_distr (fat_distr) and Outcome (Outcome)
[1] 623
[1] 623
  iteration traits posterior_prob regional_prob candidate_snp
1         1   None             NA        0.0266            NA
  posterior_explained_by_snp dropped_trait  lead_snp
1                         NA      iradjbmi rs2837996
[1] "SPLICING EVENT"
[1] "chr21:41241947:41243376:clu_37951_+:ENSG00000182240.16"
Harmonising fat_distr (fat_distr) and Outcome (Outcome)
Harmonising fat_distr (fat_distr) and Outcome (Outcome)
[1] 623
[1] 623
  iteration traits posterior_prob regional_prob candidate_snp
1         1   None             NA        0.0299            NA
  posterior_explained_by_snp dropped_trait  lead_snp
1                         NA      iradjbmi rs2837996
[1] "SPLICING EVENT"
[1] "chr21:41246063:41250752:clu_37952_+:ENSG00000182240.16"
Harmonising fat_distr (fat_distr) and Outcome (Outcome)
Harmonising fat_distr (fat_distr) and Outcome (Outcome)
[1] 623
[1] 623
  iteration traits posterior_prob regional_prob candidate_snp
1         1   None             NA        0.0111            NA
  posterior_explained_by_snp dropped_trait  lead_snp
1                         NA      iradjbmi rs2837996
[1] "SPLICING EVENT"
[1] "chr21:41250901:41257158:clu_37952_+:ENSG00000182240.16"
Harmonising fat_distr (fat_distr) and Outcome (Outcome)
Harmonising fat_distr (fat_distr) and Outcome (Outcome)
[1] 623
[1] 623
  iteration traits posterior_prob regional_prob candidate_snp
1         1   None             NA         0.007            NA
  posterior_explained_by_snp dropped_trait  lead_snp
1                         NA      iradjbmi rs2837996
[1] "SPLICING EVENT"
[1] "chr21:41257326:41275371:clu_37952_+:ENSG00000182240.16"
Harmonising fat_distr (fat_distr) and Outcome (Outcome)
Harmonising fat_distr (fat_distr) and Outcome (Outcome)
[1] 623
[1] 623
  iteration traits posterior_prob regional_prob candidate_snp
1         1   None             NA         0.006            NA
  posterior_explained_by_snp dropped_trait  lead_snp
1                         NA      iradjbmi rs2837996
[1] "LEAD INDEX"
[1] 2
[1] "CHROMOSOME"
[1] 22
[1] "LEAD INDEX"
[1] 1
[1] "LEAD INDEX"
[1] 2
[1] "SPLICING EVENT"
[1] "chr22:35648623:35656379:clu_39571_+:ENSG00000221963.6"
Harmonising fat_distr (fat_distr) and Outcome (Outcome)
Harmonising fat_distr (fat_distr) and Outcome (Outcome)
[1] 417
[1] 417
  iteration traits posterior_prob regional_prob candidate_snp
1         1   None             NA        0.0074            NA
  posterior_explained_by_snp dropped_trait  lead_snp
1                         NA      iradjbmi rs9610329
[1] "SPLICING EVENT"
[1] "chr22:35656475:35658615:clu_39571_+:ENSG00000221963.6"
Harmonising fat_distr (fat_distr) and Outcome (Outcome)
Harmonising fat_distr (fat_distr) and Outcome (Outcome)
[1] 417
[1] 417
  iteration traits posterior_prob regional_prob candidate_snp
1         1   None             NA        0.0068            NA
  posterior_explained_by_snp dropped_trait  lead_snp
1                         NA      iradjbmi rs9610329
[1] "SPLICING EVENT"
[1] "chr22:35746561:35750426:clu_38820_-:ENSG00000100320.23"
Harmonising fat_distr (fat_distr) and Outcome (Outcome)
Harmonising fat_distr (fat_distr) and Outcome (Outcome)
[1] 417
[1] 417
  iteration traits posterior_prob regional_prob candidate_snp
1         1   None             NA        0.0056            NA
  posterior_explained_by_snp dropped_trait  lead_snp
1                         NA      iradjbmi rs9610329
[1] "SPLICING EVENT"
[1] "chr22:35746561:35752613:clu_38820_-:ENSG00000100320.23"
Harmonising fat_distr (fat_distr) and Outcome (Outcome)
Harmonising fat_distr (fat_distr) and Outcome (Outcome)
[1] 417
[1] 417
  iteration traits posterior_prob regional_prob candidate_snp
1         1   None             NA         0.006            NA
  posterior_explained_by_snp dropped_trait  lead_snp
1                         NA      iradjbmi rs9610329
[1] "SPLICING EVENT"
[1] "chr22:35746561:35756105:clu_38820_-:ENSG00000100320.23"
Harmonising fat_distr (fat_distr) and Outcome (Outcome)
Harmonising fat_distr (fat_distr) and Outcome (Outcome)
[1] 417
[1] 417
  iteration traits posterior_prob regional_prob candidate_snp
1         1   None             NA         0.004            NA
  posterior_explained_by_snp dropped_trait  lead_snp
1                         NA      iradjbmi rs9610329
[1] "SPLICING EVENT"
[1] "chr22:35746561:35759888:clu_38820_-:ENSG00000100320.23"
Harmonising fat_distr (fat_distr) and Outcome (Outcome)
Harmonising fat_distr (fat_distr) and Outcome (Outcome)
[1] 417
[1] 417
  iteration traits posterior_prob regional_prob candidate_snp
1         1   None             NA        0.0088            NA
  posterior_explained_by_snp dropped_trait  lead_snp
1                         NA      iradjbmi rs9610329
[1] "SPLICING EVENT"
[1] "chr22:35750457:35756105:clu_38820_-:ENSG00000100320.23"
Harmonising fat_distr (fat_distr) and Outcome (Outcome)
Harmonising fat_distr (fat_distr) and Outcome (Outcome)
[1] 417
[1] 417
  iteration traits posterior_prob regional_prob candidate_snp
1         1   None             NA        0.0058            NA
  posterior_explained_by_snp dropped_trait  lead_snp
1                         NA      iradjbmi rs9610329
[1] "SPLICING EVENT"
[1] "chr22:35750457:35759888:clu_38820_-:ENSG00000100320.23"
Harmonising fat_distr (fat_distr) and Outcome (Outcome)
Harmonising fat_distr (fat_distr) and Outcome (Outcome)
[1] 417
[1] 417
  iteration traits posterior_prob regional_prob candidate_snp
1         1   None             NA        0.0081            NA
  posterior_explained_by_snp dropped_trait  lead_snp
1                         NA      iradjbmi rs9610329
[1] "SPLICING EVENT"
[1] "chr22:35752655:35756105:clu_38820_-:ENSG00000100320.23"
Harmonising fat_distr (fat_distr) and Outcome (Outcome)
Harmonising fat_distr (fat_distr) and Outcome (Outcome)
[1] 417
[1] 417
  iteration traits posterior_prob regional_prob candidate_snp
1         1   None             NA        0.0055            NA
  posterior_explained_by_snp dropped_trait  lead_snp
1                         NA      iradjbmi rs9610329
[1] "SPLICING EVENT"
[1] "chr22:35752655:35759272:clu_38820_-:ENSG00000100320.23"
Harmonising fat_distr (fat_distr) and Outcome (Outcome)
Harmonising fat_distr (fat_distr) and Outcome (Outcome)
[1] 417
[1] 417
  iteration traits posterior_prob regional_prob candidate_snp
1         1   None             NA        0.0069            NA
  posterior_explained_by_snp dropped_trait  lead_snp
1                         NA      iradjbmi rs9610329
[1] "SPLICING EVENT"
[1] "chr22:35752655:35759888:clu_38820_-:ENSG00000100320.23"
Harmonising fat_distr (fat_distr) and Outcome (Outcome)
Harmonising fat_distr (fat_distr) and Outcome (Outcome)
[1] 417
[1] 417
  iteration traits posterior_prob regional_prob candidate_snp
1         1   None             NA         0.009            NA
  posterior_explained_by_snp dropped_trait  lead_snp
1                         NA      iradjbmi rs9610329
[1] "SPLICING EVENT"
[1] "chr22:35756144:35759888:clu_38820_-:ENSG00000100320.23"
Harmonising fat_distr (fat_distr) and Outcome (Outcome)
Harmonising fat_distr (fat_distr) and Outcome (Outcome)
[1] 417
[1] 417
  iteration traits posterior_prob regional_prob candidate_snp
1         1   None             NA         0.005            NA
  posterior_explained_by_snp dropped_trait  lead_snp
1                         NA      iradjbmi rs9610329
[1] "SPLICING EVENT"
[1] "chr22:35759377:35759888:clu_38820_-:ENSG00000100320.23"
Harmonising fat_distr (fat_distr) and Outcome (Outcome)
Harmonising fat_distr (fat_distr) and Outcome (Outcome)
[1] 417
[1] 417
  iteration traits posterior_prob regional_prob candidate_snp
1         1   None             NA        0.0061            NA
  posterior_explained_by_snp dropped_trait  lead_snp
1                         NA      iradjbmi rs9610329
[1] "SPLICING EVENT"
[1] "chr22:35760020:35761202:clu_38821_-:ENSG00000100320.23"
Harmonising fat_distr (fat_distr) and Outcome (Outcome)
Harmonising fat_distr (fat_distr) and Outcome (Outcome)
[1] 417
[1] 417
  iteration traits posterior_prob regional_prob candidate_snp
1         1   None             NA        0.0092            NA
  posterior_explained_by_snp dropped_trait  lead_snp
1                         NA      iradjbmi rs9610329
[1] "SPLICING EVENT"
[1] "chr22:35760032:35761202:clu_38821_-:ENSG00000100320.23"
Harmonising fat_distr (fat_distr) and Outcome (Outcome)
Harmonising fat_distr (fat_distr) and Outcome (Outcome)
[1] 417
[1] 417
  iteration traits posterior_prob regional_prob candidate_snp
1         1   None             NA        0.0138            NA
  posterior_explained_by_snp dropped_trait  lead_snp
1                         NA      iradjbmi rs9610329
[1] "SPLICING EVENT"
[1] "chr22:35765483:35767128:clu_38822_-:ENSG00000100320.23"
Harmonising fat_distr (fat_distr) and Outcome (Outcome)
Harmonising fat_distr (fat_distr) and Outcome (Outcome)
[1] 417
[1] 417
  iteration traits posterior_prob regional_prob candidate_snp
1         1   None             NA         0.005            NA
  posterior_explained_by_snp dropped_trait  lead_snp
1                         NA      iradjbmi rs9610329
[1] "SPLICING EVENT"
[1] "chr22:35765483:35767368:clu_38822_-:ENSG00000100320.23"
Harmonising fat_distr (fat_distr) and Outcome (Outcome)
Harmonising fat_distr (fat_distr) and Outcome (Outcome)
[1] 417
[1] 417
  iteration traits posterior_prob regional_prob candidate_snp
1         1   None             NA        0.0043            NA
  posterior_explained_by_snp dropped_trait  lead_snp
1                         NA      iradjbmi rs9610329
[1] "SPLICING EVENT"
[1] "chr22:35765483:35768257:clu_38822_-:ENSG00000100320.23"
Harmonising fat_distr (fat_distr) and Outcome (Outcome)
Harmonising fat_distr (fat_distr) and Outcome (Outcome)
[1] 417
[1] 417
  iteration traits posterior_prob regional_prob candidate_snp
1         1   None             NA        0.0054            NA
  posterior_explained_by_snp dropped_trait  lead_snp
1                         NA      iradjbmi rs9610329
[1] "SPLICING EVENT"
[1] "chr22:35765483:35778025:clu_38822_-:ENSG00000100320.23"
Harmonising fat_distr (fat_distr) and Outcome (Outcome)
Harmonising fat_distr (fat_distr) and Outcome (Outcome)
[1] 417
[1] 417
  iteration traits posterior_prob regional_prob candidate_snp
1         1   None             NA        0.0054            NA
  posterior_explained_by_snp dropped_trait  lead_snp
1                         NA      iradjbmi rs9610329
[1] "SPLICING EVENT"
[1] "chr22:35767441:35778025:clu_38822_-:ENSG00000100320.23"
Harmonising fat_distr (fat_distr) and Outcome (Outcome)
Harmonising fat_distr (fat_distr) and Outcome (Outcome)
[1] 417
[1] 417
  iteration traits posterior_prob regional_prob candidate_snp
1         1   None             NA        0.0056            NA
  posterior_explained_by_snp dropped_trait  lead_snp
1                         NA      iradjbmi rs9610329
[1] "SPLICING EVENT"
[1] "chr22:35768349:35778025:clu_38822_-:ENSG00000100320.23"
Harmonising fat_distr (fat_distr) and Outcome (Outcome)
Harmonising fat_distr (fat_distr) and Outcome (Outcome)
[1] 417
[1] 417
  iteration traits posterior_prob regional_prob candidate_snp
1         1   None             NA        0.0064            NA
  posterior_explained_by_snp dropped_trait  lead_snp
1                         NA      iradjbmi rs9610329
[1] "SPLICING EVENT"
[1] "chr22:35778075:35781600:clu_38823_-:ENSG00000100320.23"
Harmonising fat_distr (fat_distr) and Outcome (Outcome)
Harmonising fat_distr (fat_distr) and Outcome (Outcome)
[1] 417
[1] 417
  iteration traits posterior_prob regional_prob candidate_snp
1         1   None             NA        0.0063            NA
  posterior_explained_by_snp dropped_trait  lead_snp
1                         NA      iradjbmi rs9610329
[1] "SPLICING EVENT"
[1] "chr22:35778078:35781600:clu_38823_-:ENSG00000100320.23"
Harmonising fat_distr (fat_distr) and Outcome (Outcome)
Harmonising fat_distr (fat_distr) and Outcome (Outcome)
[1] 417
[1] 417
  iteration traits posterior_prob regional_prob candidate_snp
1         1   None             NA        0.0066            NA
  posterior_explained_by_snp dropped_trait  lead_snp
1                         NA      iradjbmi rs9610329
[1] "SPLICING EVENT"
[1] "chr22:35781743:35809780:clu_38824_-:ENSG00000100320.23"
Harmonising fat_distr (fat_distr) and Outcome (Outcome)
Harmonising fat_distr (fat_distr) and Outcome (Outcome)
[1] 417
[1] 417
  iteration traits posterior_prob regional_prob candidate_snp
1         1   None             NA        0.0063            NA
  posterior_explained_by_snp dropped_trait  lead_snp
1                         NA      iradjbmi rs9610329
[1] "SPLICING EVENT"
[1] "chr22:35781746:35809780:clu_38824_-:ENSG00000100320.23"
Harmonising fat_distr (fat_distr) and Outcome (Outcome)
Harmonising fat_distr (fat_distr) and Outcome (Outcome)
[1] 417
[1] 417
  iteration traits posterior_prob regional_prob candidate_snp
1         1   None             NA        0.0062            NA
  posterior_explained_by_snp dropped_trait  lead_snp
1                         NA      iradjbmi rs9610329
[1] "SPLICING EVENT"
[1] "chr22:35786025:35809780:clu_38824_-:ENSG00000100320.23"
Harmonising fat_distr (fat_distr) and Outcome (Outcome)
Harmonising fat_distr (fat_distr) and Outcome (Outcome)
[1] 417
[1] 417
  iteration traits posterior_prob regional_prob candidate_snp
1         1   None             NA        0.0061            NA
  posterior_explained_by_snp dropped_trait  lead_snp
1                         NA      iradjbmi rs9610329
[1] "SPLICING EVENT"
[1] "chr22:35810004:35840192:clu_38825_-:ENSG00000100320.23"
Harmonising fat_distr (fat_distr) and Outcome (Outcome)
Harmonising fat_distr (fat_distr) and Outcome (Outcome)
[1] 417
[1] 417
  iteration traits posterior_prob regional_prob candidate_snp
1         1   None             NA        0.0055            NA
  posterior_explained_by_snp dropped_trait  lead_snp
1                         NA      iradjbmi rs9610329
[1] "SPLICING EVENT"
[1] "chr22:35810004:35849572:clu_38825_-:ENSG00000100320.23"
Harmonising fat_distr (fat_distr) and Outcome (Outcome)
Harmonising fat_distr (fat_distr) and Outcome (Outcome)
[1] 417
[1] 417
  iteration traits posterior_prob regional_prob candidate_snp
1         1   None             NA        0.0081            NA
  posterior_explained_by_snp dropped_trait  lead_snp
1                         NA      iradjbmi rs9610329
[1] "SPLICING EVENT"
[1] "chr22:35810004:35894813:clu_38825_-:ENSG00000100320.23"
Harmonising fat_distr (fat_distr) and Outcome (Outcome)
Harmonising fat_distr (fat_distr) and Outcome (Outcome)
[1] 417
[1] 417
  iteration traits posterior_prob regional_prob candidate_snp
1         1   None             NA        0.0055            NA
  posterior_explained_by_snp dropped_trait  lead_snp
1                         NA      iradjbmi rs9610329
[1] "SPLICING EVENT"
[1] "chr22:35810004:35938847:clu_38825_-:ENSG00000100320.23"
Harmonising fat_distr (fat_distr) and Outcome (Outcome)
Harmonising fat_distr (fat_distr) and Outcome (Outcome)
[1] 417
[1] 417
  iteration traits posterior_prob regional_prob candidate_snp
1         1   None             NA        0.0045            NA
  posterior_explained_by_snp dropped_trait  lead_snp
1                         NA      iradjbmi rs9610329
[1] "SPLICING EVENT"
[1] "chr22:35838684:35840192:clu_38825_-:ENSG00000100320.23"
Harmonising fat_distr (fat_distr) and Outcome (Outcome)
Harmonising fat_distr (fat_distr) and Outcome (Outcome)
[1] 417
[1] 417
  iteration traits posterior_prob regional_prob candidate_snp
1         1   None             NA        0.0042            NA
  posterior_explained_by_snp dropped_trait  lead_snp
1                         NA      iradjbmi rs9610329
[1] "LEAD INDEX"
[1] 3
[1] "SPLICING EVENT"
[1] "chr22:38202212:38213823:clu_39640_+:ENSG00000185022.12"
Harmonising fat_distr (fat_distr) and Outcome (Outcome)
Harmonising fat_distr (fat_distr) and Outcome (Outcome)
[1] 330
[1] 330
  iteration                                                           traits
1         1 iradjbmi, chr22:38202212:38213823:clu_39640_+:ENSG00000185022.12
  posterior_prob regional_prob candidate_snp posterior_explained_by_snp
1         0.9734             1     rs3761445                     0.2615
  dropped_trait  lead_snp
1            NA rs4820325
[1] "SPLICING EVENT"
[1] "chr22:38202238:38213823:clu_39640_+:ENSG00000185022.12"
Harmonising fat_distr (fat_distr) and Outcome (Outcome)
Harmonising fat_distr (fat_distr) and Outcome (Outcome)
[1] 330
[1] 330
  iteration                                                           traits
1         1 iradjbmi, chr22:38202238:38213823:clu_39640_+:ENSG00000185022.12
  posterior_prob regional_prob candidate_snp posterior_explained_by_snp
1         0.9819             1     rs4820325                     0.3313
  dropped_trait  lead_snp
1            NA rs4820325
[1] "SPLICING EVENT"
[1] "chr22:38112305:38112504:clu_38888_-:ENSG00000184381.20"
Harmonising fat_distr (fat_distr) and Outcome (Outcome)
Harmonising fat_distr (fat_distr) and Outcome (Outcome)
[1] 330
[1] 330
  iteration traits posterior_prob regional_prob candidate_snp
1         1   None             NA        0.0068            NA
  posterior_explained_by_snp dropped_trait  lead_snp
1                         NA      iradjbmi rs4820325
[1] "SPLICING EVENT"
[1] "chr22:38113654:38114434:clu_38889_-:ENSG00000184381.20"
Harmonising fat_distr (fat_distr) and Outcome (Outcome)
Harmonising fat_distr (fat_distr) and Outcome (Outcome)
[1] 330
[1] 330
  iteration traits posterior_prob regional_prob candidate_snp
1         1   None             NA         0.006            NA
  posterior_explained_by_snp dropped_trait  lead_snp
1                         NA      iradjbmi rs4820325
[1] "SPLICING EVENT"
[1] "chr22:38113654:38115527:clu_38889_-:ENSG00000184381.20"
Harmonising fat_distr (fat_distr) and Outcome (Outcome)
Harmonising fat_distr (fat_distr) and Outcome (Outcome)
[1] 330
[1] 330
  iteration traits posterior_prob regional_prob candidate_snp
1         1   None             NA        0.0077            NA
  posterior_explained_by_snp dropped_trait  lead_snp
1                         NA      iradjbmi rs4820325
[1] "SPLICING EVENT"
[1] "chr22:38115681:38116075:clu_38890_-:ENSG00000184381.20"
Harmonising fat_distr (fat_distr) and Outcome (Outcome)
Harmonising fat_distr (fat_distr) and Outcome (Outcome)
[1] 330
[1] 330
  iteration traits posterior_prob regional_prob candidate_snp
1         1   None             NA        0.0069            NA
  posterior_explained_by_snp dropped_trait  lead_snp
1                         NA      iradjbmi rs4820325
[1] "SPLICING EVENT"
[1] "chr22:38115849:38116075:clu_38890_-:ENSG00000184381.20"
Harmonising fat_distr (fat_distr) and Outcome (Outcome)
Harmonising fat_distr (fat_distr) and Outcome (Outcome)
[1] 330
[1] 330
  iteration traits posterior_prob regional_prob candidate_snp
1         1   None             NA        0.0079            NA
  posterior_explained_by_snp dropped_trait  lead_snp
1                         NA      iradjbmi rs4820325
[1] "SPLICING EVENT"
[1] "chr22:38116211:38120759:clu_38891_-:ENSG00000184381.20"
Harmonising fat_distr (fat_distr) and Outcome (Outcome)
Harmonising fat_distr (fat_distr) and Outcome (Outcome)
[1] 330
[1] 330
  iteration traits posterior_prob regional_prob candidate_snp
1         1   None             NA        0.0866            NA
  posterior_explained_by_snp dropped_trait  lead_snp
1                         NA      iradjbmi rs4820325
[1] "SPLICING EVENT"
[1] "chr22:38120909:38123095:clu_38892_-:ENSG00000184381.20"
Harmonising fat_distr (fat_distr) and Outcome (Outcome)
Harmonising fat_distr (fat_distr) and Outcome (Outcome)
[1] 330
[1] 330
  iteration traits posterior_prob regional_prob candidate_snp
1         1   None             NA         0.014            NA
  posterior_explained_by_snp dropped_trait  lead_snp
1                         NA      iradjbmi rs4820325
[1] "SPLICING EVENT"
[1] "chr22:38123258:38125639:clu_38892_-:ENSG00000184381.20"
Harmonising fat_distr (fat_distr) and Outcome (Outcome)
Harmonising fat_distr (fat_distr) and Outcome (Outcome)
[1] 330
[1] 330
  iteration traits posterior_prob regional_prob candidate_snp
1         1   None             NA        0.0064            NA
  posterior_explained_by_snp dropped_trait  lead_snp
1                         NA      iradjbmi rs4820325
[1] "SPLICING EVENT"
[1] "chr22:38123258:38126371:clu_38892_-:ENSG00000184381.20"
Harmonising fat_distr (fat_distr) and Outcome (Outcome)
Harmonising fat_distr (fat_distr) and Outcome (Outcome)
[1] 330
[1] 330
  iteration traits posterior_prob regional_prob candidate_snp
1         1   None             NA        0.0066            NA
  posterior_explained_by_snp dropped_trait  lead_snp
1                         NA      iradjbmi rs4820325
[1] "SPLICING EVENT"
[1] "chr22:38125691:38126371:clu_38892_-:ENSG00000184381.20"
Harmonising fat_distr (fat_distr) and Outcome (Outcome)
Harmonising fat_distr (fat_distr) and Outcome (Outcome)
[1] 330
[1] 330
  iteration traits posterior_prob regional_prob candidate_snp
1         1   None             NA        0.0092            NA
  posterior_explained_by_snp dropped_trait  lead_snp
1                         NA      iradjbmi rs4820325
[1] "SPLICING EVENT"
[1] "chr22:38126449:38126762:clu_38893_-:ENSG00000184381.20"
Harmonising fat_distr (fat_distr) and Outcome (Outcome)
Harmonising fat_distr (fat_distr) and Outcome (Outcome)
[1] 330
[1] 330
  iteration traits posterior_prob regional_prob candidate_snp
1         1   None             NA         0.518            NA
  posterior_explained_by_snp dropped_trait  lead_snp
1                         NA      iradjbmi rs4820325
[1] "SPLICING EVENT"
[1] "chr22:38126449:38128269:clu_38893_-:ENSG00000184381.20"
Harmonising fat_distr (fat_distr) and Outcome (Outcome)
Harmonising fat_distr (fat_distr) and Outcome (Outcome)
[1] 330
[1] 330
  iteration traits posterior_prob regional_prob candidate_snp
1         1   None             NA        0.0209            NA
  posterior_explained_by_snp dropped_trait  lead_snp
1                         NA      iradjbmi rs4820325
[1] "SPLICING EVENT"
[1] "chr22:38126449:38129454:clu_38893_-:ENSG00000184381.20"
Harmonising fat_distr (fat_distr) and Outcome (Outcome)
Harmonising fat_distr (fat_distr) and Outcome (Outcome)
[1] 330
[1] 330
  iteration traits posterior_prob regional_prob candidate_snp
1         1   None             NA          0.07            NA
  posterior_explained_by_snp dropped_trait  lead_snp
1                         NA      iradjbmi rs4820325
[1] "SPLICING EVENT"
[1] "chr22:38127458:38128269:clu_38893_-:ENSG00000184381.20"
Harmonising fat_distr (fat_distr) and Outcome (Outcome)
Harmonising fat_distr (fat_distr) and Outcome (Outcome)
[1] 330
[1] 330
  iteration traits posterior_prob regional_prob candidate_snp
1         1   None             NA        0.0147            NA
  posterior_explained_by_snp dropped_trait  lead_snp
1                         NA      iradjbmi rs4820325
[1] "SPLICING EVENT"
[1] "chr22:38128430:38129454:clu_38893_-:ENSG00000184381.20"
Harmonising fat_distr (fat_distr) and Outcome (Outcome)
Harmonising fat_distr (fat_distr) and Outcome (Outcome)
[1] 330
[1] 330
  iteration traits posterior_prob regional_prob candidate_snp
1         1   None             NA        0.0064            NA
  posterior_explained_by_snp dropped_trait  lead_snp
1                         NA      iradjbmi rs4820325
[1] "SPLICING EVENT"
[1] "chr22:38143288:38144896:clu_38894_-:ENSG00000184381.20"
Harmonising fat_distr (fat_distr) and Outcome (Outcome)
Harmonising fat_distr (fat_distr) and Outcome (Outcome)
[1] 330
[1] 330
  iteration traits posterior_prob regional_prob candidate_snp
1         1   None             NA        0.2788            NA
  posterior_explained_by_snp dropped_trait  lead_snp
1                         NA      iradjbmi rs4820325
[1] "SPLICING EVENT"
[1] "chr22:38143288:38145438:clu_38894_-:ENSG00000184381.20"
Harmonising fat_distr (fat_distr) and Outcome (Outcome)
Harmonising fat_distr (fat_distr) and Outcome (Outcome)
[1] 330
[1] 330
  iteration traits posterior_prob regional_prob candidate_snp
1         1   None             NA        0.0289            NA
  posterior_explained_by_snp dropped_trait  lead_snp
1                         NA      iradjbmi rs4820325
[1] "SPLICING EVENT"
[1] "chr22:38144978:38145438:clu_38894_-:ENSG00000184381.20"
Harmonising fat_distr (fat_distr) and Outcome (Outcome)
Harmonising fat_distr (fat_distr) and Outcome (Outcome)
[1] 330
[1] 330
  iteration traits posterior_prob regional_prob candidate_snp
1         1   None             NA        0.0068            NA
  posterior_explained_by_snp dropped_trait  lead_snp
1                         NA      iradjbmi rs4820325
[1] "LEAD INDEX"
[1] 4
[1] "SPLICING EVENT"
[1] "chr22:38656750:38656956:clu_39643_+:ENSG00000100211.11"
Harmonising fat_distr (fat_distr) and Outcome (Outcome)
Harmonising fat_distr (fat_distr) and Outcome (Outcome)
[1] 361
[1] 361
  iteration traits posterior_prob regional_prob candidate_snp
1         1   None             NA        0.0068            NA
  posterior_explained_by_snp dropped_trait  lead_snp
1                         NA      iradjbmi rs4821815
[1] "SPLICING EVENT"
[1] "chr22:38656750:38665546:clu_39643_+:ENSG00000100211.11"
Harmonising fat_distr (fat_distr) and Outcome (Outcome)
Harmonising fat_distr (fat_distr) and Outcome (Outcome)
[1] 361
[1] 361
  iteration traits posterior_prob regional_prob candidate_snp
1         1   None             NA        0.0086            NA
  posterior_explained_by_snp dropped_trait  lead_snp
1                         NA      iradjbmi rs4821815
[1] "SPLICING EVENT"
[1] "chr22:38656750:38668017:clu_39643_+:ENSG00000100211.11"
Harmonising fat_distr (fat_distr) and Outcome (Outcome)
Harmonising fat_distr (fat_distr) and Outcome (Outcome)
[1] 361
[1] 361
  iteration traits posterior_prob regional_prob candidate_snp
1         1   None             NA        0.0054            NA
  posterior_explained_by_snp dropped_trait  lead_snp
1                         NA      iradjbmi rs4821815
[1] "SPLICING EVENT"
[1] "chr22:38656750:38670884:clu_39643_+:ENSG00000100211.11"
Harmonising fat_distr (fat_distr) and Outcome (Outcome)
Harmonising fat_distr (fat_distr) and Outcome (Outcome)
[1] 361
[1] 361
  iteration traits posterior_prob regional_prob candidate_snp
1         1   None             NA        0.0063            NA
  posterior_explained_by_snp dropped_trait  lead_snp
1                         NA      iradjbmi rs4821815
[1] "SPLICING EVENT"
[1] "chr22:38657143:38665546:clu_39643_+:ENSG00000100211.11"
Harmonising fat_distr (fat_distr) and Outcome (Outcome)
Harmonising fat_distr (fat_distr) and Outcome (Outcome)
[1] 361
[1] 361
  iteration traits posterior_prob regional_prob candidate_snp
1         1   None             NA        0.0088            NA
  posterior_explained_by_snp dropped_trait  lead_snp
1                         NA      iradjbmi rs4821815
[1] "SPLICING EVENT"
[1] "chr22:38657143:38668017:clu_39643_+:ENSG00000100211.11"
Harmonising fat_distr (fat_distr) and Outcome (Outcome)
Harmonising fat_distr (fat_distr) and Outcome (Outcome)
[1] 361
[1] 361
  iteration traits posterior_prob regional_prob candidate_snp
1         1   None             NA        0.0479            NA
  posterior_explained_by_snp dropped_trait  lead_snp
1                         NA      iradjbmi rs4821815
[1] "SPLICING EVENT"
[1] "chr22:38665685:38668017:clu_39643_+:ENSG00000100211.11"
Harmonising fat_distr (fat_distr) and Outcome (Outcome)
Harmonising fat_distr (fat_distr) and Outcome (Outcome)
[1] 361
[1] 361
  iteration traits posterior_prob regional_prob candidate_snp
1         1   None             NA        0.0396            NA
  posterior_explained_by_snp dropped_trait  lead_snp
1                         NA      iradjbmi rs4821815
[1] "SPLICING EVENT"
[1] "chr22:38668132:38670767:clu_39643_+:ENSG00000100211.11"
Harmonising fat_distr (fat_distr) and Outcome (Outcome)
Harmonising fat_distr (fat_distr) and Outcome (Outcome)
[1] 361
[1] 361
  iteration traits posterior_prob regional_prob candidate_snp
1         1   None             NA             1            NA
  posterior_explained_by_snp dropped_trait  lead_snp
1                         NA      iradjbmi rs4821815
[1] "SPLICING EVENT"
[1] "chr22:38668132:38670884:clu_39643_+:ENSG00000100211.11"
Harmonising fat_distr (fat_distr) and Outcome (Outcome)
Harmonising fat_distr (fat_distr) and Outcome (Outcome)
[1] 361
[1] 361
  iteration traits posterior_prob regional_prob candidate_snp
1         1   None             NA        0.0925            NA
  posterior_explained_by_snp dropped_trait  lead_snp
1                         NA      iradjbmi rs4821815
[1] "SPLICING EVENT"
[1] "chr22:38670989:38671070:clu_39644_+:ENSG00000100211.11"
Harmonising fat_distr (fat_distr) and Outcome (Outcome)
Harmonising fat_distr (fat_distr) and Outcome (Outcome)
[1] 361
[1] 361
  iteration traits posterior_prob regional_prob candidate_snp
1         1   None             NA        0.0084            NA
  posterior_explained_by_snp dropped_trait  lead_snp
1                         NA      iradjbmi rs4821815
[1] "SPLICING EVENT"
[1] "chr22:38670989:38673159:clu_39644_+:ENSG00000100211.11"
Harmonising fat_distr (fat_distr) and Outcome (Outcome)
Harmonising fat_distr (fat_distr) and Outcome (Outcome)
[1] 361
[1] 361
  iteration traits posterior_prob regional_prob candidate_snp
1         1   None             NA             1            NA
  posterior_explained_by_snp dropped_trait  lead_snp
1                         NA      iradjbmi rs4821815
[1] "SPLICING EVENT"
[1] "chr22:38671188:38673159:clu_39644_+:ENSG00000100211.11"
Harmonising fat_distr (fat_distr) and Outcome (Outcome)
Harmonising fat_distr (fat_distr) and Outcome (Outcome)
[1] 361
[1] 361
  iteration traits posterior_prob regional_prob candidate_snp
1         1   None             NA        0.2451            NA
  posterior_explained_by_snp dropped_trait  lead_snp
1                         NA      iradjbmi rs4821815
[1] "SPLICING EVENT"
[1] "chr22:38682095:38682323:clu_39645_+:ENSG00000100216.6"
Harmonising fat_distr (fat_distr) and Outcome (Outcome)
Harmonising fat_distr (fat_distr) and Outcome (Outcome)
[1] 361
[1] 361
  iteration traits posterior_prob regional_prob candidate_snp
1         1   None             NA        0.0057            NA
  posterior_explained_by_snp dropped_trait  lead_snp
1                         NA      iradjbmi rs4821815
