── Attaching core tidyverse packages ──────────────────────── tidyverse 2.0.0 ──
✔ dplyr     1.1.3     ✔ readr     2.1.4
✔ forcats   1.0.0     ✔ stringr   1.5.0
✔ ggplot2   3.5.1     ✔ tibble    3.2.1
✔ lubridate 1.9.3     ✔ tidyr     1.3.0
✔ purrr     1.0.2     
── Conflicts ────────────────────────────────────────── tidyverse_conflicts() ──
✖ dplyr::between()     masks data.table::between()
✖ dplyr::filter()      masks stats::filter()
✖ dplyr::first()       masks data.table::first()
✖ lubridate::hour()    masks data.table::hour()
✖ lubridate::isoweek() masks data.table::isoweek()
✖ dplyr::lag()         masks stats::lag()
✖ dplyr::last()        masks data.table::last()
✖ lubridate::mday()    masks data.table::mday()
✖ lubridate::minute()  masks data.table::minute()
✖ lubridate::month()   masks data.table::month()
✖ lubridate::quarter() masks data.table::quarter()
✖ lubridate::second()  masks data.table::second()
✖ purrr::transpose()   masks data.table::transpose()
✖ lubridate::wday()    masks data.table::wday()
✖ lubridate::week()    masks data.table::week()
✖ lubridate::yday()    masks data.table::yday()
✖ lubridate::year()    masks data.table::year()
ℹ Use the conflicted package (<http://conflicted.r-lib.org/>) to force all conflicts to become errors
TwoSampleMR version 0.5.7 
[>] New: Option to use non-European LD reference panels for clumping etc
[>] Some studies temporarily quarantined to verify effect allele
[>] See news(package='TwoSampleMR') and https://gwas.mrcieu.ac.uk for further details


Warning:
You are running an old version of the TwoSampleMR package.
This version:   0.5.7
Latest version: 0.7.9
Please consider updating using remotes::install_github('MRCIEU/TwoSampleMR')
Warning messages:
1: replacing previous import ‘Matrix::tcrossprod’ by ‘Rmpfr::tcrossprod’ when loading ‘hyprcoloc’ 
2: replacing previous import ‘Matrix::crossprod’ by ‘Rmpfr::crossprod’ when loading ‘hyprcoloc’ 
3: replacing previous import ‘Matrix::.__C__atomicVector’ by ‘Rmpfr::.__C__atomicVector’ when loading ‘hyprcoloc’ 
Loading required package: stats4
Loading required package: BiocGenerics

Attaching package: ‘BiocGenerics’

The following objects are masked from ‘package:lubridate’:

    intersect, setdiff, union

The following objects are masked from ‘package:dplyr’:

    combine, intersect, setdiff, union

The following objects are masked from ‘package:stats’:

    IQR, mad, sd, var, xtabs

The following objects are masked from ‘package:base’:

    anyDuplicated, aperm, append, as.data.frame, basename, cbind,
    colnames, dirname, do.call, duplicated, eval, evalq, Filter, Find,
    get, grep, grepl, intersect, is.unsorted, lapply, Map, mapply,
    match, mget, order, paste, pmax, pmax.int, pmin, pmin.int,
    Position, rank, rbind, Reduce, rownames, sapply, setdiff, sort,
    table, tapply, union, unique, unsplit, which.max, which.min

Loading required package: S4Vectors

Attaching package: ‘S4Vectors’

The following objects are masked from ‘package:lubridate’:

    second, second<-

The following objects are masked from ‘package:dplyr’:

    first, rename

The following object is masked from ‘package:tidyr’:

    expand

The following objects are masked from ‘package:data.table’:

    first, second

The following object is masked from ‘package:utils’:

    findMatches

The following objects are masked from ‘package:base’:

    expand.grid, I, unname

Loading required package: IRanges

Attaching package: ‘IRanges’

The following object is masked from ‘package:TwoSampleMR’:

    trim

The following object is masked from ‘package:lubridate’:

    %within%

The following objects are masked from ‘package:dplyr’:

    collapse, desc, slice

The following object is masked from ‘package:purrr’:

    reduce

The following object is masked from ‘package:data.table’:

    shift

Loading required package: GenomeInfoDb
New names:
• `` -> `...2`
• `` -> `...3`
• `` -> `...4`
• `` -> `...5`
• `` -> `...6`
• `` -> `...7`
• `` -> `...8`
• `` -> `...9`
• `` -> `...10`
• `` -> `...11`
• `` -> `...12`
• `` -> `...13`
• `` -> `...14`
• `` -> `...15`
• `` -> `...16`
• `` -> `...17`
• `` -> `...18`
• `` -> `...19`
• `` -> `...20`
• `` -> `...21`
• `` -> `...22`
• `` -> `...23`
• `` -> `...24`
• `` -> `...25`
• `` -> `...26`
• `` -> `...27`
• `` -> `...28`
• `` -> `...29`
• `` -> `...30`
• `` -> `...31`
• `` -> `...32`
• `` -> `...33`
• `` -> `...34`
• `` -> `...35`
• `` -> `...36`
• `` -> `...37`
• `` -> `...38`
• `` -> `...39`
• `` -> `...40`
• `` -> `...41`
• `` -> `...42`
• `` -> `...43`
• `` -> `...44`
[1] 282
[1] 282
[1] "CHROMOSOME"
[1] 1
[1] "LEAD INDEX"
[1] 1
[1] "LEAD INDEX"
[1] 2
[1] "LEAD INDEX"
[1] 3
[1] "SPLICING EVENT"
[1] "chr1:205719673:205720501:clu_2894_-:ENSG00000069275.13"
Harmonising fat_distr (fat_distr) and Outcome (Outcome)
Harmonising fat_distr (fat_distr) and Outcome (Outcome)
[1] 419
[1] 419
  iteration traits posterior_prob regional_prob candidate_snp
1         1   None             NA        0.0149            NA
  posterior_explained_by_snp dropped_trait lead_snp
1                         NA      iradjbmi rs823114
[1] "SPLICING EVENT"
[1] "chr1:205719676:205720501:clu_2894_-:ENSG00000069275.13"
Harmonising fat_distr (fat_distr) and Outcome (Outcome)
Harmonising fat_distr (fat_distr) and Outcome (Outcome)
[1] 419
[1] 419
  iteration traits posterior_prob regional_prob candidate_snp
1         1   None             NA        0.0142            NA
  posterior_explained_by_snp dropped_trait lead_snp
1                         NA      iradjbmi rs823114
[1] "LEAD INDEX"
[1] 4
[1] "SPLICING EVENT"
[1] "chr1:26787989:26790759:clu_4013_+:ENSG00000060642.12"
Harmonising fat_distr (fat_distr) and Outcome (Outcome)
Harmonising fat_distr (fat_distr) and Outcome (Outcome)
[1] 297
[1] 297
  iteration traits posterior_prob regional_prob candidate_snp
1         1   None             NA        0.0637            NA
  posterior_explained_by_snp
1                         NA
                                         dropped_trait   lead_snp
1 chr1:26787989:26790759:clu_4013_+:ENSG00000060642.12 rs12742115
[1] "SPLICING EVENT"
[1] "chr1:26788268:26790759:clu_4013_+:ENSG00000060642.12"
Harmonising fat_distr (fat_distr) and Outcome (Outcome)
Harmonising fat_distr (fat_distr) and Outcome (Outcome)
[1] 297
[1] 297
  iteration traits posterior_prob regional_prob candidate_snp
1         1   None             NA        0.8493            NA
  posterior_explained_by_snp
1                         NA
                                         dropped_trait   lead_snp
1 chr1:26788268:26790759:clu_4013_+:ENSG00000060642.12 rs12742115
[1] "SPLICING EVENT"
[1] "chr1:26795234:26797563:clu_4015_+:ENSG00000060642.12"
Harmonising fat_distr (fat_distr) and Outcome (Outcome)
Harmonising fat_distr (fat_distr) and Outcome (Outcome)
[1] 297
[1] 297
  iteration traits posterior_prob regional_prob candidate_snp
1         1   None             NA        0.0202            NA
  posterior_explained_by_snp dropped_trait   lead_snp
1                         NA      iradjbmi rs12742115
[1] "SPLICING EVENT"
[1] "chr1:26827139:26832447:clu_4015_+:ENSG00000060642.12"
Harmonising fat_distr (fat_distr) and Outcome (Outcome)
Harmonising fat_distr (fat_distr) and Outcome (Outcome)
[1] 297
[1] 297
  iteration traits posterior_prob regional_prob candidate_snp
1         1   None             NA         0.014            NA
  posterior_explained_by_snp dropped_trait   lead_snp
1                         NA      iradjbmi rs12742115
[1] "SPLICING EVENT"
[1] "chr1:26924166:26934249:clu_4020_+:ENSG00000090273.14"
Harmonising fat_distr (fat_distr) and Outcome (Outcome)
Harmonising fat_distr (fat_distr) and Outcome (Outcome)
[1] 297
[1] 297
  iteration traits posterior_prob regional_prob candidate_snp
1         1   None             NA        0.0544            NA
  posterior_explained_by_snp dropped_trait   lead_snp
1                         NA      iradjbmi rs12742115
[1] "SPLICING EVENT"
[1] "chr1:26924166:26941457:clu_4020_+:ENSG00000090273.14"
Harmonising fat_distr (fat_distr) and Outcome (Outcome)
Harmonising fat_distr (fat_distr) and Outcome (Outcome)
[1] 297
[1] 297
  iteration traits posterior_prob regional_prob candidate_snp
1         1   None             NA         0.174            NA
  posterior_explained_by_snp dropped_trait   lead_snp
1                         NA      iradjbmi rs12742115
[1] "SPLICING EVENT"
[1] "chr1:26934419:26941457:clu_4020_+:ENSG00000090273.14"
Harmonising fat_distr (fat_distr) and Outcome (Outcome)
Harmonising fat_distr (fat_distr) and Outcome (Outcome)
[1] 297
[1] 297
  iteration traits posterior_prob regional_prob candidate_snp
1         1   None             NA        0.0401            NA
  posterior_explained_by_snp dropped_trait   lead_snp
1                         NA      iradjbmi rs12742115
[1] "SPLICING EVENT"
[1] "chr1:26941818:26942660:clu_4021_+:ENSG00000090273.14"
Harmonising fat_distr (fat_distr) and Outcome (Outcome)
Harmonising fat_distr (fat_distr) and Outcome (Outcome)
[1] 297
[1] 297
  iteration traits posterior_prob regional_prob candidate_snp
1         1   None             NA        0.0116            NA
  posterior_explained_by_snp dropped_trait   lead_snp
1                         NA      iradjbmi rs12742115
[1] "SPLICING EVENT"
[1] "chr1:26943065:26945390:clu_4021_+:ENSG00000090273.14"
Harmonising fat_distr (fat_distr) and Outcome (Outcome)
Harmonising fat_distr (fat_distr) and Outcome (Outcome)
[1] 297
[1] 297
  iteration traits posterior_prob regional_prob candidate_snp
1         1   None             NA        0.0122            NA
  posterior_explained_by_snp dropped_trait   lead_snp
1                         NA      iradjbmi rs12742115
[1] "LEAD INDEX"
[1] 5
[1] "SPLICING EVENT"
[1] "chr1:39561122:39561685:clu_1001_-:ENSG00000090621.15"
Harmonising fat_distr (fat_distr) and Outcome (Outcome)
Harmonising fat_distr (fat_distr) and Outcome (Outcome)
[1] 356
[1] 356
  iteration traits posterior_prob regional_prob candidate_snp
1         1   None             NA        0.0099            NA
  posterior_explained_by_snp dropped_trait   lead_snp
1                         NA      iradjbmi rs16826069
[1] "SPLICING EVENT"
[1] "chr1:39561122:39561728:clu_1001_-:ENSG00000090621.15"
Harmonising fat_distr (fat_distr) and Outcome (Outcome)
Harmonising fat_distr (fat_distr) and Outcome (Outcome)
[1] 356
[1] 356
  iteration traits posterior_prob regional_prob candidate_snp
1         1   None             NA        0.0115            NA
  posterior_explained_by_snp dropped_trait   lead_snp
1                         NA      iradjbmi rs16826069
[1] "SPLICING EVENT"
[1] "chr1:39563741:39563836:clu_1002_-:ENSG00000090621.15"
Harmonising fat_distr (fat_distr) and Outcome (Outcome)
Harmonising fat_distr (fat_distr) and Outcome (Outcome)
[1] 356
[1] 356
  iteration traits posterior_prob regional_prob candidate_snp
1         1   None             NA        0.0185            NA
  posterior_explained_by_snp dropped_trait   lead_snp
1                         NA      iradjbmi rs16826069
[1] "SPLICING EVENT"
[1] "chr1:39563741:39564423:clu_1002_-:ENSG00000090621.15"
Harmonising fat_distr (fat_distr) and Outcome (Outcome)
Harmonising fat_distr (fat_distr) and Outcome (Outcome)
[1] 356
[1] 356
  iteration traits posterior_prob regional_prob candidate_snp
1         1   None             NA        0.0164            NA
  posterior_explained_by_snp dropped_trait   lead_snp
1                         NA      iradjbmi rs16826069
[1] "SPLICING EVENT"
[1] "chr1:39563741:39564471:clu_1002_-:ENSG00000090621.15"
Harmonising fat_distr (fat_distr) and Outcome (Outcome)
Harmonising fat_distr (fat_distr) and Outcome (Outcome)
[1] 356
[1] 356
  iteration traits posterior_prob regional_prob candidate_snp
1         1   None             NA        0.0165            NA
  posterior_explained_by_snp dropped_trait   lead_snp
1                         NA      iradjbmi rs16826069
[1] "SPLICING EVENT"
[1] "chr1:39563922:39564423:clu_1002_-:ENSG00000090621.15"
Harmonising fat_distr (fat_distr) and Outcome (Outcome)
Harmonising fat_distr (fat_distr) and Outcome (Outcome)
[1] 356
[1] 356
  iteration traits posterior_prob regional_prob candidate_snp
1         1   None             NA        0.0076            NA
  posterior_explained_by_snp dropped_trait   lead_snp
1                         NA      iradjbmi rs16826069
[1] "SPLICING EVENT"
[1] "chr1:39563922:39564471:clu_1002_-:ENSG00000090621.15"
Harmonising fat_distr (fat_distr) and Outcome (Outcome)
Harmonising fat_distr (fat_distr) and Outcome (Outcome)
[1] 356
[1] 356
  iteration traits posterior_prob regional_prob candidate_snp
1         1   None             NA         0.009            NA
  posterior_explained_by_snp dropped_trait   lead_snp
1                         NA      iradjbmi rs16826069
[1] "SPLICING EVENT"
[1] "chr1:39564542:39564686:clu_1003_-:ENSG00000090621.15"
Harmonising fat_distr (fat_distr) and Outcome (Outcome)
Harmonising fat_distr (fat_distr) and Outcome (Outcome)
[1] 356
[1] 356
  iteration traits posterior_prob regional_prob candidate_snp
1         1   None             NA        0.0087            NA
  posterior_explained_by_snp dropped_trait   lead_snp
1                         NA      iradjbmi rs16826069
[1] "SPLICING EVENT"
[1] "chr1:39564542:39564701:clu_1003_-:ENSG00000090621.15"
Harmonising fat_distr (fat_distr) and Outcome (Outcome)
Harmonising fat_distr (fat_distr) and Outcome (Outcome)
[1] 356
[1] 356
  iteration traits posterior_prob regional_prob candidate_snp
1         1   None             NA        0.0087            NA
  posterior_explained_by_snp dropped_trait   lead_snp
1                         NA      iradjbmi rs16826069
[1] "SPLICING EVENT"
[1] "chr1:39564542:39565106:clu_1003_-:ENSG00000090621.15"
Harmonising fat_distr (fat_distr) and Outcome (Outcome)
Harmonising fat_distr (fat_distr) and Outcome (Outcome)
[1] 356
[1] 356
  iteration traits posterior_prob regional_prob candidate_snp
1         1   None             NA        0.0072            NA
  posterior_explained_by_snp dropped_trait   lead_snp
1                         NA      iradjbmi rs16826069
[1] "SPLICING EVENT"
[1] "chr1:39564773:39565106:clu_1003_-:ENSG00000090621.15"
Harmonising fat_distr (fat_distr) and Outcome (Outcome)
Harmonising fat_distr (fat_distr) and Outcome (Outcome)
[1] 356
[1] 356
  iteration traits posterior_prob regional_prob candidate_snp
1         1   None             NA        0.0078            NA
  posterior_explained_by_snp dropped_trait   lead_snp
1                         NA      iradjbmi rs16826069
[1] "SPLICING EVENT"
[1] "chr1:39570002:39571097:clu_1004_-:ENSG00000090621.15"
Harmonising fat_distr (fat_distr) and Outcome (Outcome)
Harmonising fat_distr (fat_distr) and Outcome (Outcome)
[1] 356
[1] 356
  iteration                                                         traits
1         1 iradjbmi, chr1:39570002:39571097:clu_1004_-:ENSG00000090621.15
  posterior_prob regional_prob candidate_snp posterior_explained_by_snp
1         0.7046        0.8776     rs3754346                     0.1825
  dropped_trait   lead_snp
1            NA rs16826069
[1] "SPLICING EVENT"
[1] "chr1:39570002:39571234:clu_1004_-:ENSG00000090621.15"
Harmonising fat_distr (fat_distr) and Outcome (Outcome)
Harmonising fat_distr (fat_distr) and Outcome (Outcome)
[1] 356
[1] 356
  iteration                                                         traits
1         1 iradjbmi, chr1:39570002:39571234:clu_1004_-:ENSG00000090621.15
  posterior_prob regional_prob candidate_snp posterior_explained_by_snp
1         0.5895        0.8478     rs3754346                     0.1835
  dropped_trait   lead_snp
1            NA rs16826069
[1] "LEAD INDEX"
[1] 6
[1] "SPLICING EVENT"
[1] "chr1:39844640:39847220:clu_1009_-:ENSG00000043514.17"
Harmonising fat_distr (fat_distr) and Outcome (Outcome)
Harmonising fat_distr (fat_distr) and Outcome (Outcome)
[1] 381
[1] 381
  iteration traits posterior_prob regional_prob candidate_snp
1         1   None             NA        0.0084            NA
  posterior_explained_by_snp dropped_trait  lead_snp
1                         NA      iradjbmi rs7542907
[1] "SPLICING EVENT"
[1] "chr1:39847297:39847548:clu_1009_-:ENSG00000043514.17"
Harmonising fat_distr (fat_distr) and Outcome (Outcome)
Harmonising fat_distr (fat_distr) and Outcome (Outcome)
[1] 381
[1] 381
  iteration traits posterior_prob regional_prob candidate_snp
1         1   None             NA        0.0158            NA
  posterior_explained_by_snp dropped_trait  lead_snp
1                         NA      iradjbmi rs7542907
[1] "SPLICING EVENT"
[1] "chr1:39847660:39847986:clu_1009_-:ENSG00000043514.17"
Harmonising fat_distr (fat_distr) and Outcome (Outcome)
Harmonising fat_distr (fat_distr) and Outcome (Outcome)
[1] 381
[1] 381
  iteration traits posterior_prob regional_prob candidate_snp
1         1   None             NA        0.0117            NA
  posterior_explained_by_snp dropped_trait  lead_snp
1                         NA      iradjbmi rs7542907
[1] "SPLICING EVENT"
[1] "chr1:39847747:39847986:clu_1009_-:ENSG00000043514.17"
Harmonising fat_distr (fat_distr) and Outcome (Outcome)
Harmonising fat_distr (fat_distr) and Outcome (Outcome)
[1] 381
[1] 381
  iteration traits posterior_prob regional_prob candidate_snp
1         1   None             NA        0.0078            NA
  posterior_explained_by_snp dropped_trait  lead_snp
1                         NA      iradjbmi rs7542907
[1] "SPLICING EVENT"
[1] "chr1:39848097:39850119:clu_1009_-:ENSG00000043514.17"
Harmonising fat_distr (fat_distr) and Outcome (Outcome)
Harmonising fat_distr (fat_distr) and Outcome (Outcome)
[1] 381
[1] 381
  iteration traits posterior_prob regional_prob candidate_snp
1         1   None             NA        0.0088            NA
  posterior_explained_by_snp dropped_trait  lead_snp
1                         NA      iradjbmi rs7542907
[1] "SPLICING EVENT"
[1] "chr1:39848097:39850123:clu_1009_-:ENSG00000043514.17"
Harmonising fat_distr (fat_distr) and Outcome (Outcome)
Harmonising fat_distr (fat_distr) and Outcome (Outcome)
[1] 381
[1] 381
  iteration traits posterior_prob regional_prob candidate_snp
1         1   None             NA        0.0085            NA
  posterior_explained_by_snp dropped_trait  lead_snp
1                         NA      iradjbmi rs7542907
[1] "SPLICING EVENT"
[1] "chr1:39850261:39852731:clu_1009_-:ENSG00000043514.17"
Harmonising fat_distr (fat_distr) and Outcome (Outcome)
Harmonising fat_distr (fat_distr) and Outcome (Outcome)
[1] 381
[1] 381
  iteration traits posterior_prob regional_prob candidate_snp
1         1   None             NA        0.0085            NA
  posterior_explained_by_snp dropped_trait  lead_snp
1                         NA      iradjbmi rs7542907
[1] "SPLICING EVENT"
[1] "chr1:39850261:39853970:clu_1009_-:ENSG00000043514.17"
Harmonising fat_distr (fat_distr) and Outcome (Outcome)
Harmonising fat_distr (fat_distr) and Outcome (Outcome)
[1] 381
[1] 381
  iteration traits posterior_prob regional_prob candidate_snp
1         1   None             NA        0.0089            NA
  posterior_explained_by_snp dropped_trait  lead_snp
1                         NA      iradjbmi rs7542907
[1] "SPLICING EVENT"
[1] "chr1:39850261:39883318:clu_1009_-:ENSG00000043514.17"
Harmonising fat_distr (fat_distr) and Outcome (Outcome)
Harmonising fat_distr (fat_distr) and Outcome (Outcome)
[1] 381
[1] 381
  iteration traits posterior_prob regional_prob candidate_snp
1         1   None             NA        0.0081            NA
  posterior_explained_by_snp dropped_trait  lead_snp
1                         NA      iradjbmi rs7542907
[1] "SPLICING EVENT"
[1] "chr1:39852876:39853970:clu_1009_-:ENSG00000043514.17"
Harmonising fat_distr (fat_distr) and Outcome (Outcome)
Harmonising fat_distr (fat_distr) and Outcome (Outcome)
[1] 381
[1] 381
  iteration traits posterior_prob regional_prob candidate_snp
1         1   None             NA        0.0117            NA
  posterior_explained_by_snp dropped_trait  lead_snp
1                         NA      iradjbmi rs7542907
[1] "SPLICING EVENT"
[1] "chr1:39857417:39883318:clu_1009_-:ENSG00000043514.17"
Harmonising fat_distr (fat_distr) and Outcome (Outcome)
Harmonising fat_distr (fat_distr) and Outcome (Outcome)
[1] 381
[1] 381
  iteration traits posterior_prob regional_prob candidate_snp
1         1   None             NA        0.0357            NA
  posterior_explained_by_snp dropped_trait  lead_snp
1                         NA      iradjbmi rs7542907
[1] "LEAD INDEX"
[1] 7
[1] "SPLICING EVENT"
[1] "chr1:50969899:50970358:clu_4503_+:ENSG00000123080.12"
Harmonising fat_distr (fat_distr) and Outcome (Outcome)
Harmonising fat_distr (fat_distr) and Outcome (Outcome)
[1] 200
[1] 200
  iteration traits posterior_prob regional_prob candidate_snp
1         1   None             NA         0.014            NA
  posterior_explained_by_snp dropped_trait   lead_snp
1                         NA      iradjbmi rs12088739
[1] "SPLICING EVENT"
[1] "chr1:50970497:50973893:clu_4503_+:ENSG00000123080.12"
Harmonising fat_distr (fat_distr) and Outcome (Outcome)
Harmonising fat_distr (fat_distr) and Outcome (Outcome)
[1] 200
[1] 200
  iteration traits posterior_prob regional_prob candidate_snp
1         1   None             NA        0.0143            NA
  posterior_explained_by_snp dropped_trait   lead_snp
1                         NA      iradjbmi rs12088739
[1] "LEAD INDEX"
[1] 8
[1] "LEAD INDEX"
[1] 9
[1] "LEAD INDEX"
[1] 10
[1] "LEAD INDEX"
[1] 11
[1] "LEAD INDEX"
[1] 12
[1] "SPLICING EVENT"
[1] "chr1:150814236:150816259:clu_2033_-:ENSG00000143437.21"
Harmonising fat_distr (fat_distr) and Outcome (Outcome)
Harmonising fat_distr (fat_distr) and Outcome (Outcome)
[1] 293
[1] 293
  iteration traits posterior_prob regional_prob candidate_snp
1         1   None             NA        0.0061            NA
  posterior_explained_by_snp dropped_trait  lead_snp
1                         NA      iradjbmi rs2055975
[1] "SPLICING EVENT"
[1] "chr1:150814239:150816259:clu_2033_-:ENSG00000143437.21"
Harmonising fat_distr (fat_distr) and Outcome (Outcome)
Harmonising fat_distr (fat_distr) and Outcome (Outcome)
[1] 293
[1] 293
  iteration traits posterior_prob regional_prob candidate_snp
1         1   None             NA        0.0062            NA
  posterior_explained_by_snp dropped_trait  lead_snp
1                         NA      iradjbmi rs2055975
[1] "SPLICING EVENT"
[1] "chr1:150816406:150816788:clu_2037_-:ENSG00000143437.21"
Harmonising fat_distr (fat_distr) and Outcome (Outcome)
Harmonising fat_distr (fat_distr) and Outcome (Outcome)
[1] 293
[1] 293
  iteration traits posterior_prob regional_prob candidate_snp
1         1   None             NA        0.0062            NA
  posterior_explained_by_snp dropped_trait  lead_snp
1                         NA      iradjbmi rs2055975
[1] "SPLICING EVENT"
[1] "chr1:150816406:150817082:clu_2037_-:ENSG00000143437.21"
Harmonising fat_distr (fat_distr) and Outcome (Outcome)
Harmonising fat_distr (fat_distr) and Outcome (Outcome)
[1] 293
[1] 293
  iteration traits posterior_prob regional_prob candidate_snp
1         1   None             NA        0.0059            NA
  posterior_explained_by_snp dropped_trait  lead_snp
1                         NA      iradjbmi rs2055975
[1] "SPLICING EVENT"
[1] "chr1:150816890:150817082:clu_2037_-:ENSG00000143437.21"
Harmonising fat_distr (fat_distr) and Outcome (Outcome)
Harmonising fat_distr (fat_distr) and Outcome (Outcome)
[1] 293
[1] 293
  iteration traits posterior_prob regional_prob candidate_snp
1         1   None             NA        0.0068            NA
  posterior_explained_by_snp dropped_trait  lead_snp
1                         NA      iradjbmi rs2055975
[1] "SPLICING EVENT"
[1] "chr1:150817433:150817920:clu_2034_-:ENSG00000143437.21"
Harmonising fat_distr (fat_distr) and Outcome (Outcome)
Harmonising fat_distr (fat_distr) and Outcome (Outcome)
[1] 293
[1] 293
  iteration traits posterior_prob regional_prob candidate_snp
1         1   None             NA         0.015            NA
  posterior_explained_by_snp dropped_trait  lead_snp
1                         NA      iradjbmi rs2055975
[1] "SPLICING EVENT"
[1] "chr1:150817433:150823194:clu_2034_-:ENSG00000143437.21"
Harmonising fat_distr (fat_distr) and Outcome (Outcome)
Harmonising fat_distr (fat_distr) and Outcome (Outcome)
[1] 293
[1] 293
  iteration traits posterior_prob regional_prob candidate_snp
1         1   None             NA        0.0071            NA
  posterior_explained_by_snp dropped_trait  lead_snp
1                         NA      iradjbmi rs2055975
[1] "SPLICING EVENT"
[1] "chr1:150818030:150823194:clu_2034_-:ENSG00000143437.21"
Harmonising fat_distr (fat_distr) and Outcome (Outcome)
Harmonising fat_distr (fat_distr) and Outcome (Outcome)
[1] 293
[1] 293
  iteration traits posterior_prob regional_prob candidate_snp
1         1   None             NA        0.0259            NA
  posterior_explained_by_snp dropped_trait  lead_snp
1                         NA      iradjbmi rs2055975
[1] "SPLICING EVENT"
[1] "chr1:150829965:150831818:clu_2035_-:ENSG00000143437.21"
Harmonising fat_distr (fat_distr) and Outcome (Outcome)
Harmonising fat_distr (fat_distr) and Outcome (Outcome)
[1] 293
[1] 293
  iteration traits posterior_prob regional_prob candidate_snp
1         1   None             NA        0.0064            NA
  posterior_explained_by_snp dropped_trait  lead_snp
1                         NA      iradjbmi rs2055975
[1] "SPLICING EVENT"
[1] "chr1:150829980:150831818:clu_2035_-:ENSG00000143437.21"
Harmonising fat_distr (fat_distr) and Outcome (Outcome)
Harmonising fat_distr (fat_distr) and Outcome (Outcome)
[1] 293
[1] 293
  iteration traits posterior_prob regional_prob candidate_snp
1         1   None             NA        0.0064            NA
  posterior_explained_by_snp dropped_trait  lead_snp
1                         NA      iradjbmi rs2055975
[1] "SPLICING EVENT"
[1] "chr1:150839654:150842424:clu_2036_-:ENSG00000143437.21"
Harmonising fat_distr (fat_distr) and Outcome (Outcome)
Harmonising fat_distr (fat_distr) and Outcome (Outcome)
[1] 293
[1] 293
  iteration traits posterior_prob regional_prob candidate_snp
1         1   None             NA        0.0083            NA
  posterior_explained_by_snp dropped_trait  lead_snp
1                         NA      iradjbmi rs2055975
[1] "SPLICING EVENT"
[1] "chr1:150839654:150846263:clu_2036_-:ENSG00000143437.21"
Harmonising fat_distr (fat_distr) and Outcome (Outcome)
Harmonising fat_distr (fat_distr) and Outcome (Outcome)
[1] 293
[1] 293
  iteration traits posterior_prob regional_prob candidate_snp
1         1   None             NA        0.0237            NA
  posterior_explained_by_snp dropped_trait  lead_snp
1                         NA      iradjbmi rs2055975
[1] "SPLICING EVENT"
[1] "chr1:150842468:150846263:clu_2036_-:ENSG00000143437.21"
Harmonising fat_distr (fat_distr) and Outcome (Outcome)
Harmonising fat_distr (fat_distr) and Outcome (Outcome)
[1] 293
[1] 293
  iteration traits posterior_prob regional_prob candidate_snp
1         1   None             NA        0.0068            NA
  posterior_explained_by_snp dropped_trait  lead_snp
1                         NA      iradjbmi rs2055975
[1] "SPLICING EVENT"
[1] "chr1:150858460:150861361:clu_2039_-:ENSG00000143437.21"
Harmonising fat_distr (fat_distr) and Outcome (Outcome)
Harmonising fat_distr (fat_distr) and Outcome (Outcome)
[1] 293
[1] 293
  iteration traits posterior_prob regional_prob candidate_snp
1         1   None             NA        0.0143            NA
  posterior_explained_by_snp dropped_trait  lead_snp
1                         NA      iradjbmi rs2055975
[1] "SPLICING EVENT"
[1] "chr1:150858460:150876543:clu_2039_-:ENSG00000143437.21"
Harmonising fat_distr (fat_distr) and Outcome (Outcome)
Harmonising fat_distr (fat_distr) and Outcome (Outcome)
[1] 293
[1] 293
  iteration traits posterior_prob regional_prob candidate_snp
1         1   None             NA        0.0122            NA
  posterior_explained_by_snp dropped_trait  lead_snp
1                         NA      iradjbmi rs2055975
[1] "SPLICING EVENT"
[1] "chr1:150861395:150876543:clu_2039_-:ENSG00000143437.21"
Harmonising fat_distr (fat_distr) and Outcome (Outcome)
Harmonising fat_distr (fat_distr) and Outcome (Outcome)
[1] 293
[1] 293
  iteration traits posterior_prob regional_prob candidate_snp
1         1   None             NA        0.0224            NA
  posterior_explained_by_snp dropped_trait  lead_snp
1                         NA      iradjbmi rs2055975
[1] "LEAD INDEX"
[1] 13
[1] "SPLICING EVENT"
[1] "chr1:153949384:153951260:clu_2130_-:ENSG00000160741.17"
Harmonising fat_distr (fat_distr) and Outcome (Outcome)
Harmonising fat_distr (fat_distr) and Outcome (Outcome)
[1] 312
[1] 312
  iteration traits posterior_prob regional_prob candidate_snp
1         1   None             NA        0.0096            NA
  posterior_explained_by_snp dropped_trait   lead_snp
1                         NA      iradjbmi rs11264886
[1] "SPLICING EVENT"
[1] "chr1:153949384:153952018:clu_2130_-:ENSG00000160741.17"
Harmonising fat_distr (fat_distr) and Outcome (Outcome)
Harmonising fat_distr (fat_distr) and Outcome (Outcome)
[1] 312
[1] 312
  iteration traits posterior_prob regional_prob candidate_snp
1         1   None             NA        0.0062            NA
  posterior_explained_by_snp dropped_trait   lead_snp
1                         NA      iradjbmi rs11264886
[1] "SPLICING EVENT"
[1] "chr1:153951666:153951856:clu_2130_-:ENSG00000160741.17"
Harmonising fat_distr (fat_distr) and Outcome (Outcome)
Harmonising fat_distr (fat_distr) and Outcome (Outcome)
[1] 312
[1] 312
  iteration traits posterior_prob regional_prob candidate_snp
1         1   None             NA        0.0117            NA
  posterior_explained_by_snp dropped_trait   lead_snp
1                         NA      iradjbmi rs11264886
[1] "SPLICING EVENT"
[1] "chr1:153951666:153952018:clu_2130_-:ENSG00000160741.17"
Harmonising fat_distr (fat_distr) and Outcome (Outcome)
Harmonising fat_distr (fat_distr) and Outcome (Outcome)
[1] 312
[1] 312
  iteration traits posterior_prob regional_prob candidate_snp
1         1   None             NA         0.011            NA
  posterior_explained_by_snp dropped_trait   lead_snp
1                         NA      iradjbmi rs11264886
[1] "SPLICING EVENT"
[1] "chr1:153952635:153952805:clu_2131_-:ENSG00000160741.17"
Harmonising fat_distr (fat_distr) and Outcome (Outcome)
Harmonising fat_distr (fat_distr) and Outcome (Outcome)
[1] 312
[1] 312
  iteration traits posterior_prob regional_prob candidate_snp
1         1   None             NA          0.01            NA
  posterior_explained_by_snp dropped_trait   lead_snp
1                         NA      iradjbmi rs11264886
[1] "SPLICING EVENT"
[1] "chr1:153952650:153952805:clu_2131_-:ENSG00000160741.17"
Harmonising fat_distr (fat_distr) and Outcome (Outcome)
Harmonising fat_distr (fat_distr) and Outcome (Outcome)
[1] 312
[1] 312
  iteration traits posterior_prob regional_prob candidate_snp
1         1   None             NA        0.0096            NA
  posterior_explained_by_snp dropped_trait   lead_snp
1                         NA      iradjbmi rs11264886
[1] "SPLICING EVENT"
[1] "chr1:153952834:153953266:clu_2132_-:ENSG00000160741.17"
Harmonising fat_distr (fat_distr) and Outcome (Outcome)
Harmonising fat_distr (fat_distr) and Outcome (Outcome)
[1] 312
[1] 312
  iteration                                                           traits
1         1 iradjbmi, chr1:153952834:153953266:clu_2132_-:ENSG00000160741.17
  posterior_prob regional_prob candidate_snp posterior_explained_by_snp
1         0.3749        0.5511     rs7512766                     0.0657
  dropped_trait   lead_snp
1            NA rs11264886
[1] "SPLICING EVENT"
[1] "chr1:153952834:153953538:clu_2132_-:ENSG00000160741.17"
Harmonising fat_distr (fat_distr) and Outcome (Outcome)
Harmonising fat_distr (fat_distr) and Outcome (Outcome)
[1] 312
[1] 312
  iteration traits posterior_prob regional_prob candidate_snp
1         1   None             NA         0.012            NA
  posterior_explained_by_snp dropped_trait   lead_snp
1                         NA      iradjbmi rs11264886
[1] "SPLICING EVENT"
[1] "chr1:153953369:153953538:clu_2132_-:ENSG00000160741.17"
Harmonising fat_distr (fat_distr) and Outcome (Outcome)
Harmonising fat_distr (fat_distr) and Outcome (Outcome)
[1] 312
[1] 312
  iteration                                                           traits
1         1 iradjbmi, chr1:153953369:153953538:clu_2132_-:ENSG00000160741.17
  posterior_prob regional_prob candidate_snp posterior_explained_by_snp
1         0.5019        0.7178     rs7512766                     0.0636
  dropped_trait   lead_snp
1            NA rs11264886
[1] "SPLICING EVENT"
[1] "chr1:153955166:153958345:clu_2133_-:ENSG00000160741.17"
Harmonising fat_distr (fat_distr) and Outcome (Outcome)
Harmonising fat_distr (fat_distr) and Outcome (Outcome)
[1] 312
[1] 312
  iteration traits posterior_prob regional_prob candidate_snp
1         1   None             NA        0.0296            NA
  posterior_explained_by_snp dropped_trait   lead_snp
1                         NA      iradjbmi rs11264886
[1] "SPLICING EVENT"
[1] "chr1:153955166:153962220:clu_2133_-:ENSG00000160741.17"
Harmonising fat_distr (fat_distr) and Outcome (Outcome)
Harmonising fat_distr (fat_distr) and Outcome (Outcome)
[1] 312
[1] 312
  iteration traits posterior_prob regional_prob candidate_snp
1         1   None             NA        0.0053            NA
  posterior_explained_by_snp dropped_trait   lead_snp
1                         NA      iradjbmi rs11264886
[1] "SPLICING EVENT"
[1] "chr1:153960754:153962220:clu_2133_-:ENSG00000160741.17"
Harmonising fat_distr (fat_distr) and Outcome (Outcome)
Harmonising fat_distr (fat_distr) and Outcome (Outcome)
[1] 312
[1] 312
  iteration traits posterior_prob regional_prob candidate_snp
1         1   None             NA        0.0065            NA
  posterior_explained_by_snp dropped_trait   lead_snp
1                         NA      iradjbmi rs11264886
[1] "SPLICING EVENT"
[1] "chr1:153960754:153962529:clu_2133_-:ENSG00000160741.17"
Harmonising fat_distr (fat_distr) and Outcome (Outcome)
Harmonising fat_distr (fat_distr) and Outcome (Outcome)
[1] 312
[1] 312
  iteration traits posterior_prob regional_prob candidate_snp
1         1   None             NA        0.0054            NA
  posterior_explained_by_snp dropped_trait   lead_snp
1                         NA      iradjbmi rs11264886
[1] "SPLICING EVENT"
[1] "chr1:153962350:153962529:clu_2133_-:ENSG00000160741.17"
Harmonising fat_distr (fat_distr) and Outcome (Outcome)
Harmonising fat_distr (fat_distr) and Outcome (Outcome)
[1] 312
[1] 312
  iteration traits posterior_prob regional_prob candidate_snp
1         1   None             NA        0.0204            NA
  posterior_explained_by_snp dropped_trait   lead_snp
1                         NA      iradjbmi rs11264886
[1] "SPLICING EVENT"
[1] "chr1:153955166:153958345:clu_2133_-:ENSG00000143570.19"
Harmonising fat_distr (fat_distr) and Outcome (Outcome)
Harmonising fat_distr (fat_distr) and Outcome (Outcome)
[1] 312
[1] 312
  iteration traits posterior_prob regional_prob candidate_snp
1         1   None             NA        0.0296            NA
  posterior_explained_by_snp dropped_trait   lead_snp
1                         NA      iradjbmi rs11264886
[1] "SPLICING EVENT"
[1] "chr1:153955166:153962220:clu_2133_-:ENSG00000143570.19"
Harmonising fat_distr (fat_distr) and Outcome (Outcome)
Harmonising fat_distr (fat_distr) and Outcome (Outcome)
[1] 312
[1] 312
  iteration traits posterior_prob regional_prob candidate_snp
1         1   None             NA        0.0053            NA
  posterior_explained_by_snp dropped_trait   lead_snp
1                         NA      iradjbmi rs11264886
[1] "SPLICING EVENT"
[1] "chr1:153960754:153962220:clu_2133_-:ENSG00000143570.19"
Harmonising fat_distr (fat_distr) and Outcome (Outcome)
Harmonising fat_distr (fat_distr) and Outcome (Outcome)
[1] 312
[1] 312
  iteration traits posterior_prob regional_prob candidate_snp
1         1   None             NA        0.0065            NA
  posterior_explained_by_snp dropped_trait   lead_snp
1                         NA      iradjbmi rs11264886
[1] "SPLICING EVENT"
[1] "chr1:153960754:153962529:clu_2133_-:ENSG00000143570.19"
Harmonising fat_distr (fat_distr) and Outcome (Outcome)
Harmonising fat_distr (fat_distr) and Outcome (Outcome)
[1] 312
[1] 312
  iteration traits posterior_prob regional_prob candidate_snp
1         1   None             NA        0.0054            NA
  posterior_explained_by_snp dropped_trait   lead_snp
1                         NA      iradjbmi rs11264886
[1] "SPLICING EVENT"
[1] "chr1:153962350:153962529:clu_2133_-:ENSG00000143570.19"
Harmonising fat_distr (fat_distr) and Outcome (Outcome)
Harmonising fat_distr (fat_distr) and Outcome (Outcome)
[1] 312
[1] 312
  iteration traits posterior_prob regional_prob candidate_snp
1         1   None             NA        0.0204            NA
  posterior_explained_by_snp dropped_trait   lead_snp
1                         NA      iradjbmi rs11264886
[1] "SPLICING EVENT"
[1] "chr1:153962747:153963059:clu_2134_-:ENSG00000143570.19"
Harmonising fat_distr (fat_distr) and Outcome (Outcome)
Harmonising fat_distr (fat_distr) and Outcome (Outcome)
[1] 312
[1] 312
  iteration traits posterior_prob regional_prob candidate_snp
1         1   None             NA         0.099            NA
  posterior_explained_by_snp
1                         NA
                                           dropped_trait   lead_snp
1 chr1:153962747:153963059:clu_2134_-:ENSG00000143570.19 rs11264886
[1] "SPLICING EVENT"
[1] "chr1:153962747:153963177:clu_2134_-:ENSG00000143570.19"
Harmonising fat_distr (fat_distr) and Outcome (Outcome)
Harmonising fat_distr (fat_distr) and Outcome (Outcome)
[1] 312
[1] 312
  iteration traits posterior_prob regional_prob candidate_snp
1         1   None             NA        0.0109            NA
  posterior_explained_by_snp dropped_trait   lead_snp
1                         NA      iradjbmi rs11264886
[1] "SPLICING EVENT"
[1] "chr1:153962747:153963495:clu_2134_-:ENSG00000143570.19"
Harmonising fat_distr (fat_distr) and Outcome (Outcome)
Harmonising fat_distr (fat_distr) and Outcome (Outcome)
[1] 312
[1] 312
  iteration traits posterior_prob regional_prob candidate_snp
1         1   None             NA        0.0159            NA
  posterior_explained_by_snp dropped_trait   lead_snp
1                         NA      iradjbmi rs11264886
[1] "SPLICING EVENT"
[1] "chr1:153967762:153968522:clu_5488_+:ENSG00000143578.16"
Harmonising fat_distr (fat_distr) and Outcome (Outcome)
Harmonising fat_distr (fat_distr) and Outcome (Outcome)
[1] 312
[1] 312
  iteration traits posterior_prob regional_prob candidate_snp
1         1   None             NA        0.0082            NA
  posterior_explained_by_snp dropped_trait   lead_snp
1                         NA      iradjbmi rs11264886
[1] "SPLICING EVENT"
[1] "chr1:153967884:153968522:clu_5488_+:ENSG00000143578.16"
Harmonising fat_distr (fat_distr) and Outcome (Outcome)
Harmonising fat_distr (fat_distr) and Outcome (Outcome)
[1] 312
[1] 312
  iteration traits posterior_prob regional_prob candidate_snp
1         1   None             NA        0.0074            NA
  posterior_explained_by_snp dropped_trait   lead_snp
1                         NA      iradjbmi rs11264886
[1] "SPLICING EVENT"
[1] "chr1:153968164:153968522:clu_5488_+:ENSG00000143578.16"
Harmonising fat_distr (fat_distr) and Outcome (Outcome)
Harmonising fat_distr (fat_distr) and Outcome (Outcome)
[1] 312
[1] 312
  iteration traits posterior_prob regional_prob candidate_snp
1         1   None             NA        0.0122            NA
  posterior_explained_by_snp dropped_trait   lead_snp
1                         NA      iradjbmi rs11264886
[1] "SPLICING EVENT"
[1] "chr1:153968184:153968522:clu_5488_+:ENSG00000143578.16"
Harmonising fat_distr (fat_distr) and Outcome (Outcome)
Harmonising fat_distr (fat_distr) and Outcome (Outcome)
[1] 312
[1] 312
  iteration traits posterior_prob regional_prob candidate_snp
1         1   None             NA        0.0457            NA
  posterior_explained_by_snp dropped_trait   lead_snp
1                         NA      iradjbmi rs11264886
[1] "SPLICING EVENT"
[1] "chr1:153968639:153968930:clu_5489_+:ENSG00000143578.16"
Harmonising fat_distr (fat_distr) and Outcome (Outcome)
Harmonising fat_distr (fat_distr) and Outcome (Outcome)
[1] 312
[1] 312
  iteration traits posterior_prob regional_prob candidate_snp
1         1   None             NA        0.0118            NA
  posterior_explained_by_snp dropped_trait   lead_snp
1                         NA      iradjbmi rs11264886
[1] "SPLICING EVENT"
[1] "chr1:153968699:153968930:clu_5489_+:ENSG00000143578.16"
Harmonising fat_distr (fat_distr) and Outcome (Outcome)
Harmonising fat_distr (fat_distr) and Outcome (Outcome)
[1] 312
[1] 312
  iteration traits posterior_prob regional_prob candidate_snp
1         1   None             NA        0.0226            NA
  posterior_explained_by_snp dropped_trait   lead_snp
1                         NA      iradjbmi rs11264886
[1] "SPLICING EVENT"
[1] "chr1:153969176:153969334:clu_5489_+:ENSG00000143578.16"
Harmonising fat_distr (fat_distr) and Outcome (Outcome)
Harmonising fat_distr (fat_distr) and Outcome (Outcome)
[1] 312
[1] 312
  iteration traits posterior_prob regional_prob candidate_snp
1         1   None             NA        0.0186            NA
  posterior_explained_by_snp dropped_trait   lead_snp
1                         NA      iradjbmi rs11264886
[1] "SPLICING EVENT"
[1] "chr1:153969455:153972744:clu_5490_+:ENSG00000143578.16"
Harmonising fat_distr (fat_distr) and Outcome (Outcome)
Harmonising fat_distr (fat_distr) and Outcome (Outcome)
[1] 312
[1] 312
  iteration                                                           traits
1         1 iradjbmi, chr1:153969455:153972744:clu_5490_+:ENSG00000143578.16
  posterior_prob regional_prob candidate_snp posterior_explained_by_snp
1          0.764        0.8507     rs6701341                     0.1017
  dropped_trait   lead_snp
1            NA rs11264886
[1] "SPLICING EVENT"
[1] "chr1:154212624:154213893:clu_2146_-:ENSG00000143612.21"
Harmonising fat_distr (fat_distr) and Outcome (Outcome)
Harmonising fat_distr (fat_distr) and Outcome (Outcome)
[1] 312
[1] 312
  iteration traits posterior_prob regional_prob candidate_snp
1         1   None             NA        0.0074            NA
  posterior_explained_by_snp dropped_trait   lead_snp
1                         NA      iradjbmi rs11264886
[1] "SPLICING EVENT"
[1] "chr1:154212624:154214457:clu_2146_-:ENSG00000143612.21"
Harmonising fat_distr (fat_distr) and Outcome (Outcome)
Harmonising fat_distr (fat_distr) and Outcome (Outcome)
[1] 312
[1] 312
  iteration                                                           traits
1         1 iradjbmi, chr1:154212624:154214457:clu_2146_-:ENSG00000143612.21
  posterior_prob regional_prob candidate_snp posterior_explained_by_snp
1          0.911        0.9729    rs12026475                     0.9986
  dropped_trait   lead_snp
1            NA rs11264886
[1] "SPLICING EVENT"
[1] "chr1:154213946:154214457:clu_2146_-:ENSG00000143612.21"
Harmonising fat_distr (fat_distr) and Outcome (Outcome)
Harmonising fat_distr (fat_distr) and Outcome (Outcome)
[1] 312
[1] 312
  iteration traits posterior_prob regional_prob candidate_snp
1         1   None             NA        0.0063            NA
  posterior_explained_by_snp dropped_trait   lead_snp
1                         NA      iradjbmi rs11264886
[1] "SPLICING EVENT"
[1] "chr1:154214574:154219836:clu_2146_-:ENSG00000143612.21"
Harmonising fat_distr (fat_distr) and Outcome (Outcome)
Harmonising fat_distr (fat_distr) and Outcome (Outcome)
[1] 312
[1] 312
  iteration traits posterior_prob regional_prob candidate_snp
1         1   None             NA        0.0179            NA
  posterior_explained_by_snp dropped_trait   lead_snp
1                         NA      iradjbmi rs11264886
[1] "SPLICING EVENT"
[1] "chr1:154214574:154220342:clu_2146_-:ENSG00000143612.21"
Harmonising fat_distr (fat_distr) and Outcome (Outcome)
Harmonising fat_distr (fat_distr) and Outcome (Outcome)
[1] 312
[1] 312
  iteration                                                           traits
1         1 iradjbmi, chr1:154214574:154220342:clu_2146_-:ENSG00000143612.21
  posterior_prob regional_prob candidate_snp posterior_explained_by_snp
1         0.8635        0.9577    rs12026475                     0.4189
  dropped_trait   lead_snp
1            NA rs11264886
[1] "SPLICING EVENT"
[1] "chr1:154219937:154220342:clu_2146_-:ENSG00000143612.21"
Harmonising fat_distr (fat_distr) and Outcome (Outcome)
Harmonising fat_distr (fat_distr) and Outcome (Outcome)
[1] 312
[1] 312
  iteration                                                           traits
1         1 iradjbmi, chr1:154219937:154220342:clu_2146_-:ENSG00000143612.21
  posterior_prob regional_prob candidate_snp posterior_explained_by_snp
1         0.7794         0.918     rs9803857                     0.4831
  dropped_trait   lead_snp
1            NA rs11264886
[1] "LEAD INDEX"
[1] 14
[1] "SPLICING EVENT"
[1] "chr1:172138953:172140480:clu_2556_-:ENSG00000230630.5"
Harmonising fat_distr (fat_distr) and Outcome (Outcome)
Harmonising fat_distr (fat_distr) and Outcome (Outcome)
[1] 380
[1] 380
  iteration traits posterior_prob regional_prob candidate_snp
1         1   None             NA        0.0081            NA
  posterior_explained_by_snp dropped_trait  lead_snp
1                         NA      iradjbmi rs9425592
[1] "SPLICING EVENT"
[1] "chr1:172140596:172142136:clu_2556_-:ENSG00000230630.5"
Harmonising fat_distr (fat_distr) and Outcome (Outcome)
Harmonising fat_distr (fat_distr) and Outcome (Outcome)
[1] 380
[1] 380
  iteration traits posterior_prob regional_prob candidate_snp
1         1   None             NA        0.0081            NA
  posterior_explained_by_snp dropped_trait  lead_snp
1                         NA      iradjbmi rs9425592
[1] "SPLICING EVENT"
[1] "chr1:172142213:172144365:clu_2557_-:ENSG00000230630.5"
Harmonising fat_distr (fat_distr) and Outcome (Outcome)
Harmonising fat_distr (fat_distr) and Outcome (Outcome)
[1] 380
[1] 380
  iteration traits posterior_prob regional_prob candidate_snp
1         1   None             NA        0.0074            NA
  posterior_explained_by_snp dropped_trait  lead_snp
1                         NA      iradjbmi rs9425592
[1] "SPLICING EVENT"
[1] "chr1:172142233:172144365:clu_2557_-:ENSG00000230630.5"
Harmonising fat_distr (fat_distr) and Outcome (Outcome)
Harmonising fat_distr (fat_distr) and Outcome (Outcome)
[1] 380
[1] 380
  iteration traits posterior_prob regional_prob candidate_snp
1         1   None             NA        0.0079            NA
  posterior_explained_by_snp dropped_trait  lead_snp
1                         NA      iradjbmi rs9425592
[1] "SPLICING EVENT"
[1] "chr1:172370311:172376554:clu_2559_-:ENSG00000135845.10"
Harmonising fat_distr (fat_distr) and Outcome (Outcome)
Harmonising fat_distr (fat_distr) and Outcome (Outcome)
[1] 380
[1] 380
  iteration traits posterior_prob regional_prob candidate_snp
1         1   None             NA        0.0843            NA
  posterior_explained_by_snp
1                         NA
                                           dropped_trait  lead_snp
1 chr1:172370311:172376554:clu_2559_-:ENSG00000135845.10 rs9425592
[1] "SPLICING EVENT"
[1] "chr1:172394410:172399819:clu_2559_-:ENSG00000135845.10"
Harmonising fat_distr (fat_distr) and Outcome (Outcome)
Harmonising fat_distr (fat_distr) and Outcome (Outcome)
[1] 380
[1] 380
  iteration traits posterior_prob regional_prob candidate_snp
1         1   None             NA        0.0818            NA
  posterior_explained_by_snp
1                         NA
                                           dropped_trait  lead_snp
1 chr1:172394410:172399819:clu_2559_-:ENSG00000135845.10 rs9425592
[1] "SPLICING EVENT"
[1] "chr1:172399916:172415294:clu_2559_-:ENSG00000135845.10"
Harmonising fat_distr (fat_distr) and Outcome (Outcome)
Harmonising fat_distr (fat_distr) and Outcome (Outcome)
[1] 380
[1] 380
  iteration traits posterior_prob regional_prob candidate_snp
1         1   None             NA        0.0074            NA
  posterior_explained_by_snp dropped_trait  lead_snp
1                         NA      iradjbmi rs9425592
[1] "SPLICING EVENT"
[1] "chr1:172399916:172443988:clu_2559_-:ENSG00000135845.10"
Harmonising fat_distr (fat_distr) and Outcome (Outcome)
Harmonising fat_distr (fat_distr) and Outcome (Outcome)
[1] 380
[1] 380
  iteration traits posterior_prob regional_prob candidate_snp
1         1   None             NA        0.0087            NA
  posterior_explained_by_snp dropped_trait  lead_snp
1                         NA      iradjbmi rs9425592
[1] "SPLICING EVENT"
[1] "chr1:172415374:172443988:clu_2559_-:ENSG00000135845.10"
Harmonising fat_distr (fat_distr) and Outcome (Outcome)
Harmonising fat_distr (fat_distr) and Outcome (Outcome)
[1] 380
[1] 380
  iteration traits posterior_prob regional_prob candidate_snp
1         1   None             NA        0.0106            NA
  posterior_explained_by_snp dropped_trait  lead_snp
1                         NA      iradjbmi rs9425592
[1] "SPLICING EVENT"
[1] "chr1:172442830:172443988:clu_2559_-:ENSG00000135845.10"
Harmonising fat_distr (fat_distr) and Outcome (Outcome)
Harmonising fat_distr (fat_distr) and Outcome (Outcome)
[1] 380
[1] 380
  iteration traits posterior_prob regional_prob candidate_snp
1         1   None             NA        0.0072            NA
  posterior_explained_by_snp dropped_trait  lead_snp
1                         NA      iradjbmi rs9425592
[1] "LEAD INDEX"
[1] 15
[1] "LEAD INDEX"
[1] 16
[1] "SPLICING EVENT"
[1] "chr1:203627219:203682742:clu_6215_+:ENSG00000058668.15"
Harmonising fat_distr (fat_distr) and Outcome (Outcome)
Harmonising fat_distr (fat_distr) and Outcome (Outcome)
[1] 454
[1] 454
  iteration traits posterior_prob regional_prob candidate_snp
1         1   None             NA        0.0073            NA
  posterior_explained_by_snp dropped_trait  lead_snp
1                         NA      iradjbmi rs6670438
[1] "SPLICING EVENT"
[1] "chr1:203683398:203698157:clu_6216_+:ENSG00000058668.15"
Harmonising fat_distr (fat_distr) and Outcome (Outcome)
Harmonising fat_distr (fat_distr) and Outcome (Outcome)
[1] 454
[1] 454
  iteration traits posterior_prob regional_prob candidate_snp
1         1   None             NA        0.0086            NA
  posterior_explained_by_snp dropped_trait  lead_snp
1                         NA      iradjbmi rs6670438
[1] "SPLICING EVENT"
[1] "chr1:203700923:203702044:clu_6217_+:ENSG00000058668.15"
Harmonising fat_distr (fat_distr) and Outcome (Outcome)
Harmonising fat_distr (fat_distr) and Outcome (Outcome)
[1] 454
[1] 454
  iteration traits posterior_prob regional_prob candidate_snp
1         1   None             NA        0.0143            NA
  posterior_explained_by_snp dropped_trait  lead_snp
1                         NA      iradjbmi rs6670438
[1] "SPLICING EVENT"
[1] "chr1:203702079:203703652:clu_6217_+:ENSG00000058668.15"
Harmonising fat_distr (fat_distr) and Outcome (Outcome)
Harmonising fat_distr (fat_distr) and Outcome (Outcome)
[1] 454
[1] 454
  iteration traits posterior_prob regional_prob candidate_snp
1         1   None             NA        0.0084            NA
  posterior_explained_by_snp dropped_trait  lead_snp
1                         NA      iradjbmi rs6670438
[1] "SPLICING EVENT"
[1] "chr1:203703813:203707009:clu_6218_+:ENSG00000058668.15"
Harmonising fat_distr (fat_distr) and Outcome (Outcome)
Harmonising fat_distr (fat_distr) and Outcome (Outcome)
[1] 454
[1] 454
  iteration traits posterior_prob regional_prob candidate_snp
1         1   None             NA        0.0066            NA
  posterior_explained_by_snp dropped_trait  lead_snp
1                         NA      iradjbmi rs6670438
[1] "SPLICING EVENT"
[1] "chr1:203707223:203707862:clu_6218_+:ENSG00000058668.15"
Harmonising fat_distr (fat_distr) and Outcome (Outcome)
Harmonising fat_distr (fat_distr) and Outcome (Outcome)
[1] 454
[1] 454
  iteration traits posterior_prob regional_prob candidate_snp
1         1   None             NA        0.0081            NA
  posterior_explained_by_snp dropped_trait  lead_snp
1                         NA      iradjbmi rs6670438
[1] "SPLICING EVENT"
[1] "chr1:203709542:203710877:clu_6219_+:ENSG00000058668.15"
Harmonising fat_distr (fat_distr) and Outcome (Outcome)
Harmonising fat_distr (fat_distr) and Outcome (Outcome)
[1] 454
[1] 454
  iteration traits posterior_prob regional_prob candidate_snp
1         1   None             NA        0.0055            NA
  posterior_explained_by_snp dropped_trait  lead_snp
1                         NA      iradjbmi rs6670438
[1] "SPLICING EVENT"
[1] "chr1:203712139:203712707:clu_6220_+:ENSG00000058668.15"
Harmonising fat_distr (fat_distr) and Outcome (Outcome)
Harmonising fat_distr (fat_distr) and Outcome (Outcome)
[1] 454
[1] 454
  iteration traits posterior_prob regional_prob candidate_snp
1         1   None             NA        0.0068            NA
  posterior_explained_by_snp dropped_trait  lead_snp
1                         NA      iradjbmi rs6670438
[1] "SPLICING EVENT"
[1] "chr1:203712139:203713165:clu_6220_+:ENSG00000058668.15"
Harmonising fat_distr (fat_distr) and Outcome (Outcome)
Harmonising fat_distr (fat_distr) and Outcome (Outcome)
[1] 454
[1] 454
  iteration traits posterior_prob regional_prob candidate_snp
1         1   None             NA        0.0063            NA
  posterior_explained_by_snp dropped_trait  lead_snp
1                         NA      iradjbmi rs6670438
[1] "SPLICING EVENT"
[1] "chr1:203712139:203714171:clu_6220_+:ENSG00000058668.15"
Harmonising fat_distr (fat_distr) and Outcome (Outcome)
Harmonising fat_distr (fat_distr) and Outcome (Outcome)
[1] 454
[1] 454
  iteration traits posterior_prob regional_prob candidate_snp
1         1   None             NA        0.0099            NA
  posterior_explained_by_snp dropped_trait  lead_snp
1                         NA      iradjbmi rs6670438
[1] "SPLICING EVENT"
[1] "chr1:203712904:203713165:clu_6220_+:ENSG00000058668.15"
Harmonising fat_distr (fat_distr) and Outcome (Outcome)
Harmonising fat_distr (fat_distr) and Outcome (Outcome)
[1] 454
[1] 454
  iteration traits posterior_prob regional_prob candidate_snp
1         1   None             NA        0.0057            NA
  posterior_explained_by_snp dropped_trait  lead_snp
1                         NA      iradjbmi rs6670438
[1] "SPLICING EVENT"
[1] "chr1:203713252:203714171:clu_6220_+:ENSG00000058668.15"
Harmonising fat_distr (fat_distr) and Outcome (Outcome)
Harmonising fat_distr (fat_distr) and Outcome (Outcome)
[1] 454
[1] 454
  iteration traits posterior_prob regional_prob candidate_snp
1         1   None             NA        0.0066            NA
  posterior_explained_by_snp dropped_trait  lead_snp
1                         NA      iradjbmi rs6670438
[1] "SPLICING EVENT"
[1] "chr1:203722689:203723881:clu_6221_+:ENSG00000058668.15"
Harmonising fat_distr (fat_distr) and Outcome (Outcome)
Harmonising fat_distr (fat_distr) and Outcome (Outcome)
[1] 454
[1] 454
  iteration traits posterior_prob regional_prob candidate_snp
1         1   None             NA        0.0219            NA
  posterior_explained_by_snp dropped_trait  lead_snp
1                         NA      iradjbmi rs6670438
[1] "SPLICING EVENT"
[1] "chr1:203722689:203727395:clu_6221_+:ENSG00000058668.15"
Harmonising fat_distr (fat_distr) and Outcome (Outcome)
Harmonising fat_distr (fat_distr) and Outcome (Outcome)
[1] 454
[1] 454
  iteration traits posterior_prob regional_prob candidate_snp
1         1   None             NA        0.0087            NA
  posterior_explained_by_snp dropped_trait  lead_snp
1                         NA      iradjbmi rs6670438
[1] "SPLICING EVENT"
[1] "chr1:203723988:203727395:clu_6221_+:ENSG00000058668.15"
Harmonising fat_distr (fat_distr) and Outcome (Outcome)
Harmonising fat_distr (fat_distr) and Outcome (Outcome)
[1] 454
[1] 454
  iteration traits posterior_prob regional_prob candidate_snp
1         1   None             NA        0.0169            NA
  posterior_explained_by_snp dropped_trait  lead_snp
1                         NA      iradjbmi rs6670438
[1] "SPLICING EVENT"
[1] "chr1:203727571:203733223:clu_6222_+:ENSG00000058668.15"
Harmonising fat_distr (fat_distr) and Outcome (Outcome)
Harmonising fat_distr (fat_distr) and Outcome (Outcome)
[1] 454
[1] 454
  iteration traits posterior_prob regional_prob candidate_snp
1         1   None             NA         0.011            NA
  posterior_explained_by_snp dropped_trait  lead_snp
1                         NA      iradjbmi rs6670438
[1] "SPLICING EVENT"
[1] "chr1:203727571:203739546:clu_6222_+:ENSG00000058668.15"
Harmonising fat_distr (fat_distr) and Outcome (Outcome)
Harmonising fat_distr (fat_distr) and Outcome (Outcome)
[1] 454
[1] 454
  iteration traits posterior_prob regional_prob candidate_snp
1         1   None             NA         0.097            NA
  posterior_explained_by_snp dropped_trait  lead_snp
1                         NA      iradjbmi rs6670438
[1] "SPLICING EVENT"
[1] "chr1:203733400:203739546:clu_6222_+:ENSG00000058668.15"
Harmonising fat_distr (fat_distr) and Outcome (Outcome)
Harmonising fat_distr (fat_distr) and Outcome (Outcome)
[1] 454
[1] 454
  iteration traits posterior_prob regional_prob candidate_snp
1         1   None             NA        0.0751            NA
  posterior_explained_by_snp dropped_trait  lead_snp
1                         NA      iradjbmi rs6670438
[1] "LEAD INDEX"
[1] 17
[1] "SPLICING EVENT"
[1] "chr1:205088815:205094873:clu_2870_-:ENSG00000117222.14"
Harmonising fat_distr (fat_distr) and Outcome (Outcome)
Harmonising fat_distr (fat_distr) and Outcome (Outcome)
[1] 591
[1] 591
  iteration traits posterior_prob regional_prob candidate_snp
1         1   None             NA        0.0114            NA
  posterior_explained_by_snp dropped_trait   lead_snp
1                         NA      iradjbmi rs11240358
[1] "SPLICING EVENT"
[1] "chr1:205088815:205094987:clu_2870_-:ENSG00000117222.14"
Harmonising fat_distr (fat_distr) and Outcome (Outcome)
Harmonising fat_distr (fat_distr) and Outcome (Outcome)
[1] 591
[1] 591
  iteration traits posterior_prob regional_prob candidate_snp
1         1   None             NA        0.0091            NA
  posterior_explained_by_snp dropped_trait   lead_snp
1                         NA      iradjbmi rs11240358
[1] "SPLICING EVENT"
[1] "chr1:205095064:205096682:clu_2870_-:ENSG00000117222.14"
Harmonising fat_distr (fat_distr) and Outcome (Outcome)
Harmonising fat_distr (fat_distr) and Outcome (Outcome)
[1] 591
[1] 591
  iteration traits posterior_prob regional_prob candidate_snp
1         1   None             NA        0.0141            NA
  posterior_explained_by_snp dropped_trait   lead_snp
1                         NA      iradjbmi rs11240358
[1] "SPLICING EVENT"
[1] "chr1:205096911:205097326:clu_2871_-:ENSG00000117222.14"
Harmonising fat_distr (fat_distr) and Outcome (Outcome)
Harmonising fat_distr (fat_distr) and Outcome (Outcome)
[1] 591
[1] 591
  iteration traits posterior_prob regional_prob candidate_snp
1         1   None             NA         0.015            NA
  posterior_explained_by_snp dropped_trait   lead_snp
1                         NA      iradjbmi rs11240358
[1] "SPLICING EVENT"
[1] "chr1:205097395:205098989:clu_2872_-:ENSG00000117222.14"
Harmonising fat_distr (fat_distr) and Outcome (Outcome)
Harmonising fat_distr (fat_distr) and Outcome (Outcome)
[1] 591
[1] 591
  iteration traits posterior_prob regional_prob candidate_snp
1         1   None             NA        0.0161            NA
  posterior_explained_by_snp dropped_trait   lead_snp
1                         NA      iradjbmi rs11240358
[1] "SPLICING EVENT"
[1] "chr1:205099106:205099741:clu_2872_-:ENSG00000117222.14"
Harmonising fat_distr (fat_distr) and Outcome (Outcome)
Harmonising fat_distr (fat_distr) and Outcome (Outcome)
[1] 591
[1] 591
  iteration traits posterior_prob regional_prob candidate_snp
1         1   None             NA        0.0163            NA
  posterior_explained_by_snp dropped_trait   lead_snp
1                         NA      iradjbmi rs11240358
[1] "SPLICING EVENT"
[1] "chr1:205104019:205105028:clu_2874_-:ENSG00000117222.14"
Harmonising fat_distr (fat_distr) and Outcome (Outcome)
Harmonising fat_distr (fat_distr) and Outcome (Outcome)
[1] 591
[1] 591
  iteration traits posterior_prob regional_prob candidate_snp
1         1   None             NA         0.014            NA
  posterior_explained_by_snp dropped_trait   lead_snp
1                         NA      iradjbmi rs11240358
[1] "SPLICING EVENT"
[1] "chr1:205114961:205115858:clu_2875_-:ENSG00000117222.14"
Harmonising fat_distr (fat_distr) and Outcome (Outcome)
Harmonising fat_distr (fat_distr) and Outcome (Outcome)
[1] 591
[1] 591
  iteration traits posterior_prob regional_prob candidate_snp
1         1   None             NA        0.0141            NA
  posterior_explained_by_snp dropped_trait   lead_snp
1                         NA      iradjbmi rs11240358
[1] "SPLICING EVENT"
[1] "chr1:205115883:205121855:clu_2875_-:ENSG00000117222.14"
Harmonising fat_distr (fat_distr) and Outcome (Outcome)
Harmonising fat_distr (fat_distr) and Outcome (Outcome)
[1] 591
[1] 591
  iteration traits posterior_prob regional_prob candidate_snp
1         1   None             NA        0.0114            NA
  posterior_explained_by_snp dropped_trait   lead_snp
1                         NA      iradjbmi rs11240358
[1] "SPLICING EVENT"
[1] "chr1:205147745:205148205:clu_2876_-:ENSG00000133059.17"
Harmonising fat_distr (fat_distr) and Outcome (Outcome)
Harmonising fat_distr (fat_distr) and Outcome (Outcome)
[1] 591
[1] 591
  iteration traits posterior_prob regional_prob candidate_snp
1         1   None             NA        0.0118            NA
  posterior_explained_by_snp dropped_trait   lead_snp
1                         NA      iradjbmi rs11240358
[1] "SPLICING EVENT"
[1] "chr1:205147745:205150680:clu_2876_-:ENSG00000133059.17"
Harmonising fat_distr (fat_distr) and Outcome (Outcome)
Harmonising fat_distr (fat_distr) and Outcome (Outcome)
[1] 591
[1] 591
  iteration traits posterior_prob regional_prob candidate_snp
1         1   None             NA        0.0123            NA
  posterior_explained_by_snp dropped_trait   lead_snp
1                         NA      iradjbmi rs11240358
[1] "SPLICING EVENT"
[1] "chr1:205148339:205150680:clu_2876_-:ENSG00000133059.17"
Harmonising fat_distr (fat_distr) and Outcome (Outcome)
Harmonising fat_distr (fat_distr) and Outcome (Outcome)
[1] 591
[1] 591
  iteration traits posterior_prob regional_prob candidate_snp
1         1   None             NA        0.0294            NA
  posterior_explained_by_snp dropped_trait   lead_snp
1                         NA      iradjbmi rs11240358
[1] "SPLICING EVENT"
[1] "chr1:205150794:205157273:clu_2876_-:ENSG00000133059.17"
Harmonising fat_distr (fat_distr) and Outcome (Outcome)
Harmonising fat_distr (fat_distr) and Outcome (Outcome)
[1] 591
[1] 591
  iteration traits posterior_prob regional_prob candidate_snp
1         1   None             NA         0.039            NA
  posterior_explained_by_snp dropped_trait   lead_snp
1                         NA      iradjbmi rs11240358
[1] "SPLICING EVENT"
[1] "chr1:205159679:205160114:clu_2878_-:ENSG00000133059.17"
Harmonising fat_distr (fat_distr) and Outcome (Outcome)
Harmonising fat_distr (fat_distr) and Outcome (Outcome)
[1] 591
[1] 591
  iteration traits posterior_prob regional_prob candidate_snp
1         1   None             NA        0.0129            NA
  posterior_explained_by_snp dropped_trait   lead_snp
1                         NA      iradjbmi rs11240358
[1] "SPLICING EVENT"
[1] "chr1:205160270:205161258:clu_2878_-:ENSG00000133059.17"
Harmonising fat_distr (fat_distr) and Outcome (Outcome)
Harmonising fat_distr (fat_distr) and Outcome (Outcome)
[1] 591
[1] 591
  iteration traits posterior_prob regional_prob candidate_snp
1         1   None             NA        0.0121            NA
  posterior_explained_by_snp dropped_trait   lead_snp
1                         NA      iradjbmi rs11240358
[1] "SPLICING EVENT"
[1] "chr1:205163006:205163723:clu_2879_-:ENSG00000133059.17"
Harmonising fat_distr (fat_distr) and Outcome (Outcome)
Harmonising fat_distr (fat_distr) and Outcome (Outcome)
[1] 591
[1] 591
  iteration traits posterior_prob regional_prob candidate_snp
1         1   None             NA        0.0123            NA
  posterior_explained_by_snp dropped_trait   lead_snp
1                         NA      iradjbmi rs11240358
[1] "SPLICING EVENT"
[1] "chr1:205163955:205169163:clu_2879_-:ENSG00000133059.17"
Harmonising fat_distr (fat_distr) and Outcome (Outcome)
Harmonising fat_distr (fat_distr) and Outcome (Outcome)
[1] 591
[1] 591
  iteration traits posterior_prob regional_prob candidate_snp
1         1   None             NA        0.0126            NA
  posterior_explained_by_snp dropped_trait   lead_snp
1                         NA      iradjbmi rs11240358
[1] "SPLICING EVENT"
[1] "chr1:205169832:205187418:clu_2880_-:ENSG00000133059.17"
Harmonising fat_distr (fat_distr) and Outcome (Outcome)
Harmonising fat_distr (fat_distr) and Outcome (Outcome)
[1] 591
[1] 591
  iteration traits posterior_prob regional_prob candidate_snp
1         1   None             NA        0.0116            NA
  posterior_explained_by_snp dropped_trait   lead_snp
1                         NA      iradjbmi rs11240358
[1] "SPLICING EVENT"
[1] "chr1:205187806:205211271:clu_2880_-:ENSG00000133059.17"
Harmonising fat_distr (fat_distr) and Outcome (Outcome)
Harmonising fat_distr (fat_distr) and Outcome (Outcome)
[1] 591
[1] 591
  iteration traits posterior_prob regional_prob candidate_snp
1         1   None             NA        0.0106            NA
  posterior_explained_by_snp dropped_trait   lead_snp
1                         NA      iradjbmi rs11240358
[1] "SPLICING EVENT"
[1] "chr1:205304513:205305199:clu_2881_-:ENSG00000163545.11"
Harmonising fat_distr (fat_distr) and Outcome (Outcome)
Harmonising fat_distr (fat_distr) and Outcome (Outcome)
[1] 591
[1] 591
  iteration traits posterior_prob regional_prob candidate_snp
1         1   None             NA        0.0244            NA
  posterior_explained_by_snp dropped_trait   lead_snp
1                         NA      iradjbmi rs11240358
[1] "SPLICING EVENT"
[1] "chr1:205305331:205306188:clu_2881_-:ENSG00000163545.11"
Harmonising fat_distr (fat_distr) and Outcome (Outcome)
Harmonising fat_distr (fat_distr) and Outcome (Outcome)
[1] 591
[1] 591
  iteration traits posterior_prob regional_prob candidate_snp
1         1   None             NA        0.0174            NA
  posterior_explained_by_snp dropped_trait   lead_snp
1                         NA      iradjbmi rs11240358
[1] "LEAD INDEX"
[1] 18
[1] "LEAD INDEX"
[1] 19
[1] "LEAD INDEX"
[1] 20
[1] "LEAD INDEX"
[1] 21
[1] "LEAD INDEX"
[1] 22
[1] "LEAD INDEX"
[1] 23
[1] "CHROMOSOME"
[1] 2
[1] "LEAD INDEX"
[1] 1
[1] "LEAD INDEX"
[1] 2
[1] "LEAD INDEX"
[1] 3
[1] "LEAD INDEX"
[1] 4
[1] "LEAD INDEX"
[1] 5
[1] "LEAD INDEX"
[1] 6
[1] "LEAD INDEX"
[1] 7
[1] "LEAD INDEX"
[1] 8
[1] "LEAD INDEX"
[1] 9
[1] "LEAD INDEX"
[1] 10
[1] "SPLICING EVENT"
[1] "chr2:48721779:48723456:clu_35634_-:ENSG00000138039.15"
Harmonising fat_distr (fat_distr) and Outcome (Outcome)
Harmonising fat_distr (fat_distr) and Outcome (Outcome)
[1] 520
[1] 520
  iteration traits posterior_prob regional_prob candidate_snp
1         1   None             NA        0.0175            NA
  posterior_explained_by_snp dropped_trait   lead_snp
1                         NA      iradjbmi rs17326656
[1] "LEAD INDEX"
[1] 11
[1] "SPLICING EVENT"
[1] "chr2:65056524:65069399:clu_38079_+:ENSG00000011523.14"
Harmonising fat_distr (fat_distr) and Outcome (Outcome)
Harmonising fat_distr (fat_distr) and Outcome (Outcome)
[1] 401
[1] 401
  iteration traits posterior_prob regional_prob candidate_snp
1         1   None             NA        0.0199            NA
  posterior_explained_by_snp dropped_trait  lead_snp
1                         NA      iradjbmi rs2252867
[1] "SPLICING EVENT"
[1] "chr2:65056524:65071454:clu_38079_+:ENSG00000011523.14"
Harmonising fat_distr (fat_distr) and Outcome (Outcome)
Harmonising fat_distr (fat_distr) and Outcome (Outcome)
[1] 401
[1] 401
  iteration                                                          traits
1         1 iradjbmi, chr2:65056524:65071454:clu_38079_+:ENSG00000011523.14
  posterior_prob regional_prob candidate_snp posterior_explained_by_snp
1         0.9622        0.9803     rs2252867                     0.4577
  dropped_trait  lead_snp
1            NA rs2252867
[1] "SPLICING EVENT"
[1] "chr2:65056528:65069399:clu_38079_+:ENSG00000011523.14"
Harmonising fat_distr (fat_distr) and Outcome (Outcome)
Harmonising fat_distr (fat_distr) and Outcome (Outcome)
[1] 401
[1] 401
  iteration traits posterior_prob regional_prob candidate_snp
1         1   None             NA        0.0217            NA
  posterior_explained_by_snp dropped_trait  lead_snp
1                         NA      iradjbmi rs2252867
[1] "SPLICING EVENT"
[1] "chr2:65056528:65071454:clu_38079_+:ENSG00000011523.14"
Harmonising fat_distr (fat_distr) and Outcome (Outcome)
Harmonising fat_distr (fat_distr) and Outcome (Outcome)
[1] 401
[1] 401
  iteration traits posterior_prob regional_prob candidate_snp
1         1   None             NA        0.4919            NA
  posterior_explained_by_snp dropped_trait  lead_snp
1                         NA      iradjbmi rs2252867
[1] "SPLICING EVENT"
[1] "chr2:65069801:65071454:clu_38079_+:ENSG00000011523.14"
Harmonising fat_distr (fat_distr) and Outcome (Outcome)
Harmonising fat_distr (fat_distr) and Outcome (Outcome)
[1] 401
[1] 401
  iteration traits posterior_prob regional_prob candidate_snp
1         1   None             NA         0.009            NA
  posterior_explained_by_snp dropped_trait  lead_snp
1                         NA      iradjbmi rs2252867
[1] "SPLICING EVENT"
[1] "chr2:65072569:65072884:clu_38080_+:ENSG00000011523.14"
Harmonising fat_distr (fat_distr) and Outcome (Outcome)
Harmonising fat_distr (fat_distr) and Outcome (Outcome)
[1] 401
[1] 401
  iteration traits posterior_prob regional_prob candidate_snp
1         1   None             NA        0.0118            NA
  posterior_explained_by_snp dropped_trait  lead_snp
1                         NA      iradjbmi rs2252867
[1] "SPLICING EVENT"
[1] "chr2:65072980:65073936:clu_38081_+:ENSG00000011523.14"
Harmonising fat_distr (fat_distr) and Outcome (Outcome)
Harmonising fat_distr (fat_distr) and Outcome (Outcome)
[1] 401
[1] 401
  iteration traits posterior_prob regional_prob candidate_snp
1         1   None             NA        0.0092            NA
  posterior_explained_by_snp dropped_trait  lead_snp
1                         NA      iradjbmi rs2252867
[1] "SPLICING EVENT"
[1] "chr2:65072980:65074282:clu_38081_+:ENSG00000011523.14"
Harmonising fat_distr (fat_distr) and Outcome (Outcome)
Harmonising fat_distr (fat_distr) and Outcome (Outcome)
[1] 401
[1] 401
  iteration traits posterior_prob regional_prob candidate_snp
1         1   None             NA        0.0149            NA
  posterior_explained_by_snp dropped_trait  lead_snp
1                         NA      iradjbmi rs2252867
[1] "SPLICING EVENT"
[1] "chr2:65074149:65074282:clu_38081_+:ENSG00000011523.14"
Harmonising fat_distr (fat_distr) and Outcome (Outcome)
Harmonising fat_distr (fat_distr) and Outcome (Outcome)
[1] 401
[1] 401
  iteration traits posterior_prob regional_prob candidate_snp
1         1   None             NA        0.0077            NA
  posterior_explained_by_snp dropped_trait  lead_snp
1                         NA      iradjbmi rs2252867
[1] "SPLICING EVENT"
[1] "chr2:65074404:65077868:clu_38082_+:ENSG00000011523.14"
Harmonising fat_distr (fat_distr) and Outcome (Outcome)
Harmonising fat_distr (fat_distr) and Outcome (Outcome)
[1] 401
[1] 401
  iteration traits posterior_prob regional_prob candidate_snp
1         1   None             NA        0.0083            NA
  posterior_explained_by_snp dropped_trait  lead_snp
1                         NA      iradjbmi rs2252867
[1] "SPLICING EVENT"
[1] "chr2:65074404:65082536:clu_38082_+:ENSG00000011523.14"
Harmonising fat_distr (fat_distr) and Outcome (Outcome)
Harmonising fat_distr (fat_distr) and Outcome (Outcome)
[1] 401
[1] 401
  iteration traits posterior_prob regional_prob candidate_snp
1         1   None             NA        0.0082            NA
  posterior_explained_by_snp dropped_trait  lead_snp
1                         NA      iradjbmi rs2252867
[1] "SPLICING EVENT"
[1] "chr2:65077964:65082536:clu_38082_+:ENSG00000011523.14"
Harmonising fat_distr (fat_distr) and Outcome (Outcome)
Harmonising fat_distr (fat_distr) and Outcome (Outcome)
[1] 401
[1] 401
  iteration traits posterior_prob regional_prob candidate_snp
1         1   None             NA        0.0114            NA
  posterior_explained_by_snp dropped_trait  lead_snp
1                         NA      iradjbmi rs2252867
[1] "LEAD INDEX"
[1] 12
[1] "LEAD INDEX"
[1] 13
[1] "LEAD INDEX"
[1] 14
[1] "LEAD INDEX"
[1] 15
[1] "SPLICING EVENT"
[1] "chr2:164493182:164494431:clu_36631_-:ENSG00000115290.10"
Harmonising fat_distr (fat_distr) and Outcome (Outcome)
Harmonising fat_distr (fat_distr) and Outcome (Outcome)
[1] 337
[1] 337
  iteration traits posterior_prob regional_prob candidate_snp
1         1   None             NA         0.008            NA
  posterior_explained_by_snp dropped_trait   lead_snp
1                         NA      iradjbmi rs13027837
[1] "SPLICING EVENT"
[1] "chr2:164494524:164497008:clu_36631_-:ENSG00000115290.10"
Harmonising fat_distr (fat_distr) and Outcome (Outcome)
Harmonising fat_distr (fat_distr) and Outcome (Outcome)
[1] 337
[1] 337
  iteration traits posterior_prob regional_prob candidate_snp
1         1   None             NA         0.008            NA
  posterior_explained_by_snp dropped_trait   lead_snp
1                         NA      iradjbmi rs13027837
[1] "SPLICING EVENT"
[1] "chr2:164508550:164508742:clu_36633_-:ENSG00000115290.10"
Harmonising fat_distr (fat_distr) and Outcome (Outcome)
Harmonising fat_distr (fat_distr) and Outcome (Outcome)
[1] 337
[1] 337
  iteration traits posterior_prob regional_prob candidate_snp
1         1   None             NA        0.0079            NA
  posterior_explained_by_snp dropped_trait   lead_snp
1                         NA      iradjbmi rs13027837
[1] "SPLICING EVENT"
[1] "chr2:164527135:164547660:clu_36634_-:ENSG00000115290.10"
Harmonising fat_distr (fat_distr) and Outcome (Outcome)
Harmonising fat_distr (fat_distr) and Outcome (Outcome)
[1] 337
[1] 337
  iteration traits posterior_prob regional_prob candidate_snp
1         1   None             NA        0.0091            NA
  posterior_explained_by_snp dropped_trait   lead_snp
1                         NA      iradjbmi rs13027837
[1] "SPLICING EVENT"
[1] "chr2:164547816:164568315:clu_36634_-:ENSG00000115290.10"
Harmonising fat_distr (fat_distr) and Outcome (Outcome)
Harmonising fat_distr (fat_distr) and Outcome (Outcome)
[1] 337
[1] 337
  iteration traits posterior_prob regional_prob candidate_snp
1         1   None             NA        0.0095            NA
  posterior_explained_by_snp dropped_trait   lead_snp
1                         NA      iradjbmi rs13027837
[1] "SPLICING EVENT"
[1] "chr2:164547816:164619687:clu_36634_-:ENSG00000115290.10"
Harmonising fat_distr (fat_distr) and Outcome (Outcome)
Harmonising fat_distr (fat_distr) and Outcome (Outcome)
[1] 337
[1] 337
  iteration traits posterior_prob regional_prob candidate_snp
1         1   None             NA         0.008            NA
  posterior_explained_by_snp dropped_trait   lead_snp
1                         NA      iradjbmi rs13027837
[1] "LEAD INDEX"
[1] 16
[1] "SPLICING EVENT"
[1] "chr2:164493182:164494431:clu_36631_-:ENSG00000115290.10"
Harmonising fat_distr (fat_distr) and Outcome (Outcome)
Harmonising fat_distr (fat_distr) and Outcome (Outcome)
[1] 345
[1] 345
  iteration traits posterior_prob regional_prob candidate_snp
1         1   None             NA         0.008            NA
  posterior_explained_by_snp dropped_trait  lead_snp
1                         NA      iradjbmi rs1128249
[1] "SPLICING EVENT"
[1] "chr2:164494524:164497008:clu_36631_-:ENSG00000115290.10"
Harmonising fat_distr (fat_distr) and Outcome (Outcome)
Harmonising fat_distr (fat_distr) and Outcome (Outcome)
[1] 345
[1] 345
  iteration traits posterior_prob regional_prob candidate_snp
1         1   None             NA         0.008            NA
  posterior_explained_by_snp dropped_trait  lead_snp
1                         NA      iradjbmi rs1128249
[1] "SPLICING EVENT"
[1] "chr2:164508550:164508742:clu_36633_-:ENSG00000115290.10"
Harmonising fat_distr (fat_distr) and Outcome (Outcome)
Harmonising fat_distr (fat_distr) and Outcome (Outcome)
[1] 345
[1] 345
  iteration traits posterior_prob regional_prob candidate_snp
1         1   None             NA        0.0079            NA
  posterior_explained_by_snp dropped_trait  lead_snp
1                         NA      iradjbmi rs1128249
[1] "SPLICING EVENT"
[1] "chr2:164527135:164547660:clu_36634_-:ENSG00000115290.10"
Harmonising fat_distr (fat_distr) and Outcome (Outcome)
Harmonising fat_distr (fat_distr) and Outcome (Outcome)
[1] 345
[1] 345
  iteration traits posterior_prob regional_prob candidate_snp
1         1   None             NA        0.0091            NA
  posterior_explained_by_snp dropped_trait  lead_snp
1                         NA      iradjbmi rs1128249
[1] "SPLICING EVENT"
[1] "chr2:164547816:164568315:clu_36634_-:ENSG00000115290.10"
Harmonising fat_distr (fat_distr) and Outcome (Outcome)
Harmonising fat_distr (fat_distr) and Outcome (Outcome)
[1] 345
[1] 345
  iteration traits posterior_prob regional_prob candidate_snp
1         1   None             NA        0.0095            NA
  posterior_explained_by_snp dropped_trait  lead_snp
1                         NA      iradjbmi rs1128249
[1] "SPLICING EVENT"
[1] "chr2:164547816:164619687:clu_36634_-:ENSG00000115290.10"
Harmonising fat_distr (fat_distr) and Outcome (Outcome)
Harmonising fat_distr (fat_distr) and Outcome (Outcome)
[1] 345
[1] 345
  iteration traits posterior_prob regional_prob candidate_snp
1         1   None             NA         0.008            NA
  posterior_explained_by_snp dropped_trait  lead_snp
1                         NA      iradjbmi rs1128249
[1] "SPLICING EVENT"
[1] "chr2:164686032:164692221:clu_36635_-:ENSG00000082438.18"
Harmonising fat_distr (fat_distr) and Outcome (Outcome)
Harmonising fat_distr (fat_distr) and Outcome (Outcome)
[1] 345
[1] 345
  iteration traits posterior_prob regional_prob candidate_snp
1         1   None             NA        0.0116            NA
  posterior_explained_by_snp dropped_trait  lead_snp
1                         NA      iradjbmi rs1128249
[1] "SPLICING EVENT"
[1] "chr2:164695833:164699405:clu_36636_-:ENSG00000082438.18"
Harmonising fat_distr (fat_distr) and Outcome (Outcome)
Harmonising fat_distr (fat_distr) and Outcome (Outcome)
[1] 345
[1] 345
  iteration traits posterior_prob regional_prob candidate_snp
1         1   None             NA        0.0914            NA
  posterior_explained_by_snp dropped_trait  lead_snp
1                         NA      iradjbmi rs1128249
[1] "SPLICING EVENT"
[1] "chr2:164695836:164699405:clu_36636_-:ENSG00000082438.18"
Harmonising fat_distr (fat_distr) and Outcome (Outcome)
Harmonising fat_distr (fat_distr) and Outcome (Outcome)
[1] 345
[1] 345
  iteration traits posterior_prob regional_prob candidate_snp
1         1   None             NA        0.1296            NA
  posterior_explained_by_snp dropped_trait  lead_snp
1                         NA      iradjbmi rs1128249
[1] "SPLICING EVENT"
[1] "chr2:164700756:164703104:clu_36637_-:ENSG00000082438.18"
Harmonising fat_distr (fat_distr) and Outcome (Outcome)
Harmonising fat_distr (fat_distr) and Outcome (Outcome)
[1] 345
[1] 345
  iteration traits posterior_prob regional_prob candidate_snp
1         1   None             NA             1            NA
  posterior_explained_by_snp dropped_trait  lead_snp
1                         NA      iradjbmi rs1128249
[1] "SPLICING EVENT"
[1] "chr2:164700756:164704444:clu_36637_-:ENSG00000082438.18"
Harmonising fat_distr (fat_distr) and Outcome (Outcome)
Harmonising fat_distr (fat_distr) and Outcome (Outcome)
[1] 345
[1] 345
  iteration traits posterior_prob regional_prob candidate_snp
1         1   None             NA             1            NA
  posterior_explained_by_snp dropped_trait  lead_snp
1                         NA      iradjbmi rs1128249
[1] "SPLICING EVENT"
[1] "chr2:164705105:164718205:clu_36638_-:ENSG00000082438.18"
Harmonising fat_distr (fat_distr) and Outcome (Outcome)
Harmonising fat_distr (fat_distr) and Outcome (Outcome)
[1] 345
[1] 345
  iteration traits posterior_prob regional_prob candidate_snp
1         1   None             NA        0.0086            NA
  posterior_explained_by_snp dropped_trait  lead_snp
1                         NA      iradjbmi rs1128249
[1] "SPLICING EVENT"
[1] "chr2:164705105:164722075:clu_36638_-:ENSG00000082438.18"
Harmonising fat_distr (fat_distr) and Outcome (Outcome)
Harmonising fat_distr (fat_distr) and Outcome (Outcome)
[1] 345
[1] 345
  iteration traits posterior_prob regional_prob candidate_snp
1         1   None             NA        0.0084            NA
  posterior_explained_by_snp dropped_trait  lead_snp
1                         NA      iradjbmi rs1128249
[1] "SPLICING EVENT"
[1] "chr2:164722522:164727106:clu_36639_-:ENSG00000082438.18"
Harmonising fat_distr (fat_distr) and Outcome (Outcome)
Harmonising fat_distr (fat_distr) and Outcome (Outcome)
[1] 345
[1] 345
  iteration traits posterior_prob regional_prob candidate_snp
1         1   None             NA        0.0235            NA
  posterior_explained_by_snp dropped_trait  lead_snp
1                         NA      iradjbmi rs1128249
[1] "SPLICING EVENT"
[1] "chr2:164722522:164727969:clu_36639_-:ENSG00000082438.18"
Harmonising fat_distr (fat_distr) and Outcome (Outcome)
Harmonising fat_distr (fat_distr) and Outcome (Outcome)
[1] 345
[1] 345
  iteration traits posterior_prob regional_prob candidate_snp
1         1   None             NA         0.129            NA
  posterior_explained_by_snp dropped_trait  lead_snp
1                         NA      iradjbmi rs1128249
[1] "SPLICING EVENT"
[1] "chr2:164727144:164727969:clu_36639_-:ENSG00000082438.18"
Harmonising fat_distr (fat_distr) and Outcome (Outcome)
Harmonising fat_distr (fat_distr) and Outcome (Outcome)
[1] 345
[1] 345
  iteration traits posterior_prob regional_prob candidate_snp
1         1   None             NA        0.1105            NA
  posterior_explained_by_snp dropped_trait  lead_snp
1                         NA      iradjbmi rs1128249
[1] "SPLICING EVENT"
[1] "chr2:164730115:164743687:clu_36638_-:ENSG00000082438.18"
Harmonising fat_distr (fat_distr) and Outcome (Outcome)
Harmonising fat_distr (fat_distr) and Outcome (Outcome)
[1] 345
[1] 345
  iteration traits posterior_prob regional_prob candidate_snp
1         1   None             NA        0.0086            NA
  posterior_explained_by_snp dropped_trait  lead_snp
1                         NA      iradjbmi rs1128249
[1] "SPLICING EVENT"
[1] "chr2:164743875:164773707:clu_36640_-:ENSG00000082438.18"
Harmonising fat_distr (fat_distr) and Outcome (Outcome)
Harmonising fat_distr (fat_distr) and Outcome (Outcome)
[1] 345
[1] 345
  iteration traits posterior_prob regional_prob candidate_snp
1         1   None             NA        0.0123            NA
  posterior_explained_by_snp dropped_trait  lead_snp
1                         NA      iradjbmi rs1128249
[1] "SPLICING EVENT"
[1] "chr2:164743875:164779655:clu_36640_-:ENSG00000082438.18"
Harmonising fat_distr (fat_distr) and Outcome (Outcome)
Harmonising fat_distr (fat_distr) and Outcome (Outcome)
[1] 345
[1] 345
  iteration traits posterior_prob regional_prob candidate_snp
1         1   None             NA        0.0088            NA
  posterior_explained_by_snp dropped_trait  lead_snp
1                         NA      iradjbmi rs1128249
[1] "SPLICING EVENT"
[1] "chr2:164743875:164841156:clu_36640_-:ENSG00000082438.18"
Harmonising fat_distr (fat_distr) and Outcome (Outcome)
Harmonising fat_distr (fat_distr) and Outcome (Outcome)
[1] 345
[1] 345
  iteration traits posterior_prob regional_prob candidate_snp
1         1   None             NA        0.0654            NA
  posterior_explained_by_snp dropped_trait  lead_snp
1                         NA      iradjbmi rs1128249
[1] "LEAD INDEX"
[1] 17
[1] "SPLICING EVENT"
[1] "chr2:218659743:218660037:clu_39502_+:ENSG00000074582.15"
Harmonising fat_distr (fat_distr) and Outcome (Outcome)
Harmonising fat_distr (fat_distr) and Outcome (Outcome)
[1] 367
[1] 367
  iteration traits posterior_prob regional_prob candidate_snp
1         1   None             NA        0.0073            NA
  posterior_explained_by_snp dropped_trait  lead_snp
1                         NA      iradjbmi rs4674343
[1] "SPLICING EVENT"
[1] "chr2:218659743:218660939:clu_39502_+:ENSG00000074582.15"
Harmonising fat_distr (fat_distr) and Outcome (Outcome)
Harmonising fat_distr (fat_distr) and Outcome (Outcome)
[1] 367
[1] 367
  iteration traits posterior_prob regional_prob candidate_snp
1         1   None             NA        0.0091            NA
  posterior_explained_by_snp dropped_trait  lead_snp
1                         NA      iradjbmi rs4674343
[1] "SPLICING EVENT"
[1] "chr2:218659743:218661406:clu_39502_+:ENSG00000074582.15"
Harmonising fat_distr (fat_distr) and Outcome (Outcome)
Harmonising fat_distr (fat_distr) and Outcome (Outcome)
[1] 367
[1] 367
  iteration traits posterior_prob regional_prob candidate_snp
1         1   None             NA        0.4171            NA
  posterior_explained_by_snp dropped_trait  lead_snp
1                         NA      iradjbmi rs4674343
[1] "SPLICING EVENT"
[1] "chr2:218659743:218661759:clu_39502_+:ENSG00000074582.15"
Harmonising fat_distr (fat_distr) and Outcome (Outcome)
Harmonising fat_distr (fat_distr) and Outcome (Outcome)
[1] 367
[1] 367
  iteration traits posterior_prob regional_prob candidate_snp
1         1   None             NA        0.0062            NA
  posterior_explained_by_snp dropped_trait  lead_snp
1                         NA      iradjbmi rs4674343
[1] "SPLICING EVENT"
[1] "chr2:218660166:218660939:clu_39502_+:ENSG00000074582.15"
Harmonising fat_distr (fat_distr) and Outcome (Outcome)
Harmonising fat_distr (fat_distr) and Outcome (Outcome)
[1] 367
[1] 367
  iteration traits posterior_prob regional_prob candidate_snp
1         1   None             NA        0.0083            NA
  posterior_explained_by_snp dropped_trait  lead_snp
1                         NA      iradjbmi rs4674343
[1] "SPLICING EVENT"
[1] "chr2:218660421:218660939:clu_39502_+:ENSG00000074582.15"
Harmonising fat_distr (fat_distr) and Outcome (Outcome)
Harmonising fat_distr (fat_distr) and Outcome (Outcome)
[1] 367
[1] 367
  iteration                                                            traits
1         1 iradjbmi, chr2:218660421:218660939:clu_39502_+:ENSG00000074582.15
  posterior_prob regional_prob candidate_snp posterior_explained_by_snp
1         0.7268        0.9999     rs2278530                      0.292
  dropped_trait  lead_snp
1            NA rs4674343
[1] "SPLICING EVENT"
[1] "chr2:218660482:218660939:clu_39502_+:ENSG00000074582.15"
Harmonising fat_distr (fat_distr) and Outcome (Outcome)
Harmonising fat_distr (fat_distr) and Outcome (Outcome)
[1] 367
[1] 367
  iteration traits posterior_prob regional_prob candidate_snp
1         1   None             NA         0.127            NA
  posterior_explained_by_snp dropped_trait  lead_snp
1                         NA      iradjbmi rs4674343
[1] "SPLICING EVENT"
[1] "chr2:218661307:218661406:clu_39502_+:ENSG00000074582.15"
Harmonising fat_distr (fat_distr) and Outcome (Outcome)
Harmonising fat_distr (fat_distr) and Outcome (Outcome)
[1] 367
[1] 367
  iteration traits posterior_prob regional_prob candidate_snp
1         1   None             NA        0.0185            NA
  posterior_explained_by_snp dropped_trait  lead_snp
1                         NA      iradjbmi rs4674343
[1] "SPLICING EVENT"
[1] "chr2:218661520:218661759:clu_39502_+:ENSG00000074582.15"
Harmonising fat_distr (fat_distr) and Outcome (Outcome)
Harmonising fat_distr (fat_distr) and Outcome (Outcome)
[1] 367
[1] 367
  iteration traits posterior_prob regional_prob candidate_snp
1         1   None             NA        0.3051            NA
  posterior_explained_by_snp dropped_trait  lead_snp
1                         NA      iradjbmi rs4674343
[1] "SPLICING EVENT"
[1] "chr2:218661545:218661759:clu_39502_+:ENSG00000074582.15"
Harmonising fat_distr (fat_distr) and Outcome (Outcome)
Harmonising fat_distr (fat_distr) and Outcome (Outcome)
[1] 367
[1] 367
  iteration traits posterior_prob regional_prob candidate_snp
1         1   None             NA         0.008            NA
  posterior_explained_by_snp dropped_trait  lead_snp
1                         NA      iradjbmi rs4674343
[1] "SPLICING EVENT"
[1] "chr2:218662260:218662510:clu_39503_+:ENSG00000074582.15"
Harmonising fat_distr (fat_distr) and Outcome (Outcome)
Harmonising fat_distr (fat_distr) and Outcome (Outcome)
[1] 367
[1] 367
  iteration traits posterior_prob regional_prob candidate_snp
1         1   None             NA         0.216            NA
  posterior_explained_by_snp dropped_trait  lead_snp
1                         NA      iradjbmi rs4674343
[1] "SPLICING EVENT"
[1] "chr2:218662260:218662515:clu_39503_+:ENSG00000074582.15"
Harmonising fat_distr (fat_distr) and Outcome (Outcome)
Harmonising fat_distr (fat_distr) and Outcome (Outcome)
[1] 367
[1] 367
  iteration traits posterior_prob regional_prob candidate_snp
1         1   None             NA        0.2482            NA
  posterior_explained_by_snp dropped_trait  lead_snp
1                         NA      iradjbmi rs4674343
[1] "SPLICING EVENT"
[1] "chr2:218663000:218663134:clu_39504_+:ENSG00000074582.15"
Harmonising fat_distr (fat_distr) and Outcome (Outcome)
Harmonising fat_distr (fat_distr) and Outcome (Outcome)
[1] 367
[1] 367
  iteration traits posterior_prob regional_prob candidate_snp
1         1   None             NA        0.0182            NA
  posterior_explained_by_snp dropped_trait  lead_snp
1                         NA      iradjbmi rs4674343
[1] "SPLICING EVENT"
[1] "chr2:218782437:218809577:clu_39526_+:ENSG00000135929.9"
Harmonising fat_distr (fat_distr) and Outcome (Outcome)
Harmonising fat_distr (fat_distr) and Outcome (Outcome)
[1] 367
[1] 367
  iteration traits posterior_prob regional_prob candidate_snp
1         1   None             NA        0.0105            NA
  posterior_explained_by_snp dropped_trait  lead_snp
1                         NA      iradjbmi rs4674343
[1] "SPLICING EVENT"
[1] "chr2:218782437:218812222:clu_39526_+:ENSG00000135929.9"
Harmonising fat_distr (fat_distr) and Outcome (Outcome)
Harmonising fat_distr (fat_distr) and Outcome (Outcome)
[1] 367
[1] 367
  iteration traits posterior_prob regional_prob candidate_snp
1         1   None             NA         0.034            NA
  posterior_explained_by_snp dropped_trait  lead_snp
1                         NA      iradjbmi rs4674343
[1] "SPLICING EVENT"
[1] "chr2:218809767:218812222:clu_39526_+:ENSG00000135929.9"
Harmonising fat_distr (fat_distr) and Outcome (Outcome)
Harmonising fat_distr (fat_distr) and Outcome (Outcome)
[1] 367
[1] 367
  iteration traits posterior_prob regional_prob candidate_snp
1         1   None             NA        0.0089            NA
  posterior_explained_by_snp dropped_trait  lead_snp
1                         NA      iradjbmi rs4674343
[1] "SPLICING EVENT"
[1] "chr2:218812421:218812552:clu_39528_+:ENSG00000135929.9"
Harmonising fat_distr (fat_distr) and Outcome (Outcome)
Harmonising fat_distr (fat_distr) and Outcome (Outcome)
[1] 367
[1] 367
  iteration traits posterior_prob regional_prob candidate_snp
1         1   None             NA        0.0574            NA
  posterior_explained_by_snp dropped_trait  lead_snp
1                         NA      iradjbmi rs4674343
[1] "LEAD INDEX"
[1] 18
[1] "SPLICING EVENT"
[1] "chr2:226736250:226794989:clu_37233_-:ENSG00000169047.6"
Harmonising fat_distr (fat_distr) and Outcome (Outcome)
Harmonising fat_distr (fat_distr) and Outcome (Outcome)
[1] 359
[1] 359
  iteration traits posterior_prob regional_prob candidate_snp
1         1   None             NA        0.0361            NA
  posterior_explained_by_snp dropped_trait  lead_snp
1                         NA      iradjbmi rs2943646
[1] "SPLICING EVENT"
[1] "chr2:226792385:226794989:clu_37233_-:ENSG00000169047.6"
Harmonising fat_distr (fat_distr) and Outcome (Outcome)
Harmonising fat_distr (fat_distr) and Outcome (Outcome)
[1] 359
[1] 359
  iteration traits posterior_prob regional_prob candidate_snp
1         1   None             NA        0.0123            NA
  posterior_explained_by_snp dropped_trait  lead_snp
1                         NA      iradjbmi rs2943646
[1] "SPLICING EVENT"
[1] "chr2:226808637:226809226:clu_39617_+:ENSG00000272622.2"
Harmonising fat_distr (fat_distr) and Outcome (Outcome)
Harmonising fat_distr (fat_distr) and Outcome (Outcome)
[1] 359
[1] 359
  iteration traits posterior_prob regional_prob candidate_snp
1         1   None             NA        0.0126            NA
  posterior_explained_by_snp dropped_trait  lead_snp
1                         NA      iradjbmi rs2943646
[1] "SPLICING EVENT"
[1] "chr2:226808637:226810912:clu_39617_+:ENSG00000272622.2"
Harmonising fat_distr (fat_distr) and Outcome (Outcome)
Harmonising fat_distr (fat_distr) and Outcome (Outcome)
[1] 359
[1] 359
  iteration traits posterior_prob regional_prob candidate_snp
1         1   None             NA        0.0082            NA
  posterior_explained_by_snp dropped_trait  lead_snp
1                         NA      iradjbmi rs2943646
[1] "LEAD INDEX"
[1] 19
[1] "LEAD INDEX"
[1] 20
[1] "CHROMOSOME"
[1] 3
[1] "LEAD INDEX"
[1] 1
[1] "LEAD INDEX"
[1] 2
[1] "LEAD INDEX"
[1] 3
[1] "LEAD INDEX"
[1] 4
[1] "LEAD INDEX"
[1] 5
[1] "LEAD INDEX"
[1] 6
[1] "LEAD INDEX"
[1] 7
[1] "LEAD INDEX"
[1] 8
[1] "SPLICING EVENT"
[1] "chr3:15601770:15635424:clu_46251_+:ENSG00000169814.16"
Harmonising fat_distr (fat_distr) and Outcome (Outcome)
Harmonising fat_distr (fat_distr) and Outcome (Outcome)
[1] 386
[1] 386
  iteration traits posterior_prob regional_prob candidate_snp
1         1   None             NA        0.2598            NA
  posterior_explained_by_snp dropped_trait  lead_snp
1                         NA      iradjbmi rs2455853
[1] "SPLICING EVENT"
[1] "chr3:15601894:15635424:clu_46251_+:ENSG00000169814.16"
Harmonising fat_distr (fat_distr) and Outcome (Outcome)
Harmonising fat_distr (fat_distr) and Outcome (Outcome)
[1] 386
[1] 386
  iteration traits posterior_prob regional_prob candidate_snp
1         1   None             NA        0.0169            NA
  posterior_explained_by_snp dropped_trait  lead_snp
1                         NA      iradjbmi rs2455853
[1] "SPLICING EVENT"
[1] "chr3:15632866:15635424:clu_46251_+:ENSG00000169814.16"
Harmonising fat_distr (fat_distr) and Outcome (Outcome)
Harmonising fat_distr (fat_distr) and Outcome (Outcome)
[1] 386
[1] 386
  iteration traits posterior_prob regional_prob candidate_snp
1         1   None             NA        0.0539            NA
  posterior_explained_by_snp dropped_trait  lead_snp
1                         NA      iradjbmi rs2455853
[1] "SPLICING EVENT"
[1] "chr3:15642057:15644316:clu_46253_+:ENSG00000169814.16"
Harmonising fat_distr (fat_distr) and Outcome (Outcome)
Harmonising fat_distr (fat_distr) and Outcome (Outcome)
[1] 386
[1] 386
  iteration traits posterior_prob regional_prob candidate_snp
1         1   None             NA        0.0092            NA
  posterior_explained_by_snp dropped_trait  lead_snp
1                         NA      iradjbmi rs2455853
[1] "LEAD INDEX"
[1] 9
[1] "SPLICING EVENT"
[1] "chr3:24143706:24146675:clu_44266_-:ENSG00000151090.20"
Harmonising fat_distr (fat_distr) and Outcome (Outcome)
Harmonising fat_distr (fat_distr) and Outcome (Outcome)
[1] 504
[1] 504
  iteration traits posterior_prob regional_prob candidate_snp
1         1   None             NA        0.0156            NA
  posterior_explained_by_snp dropped_trait  lead_snp
1                         NA      iradjbmi rs2044756
[1] "SPLICING EVENT"
[1] "chr3:24146822:24152390:clu_44266_-:ENSG00000151090.20"
Harmonising fat_distr (fat_distr) and Outcome (Outcome)
Harmonising fat_distr (fat_distr) and Outcome (Outcome)
[1] 504
[1] 504
  iteration traits posterior_prob regional_prob candidate_snp
1         1   None             NA        0.0145            NA
  posterior_explained_by_snp dropped_trait  lead_snp
1                         NA      iradjbmi rs2044756
[1] "SPLICING EVENT"
[1] "chr3:24190334:24228938:clu_44267_-:ENSG00000151090.20"
Harmonising fat_distr (fat_distr) and Outcome (Outcome)
Harmonising fat_distr (fat_distr) and Outcome (Outcome)
[1] 504
[1] 504
  iteration traits posterior_prob regional_prob candidate_snp
1         1   None             NA        0.0148            NA
  posterior_explained_by_snp dropped_trait  lead_snp
1                         NA      iradjbmi rs2044756
[1] "SPLICING EVENT"
[1] "chr3:24229001:24297226:clu_44267_-:ENSG00000151090.20"
Harmonising fat_distr (fat_distr) and Outcome (Outcome)
Harmonising fat_distr (fat_distr) and Outcome (Outcome)
[1] 504
[1] 504
  iteration traits posterior_prob regional_prob candidate_snp
1         1   None             NA        0.0082            NA
  posterior_explained_by_snp dropped_trait  lead_snp
1                         NA      iradjbmi rs2044756
[1] "SPLICING EVENT"
[1] "chr3:24229001:24318358:clu_44267_-:ENSG00000151090.20"
Harmonising fat_distr (fat_distr) and Outcome (Outcome)
Harmonising fat_distr (fat_distr) and Outcome (Outcome)
[1] 504
[1] 504
  iteration traits posterior_prob regional_prob candidate_snp
1         1   None             NA        0.0131            NA
  posterior_explained_by_snp dropped_trait  lead_snp
1                         NA      iradjbmi rs2044756
[1] "SPLICING EVENT"
[1] "chr3:24229001:24337300:clu_44267_-:ENSG00000151090.20"
Harmonising fat_distr (fat_distr) and Outcome (Outcome)
Harmonising fat_distr (fat_distr) and Outcome (Outcome)
[1] 504
[1] 504
  iteration traits posterior_prob regional_prob candidate_snp
1         1   None             NA        0.0097            NA
  posterior_explained_by_snp dropped_trait  lead_snp
1                         NA      iradjbmi rs2044756
[1] "SPLICING EVENT"
[1] "chr3:24297371:24337300:clu_44267_-:ENSG00000151090.20"
Harmonising fat_distr (fat_distr) and Outcome (Outcome)
Harmonising fat_distr (fat_distr) and Outcome (Outcome)
[1] 504
[1] 504
  iteration traits posterior_prob regional_prob candidate_snp
1         1   None             NA        0.0127            NA
  posterior_explained_by_snp dropped_trait  lead_snp
1                         NA      iradjbmi rs2044756
[1] "SPLICING EVENT"
[1] "chr3:24318494:24337300:clu_44267_-:ENSG00000151090.20"
Harmonising fat_distr (fat_distr) and Outcome (Outcome)
Harmonising fat_distr (fat_distr) and Outcome (Outcome)
[1] 504
[1] 504
  iteration traits posterior_prob regional_prob candidate_snp
1         1   None             NA        0.0088            NA
  posterior_explained_by_snp dropped_trait  lead_snp
1                         NA      iradjbmi rs2044756
[1] "SPLICING EVENT"
[1] "chr3:24337371:24494652:clu_44268_-:ENSG00000151090.20"
Harmonising fat_distr (fat_distr) and Outcome (Outcome)
Harmonising fat_distr (fat_distr) and Outcome (Outcome)
[1] 504
[1] 504
  iteration traits posterior_prob regional_prob candidate_snp
1         1   None             NA        0.0093            NA
  posterior_explained_by_snp dropped_trait  lead_snp
1                         NA      iradjbmi rs2044756
[1] "SPLICING EVENT"
[1] "chr3:24337371:24494687:clu_44268_-:ENSG00000151090.20"
Harmonising fat_distr (fat_distr) and Outcome (Outcome)
Harmonising fat_distr (fat_distr) and Outcome (Outcome)
[1] 504
[1] 504
  iteration traits posterior_prob regional_prob candidate_snp
1         1   None             NA        0.0091            NA
  posterior_explained_by_snp dropped_trait  lead_snp
1                         NA      iradjbmi rs2044756
[1] "SPLICING EVENT"
[1] "chr3:24337371:24494795:clu_44268_-:ENSG00000151090.20"
Harmonising fat_distr (fat_distr) and Outcome (Outcome)
Harmonising fat_distr (fat_distr) and Outcome (Outcome)
[1] 504
[1] 504
  iteration traits posterior_prob regional_prob candidate_snp
1         1   None             NA        0.0088            NA
  posterior_explained_by_snp dropped_trait  lead_snp
1                         NA      iradjbmi rs2044756
[1] "LEAD INDEX"
[1] 10
[1] "SPLICING EVENT"
[1] "chr3:49470433:49510419:clu_46659_+:ENSG00000173402.12"
Harmonising fat_distr (fat_distr) and Outcome (Outcome)
Harmonising fat_distr (fat_distr) and Outcome (Outcome)
[1] 240
[1] 240
  iteration traits posterior_prob regional_prob candidate_snp
1         1   None             NA        0.0269            NA
  posterior_explained_by_snp dropped_trait   lead_snp
1                         NA      iradjbmi rs13316065
[1] "SPLICING EVENT"
[1] "chr3:49487415:49488626:clu_46659_+:ENSG00000173402.12"
Harmonising fat_distr (fat_distr) and Outcome (Outcome)
Harmonising fat_distr (fat_distr) and Outcome (Outcome)
[1] 240
[1] 240
  iteration traits posterior_prob regional_prob candidate_snp
1         1   None             NA         0.018            NA
  posterior_explained_by_snp dropped_trait   lead_snp
1                         NA      iradjbmi rs13316065
[1] "SPLICING EVENT"
[1] "chr3:49488745:49510419:clu_46659_+:ENSG00000173402.12"
Harmonising fat_distr (fat_distr) and Outcome (Outcome)
Harmonising fat_distr (fat_distr) and Outcome (Outcome)
[1] 240
[1] 240
  iteration traits posterior_prob regional_prob candidate_snp
1         1   None             NA        0.0085            NA
  posterior_explained_by_snp dropped_trait   lead_snp
1                         NA      iradjbmi rs13316065
[1] "SPLICING EVENT"
[1] "chr3:49492973:49510419:clu_46659_+:ENSG00000173402.12"
Harmonising fat_distr (fat_distr) and Outcome (Outcome)
Harmonising fat_distr (fat_distr) and Outcome (Outcome)
[1] 240
[1] 240
  iteration traits posterior_prob regional_prob candidate_snp
1         1   None             NA        0.0282            NA
  posterior_explained_by_snp dropped_trait   lead_snp
1                         NA      iradjbmi rs13316065
[1] "SPLICING EVENT"
[1] "chr3:49689606:49691130:clu_46666_+:ENSG00000164068.16"
Harmonising fat_distr (fat_distr) and Outcome (Outcome)
Harmonising fat_distr (fat_distr) and Outcome (Outcome)
[1] 240
[1] 240
  iteration traits posterior_prob regional_prob candidate_snp
1         1   None             NA        0.0099            NA
  posterior_explained_by_snp dropped_trait   lead_snp
1                         NA      iradjbmi rs13316065
[1] "SPLICING EVENT"
[1] "chr3:49691509:49697143:clu_46668_+:ENSG00000164068.16"
Harmonising fat_distr (fat_distr) and Outcome (Outcome)
Harmonising fat_distr (fat_distr) and Outcome (Outcome)
[1] 240
[1] 240
  iteration traits posterior_prob regional_prob candidate_snp
1         1   None             NA        0.0085            NA
  posterior_explained_by_snp dropped_trait   lead_snp
1                         NA      iradjbmi rs13316065
[1] "SPLICING EVENT"
[1] "chr3:49697939:49698052:clu_46669_+:ENSG00000164068.16"
Harmonising fat_distr (fat_distr) and Outcome (Outcome)
Harmonising fat_distr (fat_distr) and Outcome (Outcome)
[1] 240
[1] 240
  iteration traits posterior_prob regional_prob candidate_snp
1         1   None             NA        0.0094            NA
  posterior_explained_by_snp dropped_trait   lead_snp
1                         NA      iradjbmi rs13316065
[1] "SPLICING EVENT"
[1] "chr3:49698137:49698440:clu_46670_+:ENSG00000164068.16"
Harmonising fat_distr (fat_distr) and Outcome (Outcome)
Harmonising fat_distr (fat_distr) and Outcome (Outcome)
[1] 240
[1] 240
  iteration                                                          traits
1         1 iradjbmi, chr3:49698137:49698440:clu_46670_+:ENSG00000164068.16
  posterior_prob regional_prob candidate_snp posterior_explained_by_snp
1         0.8148        0.8666        rs4768                     0.1251
  dropped_trait   lead_snp
1            NA rs13316065
[1] "SPLICING EVENT"
[1] "chr3:49698526:49698755:clu_46671_+:ENSG00000164068.16"
Harmonising fat_distr (fat_distr) and Outcome (Outcome)
Harmonising fat_distr (fat_distr) and Outcome (Outcome)
[1] 240
[1] 240
  iteration traits posterior_prob regional_prob candidate_snp
1         1   None             NA        0.0086            NA
  posterior_explained_by_snp dropped_trait   lead_snp
1                         NA      iradjbmi rs13316065
[1] "SPLICING EVENT"
[1] "chr3:49698822:49698980:clu_46671_+:ENSG00000164068.16"
Harmonising fat_distr (fat_distr) and Outcome (Outcome)
Harmonising fat_distr (fat_distr) and Outcome (Outcome)
[1] 240
[1] 240
  iteration traits posterior_prob regional_prob candidate_snp
1         1   None             NA        0.0159            NA
  posterior_explained_by_snp dropped_trait   lead_snp
1                         NA      iradjbmi rs13316065
[1] "SPLICING EVENT"
[1] "chr3:49699772:49700227:clu_46672_+:ENSG00000164068.16"
Harmonising fat_distr (fat_distr) and Outcome (Outcome)
Harmonising fat_distr (fat_distr) and Outcome (Outcome)
[1] 240
[1] 240
  iteration traits posterior_prob regional_prob candidate_snp
1         1   None             NA        0.0229            NA
  posterior_explained_by_snp dropped_trait   lead_snp
1                         NA      iradjbmi rs13316065
[1] "SPLICING EVENT"
[1] "chr3:49700352:49700472:clu_46672_+:ENSG00000164068.16"
Harmonising fat_distr (fat_distr) and Outcome (Outcome)
Harmonising fat_distr (fat_distr) and Outcome (Outcome)
[1] 240
[1] 240
  iteration traits posterior_prob regional_prob candidate_snp
1         1   None             NA        0.0312            NA
  posterior_explained_by_snp dropped_trait   lead_snp
1                         NA      iradjbmi rs13316065
[1] "SPLICING EVENT"
[1] "chr3:49700564:49700636:clu_46672_+:ENSG00000164068.16"
Harmonising fat_distr (fat_distr) and Outcome (Outcome)
Harmonising fat_distr (fat_distr) and Outcome (Outcome)
[1] 240
[1] 240
  iteration traits posterior_prob regional_prob candidate_snp
1         1   None             NA        0.0089            NA
  posterior_explained_by_snp dropped_trait   lead_snp
1                         NA      iradjbmi rs13316065
[1] "SPLICING EVENT"
[1] "chr3:49700709:49701491:clu_46673_+:ENSG00000164068.16"
Harmonising fat_distr (fat_distr) and Outcome (Outcome)
Harmonising fat_distr (fat_distr) and Outcome (Outcome)
[1] 240
[1] 240
  iteration                                                          traits
1         1 iradjbmi, chr3:49700709:49701491:clu_46673_+:ENSG00000164068.16
  posterior_prob regional_prob candidate_snp posterior_explained_by_snp
1         0.9708        0.9999     rs6804655                     0.2573
  dropped_trait   lead_snp
1            NA rs13316065
[1] "SPLICING EVENT"
[1] "chr3:49704756:49704984:clu_46675_+:ENSG00000164068.16"
Harmonising fat_distr (fat_distr) and Outcome (Outcome)
Harmonising fat_distr (fat_distr) and Outcome (Outcome)
[1] 240
[1] 240
  iteration traits posterior_prob regional_prob candidate_snp
1         1   None             NA        0.0083            NA
  posterior_explained_by_snp dropped_trait   lead_snp
1                         NA      iradjbmi rs13316065
[1] "SPLICING EVENT"
[1] "chr3:49705182:49705534:clu_46676_+:ENSG00000164068.16"
Harmonising fat_distr (fat_distr) and Outcome (Outcome)
Harmonising fat_distr (fat_distr) and Outcome (Outcome)
[1] 240
[1] 240
  iteration traits posterior_prob regional_prob candidate_snp
1         1   None             NA        0.0081            NA
  posterior_explained_by_snp dropped_trait   lead_snp
1                         NA      iradjbmi rs13316065
[1] "SPLICING EVENT"
[1] "chr3:49705186:49705534:clu_46676_+:ENSG00000164068.16"
Harmonising fat_distr (fat_distr) and Outcome (Outcome)
Harmonising fat_distr (fat_distr) and Outcome (Outcome)
[1] 240
[1] 240
  iteration traits posterior_prob regional_prob candidate_snp
1         1   None             NA        0.0083            NA
  posterior_explained_by_snp dropped_trait   lead_snp
1                         NA      iradjbmi rs13316065
[1] "SPLICING EVENT"
[1] "chr3:49712656:49713513:clu_46677_+:ENSG00000164068.16"
Harmonising fat_distr (fat_distr) and Outcome (Outcome)
Harmonising fat_distr (fat_distr) and Outcome (Outcome)
[1] 240
[1] 240
  iteration traits posterior_prob regional_prob candidate_snp
1         1   None             NA        0.9485            NA
  posterior_explained_by_snp
1                         NA
                                          dropped_trait   lead_snp
1 chr3:49712656:49713513:clu_46677_+:ENSG00000164068.16 rs13316065
[1] "SPLICING EVENT"
[1] "chr3:49712892:49713513:clu_46677_+:ENSG00000164068.16"
Harmonising fat_distr (fat_distr) and Outcome (Outcome)
Harmonising fat_distr (fat_distr) and Outcome (Outcome)
[1] 240
[1] 240
  iteration traits posterior_prob regional_prob candidate_snp
1         1   None             NA        0.9176            NA
  posterior_explained_by_snp dropped_trait   lead_snp
1                         NA      iradjbmi rs13316065
[1] "SPLICING EVENT"
[1] "chr3:49713587:49713738:clu_46678_+:ENSG00000164068.16"
Harmonising fat_distr (fat_distr) and Outcome (Outcome)
Harmonising fat_distr (fat_distr) and Outcome (Outcome)
[1] 240
[1] 240
  iteration traits posterior_prob regional_prob candidate_snp
1         1   None             NA        0.0084            NA
  posterior_explained_by_snp dropped_trait   lead_snp
1                         NA      iradjbmi rs13316065
[1] "SPLICING EVENT"
[1] "chr3:49713587:49713910:clu_46678_+:ENSG00000164068.16"
Harmonising fat_distr (fat_distr) and Outcome (Outcome)
Harmonising fat_distr (fat_distr) and Outcome (Outcome)
[1] 240
[1] 240
  iteration traits posterior_prob regional_prob candidate_snp
1         1   None             NA        0.0235            NA
  posterior_explained_by_snp dropped_trait   lead_snp
1                         NA      iradjbmi rs13316065
[1] "SPLICING EVENT"
[1] "chr3:49713825:49713910:clu_46678_+:ENSG00000164068.16"
Harmonising fat_distr (fat_distr) and Outcome (Outcome)
Harmonising fat_distr (fat_distr) and Outcome (Outcome)
[1] 240
[1] 240
  iteration traits posterior_prob regional_prob candidate_snp
1         1   None             NA        0.0101            NA
  posterior_explained_by_snp dropped_trait   lead_snp
1                         NA      iradjbmi rs13316065
[1] "SPLICING EVENT"
[1] "chr3:49714174:49715575:clu_46680_+:ENSG00000164068.16"
Harmonising fat_distr (fat_distr) and Outcome (Outcome)
Harmonising fat_distr (fat_distr) and Outcome (Outcome)
[1] 240
[1] 240
  iteration traits posterior_prob regional_prob candidate_snp
1         1   None             NA        0.9936            NA
  posterior_explained_by_snp dropped_trait   lead_snp
1                         NA      iradjbmi rs13316065
[1] "SPLICING EVENT"
[1] "chr3:49716457:49720511:clu_46681_+:ENSG00000164068.16"
Harmonising fat_distr (fat_distr) and Outcome (Outcome)
Harmonising fat_distr (fat_distr) and Outcome (Outcome)
[1] 240
[1] 240
  iteration traits posterior_prob regional_prob candidate_snp
1         1   None             NA        0.0091            NA
  posterior_explained_by_snp dropped_trait   lead_snp
1                         NA      iradjbmi rs13316065
[1] "SPLICING EVENT"
[1] "chr3:49716477:49720511:clu_46681_+:ENSG00000164068.16"
Harmonising fat_distr (fat_distr) and Outcome (Outcome)
Harmonising fat_distr (fat_distr) and Outcome (Outcome)
[1] 240
[1] 240
  iteration traits posterior_prob regional_prob candidate_snp
1         1   None             NA        0.0079            NA
  posterior_explained_by_snp dropped_trait   lead_snp
1                         NA      iradjbmi rs13316065
[1] "SPLICING EVENT"
[1] "chr3:49720653:49720800:clu_46681_+:ENSG00000164068.16"
Harmonising fat_distr (fat_distr) and Outcome (Outcome)
Harmonising fat_distr (fat_distr) and Outcome (Outcome)
[1] 240
[1] 240
  iteration traits posterior_prob regional_prob candidate_snp
1         1   None             NA        0.0076            NA
  posterior_explained_by_snp dropped_trait   lead_snp
1                         NA      iradjbmi rs13316065
[1] "SPLICING EVENT"
[1] "chr3:49805997:49806073:clu_44690_-:ENSG00000182179.13"
Harmonising fat_distr (fat_distr) and Outcome (Outcome)
Harmonising fat_distr (fat_distr) and Outcome (Outcome)
[1] 240
[1] 240
  iteration traits posterior_prob regional_prob candidate_snp
1         1   None             NA        0.0093            NA
  posterior_explained_by_snp dropped_trait   lead_snp
1                         NA      iradjbmi rs13316065
[1] "SPLICING EVENT"
[1] "chr3:49807927:49808020:clu_44691_-:ENSG00000182179.13"
Harmonising fat_distr (fat_distr) and Outcome (Outcome)
Harmonising fat_distr (fat_distr) and Outcome (Outcome)
[1] 240
[1] 240
  iteration traits posterior_prob regional_prob candidate_snp
1         1   None             NA        0.0089            NA
  posterior_explained_by_snp dropped_trait   lead_snp
1                         NA      iradjbmi rs13316065
[1] "SPLICING EVENT"
[1] "chr3:49809159:49809390:clu_44692_-:ENSG00000182179.13"
Harmonising fat_distr (fat_distr) and Outcome (Outcome)
Harmonising fat_distr (fat_distr) and Outcome (Outcome)
[1] 240
[1] 240
  iteration traits posterior_prob regional_prob candidate_snp
1         1   None             NA        0.0117            NA
  posterior_explained_by_snp dropped_trait   lead_snp
1                         NA      iradjbmi rs13316065
[1] "SPLICING EVENT"
[1] "chr3:49809159:49809542:clu_44692_-:ENSG00000182179.13"
Harmonising fat_distr (fat_distr) and Outcome (Outcome)
Harmonising fat_distr (fat_distr) and Outcome (Outcome)
[1] 240
[1] 240
  iteration traits posterior_prob regional_prob candidate_snp
1         1   None             NA        0.0429            NA
  posterior_explained_by_snp dropped_trait   lead_snp
1                         NA      iradjbmi rs13316065
[1] "SPLICING EVENT"
[1] "chr3:49809159:49809650:clu_44692_-:ENSG00000182179.13"
Harmonising fat_distr (fat_distr) and Outcome (Outcome)
Harmonising fat_distr (fat_distr) and Outcome (Outcome)
[1] 240
[1] 240
  iteration traits posterior_prob regional_prob candidate_snp
1         1   None             NA        0.0173            NA
  posterior_explained_by_snp dropped_trait   lead_snp
1                         NA      iradjbmi rs13316065
[1] "SPLICING EVENT"
[1] "chr3:49809464:49809542:clu_44692_-:ENSG00000182179.13"
Harmonising fat_distr (fat_distr) and Outcome (Outcome)
Harmonising fat_distr (fat_distr) and Outcome (Outcome)
[1] 240
[1] 240
  iteration traits posterior_prob regional_prob candidate_snp
1         1   None             NA        0.0095            NA
  posterior_explained_by_snp dropped_trait   lead_snp
1                         NA      iradjbmi rs13316065
[1] "SPLICING EVENT"
[1] "chr3:49810183:49810263:clu_44693_-:ENSG00000182179.13"
Harmonising fat_distr (fat_distr) and Outcome (Outcome)
Harmonising fat_distr (fat_distr) and Outcome (Outcome)
[1] 240
[1] 240
  iteration                                                          traits
1         1 iradjbmi, chr3:49810183:49810263:clu_44693_-:ENSG00000182179.13
  posterior_prob regional_prob candidate_snp posterior_explained_by_snp
1         0.5444        0.5663     rs2291542                     0.1509
  dropped_trait   lead_snp
1            NA rs13316065
[1] "SPLICING EVENT"
[1] "chr3:49810183:49810372:clu_44693_-:ENSG00000182179.13"
Harmonising fat_distr (fat_distr) and Outcome (Outcome)
Harmonising fat_distr (fat_distr) and Outcome (Outcome)
[1] 240
[1] 240
  iteration                                                          traits
1         1 iradjbmi, chr3:49810183:49810372:clu_44693_-:ENSG00000182179.13
  posterior_prob regional_prob candidate_snp posterior_explained_by_snp
1         0.6117        0.6349     rs2291542                     0.1566
  dropped_trait   lead_snp
1            NA rs13316065
[1] "SPLICING EVENT"
[1] "chr3:49810532:49810752:clu_44694_-:ENSG00000182179.13"
Harmonising fat_distr (fat_distr) and Outcome (Outcome)
Harmonising fat_distr (fat_distr) and Outcome (Outcome)
[1] 240
[1] 240
  iteration                                                          traits
1         1 iradjbmi, chr3:49810532:49810752:clu_44694_-:ENSG00000182179.13
  posterior_prob regional_prob candidate_snp posterior_explained_by_snp
1         0.9588        0.9878    rs13316065                     0.2286
  dropped_trait   lead_snp
1            NA rs13316065
[1] "SPLICING EVENT"
[1] "chr3:49810672:49810752:clu_44694_-:ENSG00000182179.13"
Harmonising fat_distr (fat_distr) and Outcome (Outcome)
Harmonising fat_distr (fat_distr) and Outcome (Outcome)
[1] 240
[1] 240
  iteration                                                          traits
1         1 iradjbmi, chr3:49810672:49810752:clu_44694_-:ENSG00000182179.13
  posterior_prob regional_prob candidate_snp posterior_explained_by_snp
1         0.9559        0.9858    rs11717463                     0.2055
  dropped_trait   lead_snp
1            NA rs13316065
[1] "SPLICING EVENT"
[1] "chr3:49811080:49811273:clu_44695_-:ENSG00000182179.13"
Harmonising fat_distr (fat_distr) and Outcome (Outcome)
Harmonising fat_distr (fat_distr) and Outcome (Outcome)
[1] 240
[1] 240
  iteration traits posterior_prob regional_prob candidate_snp
1         1   None             NA        0.0086            NA
  posterior_explained_by_snp dropped_trait   lead_snp
1                         NA      iradjbmi rs13316065
[1] "SPLICING EVENT"
[1] "chr3:49811091:49811273:clu_44695_-:ENSG00000182179.13"
Harmonising fat_distr (fat_distr) and Outcome (Outcome)
Harmonising fat_distr (fat_distr) and Outcome (Outcome)
[1] 240
[1] 240
  iteration traits posterior_prob regional_prob candidate_snp
1         1   None             NA        0.0086            NA
  posterior_explained_by_snp dropped_trait   lead_snp
1                         NA      iradjbmi rs13316065
[1] "SPLICING EVENT"
[1] "chr3:49811455:49811870:clu_44696_-:ENSG00000182179.13"
Harmonising fat_distr (fat_distr) and Outcome (Outcome)
Harmonising fat_distr (fat_distr) and Outcome (Outcome)
[1] 240
[1] 240
  iteration traits posterior_prob regional_prob candidate_snp
1         1   None             NA         0.009            NA
  posterior_explained_by_snp dropped_trait   lead_snp
1                         NA      iradjbmi rs13316065
[1] "SPLICING EVENT"
[1] "chr3:49811469:49811870:clu_44696_-:ENSG00000182179.13"
Harmonising fat_distr (fat_distr) and Outcome (Outcome)
Harmonising fat_distr (fat_distr) and Outcome (Outcome)
[1] 240
[1] 240
  iteration traits posterior_prob regional_prob candidate_snp
1         1   None             NA        0.0097            NA
  posterior_explained_by_snp dropped_trait   lead_snp
1                         NA      iradjbmi rs13316065
[1] "SPLICING EVENT"
[1] "chr3:49812543:49812648:clu_44697_-:ENSG00000182179.13"
Harmonising fat_distr (fat_distr) and Outcome (Outcome)
Harmonising fat_distr (fat_distr) and Outcome (Outcome)
[1] 240
[1] 240
  iteration traits posterior_prob regional_prob candidate_snp
1         1   None             NA        0.0152            NA
  posterior_explained_by_snp dropped_trait   lead_snp
1                         NA      iradjbmi rs13316065
[1] "SPLICING EVENT"
[1] "chr3:49812543:49813062:clu_44697_-:ENSG00000182179.13"
Harmonising fat_distr (fat_distr) and Outcome (Outcome)
Harmonising fat_distr (fat_distr) and Outcome (Outcome)
[1] 240
[1] 240
  iteration traits posterior_prob regional_prob candidate_snp
1         1   None             NA        0.0257            NA
  posterior_explained_by_snp dropped_trait   lead_snp
1                         NA      iradjbmi rs13316065
[1] "SPLICING EVENT"
[1] "chr3:49812738:49813062:clu_44697_-:ENSG00000182179.13"
Harmonising fat_distr (fat_distr) and Outcome (Outcome)
Harmonising fat_distr (fat_distr) and Outcome (Outcome)
[1] 240
[1] 240
  iteration traits posterior_prob regional_prob candidate_snp
1         1   None             NA        0.0087            NA
  posterior_explained_by_snp dropped_trait   lead_snp
1                         NA      iradjbmi rs13316065
[1] "SPLICING EVENT"
[1] "chr3:49813383:49813479:clu_44698_-:ENSG00000182179.13"
Harmonising fat_distr (fat_distr) and Outcome (Outcome)
Harmonising fat_distr (fat_distr) and Outcome (Outcome)
[1] 240
[1] 240
  iteration traits posterior_prob regional_prob candidate_snp
1         1   None             NA        0.0126            NA
  posterior_explained_by_snp dropped_trait   lead_snp
1                         NA      iradjbmi rs13316065
[1] "SPLICING EVENT"
[1] "chr3:49813647:49813732:clu_44699_-:ENSG00000182179.13"
Harmonising fat_distr (fat_distr) and Outcome (Outcome)
Harmonising fat_distr (fat_distr) and Outcome (Outcome)
[1] 240
[1] 240
  iteration traits posterior_prob regional_prob candidate_snp
1         1   None             NA        0.1023            NA
  posterior_explained_by_snp dropped_trait   lead_snp
1                         NA      iradjbmi rs13316065
[1] "SPLICING EVENT"
[1] "chr3:49813647:49813796:clu_44699_-:ENSG00000182179.13"
Harmonising fat_distr (fat_distr) and Outcome (Outcome)
Harmonising fat_distr (fat_distr) and Outcome (Outcome)
[1] 240
[1] 240
  iteration traits posterior_prob regional_prob candidate_snp
1         1   None             NA        0.0524            NA
  posterior_explained_by_snp dropped_trait   lead_snp
1                         NA      iradjbmi rs13316065
[1] "LEAD INDEX"
[1] 11
[1] "SPLICING EVENT"
[1] "chr3:52287876:52290304:clu_46772_+:ENSG00000168237.18"
Harmonising fat_distr (fat_distr) and Outcome (Outcome)
Harmonising fat_distr (fat_distr) and Outcome (Outcome)
[1] 337
[1] 337
  iteration traits posterior_prob regional_prob candidate_snp
1         1   None             NA        0.0137            NA
  posterior_explained_by_snp dropped_trait   lead_snp
1                         NA      iradjbmi rs17052061
[1] "SPLICING EVENT"
[1] "chr3:52287876:52290960:clu_46772_+:ENSG00000168237.18"
Harmonising fat_distr (fat_distr) and Outcome (Outcome)
Harmonising fat_distr (fat_distr) and Outcome (Outcome)
[1] 337
[1] 337
  iteration traits posterior_prob regional_prob candidate_snp
1         1   None             NA        0.3393            NA
  posterior_explained_by_snp dropped_trait   lead_snp
1                         NA      iradjbmi rs17052061
[1] "SPLICING EVENT"
[1] "chr3:52290719:52290960:clu_46772_+:ENSG00000168237.18"
Harmonising fat_distr (fat_distr) and Outcome (Outcome)
Harmonising fat_distr (fat_distr) and Outcome (Outcome)
[1] 337
[1] 337
  iteration traits posterior_prob regional_prob candidate_snp
1         1   None             NA        0.0862            NA
  posterior_explained_by_snp dropped_trait   lead_snp
1                         NA      iradjbmi rs17052061
[1] "SPLICING EVENT"
[1] "chr3:52291111:52291747:clu_46773_+:ENSG00000168237.18"
Harmonising fat_distr (fat_distr) and Outcome (Outcome)
Harmonising fat_distr (fat_distr) and Outcome (Outcome)
[1] 337
[1] 337
  iteration traits posterior_prob regional_prob candidate_snp
1         1   None             NA        0.2827            NA
  posterior_explained_by_snp dropped_trait   lead_snp
1                         NA      iradjbmi rs17052061
[1] "SPLICING EVENT"
[1] "chr3:52291111:52292260:clu_46773_+:ENSG00000168237.18"
Harmonising fat_distr (fat_distr) and Outcome (Outcome)
Harmonising fat_distr (fat_distr) and Outcome (Outcome)
[1] 337
[1] 337
  iteration traits posterior_prob regional_prob candidate_snp
1         1   None             NA        0.0569            NA
  posterior_explained_by_snp dropped_trait   lead_snp
1                         NA      iradjbmi rs17052061
[1] "SPLICING EVENT"
[1] "chr3:52291111:52316455:clu_46773_+:ENSG00000168237.18"
Harmonising fat_distr (fat_distr) and Outcome (Outcome)
Harmonising fat_distr (fat_distr) and Outcome (Outcome)
[1] 337
[1] 337
  iteration traits posterior_prob regional_prob candidate_snp
1         1   None             NA         0.341            NA
  posterior_explained_by_snp dropped_trait   lead_snp
1                         NA      iradjbmi rs17052061
[1] "SPLICING EVENT"
[1] "chr3:52291922:52292260:clu_46773_+:ENSG00000168237.18"
Harmonising fat_distr (fat_distr) and Outcome (Outcome)
Harmonising fat_distr (fat_distr) and Outcome (Outcome)
[1] 337
[1] 337
  iteration traits posterior_prob regional_prob candidate_snp
1         1   None             NA         0.012            NA
  posterior_explained_by_snp dropped_trait   lead_snp
1                         NA      iradjbmi rs17052061
[1] "SPLICING EVENT"
[1] "chr3:52292569:52293046:clu_46773_+:ENSG00000168237.18"
Harmonising fat_distr (fat_distr) and Outcome (Outcome)
Harmonising fat_distr (fat_distr) and Outcome (Outcome)
[1] 337
[1] 337
  iteration traits posterior_prob regional_prob candidate_snp
1         1   None             NA        0.0118            NA
  posterior_explained_by_snp dropped_trait   lead_snp
1                         NA      iradjbmi rs17052061
[1] "SPLICING EVENT"
[1] "chr3:52293174:52293307:clu_46773_+:ENSG00000168237.18"
Harmonising fat_distr (fat_distr) and Outcome (Outcome)
Harmonising fat_distr (fat_distr) and Outcome (Outcome)
[1] 337
[1] 337
  iteration traits posterior_prob regional_prob candidate_snp
1         1   None             NA        0.0126            NA
  posterior_explained_by_snp dropped_trait   lead_snp
1                         NA      iradjbmi rs17052061
[1] "SPLICING EVENT"
[1] "chr3:52293192:52293307:clu_46773_+:ENSG00000168237.18"
Harmonising fat_distr (fat_distr) and Outcome (Outcome)
Harmonising fat_distr (fat_distr) and Outcome (Outcome)
[1] 337
[1] 337
  iteration                                                          traits
1         1 iradjbmi, chr3:52293192:52293307:clu_46773_+:ENSG00000168237.18
  posterior_prob regional_prob candidate_snp posterior_explained_by_snp
1          0.571         0.709      rs390802                     0.2635
  dropped_trait   lead_snp
1            NA rs17052061
[1] "SPLICING EVENT"
[1] "chr3:52293192:52293311:clu_46773_+:ENSG00000168237.18"
Harmonising fat_distr (fat_distr) and Outcome (Outcome)
Harmonising fat_distr (fat_distr) and Outcome (Outcome)
[1] 337
[1] 337
  iteration traits posterior_prob regional_prob candidate_snp
1         1   None             NA        0.0108            NA
  posterior_explained_by_snp dropped_trait   lead_snp
1                         NA      iradjbmi rs17052061
[1] "SPLICING EVENT"
[1] "chr3:52411247:52412811:clu_46799_+:ENSG00000010318.22"
Harmonising fat_distr (fat_distr) and Outcome (Outcome)
Harmonising fat_distr (fat_distr) and Outcome (Outcome)
[1] 337
[1] 337
  iteration traits posterior_prob regional_prob candidate_snp
1         1   None             NA        0.0105            NA
  posterior_explained_by_snp dropped_trait   lead_snp
1                         NA      iradjbmi rs17052061
[1] "SPLICING EVENT"
[1] "chr3:52411339:52412811:clu_46799_+:ENSG00000010318.22"
Harmonising fat_distr (fat_distr) and Outcome (Outcome)
Harmonising fat_distr (fat_distr) and Outcome (Outcome)
[1] 337
[1] 337
  iteration traits posterior_prob regional_prob candidate_snp
1         1   None             NA        0.0106            NA
  posterior_explained_by_snp dropped_trait   lead_snp
1                         NA      iradjbmi rs17052061
[1] "SPLICING EVENT"
[1] "chr3:52412920:52413996:clu_46800_+:ENSG00000010318.22"
Harmonising fat_distr (fat_distr) and Outcome (Outcome)
Harmonising fat_distr (fat_distr) and Outcome (Outcome)
[1] 337
[1] 337
  iteration traits posterior_prob regional_prob candidate_snp
1         1   None             NA        0.0125            NA
  posterior_explained_by_snp dropped_trait   lead_snp
1                         NA      iradjbmi rs17052061
[1] "SPLICING EVENT"
[1] "chr3:52414048:52414496:clu_46800_+:ENSG00000010318.22"
Harmonising fat_distr (fat_distr) and Outcome (Outcome)
Harmonising fat_distr (fat_distr) and Outcome (Outcome)
[1] 337
[1] 337
  iteration traits posterior_prob regional_prob candidate_snp
1         1   None             NA        0.0108            NA
  posterior_explained_by_snp dropped_trait   lead_snp
1                         NA      iradjbmi rs17052061
[1] "SPLICING EVENT"
[1] "chr3:52414587:52414728:clu_46801_+:ENSG00000010318.22"
Harmonising fat_distr (fat_distr) and Outcome (Outcome)
Harmonising fat_distr (fat_distr) and Outcome (Outcome)
[1] 337
[1] 337
  iteration traits posterior_prob regional_prob candidate_snp
1         1   None             NA        0.0548            NA
  posterior_explained_by_snp dropped_trait   lead_snp
1                         NA      iradjbmi rs17052061
[1] "SPLICING EVENT"
[1] "chr3:52414587:52419833:clu_46801_+:ENSG00000010318.22"
Harmonising fat_distr (fat_distr) and Outcome (Outcome)
Harmonising fat_distr (fat_distr) and Outcome (Outcome)
[1] 337
[1] 337
  iteration traits posterior_prob regional_prob candidate_snp
1         1   None             NA        0.0135            NA
  posterior_explained_by_snp dropped_trait   lead_snp
1                         NA      iradjbmi rs17052061
[1] "SPLICING EVENT"
[1] "chr3:52419934:52420311:clu_46802_+:ENSG00000010318.22"
Harmonising fat_distr (fat_distr) and Outcome (Outcome)
Harmonising fat_distr (fat_distr) and Outcome (Outcome)
[1] 337
[1] 337
  iteration traits posterior_prob regional_prob candidate_snp
1         1   None             NA        0.0129            NA
  posterior_explained_by_snp dropped_trait   lead_snp
1                         NA      iradjbmi rs17052061
[1] "SPLICING EVENT"
[1] "chr3:52420435:52420903:clu_46802_+:ENSG00000010318.22"
Harmonising fat_distr (fat_distr) and Outcome (Outcome)
Harmonising fat_distr (fat_distr) and Outcome (Outcome)
[1] 337
[1] 337
  iteration traits posterior_prob regional_prob candidate_snp
1         1   None             NA        0.0133            NA
  posterior_explained_by_snp dropped_trait   lead_snp
1                         NA      iradjbmi rs17052061
[1] "SPLICING EVENT"
[1] "chr3:52421754:52422222:clu_46803_+:ENSG00000010318.22"
Harmonising fat_distr (fat_distr) and Outcome (Outcome)
Harmonising fat_distr (fat_distr) and Outcome (Outcome)
[1] 337
[1] 337
  iteration traits posterior_prob regional_prob candidate_snp
1         1   None             NA        0.0167            NA
  posterior_explained_by_snp dropped_trait   lead_snp
1                         NA      iradjbmi rs17052061
[1] "SPLICING EVENT"
[1] "chr3:52421754:52422760:clu_46803_+:ENSG00000010318.22"
Harmonising fat_distr (fat_distr) and Outcome (Outcome)
Harmonising fat_distr (fat_distr) and Outcome (Outcome)
[1] 337
[1] 337
  iteration traits posterior_prob regional_prob candidate_snp
1         1   None             NA        0.0086            NA
  posterior_explained_by_snp dropped_trait   lead_snp
1                         NA      iradjbmi rs17052061
[1] "SPLICING EVENT"
[1] "chr3:52421754:52423091:clu_46803_+:ENSG00000010318.22"
Harmonising fat_distr (fat_distr) and Outcome (Outcome)
Harmonising fat_distr (fat_distr) and Outcome (Outcome)
[1] 337
[1] 337
  iteration traits posterior_prob regional_prob candidate_snp
1         1   None             NA        0.0083            NA
  posterior_explained_by_snp dropped_trait   lead_snp
1                         NA      iradjbmi rs17052061
[1] "SPLICING EVENT"
[1] "chr3:52422338:52422760:clu_46803_+:ENSG00000010318.22"
Harmonising fat_distr (fat_distr) and Outcome (Outcome)
Harmonising fat_distr (fat_distr) and Outcome (Outcome)
[1] 337
[1] 337
  iteration traits posterior_prob regional_prob candidate_snp
1         1   None             NA        0.0208            NA
  posterior_explained_by_snp dropped_trait   lead_snp
1                         NA      iradjbmi rs17052061
[1] "SPLICING EVENT"
[1] "chr3:52422881:52423091:clu_46803_+:ENSG00000010318.22"
Harmonising fat_distr (fat_distr) and Outcome (Outcome)
Harmonising fat_distr (fat_distr) and Outcome (Outcome)
[1] 337
[1] 337
  iteration traits posterior_prob regional_prob candidate_snp
1         1   None             NA        0.0108            NA
  posterior_explained_by_snp dropped_trait   lead_snp
1                         NA      iradjbmi rs17052061
[1] "SPLICING EVENT"
[1] "chr3:52436073:52437527:clu_44786_-:ENSG00000010319.7"
Harmonising fat_distr (fat_distr) and Outcome (Outcome)
Harmonising fat_distr (fat_distr) and Outcome (Outcome)
[1] 337
[1] 337
  iteration traits posterior_prob regional_prob candidate_snp
1         1   None             NA        0.0199            NA
  posterior_explained_by_snp dropped_trait   lead_snp
1                         NA      iradjbmi rs17052061
[1] "SPLICING EVENT"
[1] "chr3:52436073:52437971:clu_44786_-:ENSG00000010319.7"
Harmonising fat_distr (fat_distr) and Outcome (Outcome)
Harmonising fat_distr (fat_distr) and Outcome (Outcome)
[1] 337
[1] 337
  iteration traits posterior_prob regional_prob candidate_snp
1         1   None             NA        0.0071            NA
  posterior_explained_by_snp dropped_trait   lead_snp
1                         NA      iradjbmi rs17052061
[1] "SPLICING EVENT"
[1] "chr3:52437666:52437971:clu_44786_-:ENSG00000010319.7"
Harmonising fat_distr (fat_distr) and Outcome (Outcome)
Harmonising fat_distr (fat_distr) and Outcome (Outcome)
[1] 337
[1] 337
  iteration traits posterior_prob regional_prob candidate_snp
1         1   None             NA        0.0179            NA
  posterior_explained_by_snp dropped_trait   lead_snp
1                         NA      iradjbmi rs17052061
[1] "SPLICING EVENT"
[1] "chr3:52438199:52438745:clu_44787_-:ENSG00000010319.7"
Harmonising fat_distr (fat_distr) and Outcome (Outcome)
Harmonising fat_distr (fat_distr) and Outcome (Outcome)
[1] 337
[1] 337
  iteration traits posterior_prob regional_prob candidate_snp
1         1   None             NA         0.007            NA
  posterior_explained_by_snp dropped_trait   lead_snp
1                         NA      iradjbmi rs17052061
[1] "SPLICING EVENT"
[1] "chr3:52438199:52438920:clu_44787_-:ENSG00000010319.7"
Harmonising fat_distr (fat_distr) and Outcome (Outcome)
Harmonising fat_distr (fat_distr) and Outcome (Outcome)
[1] 337
[1] 337
  iteration traits posterior_prob regional_prob candidate_snp
1         1   None             NA        0.0073            NA
  posterior_explained_by_snp dropped_trait   lead_snp
1                         NA      iradjbmi rs17052061
[1] "SPLICING EVENT"
[1] "chr3:52439736:52439867:clu_44788_-:ENSG00000010319.7"
Harmonising fat_distr (fat_distr) and Outcome (Outcome)
Harmonising fat_distr (fat_distr) and Outcome (Outcome)
[1] 337
[1] 337
  iteration traits posterior_prob regional_prob candidate_snp
1         1   None             NA        0.0089            NA
  posterior_explained_by_snp dropped_trait   lead_snp
1                         NA      iradjbmi rs17052061
[1] "SPLICING EVENT"
[1] "chr3:52439771:52439867:clu_44788_-:ENSG00000010319.7"
Harmonising fat_distr (fat_distr) and Outcome (Outcome)
Harmonising fat_distr (fat_distr) and Outcome (Outcome)
[1] 337
[1] 337
  iteration traits posterior_prob regional_prob candidate_snp
1         1   None             NA        0.0091            NA
  posterior_explained_by_snp dropped_trait   lead_snp
1                         NA      iradjbmi rs17052061
[1] "SPLICING EVENT"
[1] "chr3:52440098:52440377:clu_44789_-:ENSG00000010319.7"
Harmonising fat_distr (fat_distr) and Outcome (Outcome)
Harmonising fat_distr (fat_distr) and Outcome (Outcome)
[1] 337
[1] 337
  iteration traits posterior_prob regional_prob candidate_snp
1         1   None             NA        0.0103            NA
  posterior_explained_by_snp dropped_trait   lead_snp
1                         NA      iradjbmi rs17052061
[1] "SPLICING EVENT"
[1] "chr3:52440098:52440754:clu_44789_-:ENSG00000010319.7"
Harmonising fat_distr (fat_distr) and Outcome (Outcome)
Harmonising fat_distr (fat_distr) and Outcome (Outcome)
[1] 337
[1] 337
  iteration traits posterior_prob regional_prob candidate_snp
1         1   None             NA        0.0079            NA
  posterior_explained_by_snp dropped_trait   lead_snp
1                         NA      iradjbmi rs17052061
[1] "SPLICING EVENT"
[1] "chr3:52440521:52440754:clu_44789_-:ENSG00000010319.7"
Harmonising fat_distr (fat_distr) and Outcome (Outcome)
Harmonising fat_distr (fat_distr) and Outcome (Outcome)
[1] 337
[1] 337
  iteration traits posterior_prob regional_prob candidate_snp
1         1   None             NA        0.0098            NA
  posterior_explained_by_snp dropped_trait   lead_snp
1                         NA      iradjbmi rs17052061
[1] "SPLICING EVENT"
[1] "chr3:52441690:52441819:clu_44792_-:ENSG00000010319.7"
Harmonising fat_distr (fat_distr) and Outcome (Outcome)
Harmonising fat_distr (fat_distr) and Outcome (Outcome)
[1] 337
[1] 337
  iteration traits posterior_prob regional_prob candidate_snp
1         1   None             NA         0.009            NA
  posterior_explained_by_snp dropped_trait   lead_snp
1                         NA      iradjbmi rs17052061
[1] "SPLICING EVENT"
[1] "chr3:52441690:52442185:clu_44792_-:ENSG00000010319.7"
Harmonising fat_distr (fat_distr) and Outcome (Outcome)
Harmonising fat_distr (fat_distr) and Outcome (Outcome)
[1] 337
[1] 337
  iteration traits posterior_prob regional_prob candidate_snp
1         1   None             NA        0.0073            NA
  posterior_explained_by_snp dropped_trait   lead_snp
1                         NA      iradjbmi rs17052061
[1] "SPLICING EVENT"
[1] "chr3:52441909:52442185:clu_44792_-:ENSG00000010319.7"
Harmonising fat_distr (fat_distr) and Outcome (Outcome)
Harmonising fat_distr (fat_distr) and Outcome (Outcome)
[1] 337
[1] 337
  iteration traits posterior_prob regional_prob candidate_snp
1         1   None             NA        0.0099            NA
  posterior_explained_by_snp dropped_trait   lead_snp
1                         NA      iradjbmi rs17052061
[1] "SPLICING EVENT"
[1] "chr3:52442300:52442559:clu_44793_-:ENSG00000010319.7"
Harmonising fat_distr (fat_distr) and Outcome (Outcome)
Harmonising fat_distr (fat_distr) and Outcome (Outcome)
[1] 337
[1] 337
  iteration traits posterior_prob regional_prob candidate_snp
1         1   None             NA        0.0076            NA
  posterior_explained_by_snp dropped_trait   lead_snp
1                         NA      iradjbmi rs17052061
[1] "SPLICING EVENT"
[1] "chr3:52442304:52442559:clu_44793_-:ENSG00000010319.7"
Harmonising fat_distr (fat_distr) and Outcome (Outcome)
Harmonising fat_distr (fat_distr) and Outcome (Outcome)
[1] 337
[1] 337
  iteration traits posterior_prob regional_prob candidate_snp
1         1   None             NA         0.091            NA
  posterior_explained_by_snp dropped_trait   lead_snp
1                         NA      iradjbmi rs17052061
[1] "SPLICING EVENT"
[1] "chr3:52442304:52442747:clu_44793_-:ENSG00000010319.7"
Harmonising fat_distr (fat_distr) and Outcome (Outcome)
Harmonising fat_distr (fat_distr) and Outcome (Outcome)
[1] 337
[1] 337
  iteration traits posterior_prob regional_prob candidate_snp
1         1   None             NA        0.0422            NA
  posterior_explained_by_snp dropped_trait   lead_snp
1                         NA      iradjbmi rs17052061
[1] "SPLICING EVENT"
[1] "chr3:52442304:52444913:clu_44793_-:ENSG00000010319.7"
Harmonising fat_distr (fat_distr) and Outcome (Outcome)
Harmonising fat_distr (fat_distr) and Outcome (Outcome)
[1] 337
[1] 337
  iteration traits posterior_prob regional_prob candidate_snp
1         1   None             NA        0.0066            NA
  posterior_explained_by_snp dropped_trait   lead_snp
1                         NA      iradjbmi rs17052061
[1] "SPLICING EVENT"
[1] "chr3:52442621:52442747:clu_44793_-:ENSG00000010319.7"
Harmonising fat_distr (fat_distr) and Outcome (Outcome)
Harmonising fat_distr (fat_distr) and Outcome (Outcome)
[1] 337
[1] 337
  iteration traits posterior_prob regional_prob candidate_snp
1         1   None             NA         0.027            NA
  posterior_explained_by_snp dropped_trait   lead_snp
1                         NA      iradjbmi rs17052061
[1] "SPLICING EVENT"
[1] "chr3:52442863:52444913:clu_44793_-:ENSG00000010319.7"
Harmonising fat_distr (fat_distr) and Outcome (Outcome)
Harmonising fat_distr (fat_distr) and Outcome (Outcome)
[1] 337
[1] 337
  iteration traits posterior_prob regional_prob candidate_snp
1         1   None             NA        0.0094            NA
  posterior_explained_by_snp dropped_trait   lead_snp
1                         NA      iradjbmi rs17052061
[1] "SPLICING EVENT"
[1] "chr3:52442907:52443016:clu_44793_-:ENSG00000010319.7"
Harmonising fat_distr (fat_distr) and Outcome (Outcome)
Harmonising fat_distr (fat_distr) and Outcome (Outcome)
[1] 337
[1] 337
  iteration                                                         traits
1         1 iradjbmi, chr3:52442907:52443016:clu_44793_-:ENSG00000010319.7
  posterior_prob regional_prob candidate_snp posterior_explained_by_snp
1          0.934             1     rs2016575                     0.9931
  dropped_trait   lead_snp
1            NA rs17052061
[1] "SPLICING EVENT"
[1] "chr3:52442907:52444913:clu_44793_-:ENSG00000010319.7"
Harmonising fat_distr (fat_distr) and Outcome (Outcome)
Harmonising fat_distr (fat_distr) and Outcome (Outcome)
[1] 337
[1] 337
  iteration                                                         traits
1         1 iradjbmi, chr3:52442907:52444913:clu_44793_-:ENSG00000010319.7
  posterior_prob regional_prob candidate_snp posterior_explained_by_snp
1           0.95             1    rs11714402                       0.35
  dropped_trait   lead_snp
1            NA rs17052061
[1] "SPLICING EVENT"
[1] "chr3:52443069:52444913:clu_44793_-:ENSG00000010319.7"
Harmonising fat_distr (fat_distr) and Outcome (Outcome)
Harmonising fat_distr (fat_distr) and Outcome (Outcome)
[1] 337
[1] 337
  iteration                                                         traits
1         1 iradjbmi, chr3:52443069:52444913:clu_44793_-:ENSG00000010319.7
  posterior_prob regional_prob candidate_snp posterior_explained_by_snp
1         0.9339             1     rs2016575                          1
  dropped_trait   lead_snp
1            NA rs17052061
[1] "SPLICING EVENT"
[1] "chr3:52458844:52470859:clu_46804_+:ENSG00000010322.16"
Harmonising fat_distr (fat_distr) and Outcome (Outcome)
Harmonising fat_distr (fat_distr) and Outcome (Outcome)
[1] 337
[1] 337
  iteration traits posterior_prob regional_prob candidate_snp
1         1   None             NA          0.01            NA
  posterior_explained_by_snp dropped_trait   lead_snp
1                         NA      iradjbmi rs17052061
[1] "SPLICING EVENT"
[1] "chr3:52470907:52471814:clu_46805_+:ENSG00000010322.16"
Harmonising fat_distr (fat_distr) and Outcome (Outcome)
Harmonising fat_distr (fat_distr) and Outcome (Outcome)
[1] 337
[1] 337
  iteration traits posterior_prob regional_prob candidate_snp
1         1   None             NA        0.0124            NA
  posterior_explained_by_snp dropped_trait   lead_snp
1                         NA      iradjbmi rs17052061
[1] "SPLICING EVENT"
[1] "chr3:52471977:52472303:clu_46805_+:ENSG00000010322.16"
Harmonising fat_distr (fat_distr) and Outcome (Outcome)
Harmonising fat_distr (fat_distr) and Outcome (Outcome)
[1] 337
[1] 337
  iteration traits posterior_prob regional_prob candidate_snp
1         1   None             NA        0.0103            NA
  posterior_explained_by_snp dropped_trait   lead_snp
1                         NA      iradjbmi rs17052061
[1] "SPLICING EVENT"
[1] "chr3:52472398:52473734:clu_46806_+:ENSG00000010322.16"
Harmonising fat_distr (fat_distr) and Outcome (Outcome)
Harmonising fat_distr (fat_distr) and Outcome (Outcome)
[1] 337
[1] 337
  iteration traits posterior_prob regional_prob candidate_snp
1         1   None             NA        0.0089            NA
  posterior_explained_by_snp dropped_trait   lead_snp
1                         NA      iradjbmi rs17052061
[1] "SPLICING EVENT"
[1] "chr3:52473829:52474139:clu_46807_+:ENSG00000010322.16"
Harmonising fat_distr (fat_distr) and Outcome (Outcome)
Harmonising fat_distr (fat_distr) and Outcome (Outcome)
[1] 337
[1] 337
  iteration traits posterior_prob regional_prob candidate_snp
1         1   None             NA        0.0094            NA
  posterior_explained_by_snp dropped_trait   lead_snp
1                         NA      iradjbmi rs17052061
[1] "SPLICING EVENT"
[1] "chr3:52473829:52476447:clu_46807_+:ENSG00000010322.16"
Harmonising fat_distr (fat_distr) and Outcome (Outcome)
Harmonising fat_distr (fat_distr) and Outcome (Outcome)
[1] 337
[1] 337
  iteration traits posterior_prob regional_prob candidate_snp
1         1   None             NA        0.0103            NA
  posterior_explained_by_snp dropped_trait   lead_snp
1                         NA      iradjbmi rs17052061
[1] "SPLICING EVENT"
[1] "chr3:52473829:52477574:clu_46807_+:ENSG00000010322.16"
Harmonising fat_distr (fat_distr) and Outcome (Outcome)
Harmonising fat_distr (fat_distr) and Outcome (Outcome)
[1] 337
[1] 337
  iteration traits posterior_prob regional_prob candidate_snp
1         1   None             NA        0.0223            NA
  posterior_explained_by_snp dropped_trait   lead_snp
1                         NA      iradjbmi rs17052061
[1] "SPLICING EVENT"
[1] "chr3:52476599:52477574:clu_46807_+:ENSG00000010322.16"
Harmonising fat_distr (fat_distr) and Outcome (Outcome)
Harmonising fat_distr (fat_distr) and Outcome (Outcome)
[1] 337
[1] 337
  iteration traits posterior_prob regional_prob candidate_snp
1         1   None             NA        0.0095            NA
  posterior_explained_by_snp dropped_trait   lead_snp
1                         NA      iradjbmi rs17052061
[1] "SPLICING EVENT"
[1] "chr3:52477642:52478097:clu_46808_+:ENSG00000010322.16"
Harmonising fat_distr (fat_distr) and Outcome (Outcome)
Harmonising fat_distr (fat_distr) and Outcome (Outcome)
[1] 337
[1] 337
  iteration traits posterior_prob regional_prob candidate_snp
1         1   None             NA        0.0535            NA
  posterior_explained_by_snp dropped_trait   lead_snp
1                         NA      iradjbmi rs17052061
[1] "SPLICING EVENT"
[1] "chr3:52477642:52478155:clu_46808_+:ENSG00000010322.16"
Harmonising fat_distr (fat_distr) and Outcome (Outcome)
Harmonising fat_distr (fat_distr) and Outcome (Outcome)
[1] 337
[1] 337
  iteration traits posterior_prob regional_prob candidate_snp
1         1   None             NA        0.0526            NA
  posterior_explained_by_snp dropped_trait   lead_snp
1                         NA      iradjbmi rs17052061
[1] "SPLICING EVENT"
[1] "chr3:52478282:52478373:clu_46809_+:ENSG00000010322.16"
Harmonising fat_distr (fat_distr) and Outcome (Outcome)
Harmonising fat_distr (fat_distr) and Outcome (Outcome)
[1] 337
[1] 337
  iteration traits posterior_prob regional_prob candidate_snp
1         1   None             NA        0.0117            NA
  posterior_explained_by_snp dropped_trait   lead_snp
1                         NA      iradjbmi rs17052061
[1] "SPLICING EVENT"
[1] "chr3:52478282:52478375:clu_46809_+:ENSG00000010322.16"
Harmonising fat_distr (fat_distr) and Outcome (Outcome)
Harmonising fat_distr (fat_distr) and Outcome (Outcome)
[1] 337
[1] 337
  iteration traits posterior_prob regional_prob candidate_snp
1         1   None             NA        0.0098            NA
  posterior_explained_by_snp dropped_trait   lead_snp
1                         NA      iradjbmi rs17052061
[1] "SPLICING EVENT"
[1] "chr3:52478282:52478449:clu_46809_+:ENSG00000010322.16"
Harmonising fat_distr (fat_distr) and Outcome (Outcome)
Harmonising fat_distr (fat_distr) and Outcome (Outcome)
[1] 337
[1] 337
  iteration traits posterior_prob regional_prob candidate_snp
1         1   None             NA        0.0114            NA
  posterior_explained_by_snp dropped_trait   lead_snp
1                         NA      iradjbmi rs17052061
[1] "SPLICING EVENT"
[1] "chr3:52480295:52480879:clu_46811_+:ENSG00000010322.16"
Harmonising fat_distr (fat_distr) and Outcome (Outcome)
Harmonising fat_distr (fat_distr) and Outcome (Outcome)
[1] 337
[1] 337
  iteration traits posterior_prob regional_prob candidate_snp
1         1   None             NA        0.0329            NA
  posterior_explained_by_snp dropped_trait   lead_snp
1                         NA      iradjbmi rs17052061
[1] "SPLICING EVENT"
[1] "chr3:52480295:52482642:clu_46811_+:ENSG00000010322.16"
Harmonising fat_distr (fat_distr) and Outcome (Outcome)
Harmonising fat_distr (fat_distr) and Outcome (Outcome)
[1] 337
[1] 337
  iteration traits posterior_prob regional_prob candidate_snp
1         1   None             NA        0.0133            NA
  posterior_explained_by_snp dropped_trait   lead_snp
1                         NA      iradjbmi rs17052061
[1] "SPLICING EVENT"
[1] "chr3:52480295:52484513:clu_46811_+:ENSG00000010322.16"
Harmonising fat_distr (fat_distr) and Outcome (Outcome)
Harmonising fat_distr (fat_distr) and Outcome (Outcome)
[1] 337
[1] 337
  iteration traits posterior_prob regional_prob candidate_snp
1         1   None             NA        0.0126            NA
  posterior_explained_by_snp dropped_trait   lead_snp
1                         NA      iradjbmi rs17052061
[1] "SPLICING EVENT"
[1] "chr3:52480303:52480879:clu_46811_+:ENSG00000010322.16"
Harmonising fat_distr (fat_distr) and Outcome (Outcome)
Harmonising fat_distr (fat_distr) and Outcome (Outcome)
[1] 337
[1] 337
  iteration traits posterior_prob regional_prob candidate_snp
1         1   None             NA        0.0095            NA
  posterior_explained_by_snp dropped_trait   lead_snp
1                         NA      iradjbmi rs17052061
[1] "SPLICING EVENT"
[1] "chr3:52482767:52484513:clu_46811_+:ENSG00000010322.16"
Harmonising fat_distr (fat_distr) and Outcome (Outcome)
Harmonising fat_distr (fat_distr) and Outcome (Outcome)
[1] 337
[1] 337
  iteration traits posterior_prob regional_prob candidate_snp
1         1   None             NA        0.0498            NA
  posterior_explained_by_snp dropped_trait   lead_snp
1                         NA      iradjbmi rs17052061
[1] "SPLICING EVENT"
[1] "chr3:52484637:52485778:clu_46812_+:ENSG00000010322.16"
Harmonising fat_distr (fat_distr) and Outcome (Outcome)
Harmonising fat_distr (fat_distr) and Outcome (Outcome)
[1] 337
[1] 337
  iteration traits posterior_prob regional_prob candidate_snp
1         1   None             NA        0.0458            NA
  posterior_explained_by_snp dropped_trait   lead_snp
1                         NA      iradjbmi rs17052061
[1] "SPLICING EVENT"
[1] "chr3:52484637:52485782:clu_46812_+:ENSG00000010322.16"
Harmonising fat_distr (fat_distr) and Outcome (Outcome)
Harmonising fat_distr (fat_distr) and Outcome (Outcome)
[1] 337
[1] 337
  iteration traits posterior_prob regional_prob candidate_snp
1         1   None             NA         0.048            NA
  posterior_explained_by_snp dropped_trait   lead_snp
1                         NA      iradjbmi rs17052061
[1] "SPLICING EVENT"
[1] "chr3:52485827:52487196:clu_46813_+:ENSG00000010322.16"
Harmonising fat_distr (fat_distr) and Outcome (Outcome)
Harmonising fat_distr (fat_distr) and Outcome (Outcome)
[1] 337
[1] 337
  iteration traits posterior_prob regional_prob candidate_snp
1         1   None             NA        0.0325            NA
  posterior_explained_by_snp dropped_trait   lead_snp
1                         NA      iradjbmi rs17052061
[1] "SPLICING EVENT"
[1] "chr3:52486552:52487196:clu_46813_+:ENSG00000010322.16"
Harmonising fat_distr (fat_distr) and Outcome (Outcome)
Harmonising fat_distr (fat_distr) and Outcome (Outcome)
[1] 337
[1] 337
  iteration traits posterior_prob regional_prob candidate_snp
1         1   None             NA        0.0237            NA
  posterior_explained_by_snp dropped_trait   lead_snp
1                         NA      iradjbmi rs17052061
[1] "SPLICING EVENT"
[1] "chr3:52489678:52490075:clu_46814_+:ENSG00000010322.16"
Harmonising fat_distr (fat_distr) and Outcome (Outcome)
Harmonising fat_distr (fat_distr) and Outcome (Outcome)
[1] 337
[1] 337
  iteration traits posterior_prob regional_prob candidate_snp
1         1   None             NA        0.0091            NA
  posterior_explained_by_snp dropped_trait   lead_snp
1                         NA      iradjbmi rs17052061
[1] "SPLICING EVENT"
[1] "chr3:52489678:52490705:clu_46814_+:ENSG00000010322.16"
Harmonising fat_distr (fat_distr) and Outcome (Outcome)
Harmonising fat_distr (fat_distr) and Outcome (Outcome)
[1] 337
[1] 337
  iteration traits posterior_prob regional_prob candidate_snp
1         1   None             NA        0.0076            NA
  posterior_explained_by_snp dropped_trait   lead_snp
1                         NA      iradjbmi rs17052061
[1] "SPLICING EVENT"
[1] "chr3:52489678:52491352:clu_46814_+:ENSG00000010322.16"
Harmonising fat_distr (fat_distr) and Outcome (Outcome)
Harmonising fat_distr (fat_distr) and Outcome (Outcome)
[1] 337
[1] 337
  iteration traits posterior_prob regional_prob candidate_snp
1         1   None             NA        0.0867            NA
  posterior_explained_by_snp dropped_trait   lead_snp
1                         NA      iradjbmi rs17052061
[1] "SPLICING EVENT"
[1] "chr3:52490231:52490705:clu_46814_+:ENSG00000010322.16"
Harmonising fat_distr (fat_distr) and Outcome (Outcome)
Harmonising fat_distr (fat_distr) and Outcome (Outcome)
[1] 337
[1] 337
  iteration traits posterior_prob regional_prob candidate_snp
1         1   None             NA        0.0088            NA
  posterior_explained_by_snp dropped_trait   lead_snp
1                         NA      iradjbmi rs17052061
[1] "SPLICING EVENT"
[1] "chr3:52490231:52491352:clu_46814_+:ENSG00000010322.16"
Harmonising fat_distr (fat_distr) and Outcome (Outcome)
Harmonising fat_distr (fat_distr) and Outcome (Outcome)
[1] 337
[1] 337
  iteration traits posterior_prob regional_prob candidate_snp
1         1   None             NA         0.065            NA
  posterior_explained_by_snp dropped_trait   lead_snp
1                         NA      iradjbmi rs17052061
[1] "SPLICING EVENT"
[1] "chr3:52490833:52491352:clu_46814_+:ENSG00000010322.16"
Harmonising fat_distr (fat_distr) and Outcome (Outcome)
Harmonising fat_distr (fat_distr) and Outcome (Outcome)
[1] 337
[1] 337
  iteration traits posterior_prob regional_prob candidate_snp
1         1   None             NA        0.0136            NA
  posterior_explained_by_snp dropped_trait   lead_snp
1                         NA      iradjbmi rs17052061
[1] "SPLICING EVENT"
[1] "chr3:52491513:52491872:clu_46817_+:ENSG00000010322.16"
Harmonising fat_distr (fat_distr) and Outcome (Outcome)
Harmonising fat_distr (fat_distr) and Outcome (Outcome)
[1] 337
[1] 337
  iteration traits posterior_prob regional_prob candidate_snp
1         1   None             NA        0.0093            NA
  posterior_explained_by_snp dropped_trait   lead_snp
1                         NA      iradjbmi rs17052061
[1] "SPLICING EVENT"
[1] "chr3:52491513:52491877:clu_46817_+:ENSG00000010322.16"
Harmonising fat_distr (fat_distr) and Outcome (Outcome)
Harmonising fat_distr (fat_distr) and Outcome (Outcome)
[1] 337
[1] 337
  iteration traits posterior_prob regional_prob candidate_snp
1         1   None             NA          0.01            NA
  posterior_explained_by_snp dropped_trait   lead_snp
1                         NA      iradjbmi rs17052061
[1] "LEAD INDEX"
[1] 12
[1] "LEAD INDEX"
[1] 13
[1] "SPLICING EVENT"
[1] "chr3:136152738:136194972:clu_45454_-:ENSG00000174579.4"
Harmonising fat_distr (fat_distr) and Outcome (Outcome)
Harmonising fat_distr (fat_distr) and Outcome (Outcome)
[1] 274
[1] 274
  iteration traits posterior_prob regional_prob candidate_snp
1         1   None             NA        0.0154            NA
  posterior_explained_by_snp dropped_trait lead_snp
1                         NA      iradjbmi rs645040
[1] "LEAD INDEX"
[1] 14
[1] "CHROMOSOME"
[1] 4
[1] "LEAD INDEX"
[1] 1
[1] "LEAD INDEX"
[1] 2
[1] "LEAD INDEX"
[1] 3
[1] "SPLICING EVENT"
[1] "chr4:961578:961688:clu_49296_-:ENSG00000145214.14"
Harmonising fat_distr (fat_distr) and Outcome (Outcome)
Harmonising fat_distr (fat_distr) and Outcome (Outcome)
[1] 391
[1] 391
  iteration traits posterior_prob regional_prob candidate_snp
1         1   None             NA        0.0121            NA
  posterior_explained_by_snp dropped_trait   lead_snp
1                         NA      iradjbmi rs11724804
[1] "SPLICING EVENT"
[1] "chr4:961834:961982:clu_49296_-:ENSG00000145214.14"
Harmonising fat_distr (fat_distr) and Outcome (Outcome)
Harmonising fat_distr (fat_distr) and Outcome (Outcome)
[1] 391
[1] 391
  iteration traits posterior_prob regional_prob candidate_snp
1         1   None             NA        0.0121            NA
  posterior_explained_by_snp dropped_trait   lead_snp
1                         NA      iradjbmi rs11724804
[1] "SPLICING EVENT"
[1] "chr4:962613:962772:clu_49297_-:ENSG00000145214.14"
Harmonising fat_distr (fat_distr) and Outcome (Outcome)
Harmonising fat_distr (fat_distr) and Outcome (Outcome)
[1] 391
[1] 391
  iteration traits posterior_prob regional_prob candidate_snp
1         1   None             NA        0.4167            NA
  posterior_explained_by_snp dropped_trait   lead_snp
1                         NA      iradjbmi rs11724804
[1] "SPLICING EVENT"
[1] "chr4:962613:963139:clu_49297_-:ENSG00000145214.14"
Harmonising fat_distr (fat_distr) and Outcome (Outcome)
Harmonising fat_distr (fat_distr) and Outcome (Outcome)
[1] 391
[1] 391
  iteration traits posterior_prob regional_prob candidate_snp
1         1   None             NA        0.0121            NA
  posterior_explained_by_snp dropped_trait   lead_snp
1                         NA      iradjbmi rs11724804
[1] "SPLICING EVENT"
[1] "chr4:962920:963139:clu_49297_-:ENSG00000145214.14"
Harmonising fat_distr (fat_distr) and Outcome (Outcome)
Harmonising fat_distr (fat_distr) and Outcome (Outcome)
[1] 391
[1] 391
  iteration traits posterior_prob regional_prob candidate_snp
1         1   None             NA        0.0712            NA
  posterior_explained_by_snp dropped_trait   lead_snp
1                         NA      iradjbmi rs11724804
[1] "SPLICING EVENT"
[1] "chr4:963290:965176:clu_49298_-:ENSG00000145214.14"
Harmonising fat_distr (fat_distr) and Outcome (Outcome)
Harmonising fat_distr (fat_distr) and Outcome (Outcome)
[1] 391
[1] 391
  iteration traits posterior_prob regional_prob candidate_snp
1         1   None             NA        0.0528            NA
  posterior_explained_by_snp dropped_trait   lead_snp
1                         NA      iradjbmi rs11724804
[1] "SPLICING EVENT"
[1] "chr4:965291:965491:clu_49299_-:ENSG00000145214.14"
Harmonising fat_distr (fat_distr) and Outcome (Outcome)
Harmonising fat_distr (fat_distr) and Outcome (Outcome)
[1] 391
[1] 391
  iteration traits posterior_prob regional_prob candidate_snp
1         1   None             NA        0.0163            NA
  posterior_explained_by_snp dropped_trait   lead_snp
1                         NA      iradjbmi rs11724804
[1] "SPLICING EVENT"
[1] "chr4:965529:965928:clu_49299_-:ENSG00000145214.14"
Harmonising fat_distr (fat_distr) and Outcome (Outcome)
Harmonising fat_distr (fat_distr) and Outcome (Outcome)
[1] 391
[1] 391
  iteration traits posterior_prob regional_prob candidate_snp
1         1   None             NA        0.0091            NA
  posterior_explained_by_snp dropped_trait   lead_snp
1                         NA      iradjbmi rs11724804
[1] "SPLICING EVENT"
[1] "chr4:965529:966064:clu_49299_-:ENSG00000145214.14"
Harmonising fat_distr (fat_distr) and Outcome (Outcome)
Harmonising fat_distr (fat_distr) and Outcome (Outcome)
[1] 391
[1] 391
  iteration traits posterior_prob regional_prob candidate_snp
1         1   None             NA        0.0106            NA
  posterior_explained_by_snp dropped_trait   lead_snp
1                         NA      iradjbmi rs11724804
[1] "SPLICING EVENT"
[1] "chr4:966078:966466:clu_49299_-:ENSG00000145214.14"
Harmonising fat_distr (fat_distr) and Outcome (Outcome)
Harmonising fat_distr (fat_distr) and Outcome (Outcome)
[1] 391
[1] 391
  iteration traits posterior_prob regional_prob candidate_snp
1         1   None             NA        0.0103            NA
  posterior_explained_by_snp dropped_trait   lead_snp
1                         NA      iradjbmi rs11724804
[1] "SPLICING EVENT"
[1] "chr4:966301:966466:clu_49299_-:ENSG00000145214.14"
Harmonising fat_distr (fat_distr) and Outcome (Outcome)
Harmonising fat_distr (fat_distr) and Outcome (Outcome)
[1] 391
[1] 391
  iteration traits posterior_prob regional_prob candidate_snp
1         1   None             NA        0.0087            NA
  posterior_explained_by_snp dropped_trait   lead_snp
1                         NA      iradjbmi rs11724804
[1] "SPLICING EVENT"
[1] "chr4:968564:968811:clu_49305_-:ENSG00000145214.14"
Harmonising fat_distr (fat_distr) and Outcome (Outcome)
Harmonising fat_distr (fat_distr) and Outcome (Outcome)
[1] 391
[1] 391
  iteration traits posterior_prob regional_prob candidate_snp
1         1   None             NA        0.0146            NA
  posterior_explained_by_snp dropped_trait   lead_snp
1                         NA      iradjbmi rs11724804
[1] "SPLICING EVENT"
[1] "chr4:968910:970993:clu_49305_-:ENSG00000145214.14"
Harmonising fat_distr (fat_distr) and Outcome (Outcome)
Harmonising fat_distr (fat_distr) and Outcome (Outcome)
[1] 391
[1] 391
  iteration traits posterior_prob regional_prob candidate_snp
1         1   None             NA        0.0105            NA
  posterior_explained_by_snp dropped_trait   lead_snp
1                         NA      iradjbmi rs11724804
[1] "SPLICING EVENT"
[1] "chr4:987242:987809:clu_47969_+:ENSG00000127415.13"
Harmonising fat_distr (fat_distr) and Outcome (Outcome)
Harmonising fat_distr (fat_distr) and Outcome (Outcome)
[1] 391
[1] 391
  iteration                                                      traits
1         1 iradjbmi, chr4:987242:987809:clu_47969_+:ENSG00000127415.13
  posterior_prob regional_prob candidate_snp posterior_explained_by_snp
1         0.6224        0.9803     rs4690326                     0.8438
  dropped_trait   lead_snp
1            NA rs11724804
[1] "SPLICING EVENT"
[1] "chr4:987911:1000612:clu_47969_+:ENSG00000127415.13"
Harmonising fat_distr (fat_distr) and Outcome (Outcome)
Harmonising fat_distr (fat_distr) and Outcome (Outcome)
[1] 391
[1] 391
  iteration traits posterior_prob regional_prob candidate_snp
1         1   None             NA        0.0496            NA
  posterior_explained_by_snp dropped_trait   lead_snp
1                         NA      iradjbmi rs11724804
[1] "SPLICING EVENT"
[1] "chr4:987949:989231:clu_47969_+:ENSG00000127415.13"
Harmonising fat_distr (fat_distr) and Outcome (Outcome)
Harmonising fat_distr (fat_distr) and Outcome (Outcome)
[1] 391
[1] 391
  iteration traits posterior_prob regional_prob candidate_snp
1         1   None             NA        0.1187            NA
  posterior_explained_by_snp                                     dropped_trait
1                         NA chr4:987949:989231:clu_47969_+:ENSG00000127415.13
    lead_snp
1 rs11724804
[1] "SPLICING EVENT"
[1] "chr4:987949:1000612:clu_47969_+:ENSG00000127415.13"
Harmonising fat_distr (fat_distr) and Outcome (Outcome)
Harmonising fat_distr (fat_distr) and Outcome (Outcome)
[1] 391
[1] 391
  iteration traits posterior_prob regional_prob candidate_snp
1         1   None             NA        0.1196            NA
  posterior_explained_by_snp                                      dropped_trait
1                         NA chr4:987949:1000612:clu_47969_+:ENSG00000127415.13
    lead_snp
1 rs11724804
[1] "SPLICING EVENT"
[1] "chr4:991940:1000612:clu_47969_+:ENSG00000127415.13"
Harmonising fat_distr (fat_distr) and Outcome (Outcome)
Harmonising fat_distr (fat_distr) and Outcome (Outcome)
[1] 391
[1] 391
  iteration traits posterior_prob regional_prob candidate_snp
1         1   None             NA        0.1251            NA
  posterior_explained_by_snp                                      dropped_trait
1                         NA chr4:991940:1000612:clu_47969_+:ENSG00000127415.13
    lead_snp
1 rs11724804
[1] "SPLICING EVENT"
[1] "chr4:992230:1000612:clu_47969_+:ENSG00000127415.13"
Harmonising fat_distr (fat_distr) and Outcome (Outcome)
Harmonising fat_distr (fat_distr) and Outcome (Outcome)
[1] 391
[1] 391
  iteration traits posterior_prob regional_prob candidate_snp
1         1   None             NA        0.0095            NA
  posterior_explained_by_snp dropped_trait   lead_snp
1                         NA      iradjbmi rs11724804
[1] "SPLICING EVENT"
[1] "chr4:1000064:1000612:clu_47969_+:ENSG00000127415.13"
Harmonising fat_distr (fat_distr) and Outcome (Outcome)
Harmonising fat_distr (fat_distr) and Outcome (Outcome)
[1] 391
[1] 391
  iteration traits posterior_prob regional_prob candidate_snp
1         1   None             NA        0.0144            NA
  posterior_explained_by_snp
1                         NA
                                        dropped_trait   lead_snp
1 chr4:1000064:1000612:clu_47969_+:ENSG00000127415.13 rs11724804
[1] "SPLICING EVENT"
[1] "chr4:1000697:1000882:clu_47970_+:ENSG00000127415.13"
Harmonising fat_distr (fat_distr) and Outcome (Outcome)
Harmonising fat_distr (fat_distr) and Outcome (Outcome)
[1] 391
[1] 391
  iteration traits posterior_prob regional_prob candidate_snp
1         1   None             NA        0.2362            NA
  posterior_explained_by_snp dropped_trait   lead_snp
1                         NA      iradjbmi rs11724804
[1] "SPLICING EVENT"
[1] "chr4:1000989:1001285:clu_47970_+:ENSG00000127415.13"
Harmonising fat_distr (fat_distr) and Outcome (Outcome)
Harmonising fat_distr (fat_distr) and Outcome (Outcome)
[1] 391
[1] 391
  iteration traits posterior_prob regional_prob candidate_snp
1         1   None             NA        0.5485            NA
  posterior_explained_by_snp dropped_trait   lead_snp
1                         NA      iradjbmi rs11724804
[1] "SPLICING EVENT"
[1] "chr4:1000989:1001468:clu_47970_+:ENSG00000127415.13"
Harmonising fat_distr (fat_distr) and Outcome (Outcome)
Harmonising fat_distr (fat_distr) and Outcome (Outcome)
[1] 391
[1] 391
  iteration traits posterior_prob regional_prob candidate_snp
1         1   None             NA        0.0142            NA
  posterior_explained_by_snp
1                         NA
                                        dropped_trait   lead_snp
1 chr4:1000989:1001468:clu_47970_+:ENSG00000127415.13 rs11724804
[1] "SPLICING EVENT"
[1] "chr4:1000989:1001472:clu_47970_+:ENSG00000127415.13"
Harmonising fat_distr (fat_distr) and Outcome (Outcome)
Harmonising fat_distr (fat_distr) and Outcome (Outcome)
[1] 391
[1] 391
  iteration traits posterior_prob regional_prob candidate_snp
1         1   None             NA        0.0169            NA
  posterior_explained_by_snp dropped_trait   lead_snp
1                         NA      iradjbmi rs11724804
[1] "SPLICING EVENT"
[1] "chr4:1001563:1001646:clu_47971_+:ENSG00000127415.13"
Harmonising fat_distr (fat_distr) and Outcome (Outcome)
Harmonising fat_distr (fat_distr) and Outcome (Outcome)
[1] 391
[1] 391
  iteration traits posterior_prob regional_prob candidate_snp
1         1   None             NA        0.0228            NA
  posterior_explained_by_snp dropped_trait   lead_snp
1                         NA      iradjbmi rs11724804
[1] "SPLICING EVENT"
[1] "chr4:1001563:1001651:clu_47971_+:ENSG00000127415.13"
Harmonising fat_distr (fat_distr) and Outcome (Outcome)
Harmonising fat_distr (fat_distr) and Outcome (Outcome)
[1] 391
[1] 391
  iteration traits posterior_prob regional_prob candidate_snp
1         1   None             NA        0.0138            NA
  posterior_explained_by_snp
1                         NA
                                        dropped_trait   lead_snp
1 chr4:1001563:1001651:clu_47971_+:ENSG00000127415.13 rs11724804
[1] "SPLICING EVENT"
[1] "chr4:1001563:1001679:clu_47971_+:ENSG00000127415.13"
Harmonising fat_distr (fat_distr) and Outcome (Outcome)
Harmonising fat_distr (fat_distr) and Outcome (Outcome)
[1] 391
[1] 391
  iteration traits posterior_prob regional_prob candidate_snp
1         1   None             NA        0.0137            NA
  posterior_explained_by_snp
1                         NA
                                        dropped_trait   lead_snp
1 chr4:1001563:1001679:clu_47971_+:ENSG00000127415.13 rs11724804
[1] "SPLICING EVENT"
[1] "chr4:1001881:1001982:clu_47972_+:ENSG00000127415.13"
Harmonising fat_distr (fat_distr) and Outcome (Outcome)
Harmonising fat_distr (fat_distr) and Outcome (Outcome)
[1] 391
[1] 391
  iteration traits posterior_prob regional_prob candidate_snp
1         1   None             NA        0.0154            NA
  posterior_explained_by_snp dropped_trait   lead_snp
1                         NA      iradjbmi rs11724804
[1] "SPLICING EVENT"
[1] "chr4:1001881:1001993:clu_47972_+:ENSG00000127415.13"
Harmonising fat_distr (fat_distr) and Outcome (Outcome)
Harmonising fat_distr (fat_distr) and Outcome (Outcome)
[1] 391
[1] 391
  iteration traits posterior_prob regional_prob candidate_snp
1         1   None             NA        0.0087            NA
  posterior_explained_by_snp dropped_trait   lead_snp
1                         NA      iradjbmi rs11724804
[1] "SPLICING EVENT"
[1] "chr4:1002161:1002269:clu_47973_+:ENSG00000127415.13"
Harmonising fat_distr (fat_distr) and Outcome (Outcome)
Harmonising fat_distr (fat_distr) and Outcome (Outcome)
[1] 391
[1] 391
  iteration traits posterior_prob regional_prob candidate_snp
1         1   None             NA        0.0078            NA
  posterior_explained_by_snp dropped_trait   lead_snp
1                         NA      iradjbmi rs11724804
[1] "SPLICING EVENT"
[1] "chr4:1002485:1002732:clu_47973_+:ENSG00000127415.13"
Harmonising fat_distr (fat_distr) and Outcome (Outcome)
Harmonising fat_distr (fat_distr) and Outcome (Outcome)
[1] 391
[1] 391
  iteration traits posterior_prob regional_prob candidate_snp
1         1   None             NA         0.008            NA
  posterior_explained_by_snp dropped_trait   lead_snp
1                         NA      iradjbmi rs11724804
[1] "SPLICING EVENT"
[1] "chr4:1003157:1003345:clu_47975_+:ENSG00000127415.13"
Harmonising fat_distr (fat_distr) and Outcome (Outcome)
Harmonising fat_distr (fat_distr) and Outcome (Outcome)
[1] 391
[1] 391
  iteration traits posterior_prob regional_prob candidate_snp
1         1   None             NA        0.0347            NA
  posterior_explained_by_snp dropped_trait   lead_snp
1                         NA      iradjbmi rs11724804
[1] "SPLICING EVENT"
[1] "chr4:1003470:1003549:clu_47975_+:ENSG00000127415.13"
Harmonising fat_distr (fat_distr) and Outcome (Outcome)
Harmonising fat_distr (fat_distr) and Outcome (Outcome)
[1] 391
[1] 391
  iteration traits posterior_prob regional_prob candidate_snp
1         1   None             NA        0.0193            NA
  posterior_explained_by_snp dropped_trait   lead_snp
1                         NA      iradjbmi rs11724804
[1] "SPLICING EVENT"
[1] "chr4:1003625:1004012:clu_47976_+:ENSG00000127415.13"
Harmonising fat_distr (fat_distr) and Outcome (Outcome)
Harmonising fat_distr (fat_distr) and Outcome (Outcome)
[1] 391
[1] 391
  iteration traits posterior_prob regional_prob candidate_snp
1         1   None             NA        0.0436            NA
  posterior_explained_by_snp dropped_trait   lead_snp
1                         NA      iradjbmi rs11724804
[1] "SPLICING EVENT"
[1] "chr4:1003629:1004012:clu_47976_+:ENSG00000127415.13"
Harmonising fat_distr (fat_distr) and Outcome (Outcome)
Harmonising fat_distr (fat_distr) and Outcome (Outcome)
[1] 391
[1] 391
  iteration traits posterior_prob regional_prob candidate_snp
1         1   None             NA        0.0465            NA
  posterior_explained_by_snp dropped_trait   lead_snp
1                         NA      iradjbmi rs11724804
[1] "SPLICING EVENT"
[1] "chr4:1004112:1004260:clu_47977_+:ENSG00000127415.13"
Harmonising fat_distr (fat_distr) and Outcome (Outcome)
Harmonising fat_distr (fat_distr) and Outcome (Outcome)
[1] 391
[1] 391
  iteration traits posterior_prob regional_prob candidate_snp
1         1   None             NA        0.0099            NA
  posterior_explained_by_snp dropped_trait   lead_snp
1                         NA      iradjbmi rs11724804
[1] "LEAD INDEX"
[1] 4
[1] "LEAD INDEX"
[1] 5
[1] "SPLICING EVENT"
[1] "chr4:3293099:3316070:clu_48085_+:ENSG00000159788.20"
Harmonising fat_distr (fat_distr) and Outcome (Outcome)
Harmonising fat_distr (fat_distr) and Outcome (Outcome)
[1] 327
[1] 327
  iteration traits posterior_prob regional_prob candidate_snp
1         1   None             NA        0.0223            NA
  posterior_explained_by_snp dropped_trait   lead_snp
1                         NA      iradjbmi rs10027926
[1] "SPLICING EVENT"
[1] "chr4:3293099:3342937:clu_48085_+:ENSG00000159788.20"
Harmonising fat_distr (fat_distr) and Outcome (Outcome)
Harmonising fat_distr (fat_distr) and Outcome (Outcome)
[1] 327
[1] 327
  iteration traits posterior_prob regional_prob candidate_snp
1         1   None             NA        0.0225            NA
  posterior_explained_by_snp dropped_trait   lead_snp
1                         NA      iradjbmi rs10027926
[1] "SPLICING EVENT"
[1] "chr4:3318051:3342937:clu_48085_+:ENSG00000159788.20"
Harmonising fat_distr (fat_distr) and Outcome (Outcome)
Harmonising fat_distr (fat_distr) and Outcome (Outcome)
[1] 327
[1] 327
  iteration traits posterior_prob regional_prob candidate_snp
1         1   None             NA        0.0118            NA
  posterior_explained_by_snp dropped_trait   lead_snp
1                         NA      iradjbmi rs10027926
[1] "SPLICING EVENT"
[1] "chr4:3343053:3378170:clu_48086_+:ENSG00000159788.20"
Harmonising fat_distr (fat_distr) and Outcome (Outcome)
Harmonising fat_distr (fat_distr) and Outcome (Outcome)
[1] 327
[1] 327
  iteration traits posterior_prob regional_prob candidate_snp
1         1   None             NA        0.0119            NA
  posterior_explained_by_snp dropped_trait   lead_snp
1                         NA      iradjbmi rs10027926
[1] "SPLICING EVENT"
[1] "chr4:3343053:3386416:clu_48086_+:ENSG00000159788.20"
Harmonising fat_distr (fat_distr) and Outcome (Outcome)
Harmonising fat_distr (fat_distr) and Outcome (Outcome)
[1] 327
[1] 327
  iteration traits posterior_prob regional_prob candidate_snp
1         1   None             NA        0.0139            NA
  posterior_explained_by_snp dropped_trait   lead_snp
1                         NA      iradjbmi rs10027926
[1] "SPLICING EVENT"
[1] "chr4:3343053:3414072:clu_48086_+:ENSG00000159788.20"
Harmonising fat_distr (fat_distr) and Outcome (Outcome)
Harmonising fat_distr (fat_distr) and Outcome (Outcome)
[1] 327
[1] 327
  iteration traits posterior_prob regional_prob candidate_snp
1         1   None             NA        0.0198            NA
  posterior_explained_by_snp dropped_trait   lead_snp
1                         NA      iradjbmi rs10027926
[1] "SPLICING EVENT"
[1] "chr4:3386437:3414072:clu_48086_+:ENSG00000159788.20"
Harmonising fat_distr (fat_distr) and Outcome (Outcome)
Harmonising fat_distr (fat_distr) and Outcome (Outcome)
[1] 327
[1] 327
  iteration traits posterior_prob regional_prob candidate_snp
1         1   None             NA        0.0177            NA
  posterior_explained_by_snp dropped_trait   lead_snp
1                         NA      iradjbmi rs10027926
[1] "SPLICING EVENT"
[1] "chr4:3417092:3417370:clu_48090_+:ENSG00000159788.20"
Harmonising fat_distr (fat_distr) and Outcome (Outcome)
Harmonising fat_distr (fat_distr) and Outcome (Outcome)
[1] 327
[1] 327
  iteration traits posterior_prob regional_prob candidate_snp
1         1   None             NA        0.0115            NA
  posterior_explained_by_snp dropped_trait   lead_snp
1                         NA      iradjbmi rs10027926
[1] "SPLICING EVENT"
[1] "chr4:3417092:3417388:clu_48090_+:ENSG00000159788.20"
Harmonising fat_distr (fat_distr) and Outcome (Outcome)
Harmonising fat_distr (fat_distr) and Outcome (Outcome)
[1] 327
[1] 327
  iteration traits posterior_prob regional_prob candidate_snp
1         1   None             NA        0.0117            NA
  posterior_explained_by_snp dropped_trait   lead_snp
1                         NA      iradjbmi rs10027926
[1] "SPLICING EVENT"
[1] "chr4:3417541:3420642:clu_48087_+:ENSG00000159788.20"
Harmonising fat_distr (fat_distr) and Outcome (Outcome)
Harmonising fat_distr (fat_distr) and Outcome (Outcome)
[1] 327
[1] 327
  iteration traits posterior_prob regional_prob candidate_snp
1         1   None             NA        0.0127            NA
  posterior_explained_by_snp dropped_trait   lead_snp
1                         NA      iradjbmi rs10027926
[1] "SPLICING EVENT"
[1] "chr4:3420718:3422376:clu_48087_+:ENSG00000159788.20"
Harmonising fat_distr (fat_distr) and Outcome (Outcome)
Harmonising fat_distr (fat_distr) and Outcome (Outcome)
[1] 327
[1] 327
  iteration traits posterior_prob regional_prob candidate_snp
1         1   None             NA        0.0228            NA
  posterior_explained_by_snp dropped_trait   lead_snp
1                         NA      iradjbmi rs10027926
[1] "SPLICING EVENT"
[1] "chr4:3423641:3425464:clu_48088_+:ENSG00000159788.20"
Harmonising fat_distr (fat_distr) and Outcome (Outcome)
Harmonising fat_distr (fat_distr) and Outcome (Outcome)
[1] 327
[1] 327
  iteration traits posterior_prob regional_prob candidate_snp
1         1   None             NA        0.0359            NA
  posterior_explained_by_snp dropped_trait   lead_snp
1                         NA      iradjbmi rs10027926
[1] "SPLICING EVENT"
[1] "chr4:3425560:3428090:clu_48092_+:ENSG00000159788.20"
Harmonising fat_distr (fat_distr) and Outcome (Outcome)
Harmonising fat_distr (fat_distr) and Outcome (Outcome)
[1] 327
[1] 327
  iteration traits posterior_prob regional_prob candidate_snp
1         1   None             NA        0.0299            NA
  posterior_explained_by_snp dropped_trait   lead_snp
1                         NA      iradjbmi rs10027926
[1] "SPLICING EVENT"
[1] "chr4:3428169:3428558:clu_48093_+:ENSG00000159788.20"
Harmonising fat_distr (fat_distr) and Outcome (Outcome)
Harmonising fat_distr (fat_distr) and Outcome (Outcome)
[1] 327
[1] 327
  iteration traits posterior_prob regional_prob candidate_snp
1         1   None             NA        0.0125            NA
  posterior_explained_by_snp dropped_trait   lead_snp
1                         NA      iradjbmi rs10027926
[1] "SPLICING EVENT"
[1] "chr4:3428169:3430407:clu_48093_+:ENSG00000159788.20"
Harmonising fat_distr (fat_distr) and Outcome (Outcome)
Harmonising fat_distr (fat_distr) and Outcome (Outcome)
[1] 327
[1] 327
  iteration traits posterior_prob regional_prob candidate_snp
1         1   None             NA        0.0221            NA
  posterior_explained_by_snp dropped_trait   lead_snp
1                         NA      iradjbmi rs10027926
[1] "SPLICING EVENT"
[1] "chr4:3428711:3430407:clu_48093_+:ENSG00000159788.20"
Harmonising fat_distr (fat_distr) and Outcome (Outcome)
Harmonising fat_distr (fat_distr) and Outcome (Outcome)
[1] 327
[1] 327
  iteration traits posterior_prob regional_prob candidate_snp
1         1   None             NA        0.0138            NA
  posterior_explained_by_snp dropped_trait   lead_snp
1                         NA      iradjbmi rs10027926
[1] "SPLICING EVENT"
[1] "chr4:3430955:3439455:clu_48093_+:ENSG00000159788.20"
Harmonising fat_distr (fat_distr) and Outcome (Outcome)
Harmonising fat_distr (fat_distr) and Outcome (Outcome)
[1] 327
[1] 327
  iteration traits posterior_prob regional_prob candidate_snp
1         1   None             NA        0.1306            NA
  posterior_explained_by_snp dropped_trait   lead_snp
1                         NA      iradjbmi rs10027926
[1] "LEAD INDEX"
[1] 6
[1] "SPLICING EVENT"
[1] "chr4:4860368:4862701:clu_48106_+:ENSG00000163132.8"
Harmonising fat_distr (fat_distr) and Outcome (Outcome)
Harmonising fat_distr (fat_distr) and Outcome (Outcome)
[1] 573
[1] 573
  iteration traits posterior_prob regional_prob candidate_snp
1         1   None             NA        0.0099            NA
  posterior_explained_by_snp dropped_trait  lead_snp
1                         NA      iradjbmi rs4450871
[1] "LEAD INDEX"
[1] 7
[1] "SPLICING EVENT"
[1] "chr4:17804756:17805107:clu_49533_-:ENSG00000163257.11"
Harmonising fat_distr (fat_distr) and Outcome (Outcome)
Harmonising fat_distr (fat_distr) and Outcome (Outcome)
[1] 302
[1] 302
  iteration traits posterior_prob regional_prob candidate_snp
1         1   None             NA        0.0277            NA
  posterior_explained_by_snp dropped_trait  lead_snp
1                         NA      iradjbmi rs7694806
[1] "SPLICING EVENT"
[1] "chr4:17804756:17810447:clu_49533_-:ENSG00000163257.11"
Harmonising fat_distr (fat_distr) and Outcome (Outcome)
Harmonising fat_distr (fat_distr) and Outcome (Outcome)
[1] 302
[1] 302
  iteration traits posterior_prob regional_prob candidate_snp
1         1   None             NA        0.0091            NA
  posterior_explained_by_snp dropped_trait  lead_snp
1                         NA      iradjbmi rs7694806
[1] "SPLICING EVENT"
[1] "chr4:17804771:17805107:clu_49533_-:ENSG00000163257.11"
Harmonising fat_distr (fat_distr) and Outcome (Outcome)
Harmonising fat_distr (fat_distr) and Outcome (Outcome)
[1] 302
[1] 302
  iteration traits posterior_prob regional_prob candidate_snp
1         1   None             NA        0.0103            NA
  posterior_explained_by_snp dropped_trait  lead_snp
1                         NA      iradjbmi rs7694806
[1] "SPLICING EVENT"
[1] "chr4:17804771:17810447:clu_49533_-:ENSG00000163257.11"
Harmonising fat_distr (fat_distr) and Outcome (Outcome)
Harmonising fat_distr (fat_distr) and Outcome (Outcome)
[1] 302
[1] 302
  iteration traits posterior_prob regional_prob candidate_snp
1         1   None             NA        0.0229            NA
  posterior_explained_by_snp dropped_trait  lead_snp
1                         NA      iradjbmi rs7694806
[1] "SPLICING EVENT"
[1] "chr4:17805225:17810447:clu_49533_-:ENSG00000163257.11"
Harmonising fat_distr (fat_distr) and Outcome (Outcome)
Harmonising fat_distr (fat_distr) and Outcome (Outcome)
[1] 302
[1] 302
  iteration traits posterior_prob regional_prob candidate_snp
1         1   None             NA        0.0108            NA
  posterior_explained_by_snp dropped_trait  lead_snp
1                         NA      iradjbmi rs7694806
[1] "SPLICING EVENT"
[1] "chr4:17809692:17810447:clu_49533_-:ENSG00000163257.11"
Harmonising fat_distr (fat_distr) and Outcome (Outcome)
Harmonising fat_distr (fat_distr) and Outcome (Outcome)
[1] 302
[1] 302
  iteration traits posterior_prob regional_prob candidate_snp
1         1   None             NA        0.0188            NA
  posterior_explained_by_snp dropped_trait  lead_snp
1                         NA      iradjbmi rs7694806
[1] "LEAD INDEX"
[1] 8
[1] "LEAD INDEX"
[1] 9
[1] "LEAD INDEX"
[1] 10
[1] "SPLICING EVENT"
[1] "chr4:88728659:88731327:clu_49998_-:ENSG00000138640.15"
Harmonising fat_distr (fat_distr) and Outcome (Outcome)
Harmonising fat_distr (fat_distr) and Outcome (Outcome)
[1] 413
[1] 413
  iteration traits posterior_prob regional_prob candidate_snp
1         1   None             NA        0.0077            NA
  posterior_explained_by_snp dropped_trait  lead_snp
1                         NA      iradjbmi rs9991328
[1] "SPLICING EVENT"
[1] "chr4:88732198:88737472:clu_49999_-:ENSG00000138640.15"
Harmonising fat_distr (fat_distr) and Outcome (Outcome)
Harmonising fat_distr (fat_distr) and Outcome (Outcome)
[1] 413
[1] 413
  iteration traits posterior_prob regional_prob candidate_snp
1         1   None             NA        0.0099            NA
  posterior_explained_by_snp dropped_trait  lead_snp
1                         NA      iradjbmi rs9991328
[1] "SPLICING EVENT"
[1] "chr4:88732198:88739030:clu_49999_-:ENSG00000138640.15"
Harmonising fat_distr (fat_distr) and Outcome (Outcome)
Harmonising fat_distr (fat_distr) and Outcome (Outcome)
[1] 413
[1] 413
  iteration traits posterior_prob regional_prob candidate_snp
1         1   None             NA        0.0653            NA
  posterior_explained_by_snp dropped_trait  lead_snp
1                         NA      iradjbmi rs9991328
[1] "SPLICING EVENT"
[1] "chr4:88737555:88739030:clu_49999_-:ENSG00000138640.15"
Harmonising fat_distr (fat_distr) and Outcome (Outcome)
Harmonising fat_distr (fat_distr) and Outcome (Outcome)
[1] 413
[1] 413
  iteration traits posterior_prob regional_prob candidate_snp
1         1   None             NA         0.019            NA
  posterior_explained_by_snp dropped_trait  lead_snp
1                         NA      iradjbmi rs9991328
[1] "SPLICING EVENT"
[1] "chr4:88767595:88767983:clu_50000_-:ENSG00000138640.15"
Harmonising fat_distr (fat_distr) and Outcome (Outcome)
Harmonising fat_distr (fat_distr) and Outcome (Outcome)
[1] 413
[1] 413
  iteration traits posterior_prob regional_prob candidate_snp
1         1   None             NA        0.0075            NA
  posterior_explained_by_snp dropped_trait  lead_snp
1                         NA      iradjbmi rs9991328
[1] "SPLICING EVENT"
[1] "chr4:88767595:88781165:clu_50000_-:ENSG00000138640.15"
Harmonising fat_distr (fat_distr) and Outcome (Outcome)
Harmonising fat_distr (fat_distr) and Outcome (Outcome)
[1] 413
[1] 413
  iteration traits posterior_prob regional_prob candidate_snp
1         1   None             NA        0.0122            NA
  posterior_explained_by_snp dropped_trait  lead_snp
1                         NA      iradjbmi rs9991328
[1] "SPLICING EVENT"
[1] "chr4:88768059:88781165:clu_50000_-:ENSG00000138640.15"
Harmonising fat_distr (fat_distr) and Outcome (Outcome)
Harmonising fat_distr (fat_distr) and Outcome (Outcome)
[1] 413
[1] 413
  iteration traits posterior_prob regional_prob candidate_snp
1         1   None             NA        0.0072            NA
  posterior_explained_by_snp dropped_trait  lead_snp
1                         NA      iradjbmi rs9991328
[1] "SPLICING EVENT"
[1] "chr4:88787932:88790586:clu_50001_-:ENSG00000138640.15"
Harmonising fat_distr (fat_distr) and Outcome (Outcome)
Harmonising fat_distr (fat_distr) and Outcome (Outcome)
[1] 413
[1] 413
  iteration traits posterior_prob regional_prob candidate_snp
1         1   None             NA        0.0069            NA
  posterior_explained_by_snp dropped_trait  lead_snp
1                         NA      iradjbmi rs9991328
[1] "SPLICING EVENT"
[1] "chr4:88790627:88805011:clu_50001_-:ENSG00000138640.15"
Harmonising fat_distr (fat_distr) and Outcome (Outcome)
Harmonising fat_distr (fat_distr) and Outcome (Outcome)
[1] 413
[1] 413
  iteration traits posterior_prob regional_prob candidate_snp
1         1   None             NA        0.0142            NA
  posterior_explained_by_snp dropped_trait  lead_snp
1                         NA      iradjbmi rs9991328
[1] "SPLICING EVENT"
[1] "chr4:88790627:88822976:clu_50001_-:ENSG00000138640.15"
Harmonising fat_distr (fat_distr) and Outcome (Outcome)
Harmonising fat_distr (fat_distr) and Outcome (Outcome)
[1] 413
[1] 413
  iteration traits posterior_prob regional_prob candidate_snp
1         1   None             NA         0.012            NA
  posterior_explained_by_snp dropped_trait  lead_snp
1                         NA      iradjbmi rs9991328
[1] "SPLICING EVENT"
[1] "chr4:88805052:88822976:clu_50001_-:ENSG00000138640.15"
Harmonising fat_distr (fat_distr) and Outcome (Outcome)
Harmonising fat_distr (fat_distr) and Outcome (Outcome)
[1] 413
[1] 413
  iteration traits posterior_prob regional_prob candidate_snp
1         1   None             NA        0.0328            NA
  posterior_explained_by_snp dropped_trait  lead_snp
1                         NA      iradjbmi rs9991328
[1] "SPLICING EVENT"
[1] "chr4:88805052:88851020:clu_50001_-:ENSG00000138640.15"
Harmonising fat_distr (fat_distr) and Outcome (Outcome)
Harmonising fat_distr (fat_distr) and Outcome (Outcome)
[1] 413
[1] 413
  iteration traits posterior_prob regional_prob candidate_snp
1         1   None             NA        0.0237            NA
  posterior_explained_by_snp dropped_trait  lead_snp
1                         NA      iradjbmi rs9991328
[1] "SPLICING EVENT"
[1] "chr4:88851183:88906379:clu_50002_-:ENSG00000138640.15"
Harmonising fat_distr (fat_distr) and Outcome (Outcome)
Harmonising fat_distr (fat_distr) and Outcome (Outcome)
[1] 413
[1] 413
  iteration traits posterior_prob regional_prob candidate_snp
1         1   None             NA        0.0079            NA
  posterior_explained_by_snp dropped_trait  lead_snp
1                         NA      iradjbmi rs9991328
[1] "SPLICING EVENT"
[1] "chr4:88906462:88938088:clu_50002_-:ENSG00000138640.15"
Harmonising fat_distr (fat_distr) and Outcome (Outcome)
Harmonising fat_distr (fat_distr) and Outcome (Outcome)
[1] 413
[1] 413
  iteration traits posterior_prob regional_prob candidate_snp
1         1   None             NA        0.0074            NA
  posterior_explained_by_snp dropped_trait  lead_snp
1                         NA      iradjbmi rs9991328
[1] "SPLICING EVENT"
[1] "chr4:88938241:88990973:clu_50002_-:ENSG00000138640.15"
Harmonising fat_distr (fat_distr) and Outcome (Outcome)
Harmonising fat_distr (fat_distr) and Outcome (Outcome)
[1] 413
[1] 413
  iteration traits posterior_prob regional_prob candidate_snp
1         1   None             NA        0.0078            NA
  posterior_explained_by_snp dropped_trait  lead_snp
1                         NA      iradjbmi rs9991328
[1] "SPLICING EVENT"
[1] "chr4:88938241:89020460:clu_50002_-:ENSG00000138640.15"
Harmonising fat_distr (fat_distr) and Outcome (Outcome)
Harmonising fat_distr (fat_distr) and Outcome (Outcome)
[1] 413
[1] 413
  iteration traits posterior_prob regional_prob candidate_snp
1         1   None             NA        0.0083            NA
  posterior_explained_by_snp dropped_trait  lead_snp
1                         NA      iradjbmi rs9991328
[1] "SPLICING EVENT"
[1] "chr4:88991150:89020460:clu_50002_-:ENSG00000138640.15"
Harmonising fat_distr (fat_distr) and Outcome (Outcome)
Harmonising fat_distr (fat_distr) and Outcome (Outcome)
[1] 413
[1] 413
  iteration traits posterior_prob regional_prob candidate_snp
1         1   None             NA        0.0124            NA
  posterior_explained_by_snp dropped_trait  lead_snp
1                         NA      iradjbmi rs9991328
[1] "LEAD INDEX"
[1] 11
[1] "SPLICING EVENT"
[1] "chr4:156763206:156767773:clu_50406_-:ENSG00000145431.11"
Harmonising fat_distr (fat_distr) and Outcome (Outcome)
Harmonising fat_distr (fat_distr) and Outcome (Outcome)
[1] 372
[1] 372
  iteration traits posterior_prob regional_prob candidate_snp
1         1   None             NA        0.0745            NA
  posterior_explained_by_snp dropped_trait  lead_snp
1                         NA      iradjbmi rs1425486
[1] "SPLICING EVENT"
[1] "chr4:156767990:156772686:clu_50407_-:ENSG00000145431.11"
Harmonising fat_distr (fat_distr) and Outcome (Outcome)
Harmonising fat_distr (fat_distr) and Outcome (Outcome)
[1] 372
[1] 372
  iteration traits posterior_prob regional_prob candidate_snp
1         1   None             NA        0.0091            NA
  posterior_explained_by_snp dropped_trait  lead_snp
1                         NA      iradjbmi rs1425486
[1] "SPLICING EVENT"
[1] "chr4:156850416:156861429:clu_50409_-:ENSG00000145431.11"
Harmonising fat_distr (fat_distr) and Outcome (Outcome)
Harmonising fat_distr (fat_distr) and Outcome (Outcome)
[1] 372
[1] 372
  iteration traits posterior_prob regional_prob candidate_snp
1         1   None             NA        0.0265            NA
  posterior_explained_by_snp dropped_trait  lead_snp
1                         NA      iradjbmi rs1425486
[1] "SPLICING EVENT"
[1] "chr4:156850416:156970786:clu_50409_-:ENSG00000145431.11"
Harmonising fat_distr (fat_distr) and Outcome (Outcome)
Harmonising fat_distr (fat_distr) and Outcome (Outcome)
[1] 372
[1] 372
  iteration traits posterior_prob regional_prob candidate_snp
1         1   None             NA        0.0132            NA
  posterior_explained_by_snp dropped_trait  lead_snp
1                         NA      iradjbmi rs1425486
[1] "SPLICING EVENT"
[1] "chr4:156861489:156970786:clu_50409_-:ENSG00000145431.11"
Harmonising fat_distr (fat_distr) and Outcome (Outcome)
Harmonising fat_distr (fat_distr) and Outcome (Outcome)
[1] 372
[1] 372
  iteration traits posterior_prob regional_prob candidate_snp
1         1   None             NA        0.0087            NA
  posterior_explained_by_snp dropped_trait  lead_snp
1                         NA      iradjbmi rs1425486
[1] "CHROMOSOME"
[1] 5
[1] "LEAD INDEX"
[1] 1
[1] "LEAD INDEX"
[1] 2
[1] "SPLICING EVENT"
[1] "chr5:58455414:58455539:clu_52528_-:ENSG00000145632.15"
Harmonising fat_distr (fat_distr) and Outcome (Outcome)
Harmonising fat_distr (fat_distr) and Outcome (Outcome)
[1] 490
[1] 490
  iteration traits posterior_prob regional_prob candidate_snp
1         1   None             NA        0.0174            NA
  posterior_explained_by_snp dropped_trait lead_snp
1                         NA      iradjbmi rs151913
[1] "SPLICING EVENT"
[1] "chr5:58457583:58458084:clu_52529_-:ENSG00000145632.15"
Harmonising fat_distr (fat_distr) and Outcome (Outcome)
Harmonising fat_distr (fat_distr) and Outcome (Outcome)
[1] 490
[1] 490
  iteration traits posterior_prob regional_prob candidate_snp
1         1   None             NA        0.0099            NA
  posterior_explained_by_snp dropped_trait lead_snp
1                         NA      iradjbmi rs151913
[1] "SPLICING EVENT"
[1] "chr5:58458171:58458399:clu_52529_-:ENSG00000145632.15"
Harmonising fat_distr (fat_distr) and Outcome (Outcome)
Harmonising fat_distr (fat_distr) and Outcome (Outcome)
[1] 490
[1] 490
  iteration traits posterior_prob regional_prob candidate_snp
1         1   None             NA        0.0097            NA
  posterior_explained_by_snp dropped_trait lead_snp
1                         NA      iradjbmi rs151913
[1] "SPLICING EVENT"
[1] "chr5:58458841:58458985:clu_52530_-:ENSG00000145632.15"
Harmonising fat_distr (fat_distr) and Outcome (Outcome)
Harmonising fat_distr (fat_distr) and Outcome (Outcome)
[1] 490
[1] 490
  iteration traits posterior_prob regional_prob candidate_snp
1         1   None             NA        0.0069            NA
  posterior_explained_by_snp dropped_trait lead_snp
1                         NA      iradjbmi rs151913
[1] "SPLICING EVENT"
[1] "chr5:58459092:58459690:clu_52530_-:ENSG00000145632.15"
Harmonising fat_distr (fat_distr) and Outcome (Outcome)
Harmonising fat_distr (fat_distr) and Outcome (Outcome)
[1] 490
[1] 490
  iteration traits posterior_prob regional_prob candidate_snp
1         1   None             NA        0.0069            NA
  posterior_explained_by_snp dropped_trait lead_snp
1                         NA      iradjbmi rs151913
[1] "LEAD INDEX"
[1] 3
[1] "SPLICING EVENT"
[1] "chr5:127956921:127966163:clu_52902_-:ENSG00000245937.9"
Harmonising fat_distr (fat_distr) and Outcome (Outcome)
Harmonising fat_distr (fat_distr) and Outcome (Outcome)
[1] 352
[1] 352
  iteration traits posterior_prob regional_prob candidate_snp
1         1   None             NA        0.0117            NA
  posterior_explained_by_snp dropped_trait   lead_snp
1                         NA      iradjbmi rs17764730
[1] "SPLICING EVENT"
[1] "chr5:127956921:128061144:clu_52902_-:ENSG00000245937.9"
Harmonising fat_distr (fat_distr) and Outcome (Outcome)
Harmonising fat_distr (fat_distr) and Outcome (Outcome)
[1] 352
[1] 352
  iteration traits posterior_prob regional_prob candidate_snp
1         1   None             NA        0.0052            NA
  posterior_explained_by_snp dropped_trait   lead_snp
1                         NA      iradjbmi rs17764730
[1] "SPLICING EVENT"
[1] "chr5:127966928:128061144:clu_52902_-:ENSG00000245937.9"
Harmonising fat_distr (fat_distr) and Outcome (Outcome)
Harmonising fat_distr (fat_distr) and Outcome (Outcome)
[1] 352
[1] 352
  iteration traits posterior_prob regional_prob candidate_snp
1         1   None             NA        0.0168            NA
  posterior_explained_by_snp dropped_trait   lead_snp
1                         NA      iradjbmi rs17764730
[1] "SPLICING EVENT"
[1] "chr5:128024298:128061144:clu_52902_-:ENSG00000245937.9"
Harmonising fat_distr (fat_distr) and Outcome (Outcome)
Harmonising fat_distr (fat_distr) and Outcome (Outcome)
[1] 352
[1] 352
  iteration traits posterior_prob regional_prob candidate_snp
1         1   None             NA        0.0076            NA
  posterior_explained_by_snp dropped_trait   lead_snp
1                         NA      iradjbmi rs17764730
[1] "SPLICING EVENT"
[1] "chr5:128061244:128076947:clu_52902_-:ENSG00000245937.9"
Harmonising fat_distr (fat_distr) and Outcome (Outcome)
Harmonising fat_distr (fat_distr) and Outcome (Outcome)
[1] 352
[1] 352
  iteration traits posterior_prob regional_prob candidate_snp
1         1   None             NA        0.0073            NA
  posterior_explained_by_snp dropped_trait   lead_snp
1                         NA      iradjbmi rs17764730
[1] "SPLICING EVENT"
[1] "chr5:128061244:128081973:clu_52902_-:ENSG00000245937.9"
Harmonising fat_distr (fat_distr) and Outcome (Outcome)
Harmonising fat_distr (fat_distr) and Outcome (Outcome)
[1] 352
[1] 352
  iteration traits posterior_prob regional_prob candidate_snp
1         1   None             NA        0.0185            NA
  posterior_explained_by_snp dropped_trait   lead_snp
1                         NA      iradjbmi rs17764730
[1] "SPLICING EVENT"
[1] "chr5:128061244:128082735:clu_52902_-:ENSG00000245937.9"
Harmonising fat_distr (fat_distr) and Outcome (Outcome)
Harmonising fat_distr (fat_distr) and Outcome (Outcome)
[1] 352
[1] 352
  iteration traits posterior_prob regional_prob candidate_snp
1         1   None             NA        0.0078            NA
  posterior_explained_by_snp dropped_trait   lead_snp
1                         NA      iradjbmi rs17764730
[1] "SPLICING EVENT"
[1] "chr5:128061244:128082970:clu_52902_-:ENSG00000245937.9"
Harmonising fat_distr (fat_distr) and Outcome (Outcome)
Harmonising fat_distr (fat_distr) and Outcome (Outcome)
[1] 352
[1] 352
  iteration traits posterior_prob regional_prob candidate_snp
1         1   None             NA         0.009            NA
  posterior_explained_by_snp dropped_trait   lead_snp
1                         NA      iradjbmi rs17764730
[1] "SPLICING EVENT"
[1] "chr5:128138724:128138824:clu_51517_+:ENSG00000064651.14"
Harmonising fat_distr (fat_distr) and Outcome (Outcome)
Harmonising fat_distr (fat_distr) and Outcome (Outcome)
[1] 352
[1] 352
  iteration traits posterior_prob regional_prob candidate_snp
1         1   None             NA        0.0076            NA
  posterior_explained_by_snp dropped_trait   lead_snp
1                         NA      iradjbmi rs17764730
[1] "SPLICING EVENT"
[1] "chr5:128138908:128141830:clu_51517_+:ENSG00000064651.14"
Harmonising fat_distr (fat_distr) and Outcome (Outcome)
Harmonising fat_distr (fat_distr) and Outcome (Outcome)
[1] 352
[1] 352
  iteration traits posterior_prob regional_prob candidate_snp
1         1   None             NA        0.0075            NA
  posterior_explained_by_snp dropped_trait   lead_snp
1                         NA      iradjbmi rs17764730
[1] "SPLICING EVENT"
[1] "chr5:128141981:128147622:clu_51518_+:ENSG00000064651.14"
Harmonising fat_distr (fat_distr) and Outcome (Outcome)
Harmonising fat_distr (fat_distr) and Outcome (Outcome)
[1] 352
[1] 352
  iteration traits posterior_prob regional_prob candidate_snp
1         1   None             NA        0.0091            NA
  posterior_explained_by_snp dropped_trait   lead_snp
1                         NA      iradjbmi rs17764730
[1] "SPLICING EVENT"
[1] "chr5:128174666:128177105:clu_51519_+:ENSG00000064651.14"
Harmonising fat_distr (fat_distr) and Outcome (Outcome)
Harmonising fat_distr (fat_distr) and Outcome (Outcome)
[1] 352
[1] 352
  iteration traits posterior_prob regional_prob candidate_snp
1         1   None             NA        0.0077            NA
  posterior_explained_by_snp dropped_trait   lead_snp
1                         NA      iradjbmi rs17764730
[1] "SPLICING EVENT"
[1] "chr5:128177152:128178567:clu_51519_+:ENSG00000064651.14"
Harmonising fat_distr (fat_distr) and Outcome (Outcome)
Harmonising fat_distr (fat_distr) and Outcome (Outcome)
[1] 352
[1] 352
  iteration traits posterior_prob regional_prob candidate_snp
1         1   None             NA        0.0075            NA
  posterior_explained_by_snp dropped_trait   lead_snp
1                         NA      iradjbmi rs17764730
[1] "SPLICING EVENT"
[1] "chr5:128184501:128184789:clu_51520_+:ENSG00000064651.14"
Harmonising fat_distr (fat_distr) and Outcome (Outcome)
Harmonising fat_distr (fat_distr) and Outcome (Outcome)
[1] 352
[1] 352
  iteration traits posterior_prob regional_prob candidate_snp
1         1   None             NA        0.0063            NA
  posterior_explained_by_snp dropped_trait   lead_snp
1                         NA      iradjbmi rs17764730
[1] "SPLICING EVENT"
[1] "chr5:128184856:128186496:clu_51521_+:ENSG00000064651.14"
Harmonising fat_distr (fat_distr) and Outcome (Outcome)
Harmonising fat_distr (fat_distr) and Outcome (Outcome)
[1] 352
[1] 352
  iteration traits posterior_prob regional_prob candidate_snp
1         1   None             NA         0.007            NA
  posterior_explained_by_snp dropped_trait   lead_snp
1                         NA      iradjbmi rs17764730
[1] "LEAD INDEX"
[1] 4
[1] "SPLICING EVENT"
[1] "chr5:132257827:132262609:clu_51531_+:ENSG00000131435.13"
Harmonising fat_distr (fat_distr) and Outcome (Outcome)
Harmonising fat_distr (fat_distr) and Outcome (Outcome)
[1] 395
[1] 395
  iteration traits posterior_prob regional_prob candidate_snp
1         1   None             NA        0.0169            NA
  posterior_explained_by_snp dropped_trait   lead_snp
1                         NA      iradjbmi rs10479001
[1] "SPLICING EVENT"
[1] "chr5:132257827:132270915:clu_51531_+:ENSG00000131435.13"
Harmonising fat_distr (fat_distr) and Outcome (Outcome)
Harmonising fat_distr (fat_distr) and Outcome (Outcome)
[1] 395
[1] 395
  iteration traits posterior_prob regional_prob candidate_snp
1         1   None             NA        0.0581            NA
  posterior_explained_by_snp dropped_trait   lead_snp
1                         NA      iradjbmi rs10479001
[1] "SPLICING EVENT"
[1] "chr5:132262760:132266464:clu_51531_+:ENSG00000131435.13"
Harmonising fat_distr (fat_distr) and Outcome (Outcome)
Harmonising fat_distr (fat_distr) and Outcome (Outcome)
[1] 395
[1] 395
  iteration traits posterior_prob regional_prob candidate_snp
1         1   None             NA         0.007            NA
  posterior_explained_by_snp dropped_trait   lead_snp
1                         NA      iradjbmi rs10479001
[1] "SPLICING EVENT"
[1] "chr5:132262760:132270915:clu_51531_+:ENSG00000131435.13"
Harmonising fat_distr (fat_distr) and Outcome (Outcome)
Harmonising fat_distr (fat_distr) and Outcome (Outcome)
[1] 395
[1] 395
  iteration traits posterior_prob regional_prob candidate_snp
1         1   None             NA        0.0051            NA
  posterior_explained_by_snp
1                         NA
                                            dropped_trait   lead_snp
1 chr5:132262760:132270915:clu_51531_+:ENSG00000131435.13 rs10479001
[1] "SPLICING EVENT"
[1] "chr5:132266545:132270915:clu_51531_+:ENSG00000131435.13"
Harmonising fat_distr (fat_distr) and Outcome (Outcome)
Harmonising fat_distr (fat_distr) and Outcome (Outcome)
[1] 395
[1] 395
  iteration traits posterior_prob regional_prob candidate_snp
1         1   None             NA        0.0082            NA
  posterior_explained_by_snp dropped_trait   lead_snp
1                         NA      iradjbmi rs10479001
[1] "SPLICING EVENT"
[1] "chr5:132271466:132271791:clu_51532_+:ENSG00000131435.13"
Harmonising fat_distr (fat_distr) and Outcome (Outcome)
Harmonising fat_distr (fat_distr) and Outcome (Outcome)
[1] 395
[1] 395
  iteration                                                            traits
1         1 iradjbmi, chr5:132271466:132271791:clu_51532_+:ENSG00000131435.13
  posterior_prob regional_prob candidate_snp posterior_explained_by_snp
1         0.9713        0.9808    rs10479001                          1
  dropped_trait   lead_snp
1            NA rs10479001
[1] "SPLICING EVENT"
[1] "chr5:132271466:132272025:clu_51532_+:ENSG00000131435.13"
Harmonising fat_distr (fat_distr) and Outcome (Outcome)
Harmonising fat_distr (fat_distr) and Outcome (Outcome)
[1] 395
[1] 395
  iteration traits posterior_prob regional_prob candidate_snp
1         1   None             NA        0.0105            NA
  posterior_explained_by_snp dropped_trait   lead_snp
1                         NA      iradjbmi rs10479001
[1] "SPLICING EVENT"
[1] "chr5:132271908:132272025:clu_51532_+:ENSG00000131435.13"
Harmonising fat_distr (fat_distr) and Outcome (Outcome)
Harmonising fat_distr (fat_distr) and Outcome (Outcome)
[1] 395
[1] 395
  iteration                                                            traits
1         1 iradjbmi, chr5:132271908:132272025:clu_51532_+:ENSG00000131435.13
  posterior_prob regional_prob candidate_snp posterior_explained_by_snp
1         0.9712        0.9807    rs10479001                          1
  dropped_trait   lead_snp
1            NA rs10479001
[1] "LEAD INDEX"
[1] 5
[1] "LEAD INDEX"
[1] 6
[1] "LEAD INDEX"
[1] 7
[1] "LEAD INDEX"
[1] 8
[1] "LEAD INDEX"
[1] 9
[1] "SPLICING EVENT"
[1] "chr5:56909743:56911169:clu_50931_+:ENSG00000155542.12"
Harmonising fat_distr (fat_distr) and Outcome (Outcome)
Harmonising fat_distr (fat_distr) and Outcome (Outcome)
[1] 494
[1] 494
  iteration traits posterior_prob regional_prob candidate_snp
1         1   None             NA        0.0158            NA
  posterior_explained_by_snp dropped_trait lead_snp
1                         NA      iradjbmi rs702691
[1] "SPLICING EVENT"
[1] "chr5:56909743:56913011:clu_50931_+:ENSG00000155542.12"
Harmonising fat_distr (fat_distr) and Outcome (Outcome)
Harmonising fat_distr (fat_distr) and Outcome (Outcome)
[1] 494
[1] 494
  iteration traits posterior_prob regional_prob candidate_snp
1         1   None             NA        0.0097            NA
  posterior_explained_by_snp dropped_trait lead_snp
1                         NA      iradjbmi rs702691
[1] "SPLICING EVENT"
[1] "chr5:56911536:56913011:clu_50931_+:ENSG00000155542.12"
Harmonising fat_distr (fat_distr) and Outcome (Outcome)
Harmonising fat_distr (fat_distr) and Outcome (Outcome)
[1] 494
[1] 494
  iteration traits posterior_prob regional_prob candidate_snp
1         1   None             NA          0.01            NA
  posterior_explained_by_snp dropped_trait lead_snp
1                         NA      iradjbmi rs702691
[1] "SPLICING EVENT"
[1] "chr5:56913134:56913874:clu_50932_+:ENSG00000155542.12"
Harmonising fat_distr (fat_distr) and Outcome (Outcome)
Harmonising fat_distr (fat_distr) and Outcome (Outcome)
[1] 494
[1] 494
  iteration traits posterior_prob regional_prob candidate_snp
1         1   None             NA        0.0091            NA
  posterior_explained_by_snp dropped_trait lead_snp
1                         NA      iradjbmi rs702691
[1] "SPLICING EVENT"
[1] "chr5:56914966:56916815:clu_50932_+:ENSG00000155542.12"
Harmonising fat_distr (fat_distr) and Outcome (Outcome)
Harmonising fat_distr (fat_distr) and Outcome (Outcome)
[1] 494
[1] 494
  iteration traits posterior_prob regional_prob candidate_snp
1         1   None             NA        0.0099            NA
  posterior_explained_by_snp dropped_trait lead_snp
1                         NA      iradjbmi rs702691
[1] "SPLICING EVENT"
[1] "chr5:56914966:56925333:clu_50932_+:ENSG00000155542.12"
Harmonising fat_distr (fat_distr) and Outcome (Outcome)
Harmonising fat_distr (fat_distr) and Outcome (Outcome)
[1] 494
[1] 494
  iteration traits posterior_prob regional_prob candidate_snp
1         1   None             NA        0.0091            NA
  posterior_explained_by_snp dropped_trait lead_snp
1                         NA      iradjbmi rs702691
[1] "LEAD INDEX"
[1] 10
[1] "LEAD INDEX"
[1] 11
[1] "LEAD INDEX"
[1] 12
[1] "LEAD INDEX"
[1] 13
[1] "SPLICING EVENT"
[1] "chr5:113027482:113028934:clu_52843_-:ENSG00000171444.18"
Harmonising fat_distr (fat_distr) and Outcome (Outcome)
Harmonising fat_distr (fat_distr) and Outcome (Outcome)
[1] 464
[1] 464
  iteration traits posterior_prob regional_prob candidate_snp
1         1   None             NA         0.013            NA
  posterior_explained_by_snp dropped_trait  lead_snp
1                         NA      iradjbmi rs7732198
[1] "SPLICING EVENT"
[1] "chr5:113029056:113043530:clu_52844_-:ENSG00000171444.18"
Harmonising fat_distr (fat_distr) and Outcome (Outcome)
Harmonising fat_distr (fat_distr) and Outcome (Outcome)
[1] 464
[1] 464
  iteration traits posterior_prob regional_prob candidate_snp
1         1   None             NA        0.0085            NA
  posterior_explained_by_snp dropped_trait  lead_snp
1                         NA      iradjbmi rs7732198
[1] "SPLICING EVENT"
[1] "chr5:113043630:113049093:clu_52844_-:ENSG00000171444.18"
Harmonising fat_distr (fat_distr) and Outcome (Outcome)
Harmonising fat_distr (fat_distr) and Outcome (Outcome)
[1] 464
[1] 464
  iteration traits posterior_prob regional_prob candidate_snp
1         1   None             NA         0.107            NA
  posterior_explained_by_snp dropped_trait  lead_snp
1                         NA      iradjbmi rs7732198
[1] "SPLICING EVENT"
[1] "chr5:113049299:113053725:clu_52844_-:ENSG00000171444.18"
Harmonising fat_distr (fat_distr) and Outcome (Outcome)
Harmonising fat_distr (fat_distr) and Outcome (Outcome)
[1] 464
[1] 464
  iteration traits posterior_prob regional_prob candidate_snp
1         1   None             NA        0.0312            NA
  posterior_explained_by_snp dropped_trait  lead_snp
1                         NA      iradjbmi rs7732198
[1] "LEAD INDEX"
[1] 14
[1] "SPLICING EVENT"
[1] "chr5:119268907:119392816:clu_51459_+:ENSG00000145779.8"
Harmonising fat_distr (fat_distr) and Outcome (Outcome)
Harmonising fat_distr (fat_distr) and Outcome (Outcome)
[1] 338
[1] 338
  iteration traits posterior_prob regional_prob candidate_snp
1         1   None             NA        0.0083            NA
  posterior_explained_by_snp dropped_trait  lead_snp
1                         NA      iradjbmi rs1045241
[1] "SPLICING EVENT"
[1] "chr5:119356121:119392816:clu_51459_+:ENSG00000145779.8"
Harmonising fat_distr (fat_distr) and Outcome (Outcome)
Harmonising fat_distr (fat_distr) and Outcome (Outcome)
[1] 338
[1] 338
  iteration traits posterior_prob regional_prob candidate_snp
1         1   None             NA         0.015            NA
  posterior_explained_by_snp dropped_trait  lead_snp
1                         NA      iradjbmi rs1045241
[1] "LEAD INDEX"
[1] 15
[1] "LEAD INDEX"
[1] 16
[1] "SPLICING EVENT"
[1] "chr5:133091374:133092700:clu_51555_+:ENSG00000170606.16"
Harmonising fat_distr (fat_distr) and Outcome (Outcome)
Harmonising fat_distr (fat_distr) and Outcome (Outcome)
[1] 421
[1] 421
  iteration traits posterior_prob regional_prob candidate_snp
1         1   None             NA        0.0087            NA
  posterior_explained_by_snp dropped_trait lead_snp
1                         NA      iradjbmi  rs13718
[1] "SPLICING EVENT"
[1] "chr5:133091374:133092703:clu_51555_+:ENSG00000170606.16"
Harmonising fat_distr (fat_distr) and Outcome (Outcome)
Harmonising fat_distr (fat_distr) and Outcome (Outcome)
[1] 421
[1] 421
  iteration traits posterior_prob regional_prob candidate_snp
1         1   None             NA        0.0087            NA
  posterior_explained_by_snp dropped_trait lead_snp
1                         NA      iradjbmi  rs13718
[1] "LEAD INDEX"
[1] 17
[1] "LEAD INDEX"
[1] 18
[1] "SPLICING EVENT"
[1] "chr5:173910604:173932450:clu_52010_+:ENSG00000113742.14"
Harmonising fat_distr (fat_distr) and Outcome (Outcome)
Harmonising fat_distr (fat_distr) and Outcome (Outcome)
[1] 610
[1] 610
  iteration traits posterior_prob regional_prob candidate_snp
1         1   None             NA        0.0104            NA
  posterior_explained_by_snp dropped_trait lead_snp
1                         NA      iradjbmi rs747472
[1] "SPLICING EVENT"
[1] "chr5:173910604:173944967:clu_52010_+:ENSG00000113742.14"
Harmonising fat_distr (fat_distr) and Outcome (Outcome)
Harmonising fat_distr (fat_distr) and Outcome (Outcome)
[1] 610
[1] 610
  iteration traits posterior_prob regional_prob candidate_snp
1         1   None             NA        0.0072            NA
  posterior_explained_by_snp dropped_trait lead_snp
1                         NA      iradjbmi rs747472
[1] "SPLICING EVENT"
[1] "chr5:173932500:173944967:clu_52010_+:ENSG00000113742.14"
Harmonising fat_distr (fat_distr) and Outcome (Outcome)
Harmonising fat_distr (fat_distr) and Outcome (Outcome)
[1] 610
[1] 610
  iteration traits posterior_prob regional_prob candidate_snp
1         1   None             NA        0.0091            NA
  posterior_explained_by_snp dropped_trait lead_snp
1                         NA      iradjbmi rs747472
[1] "SPLICING EVENT"
[1] "chr5:173949597:173949960:clu_52011_+:ENSG00000113742.14"
Harmonising fat_distr (fat_distr) and Outcome (Outcome)
Harmonising fat_distr (fat_distr) and Outcome (Outcome)
[1] 610
[1] 610
  iteration traits posterior_prob regional_prob candidate_snp
1         1   None             NA        0.0063            NA
  posterior_explained_by_snp dropped_trait lead_snp
1                         NA      iradjbmi rs747472
[1] "CHROMOSOME"
[1] 6
[1] "LEAD INDEX"
[1] 1
[1] "LEAD INDEX"
[1] 2
[1] "SPLICING EVENT"
[1] "chr6:85677191:85677424:clu_56268_-:ENSG00000203875.13"
Harmonising fat_distr (fat_distr) and Outcome (Outcome)
Harmonising fat_distr (fat_distr) and Outcome (Outcome)
[1] 314
[1] 314
  iteration                                                          traits
1         1 iradjbmi, chr6:85677191:85677424:clu_56268_-:ENSG00000203875.13
  posterior_prob regional_prob candidate_snp posterior_explained_by_snp
1          0.776        0.9767     rs1059307                      0.604
  dropped_trait  lead_snp
1            NA rs6454486
[1] "SPLICING EVENT"
[1] "chr6:85677492:85677795:clu_56268_-:ENSG00000203875.13"
Harmonising fat_distr (fat_distr) and Outcome (Outcome)
Harmonising fat_distr (fat_distr) and Outcome (Outcome)
[1] 314
[1] 314
  iteration                                                          traits
1         1 iradjbmi, chr6:85677492:85677795:clu_56268_-:ENSG00000203875.13
  posterior_prob regional_prob candidate_snp posterior_explained_by_snp
1         0.7381        0.9717     rs1059307                          1
  dropped_trait  lead_snp
1            NA rs6454486
[1] "SPLICING EVENT"
[1] "chr6:85677492:85677954:clu_56268_-:ENSG00000203875.13"
Harmonising fat_distr (fat_distr) and Outcome (Outcome)
Harmonising fat_distr (fat_distr) and Outcome (Outcome)
[1] 314
[1] 314
  iteration                                                          traits
1         1 iradjbmi, chr6:85677492:85677954:clu_56268_-:ENSG00000203875.13
  posterior_prob regional_prob candidate_snp posterior_explained_by_snp
1         0.7381        0.9717     rs1059307                          1
  dropped_trait  lead_snp
1            NA rs6454486
[1] "SPLICING EVENT"
[1] "chr6:85677492:85678136:clu_56268_-:ENSG00000203875.13"
Harmonising fat_distr (fat_distr) and Outcome (Outcome)
Harmonising fat_distr (fat_distr) and Outcome (Outcome)
[1] 314
[1] 314
  iteration                                                          traits
1         1 iradjbmi, chr6:85677492:85678136:clu_56268_-:ENSG00000203875.13
  posterior_prob regional_prob candidate_snp posterior_explained_by_snp
1         0.7381        0.9717     rs1059307                          1
  dropped_trait  lead_snp
1            NA rs6454486
[1] "SPLICING EVENT"
[1] "chr6:85677875:85677954:clu_56268_-:ENSG00000203875.13"
Harmonising fat_distr (fat_distr) and Outcome (Outcome)
Harmonising fat_distr (fat_distr) and Outcome (Outcome)
[1] 314
[1] 314
  iteration                                                          traits
1         1 iradjbmi, chr6:85677875:85677954:clu_56268_-:ENSG00000203875.13
  posterior_prob regional_prob candidate_snp posterior_explained_by_snp
1         0.7479         0.973     rs1059307                     0.8843
  dropped_trait  lead_snp
1            NA rs6454486
[1] "SPLICING EVENT"
[1] "chr6:85678032:85678136:clu_56268_-:ENSG00000203875.13"
Harmonising fat_distr (fat_distr) and Outcome (Outcome)
Harmonising fat_distr (fat_distr) and Outcome (Outcome)
[1] 314
[1] 314
  iteration traits posterior_prob regional_prob candidate_snp
1         1   None             NA        0.0192            NA
  posterior_explained_by_snp dropped_trait  lead_snp
1                         NA      iradjbmi rs6454486
[1] "SPLICING EVENT"
[1] "chr6:85678188:85678694:clu_56269_-:ENSG00000203875.13"
Harmonising fat_distr (fat_distr) and Outcome (Outcome)
Harmonising fat_distr (fat_distr) and Outcome (Outcome)
[1] 314
[1] 314
  iteration traits posterior_prob regional_prob candidate_snp
1         1   None             NA        0.0101            NA
  posterior_explained_by_snp dropped_trait  lead_snp
1                         NA      iradjbmi rs6454486
[1] "SPLICING EVENT"
[1] "chr6:85678188:85678698:clu_56269_-:ENSG00000203875.13"
Harmonising fat_distr (fat_distr) and Outcome (Outcome)
Harmonising fat_distr (fat_distr) and Outcome (Outcome)
[1] 314
[1] 314
  iteration traits posterior_prob regional_prob candidate_snp
1         1   None             NA        0.0072            NA
  posterior_explained_by_snp dropped_trait  lead_snp
1                         NA      iradjbmi rs6454486
[1] "LEAD INDEX"
[1] 3
[1] "SPLICING EVENT"
[1] "chr6:163415335:163455279:clu_55168_+:ENSG00000112531.17"
Harmonising fat_distr (fat_distr) and Outcome (Outcome)
Removing the following SNPs for incompatible alleles:
chr6:163294050
Harmonising fat_distr (fat_distr) and Outcome (Outcome)
[1] 532
[1] 532
  iteration traits posterior_prob regional_prob candidate_snp
1         1   None             NA         0.009            NA
  posterior_explained_by_snp dropped_trait lead_snp
1                         NA      iradjbmi   rs9306
[1] "SPLICING EVENT"
[1] "chr6:163415335:163478780:clu_55168_+:ENSG00000112531.17"
Harmonising fat_distr (fat_distr) and Outcome (Outcome)
Removing the following SNPs for incompatible alleles:
chr6:163294050
Harmonising fat_distr (fat_distr) and Outcome (Outcome)
[1] 532
[1] 532
  iteration traits posterior_prob regional_prob candidate_snp
1         1   None             NA        0.0165            NA
  posterior_explained_by_snp dropped_trait lead_snp
1                         NA      iradjbmi   rs9306
[1] "SPLICING EVENT"
[1] "chr6:163455421:163457381:clu_55168_+:ENSG00000112531.17"
Harmonising fat_distr (fat_distr) and Outcome (Outcome)
Removing the following SNPs for incompatible alleles:
chr6:163294050
Harmonising fat_distr (fat_distr) and Outcome (Outcome)
[1] 532
[1] 532
  iteration traits posterior_prob regional_prob candidate_snp
1         1   None             NA        0.0192            NA
  posterior_explained_by_snp dropped_trait lead_snp
1                         NA      iradjbmi   rs9306
[1] "SPLICING EVENT"
[1] "chr6:163455421:163478780:clu_55168_+:ENSG00000112531.17"
Harmonising fat_distr (fat_distr) and Outcome (Outcome)
Removing the following SNPs for incompatible alleles:
chr6:163294050
Harmonising fat_distr (fat_distr) and Outcome (Outcome)
[1] 532
[1] 532
  iteration traits posterior_prob regional_prob candidate_snp
1         1   None             NA        0.0084            NA
  posterior_explained_by_snp dropped_trait lead_snp
1                         NA      iradjbmi   rs9306
[1] "SPLICING EVENT"
[1] "chr6:163457551:163478780:clu_55168_+:ENSG00000112531.17"
Harmonising fat_distr (fat_distr) and Outcome (Outcome)
Removing the following SNPs for incompatible alleles:
chr6:163294050
Harmonising fat_distr (fat_distr) and Outcome (Outcome)
[1] 532
[1] 532
  iteration traits posterior_prob regional_prob candidate_snp
1         1   None             NA        0.0103            NA
  posterior_explained_by_snp dropped_trait lead_snp
1                         NA      iradjbmi   rs9306
[1] "SPLICING EVENT"
[1] "chr6:163562069:163563420:clu_55169_+:ENSG00000112531.17"
Harmonising fat_distr (fat_distr) and Outcome (Outcome)
Removing the following SNPs for incompatible alleles:
chr6:163294050
Harmonising fat_distr (fat_distr) and Outcome (Outcome)
[1] 532
[1] 532
  iteration traits posterior_prob regional_prob candidate_snp
1         1   None             NA        0.0111            NA
  posterior_explained_by_snp dropped_trait lead_snp
1                         NA      iradjbmi   rs9306
[1] "SPLICING EVENT"
[1] "chr6:163562069:163563423:clu_55169_+:ENSG00000112531.17"
Harmonising fat_distr (fat_distr) and Outcome (Outcome)
Removing the following SNPs for incompatible alleles:
chr6:163294050
Harmonising fat_distr (fat_distr) and Outcome (Outcome)
[1] 532
[1] 532
  iteration traits posterior_prob regional_prob candidate_snp
1         1   None             NA        0.0093            NA
  posterior_explained_by_snp dropped_trait lead_snp
1                         NA      iradjbmi   rs9306
[1] "SPLICING EVENT"
[1] "chr6:163562069:163563444:clu_55169_+:ENSG00000112531.17"
Harmonising fat_distr (fat_distr) and Outcome (Outcome)
Removing the following SNPs for incompatible alleles:
chr6:163294050
Harmonising fat_distr (fat_distr) and Outcome (Outcome)
[1] 532
[1] 532
  iteration traits posterior_prob regional_prob candidate_snp
1         1   None             NA        0.0098            NA
  posterior_explained_by_snp dropped_trait lead_snp
1                         NA      iradjbmi   rs9306
[1] "SPLICING EVENT"
[1] "chr6:163563719:163564667:clu_55170_+:ENSG00000112531.17"
Harmonising fat_distr (fat_distr) and Outcome (Outcome)
Removing the following SNPs for incompatible alleles:
chr6:163294050
Harmonising fat_distr (fat_distr) and Outcome (Outcome)
[1] 532
[1] 532
  iteration traits posterior_prob regional_prob candidate_snp
1         1   None             NA        0.0085            NA
  posterior_explained_by_snp dropped_trait lead_snp
1                         NA      iradjbmi   rs9306
[1] "SPLICING EVENT"
[1] "chr6:163563719:163565946:clu_55170_+:ENSG00000112531.17"
Harmonising fat_distr (fat_distr) and Outcome (Outcome)
Removing the following SNPs for incompatible alleles:
chr6:163294050
Harmonising fat_distr (fat_distr) and Outcome (Outcome)
[1] 532
[1] 532
  iteration traits posterior_prob regional_prob candidate_snp
1         1   None             NA        0.0088            NA
  posterior_explained_by_snp dropped_trait lead_snp
1                         NA      iradjbmi   rs9306
[1] "SPLICING EVENT"
[1] "chr6:163563719:163566721:clu_55170_+:ENSG00000112531.17"
Harmonising fat_distr (fat_distr) and Outcome (Outcome)
Removing the following SNPs for incompatible alleles:
chr6:163294050
Harmonising fat_distr (fat_distr) and Outcome (Outcome)
[1] 532
[1] 532
  iteration traits posterior_prob regional_prob candidate_snp
1         1   None             NA        0.0084            NA
  posterior_explained_by_snp dropped_trait lead_snp
1                         NA      iradjbmi   rs9306
[1] "LEAD INDEX"
[1] 4
[1] "LEAD INDEX"
[1] 5
[1] "LEAD INDEX"
[1] 6
[1] "SPLICING EVENT"
[1] "chr6:43771312:43774341:clu_54352_+:ENSG00000112715.26"
Harmonising fat_distr (fat_distr) and Outcome (Outcome)
Harmonising fat_distr (fat_distr) and Outcome (Outcome)
[1] 447
[1] 447
  iteration traits posterior_prob regional_prob candidate_snp
1         1   None             NA         0.015            NA
  posterior_explained_by_snp dropped_trait lead_snp
1                         NA      iradjbmi rs998584
[1] "SPLICING EVENT"
[1] "chr6:43771312:43777469:clu_54352_+:ENSG00000112715.26"
Harmonising fat_distr (fat_distr) and Outcome (Outcome)
Harmonising fat_distr (fat_distr) and Outcome (Outcome)
[1] 447
[1] 447
  iteration traits posterior_prob regional_prob candidate_snp
1         1   None             NA        0.0048            NA
  posterior_explained_by_snp dropped_trait lead_snp
1                         NA      iradjbmi rs998584
[1] "SPLICING EVENT"
[1] "chr6:43774392:43777469:clu_54352_+:ENSG00000112715.26"
Harmonising fat_distr (fat_distr) and Outcome (Outcome)
Harmonising fat_distr (fat_distr) and Outcome (Outcome)
[1] 447
[1] 447
  iteration traits posterior_prob regional_prob candidate_snp
1         1   None             NA        0.0159            NA
  posterior_explained_by_snp dropped_trait lead_snp
1                         NA      iradjbmi rs998584
[1] "SPLICING EVENT"
[1] "chr6:43778918:43780732:clu_54353_+:ENSG00000112715.26"
Harmonising fat_distr (fat_distr) and Outcome (Outcome)
Harmonising fat_distr (fat_distr) and Outcome (Outcome)
[1] 447
[1] 447
  iteration traits posterior_prob regional_prob candidate_snp
1         1   None             NA        0.0103            NA
  posterior_explained_by_snp dropped_trait lead_snp
1                         NA      iradjbmi rs998584
[1] "SPLICING EVENT"
[1] "chr6:43778918:43781956:clu_54353_+:ENSG00000112715.26"
Harmonising fat_distr (fat_distr) and Outcome (Outcome)
Harmonising fat_distr (fat_distr) and Outcome (Outcome)
[1] 447
[1] 447
  iteration traits posterior_prob regional_prob candidate_snp
1         1   None             NA        0.0069            NA
  posterior_explained_by_snp dropped_trait lead_snp
1                         NA      iradjbmi rs998584
[1] "SPLICING EVENT"
[1] "chr6:43778918:43784541:clu_54353_+:ENSG00000112715.26"
Harmonising fat_distr (fat_distr) and Outcome (Outcome)
Harmonising fat_distr (fat_distr) and Outcome (Outcome)
[1] 447
[1] 447
  iteration traits posterior_prob regional_prob candidate_snp
1         1   None             NA        0.0057            NA
  posterior_explained_by_snp dropped_trait lead_snp
1                         NA      iradjbmi rs998584
[1] "SPLICING EVENT"
[1] "chr6:43780785:43781956:clu_54353_+:ENSG00000112715.26"
Harmonising fat_distr (fat_distr) and Outcome (Outcome)
Harmonising fat_distr (fat_distr) and Outcome (Outcome)
[1] 447
[1] 447
  iteration traits posterior_prob regional_prob candidate_snp
1         1   None             NA        0.0132            NA
  posterior_explained_by_snp dropped_trait lead_snp
1                         NA      iradjbmi rs998584
[1] "SPLICING EVENT"
[1] "chr6:43780803:43781956:clu_54353_+:ENSG00000112715.26"
Harmonising fat_distr (fat_distr) and Outcome (Outcome)
Harmonising fat_distr (fat_distr) and Outcome (Outcome)
[1] 447
[1] 447
  iteration traits posterior_prob regional_prob candidate_snp
1         1   None             NA        0.0063            NA
  posterior_explained_by_snp dropped_trait lead_snp
1                         NA      iradjbmi rs998584
[1] "SPLICING EVENT"
[1] "chr6:43782087:43784541:clu_54353_+:ENSG00000112715.26"
Harmonising fat_distr (fat_distr) and Outcome (Outcome)
Harmonising fat_distr (fat_distr) and Outcome (Outcome)
[1] 447
[1] 447
  iteration traits posterior_prob regional_prob candidate_snp
1         1   None             NA          0.01            NA
  posterior_explained_by_snp dropped_trait lead_snp
1                         NA      iradjbmi rs998584
[1] "LEAD INDEX"
[1] 7
[1] "LEAD INDEX"
[1] 8
[1] "LEAD INDEX"
[1] 9
[1] "SPLICING EVENT"
[1] "chr6:108848546:108854225:clu_54665_+:ENSG00000118690.13"
Harmonising fat_distr (fat_distr) and Outcome (Outcome)
Harmonising fat_distr (fat_distr) and Outcome (Outcome)
[1] 359
[1] 359
  iteration traits posterior_prob regional_prob candidate_snp
1         1   None             NA         0.016            NA
  posterior_explained_by_snp dropped_trait  lead_snp
1                         NA      iradjbmi rs2806360
[1] "SPLICING EVENT"
[1] "chr6:108854485:108858199:clu_54666_+:ENSG00000118690.13"
Harmonising fat_distr (fat_distr) and Outcome (Outcome)
Harmonising fat_distr (fat_distr) and Outcome (Outcome)
[1] 359
[1] 359
  iteration traits posterior_prob regional_prob candidate_snp
1         1   None             NA        0.0502            NA
  posterior_explained_by_snp dropped_trait  lead_snp
1                         NA      iradjbmi rs2806360
[1] "SPLICING EVENT"
[1] "chr6:108854485:108868824:clu_54666_+:ENSG00000118690.13"
Harmonising fat_distr (fat_distr) and Outcome (Outcome)
Harmonising fat_distr (fat_distr) and Outcome (Outcome)
[1] 359
[1] 359
  iteration traits posterior_prob regional_prob candidate_snp
1         1   None             NA        0.0138            NA
  posterior_explained_by_snp dropped_trait  lead_snp
1                         NA      iradjbmi rs2806360
[1] "SPLICING EVENT"
[1] "chr6:108858271:108868824:clu_54666_+:ENSG00000118690.13"
Harmonising fat_distr (fat_distr) and Outcome (Outcome)
Harmonising fat_distr (fat_distr) and Outcome (Outcome)
[1] 359
[1] 359
  iteration traits posterior_prob regional_prob candidate_snp
1         1   None             NA        0.0094            NA
  posterior_explained_by_snp dropped_trait  lead_snp
1                         NA      iradjbmi rs2806360
[1] "SPLICING EVENT"
[1] "chr6:108868995:108876143:clu_54666_+:ENSG00000118690.13"
Harmonising fat_distr (fat_distr) and Outcome (Outcome)
Harmonising fat_distr (fat_distr) and Outcome (Outcome)
[1] 359
[1] 359
  iteration traits posterior_prob regional_prob candidate_snp
1         1   None             NA        0.0465            NA
  posterior_explained_by_snp dropped_trait  lead_snp
1                         NA      iradjbmi rs2806360
[1] "SPLICING EVENT"
[1] "chr6:108876350:108894467:clu_54667_+:ENSG00000118690.13"
Harmonising fat_distr (fat_distr) and Outcome (Outcome)
Harmonising fat_distr (fat_distr) and Outcome (Outcome)
[1] 359
[1] 359
  iteration traits posterior_prob regional_prob candidate_snp
1         1   None             NA        0.0685            NA
  posterior_explained_by_snp dropped_trait  lead_snp
1                         NA      iradjbmi rs2806360
[1] "SPLICING EVENT"
[1] "chr6:108894543:108899694:clu_54667_+:ENSG00000118690.13"
Harmonising fat_distr (fat_distr) and Outcome (Outcome)
Harmonising fat_distr (fat_distr) and Outcome (Outcome)
[1] 359
[1] 359
  iteration traits posterior_prob regional_prob candidate_snp
1         1   None             NA        0.0088            NA
  posterior_explained_by_snp dropped_trait  lead_snp
1                         NA      iradjbmi rs2806360
[1] "SPLICING EVENT"
[1] "chr6:108928233:108936900:clu_54670_+:ENSG00000118690.13"
Harmonising fat_distr (fat_distr) and Outcome (Outcome)
Harmonising fat_distr (fat_distr) and Outcome (Outcome)
[1] 359
[1] 359
  iteration traits posterior_prob regional_prob candidate_snp
1         1   None             NA         0.009            NA
  posterior_explained_by_snp dropped_trait  lead_snp
1                         NA      iradjbmi rs2806360
[1] "SPLICING EVENT"
[1] "chr6:108928233:108953033:clu_54670_+:ENSG00000118690.13"
Harmonising fat_distr (fat_distr) and Outcome (Outcome)
Harmonising fat_distr (fat_distr) and Outcome (Outcome)
[1] 359
[1] 359
  iteration traits posterior_prob regional_prob candidate_snp
1         1   None             NA         0.009            NA
  posterior_explained_by_snp dropped_trait  lead_snp
1                         NA      iradjbmi rs2806360
[1] "SPLICING EVENT"
[1] "chr6:108936999:108953033:clu_54670_+:ENSG00000118690.13"
Harmonising fat_distr (fat_distr) and Outcome (Outcome)
Harmonising fat_distr (fat_distr) and Outcome (Outcome)
[1] 359
[1] 359
  iteration traits posterior_prob regional_prob candidate_snp
1         1   None             NA        0.0457            NA
  posterior_explained_by_snp dropped_trait  lead_snp
1                         NA      iradjbmi rs2806360
[1] "SPLICING EVENT"
[1] "chr6:108953351:108961572:clu_54671_+:ENSG00000118690.13"
Harmonising fat_distr (fat_distr) and Outcome (Outcome)
Harmonising fat_distr (fat_distr) and Outcome (Outcome)
[1] 359
[1] 359
  iteration traits posterior_prob regional_prob candidate_snp
1         1   None             NA        0.0135            NA
  posterior_explained_by_snp dropped_trait  lead_snp
1                         NA      iradjbmi rs2806360
[1] "SPLICING EVENT"
[1] "chr6:108960927:108961572:clu_54671_+:ENSG00000118690.13"
Harmonising fat_distr (fat_distr) and Outcome (Outcome)
Harmonising fat_distr (fat_distr) and Outcome (Outcome)
[1] 359
[1] 359
  iteration traits posterior_prob regional_prob candidate_snp
1         1   None             NA        0.0223            NA
  posterior_explained_by_snp dropped_trait  lead_snp
1                         NA      iradjbmi rs2806360
[1] "SPLICING EVENT"
[1] "chr6:108964312:108964980:clu_54673_+:ENSG00000118690.13"
Harmonising fat_distr (fat_distr) and Outcome (Outcome)
Harmonising fat_distr (fat_distr) and Outcome (Outcome)
[1] 359
[1] 359
  iteration traits posterior_prob regional_prob candidate_snp
1         1   None             NA        0.0106            NA
  posterior_explained_by_snp dropped_trait  lead_snp
1                         NA      iradjbmi rs2806360
[1] "SPLICING EVENT"
[1] "chr6:108965140:108973357:clu_54673_+:ENSG00000118690.13"
Harmonising fat_distr (fat_distr) and Outcome (Outcome)
Harmonising fat_distr (fat_distr) and Outcome (Outcome)
[1] 359
[1] 359
  iteration traits posterior_prob regional_prob candidate_snp
1         1   None             NA        0.0154            NA
  posterior_explained_by_snp dropped_trait  lead_snp
1                         NA      iradjbmi rs2806360
[1] "LEAD INDEX"
[1] 10
[1] "LEAD INDEX"
[1] 11
[1] "LEAD INDEX"
[1] 12
[1] "SPLICING EVENT"
[1] "chr6:139373952:139374413:clu_56744_-:ENSG00000164442.10"
Harmonising fat_distr (fat_distr) and Outcome (Outcome)
Harmonising fat_distr (fat_distr) and Outcome (Outcome)
[1] 448
[1] 448
  iteration traits posterior_prob regional_prob candidate_snp
1         1   None             NA        0.0145            NA
  posterior_explained_by_snp dropped_trait lead_snp
1                         NA      iradjbmi rs634869
[1] "LEAD INDEX"
[1] 13
[1] "LEAD INDEX"
[1] 14
[1] "SPLICING EVENT"
[1] "chr6:160024704:160027185:clu_55129_+:ENSG00000197081.16"
Harmonising fat_distr (fat_distr) and Outcome (Outcome)
Harmonising fat_distr (fat_distr) and Outcome (Outcome)
[1] 554
[1] 554
  iteration traits posterior_prob regional_prob candidate_snp
1         1   None             NA        0.0937            NA
  posterior_explained_by_snp dropped_trait   lead_snp
1                         NA      iradjbmi rs12202350
[1] "SPLICING EVENT"
[1] "chr6:160027314:160029550:clu_55129_+:ENSG00000197081.16"
Harmonising fat_distr (fat_distr) and Outcome (Outcome)
Harmonising fat_distr (fat_distr) and Outcome (Outcome)
[1] 554
[1] 554
  iteration traits posterior_prob regional_prob candidate_snp
1         1   None             NA        0.0107            NA
  posterior_explained_by_snp dropped_trait   lead_snp
1                         NA      iradjbmi rs12202350
[1] "SPLICING EVENT"
[1] "chr6:160029655:160032551:clu_55129_+:ENSG00000197081.16"
Harmonising fat_distr (fat_distr) and Outcome (Outcome)
Harmonising fat_distr (fat_distr) and Outcome (Outcome)
[1] 554
[1] 554
  iteration traits posterior_prob regional_prob candidate_snp
1         1   None             NA        0.0935            NA
  posterior_explained_by_snp dropped_trait   lead_snp
1                         NA      iradjbmi rs12202350
[1] "SPLICING EVENT"
[1] "chr6:160033107:160034419:clu_55130_+:ENSG00000197081.16"
Harmonising fat_distr (fat_distr) and Outcome (Outcome)
Harmonising fat_distr (fat_distr) and Outcome (Outcome)
[1] 554
[1] 554
  iteration traits posterior_prob regional_prob candidate_snp
1         1   None             NA        0.0096            NA
  posterior_explained_by_snp dropped_trait   lead_snp
1                         NA      iradjbmi rs12202350
[1] "SPLICING EVENT"
[1] "chr6:160034522:160040560:clu_55130_+:ENSG00000197081.16"
Harmonising fat_distr (fat_distr) and Outcome (Outcome)
Harmonising fat_distr (fat_distr) and Outcome (Outcome)
[1] 554
[1] 554
  iteration traits posterior_prob regional_prob candidate_snp
1         1   None             NA        0.0103            NA
  posterior_explained_by_snp dropped_trait   lead_snp
1                         NA      iradjbmi rs12202350
[1] "SPLICING EVENT"
[1] "chr6:160046645:160047159:clu_55131_+:ENSG00000197081.16"
Harmonising fat_distr (fat_distr) and Outcome (Outcome)
Harmonising fat_distr (fat_distr) and Outcome (Outcome)
[1] 554
[1] 554
  iteration traits posterior_prob regional_prob candidate_snp
1         1   None             NA        0.0086            NA
  posterior_explained_by_snp dropped_trait   lead_snp
1                         NA      iradjbmi rs12202350
[1] "SPLICING EVENT"
[1] "chr6:160064531:160064804:clu_55134_+:ENSG00000197081.16"
Harmonising fat_distr (fat_distr) and Outcome (Outcome)
Harmonising fat_distr (fat_distr) and Outcome (Outcome)
[1] 554
[1] 554
  iteration traits posterior_prob regional_prob candidate_snp
1         1   None             NA        0.0113            NA
  posterior_explained_by_snp dropped_trait   lead_snp
1                         NA      iradjbmi rs12202350
[1] "SPLICING EVENT"
[1] "chr6:160064901:160068249:clu_55134_+:ENSG00000197081.16"
Harmonising fat_distr (fat_distr) and Outcome (Outcome)
Harmonising fat_distr (fat_distr) and Outcome (Outcome)
[1] 554
[1] 554
  iteration traits posterior_prob regional_prob candidate_snp
1         1   None             NA        0.0147            NA
  posterior_explained_by_snp dropped_trait   lead_snp
1                         NA      iradjbmi rs12202350
[1] "SPLICING EVENT"
[1] "chr6:160068385:160069868:clu_55135_+:ENSG00000197081.16"
Harmonising fat_distr (fat_distr) and Outcome (Outcome)
Harmonising fat_distr (fat_distr) and Outcome (Outcome)
[1] 554
[1] 554
  iteration traits posterior_prob regional_prob candidate_snp
1         1   None             NA        0.0102            NA
  posterior_explained_by_snp dropped_trait   lead_snp
1                         NA      iradjbmi rs12202350
[1] "SPLICING EVENT"
[1] "chr6:160069014:160069868:clu_55135_+:ENSG00000197081.16"
Harmonising fat_distr (fat_distr) and Outcome (Outcome)
Harmonising fat_distr (fat_distr) and Outcome (Outcome)
[1] 554
[1] 554
  iteration traits posterior_prob regional_prob candidate_snp
1         1   None             NA        0.0117            NA
  posterior_explained_by_snp dropped_trait   lead_snp
1                         NA      iradjbmi rs12202350
[1] "SPLICING EVENT"
[1] "chr6:160072036:160072765:clu_55136_+:ENSG00000197081.16"
Harmonising fat_distr (fat_distr) and Outcome (Outcome)
Harmonising fat_distr (fat_distr) and Outcome (Outcome)
[1] 554
[1] 554
  iteration traits posterior_prob regional_prob candidate_snp
1         1   None             NA        0.0103            NA
  posterior_explained_by_snp dropped_trait   lead_snp
1                         NA      iradjbmi rs12202350
[1] "SPLICING EVENT"
[1] "chr6:160072884:160073213:clu_55136_+:ENSG00000197081.16"
Harmonising fat_distr (fat_distr) and Outcome (Outcome)
Harmonising fat_distr (fat_distr) and Outcome (Outcome)
[1] 554
[1] 554
  iteration traits posterior_prob regional_prob candidate_snp
1         1   None             NA        0.0097            NA
  posterior_explained_by_snp dropped_trait   lead_snp
1                         NA      iradjbmi rs12202350
[1] "SPLICING EVENT"
[1] "chr6:160073469:160073757:clu_55137_+:ENSG00000197081.16"
Harmonising fat_distr (fat_distr) and Outcome (Outcome)
Harmonising fat_distr (fat_distr) and Outcome (Outcome)
[1] 554
[1] 554
  iteration traits posterior_prob regional_prob candidate_snp
1         1   None             NA        0.0452            NA
  posterior_explained_by_snp dropped_trait   lead_snp
1                         NA      iradjbmi rs12202350
[1] "SPLICING EVENT"
[1] "chr6:160085131:160088033:clu_55139_+:ENSG00000197081.16"
Harmonising fat_distr (fat_distr) and Outcome (Outcome)
Harmonising fat_distr (fat_distr) and Outcome (Outcome)
[1] 554
[1] 554
  iteration traits posterior_prob regional_prob candidate_snp
1         1   None             NA         0.012            NA
  posterior_explained_by_snp dropped_trait   lead_snp
1                         NA      iradjbmi rs12202350
[1] "SPLICING EVENT"
[1] "chr6:160088147:160089107:clu_55139_+:ENSG00000197081.16"
Harmonising fat_distr (fat_distr) and Outcome (Outcome)
Harmonising fat_distr (fat_distr) and Outcome (Outcome)
[1] 554
[1] 554
  iteration traits posterior_prob regional_prob candidate_snp
1         1   None             NA        0.0115            NA
  posterior_explained_by_snp dropped_trait   lead_snp
1                         NA      iradjbmi rs12202350
[1] "SPLICING EVENT"
[1] "chr6:160090103:160096439:clu_55132_+:ENSG00000197081.16"
Harmonising fat_distr (fat_distr) and Outcome (Outcome)
Harmonising fat_distr (fat_distr) and Outcome (Outcome)
[1] 554
[1] 554
  iteration traits posterior_prob regional_prob candidate_snp
1         1   None             NA        0.0111            NA
  posterior_explained_by_snp dropped_trait   lead_snp
1                         NA      iradjbmi rs12202350
[1] "SPLICING EVENT"
[1] "chr6:160143649:160154798:clu_55144_+:ENSG00000175003.15"
Harmonising fat_distr (fat_distr) and Outcome (Outcome)
Harmonising fat_distr (fat_distr) and Outcome (Outcome)
[1] 554
[1] 554
  iteration traits posterior_prob regional_prob candidate_snp
1         1   None             NA        0.0121            NA
  posterior_explained_by_snp dropped_trait   lead_snp
1                         NA      iradjbmi rs12202350
[1] "LEAD INDEX"
[1] 15
[1] "LEAD INDEX"
[1] 16
[1] "CHROMOSOME"
[1] 7
[1] "LEAD INDEX"
[1] 1
[1] "SPLICING EVENT"
[1] "chr7:12211425:12214809:clu_58801_+:ENSG00000106460.19"
Harmonising fat_distr (fat_distr) and Outcome (Outcome)
Harmonising fat_distr (fat_distr) and Outcome (Outcome)
[1] 622
[1] 622
  iteration traits posterior_prob regional_prob candidate_snp
1         1   None             NA        0.0077            NA
  posterior_explained_by_snp dropped_trait  lead_snp
1                         NA      iradjbmi rs1990622
[1] "SPLICING EVENT"
[1] "chr7:12211547:12214809:clu_58801_+:ENSG00000106460.19"
Harmonising fat_distr (fat_distr) and Outcome (Outcome)
Harmonising fat_distr (fat_distr) and Outcome (Outcome)
[1] 622
[1] 622
  iteration traits posterior_prob regional_prob candidate_snp
1         1   None             NA         0.011            NA
  posterior_explained_by_snp dropped_trait  lead_snp
1                         NA      iradjbmi rs1990622
[1] "SPLICING EVENT"
[1] "chr7:12224385:12229679:clu_58802_+:ENSG00000106460.19"
Harmonising fat_distr (fat_distr) and Outcome (Outcome)
Harmonising fat_distr (fat_distr) and Outcome (Outcome)
[1] 622
[1] 622
  iteration traits posterior_prob regional_prob candidate_snp
1         1   None             NA        0.0245            NA
  posterior_explained_by_snp dropped_trait  lead_snp
1                         NA      iradjbmi rs1990622
[1] "SPLICING EVENT"
[1] "chr7:12229819:12230389:clu_58802_+:ENSG00000106460.19"
Harmonising fat_distr (fat_distr) and Outcome (Outcome)
Harmonising fat_distr (fat_distr) and Outcome (Outcome)
[1] 622
[1] 622
  iteration traits posterior_prob regional_prob candidate_snp
1         1   None             NA        0.0326            NA
  posterior_explained_by_snp dropped_trait  lead_snp
1                         NA      iradjbmi rs1990622
[1] "SPLICING EVENT"
[1] "chr7:12230438:12231062:clu_58803_+:ENSG00000106460.19"
Harmonising fat_distr (fat_distr) and Outcome (Outcome)
Harmonising fat_distr (fat_distr) and Outcome (Outcome)
[1] 622
[1] 622
  iteration traits posterior_prob regional_prob candidate_snp
1         1   None             NA        0.0201            NA
  posterior_explained_by_snp dropped_trait  lead_snp
1                         NA      iradjbmi rs1990622
[1] "SPLICING EVENT"
[1] "chr7:12231115:12231837:clu_58803_+:ENSG00000106460.19"
Harmonising fat_distr (fat_distr) and Outcome (Outcome)
Harmonising fat_distr (fat_distr) and Outcome (Outcome)
[1] 622
[1] 622
  iteration traits posterior_prob regional_prob candidate_snp
1         1   None             NA        0.0371            NA
  posterior_explained_by_snp dropped_trait  lead_snp
1                         NA      iradjbmi rs1990622
[1] "LEAD INDEX"
[1] 2
[1] "SPLICING EVENT"
[1] "chr7:107932377:107935415:clu_58138_-:ENSG00000091136.15"
Harmonising fat_distr (fat_distr) and Outcome (Outcome)
Harmonising fat_distr (fat_distr) and Outcome (Outcome)
[1] 514
[1] 514
  iteration traits posterior_prob regional_prob candidate_snp
1         1   None             NA        0.0043            NA
  posterior_explained_by_snp dropped_trait  lead_snp
1                         NA      iradjbmi rs4727695
[1] "SPLICING EVENT"
[1] "chr7:107932493:107935415:clu_58138_-:ENSG00000091136.15"
Harmonising fat_distr (fat_distr) and Outcome (Outcome)
Harmonising fat_distr (fat_distr) and Outcome (Outcome)
[1] 514
[1] 514
  iteration traits posterior_prob regional_prob candidate_snp
1         1   None             NA         0.004            NA
  posterior_explained_by_snp dropped_trait  lead_snp
1                         NA      iradjbmi rs4727695
[1] "SPLICING EVENT"
[1] "chr7:107986363:107994887:clu_58140_-:ENSG00000091136.15"
Harmonising fat_distr (fat_distr) and Outcome (Outcome)
Harmonising fat_distr (fat_distr) and Outcome (Outcome)
[1] 514
[1] 514
  iteration traits posterior_prob regional_prob candidate_snp
1         1   None             NA        0.0048            NA
  posterior_explained_by_snp dropped_trait  lead_snp
1                         NA      iradjbmi rs4727695
[1] "SPLICING EVENT"
[1] "chr7:108001733:108002127:clu_58141_-:ENSG00000091136.15"
Harmonising fat_distr (fat_distr) and Outcome (Outcome)
Harmonising fat_distr (fat_distr) and Outcome (Outcome)
[1] 514
[1] 514
  iteration traits posterior_prob regional_prob candidate_snp
1         1   None             NA        0.0045            NA
  posterior_explained_by_snp dropped_trait  lead_snp
1                         NA      iradjbmi rs4727695
[1] "SPLICING EVENT"
[1] "chr7:108001733:108002849:clu_58141_-:ENSG00000091136.15"
Harmonising fat_distr (fat_distr) and Outcome (Outcome)
Harmonising fat_distr (fat_distr) and Outcome (Outcome)
[1] 514
[1] 514
  iteration traits posterior_prob regional_prob candidate_snp
1         1   None             NA        0.0043            NA
  posterior_explained_by_snp dropped_trait  lead_snp
1                         NA      iradjbmi rs4727695
[1] "SPLICING EVENT"
[1] "chr7:108002384:108002849:clu_58141_-:ENSG00000091136.15"
Harmonising fat_distr (fat_distr) and Outcome (Outcome)
Harmonising fat_distr (fat_distr) and Outcome (Outcome)
[1] 514
[1] 514
  iteration traits posterior_prob regional_prob candidate_snp
1         1   None             NA        0.0051            NA
  posterior_explained_by_snp dropped_trait  lead_snp
1                         NA      iradjbmi rs4727695
[1] "SPLICING EVENT"
[1] "chr7:108002971:108003111:clu_58142_-:ENSG00000091136.15"
Harmonising fat_distr (fat_distr) and Outcome (Outcome)
Harmonising fat_distr (fat_distr) and Outcome (Outcome)
[1] 514
[1] 514
  iteration traits posterior_prob regional_prob candidate_snp
1         1   None             NA        0.0056            NA
  posterior_explained_by_snp dropped_trait  lead_snp
1                         NA      iradjbmi rs4727695
[1] "LEAD INDEX"
[1] 3
[1] "LEAD INDEX"
[1] 4
[1] "SPLICING EVENT"
[1] "chr7:139340619:139345501:clu_59982_+:ENSG00000164898.13"
Harmonising fat_distr (fat_distr) and Outcome (Outcome)
Harmonising fat_distr (fat_distr) and Outcome (Outcome)
[1] 356
[1] 356
  iteration traits posterior_prob regional_prob candidate_snp
1         1   None             NA        0.0085            NA
  posterior_explained_by_snp dropped_trait   lead_snp
1                         NA      iradjbmi rs11772771
[1] "SPLICING EVENT"
[1] "chr7:139341522:139345501:clu_59982_+:ENSG00000164898.13"
Harmonising fat_distr (fat_distr) and Outcome (Outcome)
Harmonising fat_distr (fat_distr) and Outcome (Outcome)
[1] 356
[1] 356
  iteration traits posterior_prob regional_prob candidate_snp
1         1   None             NA        0.0096            NA
  posterior_explained_by_snp dropped_trait   lead_snp
1                         NA      iradjbmi rs11772771
[1] "SPLICING EVENT"
[1] "chr7:139360322:139363176:clu_59983_+:ENSG00000146963.18"
Harmonising fat_distr (fat_distr) and Outcome (Outcome)
Harmonising fat_distr (fat_distr) and Outcome (Outcome)
[1] 356
[1] 356
  iteration traits posterior_prob regional_prob candidate_snp
1         1   None             NA        0.0066            NA
  posterior_explained_by_snp dropped_trait   lead_snp
1                         NA      iradjbmi rs11772771
[1] "SPLICING EVENT"
[1] "chr7:139360322:139374401:clu_59983_+:ENSG00000146963.18"
Harmonising fat_distr (fat_distr) and Outcome (Outcome)
Harmonising fat_distr (fat_distr) and Outcome (Outcome)
[1] 356
[1] 356
  iteration traits posterior_prob regional_prob candidate_snp
1         1   None             NA        0.0051            NA
  posterior_explained_by_snp dropped_trait   lead_snp
1                         NA      iradjbmi rs11772771
[1] "SPLICING EVENT"
[1] "chr7:139360322:139376062:clu_59983_+:ENSG00000146963.18"
Harmonising fat_distr (fat_distr) and Outcome (Outcome)
Harmonising fat_distr (fat_distr) and Outcome (Outcome)
[1] 356
[1] 356
  iteration traits posterior_prob regional_prob candidate_snp
1         1   None             NA         0.004            NA
  posterior_explained_by_snp dropped_trait   lead_snp
1                         NA      iradjbmi rs11772771
[1] "SPLICING EVENT"
[1] "chr7:139363259:139376062:clu_59983_+:ENSG00000146963.18"
Harmonising fat_distr (fat_distr) and Outcome (Outcome)
Harmonising fat_distr (fat_distr) and Outcome (Outcome)
[1] 356
[1] 356
  iteration traits posterior_prob regional_prob candidate_snp
1         1   None             NA        0.0049            NA
  posterior_explained_by_snp dropped_trait   lead_snp
1                         NA      iradjbmi rs11772771
[1] "SPLICING EVENT"
[1] "chr7:139371463:139374401:clu_59983_+:ENSG00000146963.18"
Harmonising fat_distr (fat_distr) and Outcome (Outcome)
Harmonising fat_distr (fat_distr) and Outcome (Outcome)
[1] 356
[1] 356
  iteration traits posterior_prob regional_prob candidate_snp
1         1   None             NA        0.0055            NA
  posterior_explained_by_snp dropped_trait   lead_snp
1                         NA      iradjbmi rs11772771
[1] "SPLICING EVENT"
[1] "chr7:139374471:139375506:clu_59983_+:ENSG00000146963.18"
Harmonising fat_distr (fat_distr) and Outcome (Outcome)
Harmonising fat_distr (fat_distr) and Outcome (Outcome)
[1] 356
[1] 356
  iteration traits posterior_prob regional_prob candidate_snp
1         1   None             NA        0.0047            NA
  posterior_explained_by_snp dropped_trait   lead_snp
1                         NA      iradjbmi rs11772771
[1] "SPLICING EVENT"
[1] "chr7:139374471:139376062:clu_59983_+:ENSG00000146963.18"
Harmonising fat_distr (fat_distr) and Outcome (Outcome)
Harmonising fat_distr (fat_distr) and Outcome (Outcome)
[1] 356
[1] 356
  iteration traits posterior_prob regional_prob candidate_snp
1         1   None             NA        0.0056            NA
  posterior_explained_by_snp dropped_trait   lead_snp
1                         NA      iradjbmi rs11772771
[1] "SPLICING EVENT"
[1] "chr7:139375579:139376062:clu_59983_+:ENSG00000146963.18"
Harmonising fat_distr (fat_distr) and Outcome (Outcome)
Harmonising fat_distr (fat_distr) and Outcome (Outcome)
[1] 356
[1] 356
  iteration traits posterior_prob regional_prob candidate_snp
1         1   None             NA        0.0061            NA
  posterior_explained_by_snp dropped_trait   lead_snp
1                         NA      iradjbmi rs11772771
[1] "SPLICING EVENT"
[1] "chr7:139375583:139376062:clu_59983_+:ENSG00000146963.18"
Harmonising fat_distr (fat_distr) and Outcome (Outcome)
Harmonising fat_distr (fat_distr) and Outcome (Outcome)
[1] 356
[1] 356
  iteration traits posterior_prob regional_prob candidate_snp
1         1   None             NA        0.0046            NA
  posterior_explained_by_snp dropped_trait   lead_snp
1                         NA      iradjbmi rs11772771
[1] "LEAD INDEX"
[1] 5
[1] "SPLICING EVENT"
[1] "chr7:1044658:1045337:clu_58646_+:ENSG00000164849.10"
Harmonising fat_distr (fat_distr) and Outcome (Outcome)
Harmonising fat_distr (fat_distr) and Outcome (Outcome)
[1] 337
[1] 337
  iteration traits posterior_prob regional_prob candidate_snp
1         1   None             NA        0.0054            NA
  posterior_explained_by_snp dropped_trait  lead_snp
1                         NA      iradjbmi rs3808350
[1] "SPLICING EVENT"
[1] "chr7:1044658:1057492:clu_58646_+:ENSG00000164849.10"
Harmonising fat_distr (fat_distr) and Outcome (Outcome)
Harmonising fat_distr (fat_distr) and Outcome (Outcome)
[1] 337
[1] 337
  iteration traits posterior_prob regional_prob candidate_snp
1         1   None             NA        0.0055            NA
  posterior_explained_by_snp dropped_trait  lead_snp
1                         NA      iradjbmi rs3808350
[1] "SPLICING EVENT"
[1] "chr7:1055483:1056104:clu_58646_+:ENSG00000164849.10"
Harmonising fat_distr (fat_distr) and Outcome (Outcome)
Harmonising fat_distr (fat_distr) and Outcome (Outcome)
[1] 337
[1] 337
  iteration traits posterior_prob regional_prob candidate_snp
1         1   None             NA         1e-04            NA
  posterior_explained_by_snp
1                         NA
                                        dropped_trait  lead_snp
1 chr7:1055483:1056104:clu_58646_+:ENSG00000164849.10 rs3808350
[1] "SPLICING EVENT"
[1] "chr7:1055483:1057492:clu_58646_+:ENSG00000164849.10"
Harmonising fat_distr (fat_distr) and Outcome (Outcome)
Harmonising fat_distr (fat_distr) and Outcome (Outcome)
[1] 337
[1] 337
  iteration                                                        traits
1         1 iradjbmi, chr7:1055483:1057492:clu_58646_+:ENSG00000164849.10
  posterior_prob regional_prob candidate_snp posterior_explained_by_snp
1         0.9838        0.9914     rs4265085                     0.6206
  dropped_trait  lead_snp
1            NA rs3808350
[1] "SPLICING EVENT"
[1] "chr7:1056248:1057492:clu_58646_+:ENSG00000164849.10"
Harmonising fat_distr (fat_distr) and Outcome (Outcome)
Harmonising fat_distr (fat_distr) and Outcome (Outcome)
[1] 337
[1] 337
  iteration traits posterior_prob regional_prob candidate_snp
1         1   None             NA         4e-04            NA
  posterior_explained_by_snp
1                         NA
                                        dropped_trait  lead_snp
1 chr7:1056248:1057492:clu_58646_+:ENSG00000164849.10 rs3808350
[1] "SPLICING EVENT"
[1] "chr7:1056779:1057492:clu_58646_+:ENSG00000164849.10"
Harmonising fat_distr (fat_distr) and Outcome (Outcome)
Harmonising fat_distr (fat_distr) and Outcome (Outcome)
[1] 337
[1] 337
  iteration traits posterior_prob regional_prob candidate_snp
1         1   None             NA        0.0122            NA
  posterior_explained_by_snp
1                         NA
                                        dropped_trait  lead_snp
1 chr7:1056779:1057492:clu_58646_+:ENSG00000164849.10 rs3808350
[1] "SPLICING EVENT"
[1] "chr7:1056829:1057492:clu_58646_+:ENSG00000164849.10"
Harmonising fat_distr (fat_distr) and Outcome (Outcome)
Harmonising fat_distr (fat_distr) and Outcome (Outcome)
[1] 337
[1] 337
  iteration traits posterior_prob regional_prob candidate_snp
1         1   None             NA        0.0038            NA
  posterior_explained_by_snp
1                         NA
                                        dropped_trait  lead_snp
1 chr7:1056829:1057492:clu_58646_+:ENSG00000164849.10 rs3808350
[1] "LEAD INDEX"
[1] 6
[1] "LEAD INDEX"
[1] 7
[1] "LEAD INDEX"
[1] 8
[1] "LEAD INDEX"
[1] 9
[1] "LEAD INDEX"
[1] 10
[1] "SPLICING EVENT"
[1] "chr7:26190460:26190993:clu_57313_-:ENSG00000122566.22"
Harmonising fat_distr (fat_distr) and Outcome (Outcome)
Harmonising fat_distr (fat_distr) and Outcome (Outcome)
[1] 465
[1] 465
  iteration traits posterior_prob regional_prob candidate_snp
1         1   None             NA        0.0091            NA
  posterior_explained_by_snp dropped_trait  lead_snp
1                         NA      iradjbmi rs1534696
[1] "SPLICING EVENT"
[1] "chr7:26190460:26191056:clu_57313_-:ENSG00000122566.22"
Harmonising fat_distr (fat_distr) and Outcome (Outcome)
Harmonising fat_distr (fat_distr) and Outcome (Outcome)
[1] 465
[1] 465
  iteration traits posterior_prob regional_prob candidate_snp
1         1   None             NA        0.0047            NA
  posterior_explained_by_snp dropped_trait  lead_snp
1                         NA      iradjbmi rs1534696
[1] "SPLICING EVENT"
[1] "chr7:26190460:26192495:clu_57313_-:ENSG00000122566.22"
Harmonising fat_distr (fat_distr) and Outcome (Outcome)
Harmonising fat_distr (fat_distr) and Outcome (Outcome)
[1] 465
[1] 465
  iteration traits posterior_prob regional_prob candidate_snp
1         1   None             NA        0.0046            NA
  posterior_explained_by_snp dropped_trait  lead_snp
1                         NA      iradjbmi rs1534696
[1] "SPLICING EVENT"
[1] "chr7:26191128:26191422:clu_57313_-:ENSG00000122566.22"
Harmonising fat_distr (fat_distr) and Outcome (Outcome)
Harmonising fat_distr (fat_distr) and Outcome (Outcome)
[1] 465
[1] 465
  iteration traits posterior_prob regional_prob candidate_snp
1         1   None             NA        0.0057            NA
  posterior_explained_by_snp dropped_trait  lead_snp
1                         NA      iradjbmi rs1534696
[1] "SPLICING EVENT"
[1] "chr7:26191128:26192495:clu_57313_-:ENSG00000122566.22"
Harmonising fat_distr (fat_distr) and Outcome (Outcome)
Harmonising fat_distr (fat_distr) and Outcome (Outcome)
[1] 465
[1] 465
  iteration traits posterior_prob regional_prob candidate_snp
1         1   None             NA        0.0416            NA
  posterior_explained_by_snp dropped_trait  lead_snp
1                         NA      iradjbmi rs1534696
[1] "SPLICING EVENT"
[1] "chr7:26192338:26192495:clu_57313_-:ENSG00000122566.22"
Harmonising fat_distr (fat_distr) and Outcome (Outcome)
Harmonising fat_distr (fat_distr) and Outcome (Outcome)
[1] 465
[1] 465
  iteration traits posterior_prob regional_prob candidate_snp
1         1   None             NA        0.0528            NA
  posterior_explained_by_snp dropped_trait  lead_snp
1                         NA      iradjbmi rs1534696
[1] "SPLICING EVENT"
[1] "chr7:26193373:26193575:clu_57314_-:ENSG00000122566.22"
Harmonising fat_distr (fat_distr) and Outcome (Outcome)
Harmonising fat_distr (fat_distr) and Outcome (Outcome)
[1] 465
[1] 465
  iteration traits posterior_prob regional_prob candidate_snp
1         1   None             NA          0.04            NA
  posterior_explained_by_snp dropped_trait  lead_snp
1                         NA      iradjbmi rs1534696
[1] "SPLICING EVENT"
[1] "chr7:26193373:26195847:clu_57314_-:ENSG00000122566.22"
Harmonising fat_distr (fat_distr) and Outcome (Outcome)
Harmonising fat_distr (fat_distr) and Outcome (Outcome)
[1] 465
[1] 465
  iteration traits posterior_prob regional_prob candidate_snp
1         1   None             NA        0.0026            NA
  posterior_explained_by_snp dropped_trait  lead_snp
1                         NA      iradjbmi rs1534696
[1] "SPLICING EVENT"
[1] "chr7:26193694:26195847:clu_57314_-:ENSG00000122566.22"
Harmonising fat_distr (fat_distr) and Outcome (Outcome)
Harmonising fat_distr (fat_distr) and Outcome (Outcome)
[1] 465
[1] 465
  iteration traits posterior_prob regional_prob candidate_snp
1         1   None             NA        0.0648            NA
  posterior_explained_by_snp dropped_trait  lead_snp
1                         NA      iradjbmi rs1534696
[1] "SPLICING EVENT"
[1] "chr7:26197732:26197831:clu_57315_-:ENSG00000122566.22"
Harmonising fat_distr (fat_distr) and Outcome (Outcome)
Harmonising fat_distr (fat_distr) and Outcome (Outcome)
[1] 465
[1] 465
  iteration traits posterior_prob regional_prob candidate_snp
1         1   None             NA        0.0053            NA
  posterior_explained_by_snp dropped_trait  lead_snp
1                         NA      iradjbmi rs1534696
[1] "SPLICING EVENT"
[1] "chr7:26197732:26200572:clu_57315_-:ENSG00000122566.22"
Harmonising fat_distr (fat_distr) and Outcome (Outcome)
Harmonising fat_distr (fat_distr) and Outcome (Outcome)
[1] 465
[1] 465
  iteration traits posterior_prob regional_prob candidate_snp
1         1   None             NA        0.0076            NA
  posterior_explained_by_snp dropped_trait  lead_snp
1                         NA      iradjbmi rs1534696
[1] "SPLICING EVENT"
[1] "chr7:26197866:26200572:clu_57315_-:ENSG00000122566.22"
Harmonising fat_distr (fat_distr) and Outcome (Outcome)
Harmonising fat_distr (fat_distr) and Outcome (Outcome)
[1] 465
[1] 465
  iteration traits posterior_prob regional_prob candidate_snp
1         1   None             NA        0.0142            NA
  posterior_explained_by_snp dropped_trait  lead_snp
1                         NA      iradjbmi rs1534696
[1] "SPLICING EVENT"
[1] "chr7:26201561:26202971:clu_58890_+:ENSG00000122565.19"
Harmonising fat_distr (fat_distr) and Outcome (Outcome)
Harmonising fat_distr (fat_distr) and Outcome (Outcome)
[1] 465
[1] 465
  iteration traits posterior_prob regional_prob candidate_snp
1         1   None             NA        0.0067            NA
  posterior_explained_by_snp dropped_trait  lead_snp
1                         NA      iradjbmi rs1534696
[1] "SPLICING EVENT"
[1] "chr7:26201826:26202971:clu_58890_+:ENSG00000122565.19"
Harmonising fat_distr (fat_distr) and Outcome (Outcome)
Harmonising fat_distr (fat_distr) and Outcome (Outcome)
[1] 465
[1] 465
  iteration traits posterior_prob regional_prob candidate_snp
1         1   None             NA        0.0066            NA
  posterior_explained_by_snp dropped_trait  lead_snp
1                         NA      iradjbmi rs1534696
[1] "SPLICING EVENT"
[1] "chr7:26202609:26202971:clu_58890_+:ENSG00000122565.19"
Harmonising fat_distr (fat_distr) and Outcome (Outcome)
Harmonising fat_distr (fat_distr) and Outcome (Outcome)
[1] 465
[1] 465
  iteration traits posterior_prob regional_prob candidate_snp
1         1   None             NA        0.0079            NA
  posterior_explained_by_snp dropped_trait  lead_snp
1                         NA      iradjbmi rs1534696
[1] "SPLICING EVENT"
[1] "chr7:26206510:26208393:clu_58891_+:ENSG00000122565.19"
Harmonising fat_distr (fat_distr) and Outcome (Outcome)
Harmonising fat_distr (fat_distr) and Outcome (Outcome)
[1] 465
[1] 465
  iteration traits posterior_prob regional_prob candidate_snp
1         1   None             NA        0.0042            NA
  posterior_explained_by_snp dropped_trait  lead_snp
1                         NA      iradjbmi rs1534696
[1] "SPLICING EVENT"
[1] "chr7:26206510:26208466:clu_58891_+:ENSG00000122565.19"
Harmonising fat_distr (fat_distr) and Outcome (Outcome)
Harmonising fat_distr (fat_distr) and Outcome (Outcome)
[1] 465
[1] 465
  iteration traits posterior_prob regional_prob candidate_snp
1         1   None             NA         0.004            NA
  posterior_explained_by_snp dropped_trait  lead_snp
1                         NA      iradjbmi rs1534696
[1] "SPLICING EVENT"
[1] "chr7:26208555:26209940:clu_58892_+:ENSG00000122565.19"
Harmonising fat_distr (fat_distr) and Outcome (Outcome)
Harmonising fat_distr (fat_distr) and Outcome (Outcome)
[1] 465
[1] 465
  iteration traits posterior_prob regional_prob candidate_snp
1         1   None             NA        0.0085            NA
  posterior_explained_by_snp dropped_trait  lead_snp
1                         NA      iradjbmi rs1534696
[1] "SPLICING EVENT"
[1] "chr7:26208555:26211662:clu_58892_+:ENSG00000122565.19"
Harmonising fat_distr (fat_distr) and Outcome (Outcome)
Harmonising fat_distr (fat_distr) and Outcome (Outcome)
[1] 465
[1] 465
  iteration traits posterior_prob regional_prob candidate_snp
1         1   None             NA        0.0091            NA
  posterior_explained_by_snp dropped_trait  lead_snp
1                         NA      iradjbmi rs1534696
[1] "SPLICING EVENT"
[1] "chr7:26292086:26346420:clu_58893_+:ENSG00000086300.16"
Harmonising fat_distr (fat_distr) and Outcome (Outcome)
Harmonising fat_distr (fat_distr) and Outcome (Outcome)
[1] 465
[1] 465
  iteration traits posterior_prob regional_prob candidate_snp
1         1   None             NA        0.0186            NA
  posterior_explained_by_snp dropped_trait  lead_snp
1                         NA      iradjbmi rs1534696
[1] "SPLICING EVENT"
[1] "chr7:26346466:26360975:clu_58894_+:ENSG00000086300.16"
Harmonising fat_distr (fat_distr) and Outcome (Outcome)
Harmonising fat_distr (fat_distr) and Outcome (Outcome)
[1] 465
[1] 465
  iteration traits posterior_prob regional_prob candidate_snp
1         1   None             NA        0.0203            NA
  posterior_explained_by_snp dropped_trait  lead_snp
1                         NA      iradjbmi rs1534696
[1] "SPLICING EVENT"
[1] "chr7:26357127:26360975:clu_58894_+:ENSG00000086300.16"
Harmonising fat_distr (fat_distr) and Outcome (Outcome)
Harmonising fat_distr (fat_distr) and Outcome (Outcome)
[1] 465
[1] 465
  iteration traits posterior_prob regional_prob candidate_snp
1         1   None             NA        0.0086            NA
  posterior_explained_by_snp dropped_trait  lead_snp
1                         NA      iradjbmi rs1534696
[1] "SPLICING EVENT"
[1] "chr7:26365145:26371821:clu_58896_+:ENSG00000086300.16"
Harmonising fat_distr (fat_distr) and Outcome (Outcome)
Harmonising fat_distr (fat_distr) and Outcome (Outcome)
[1] 465
[1] 465
  iteration traits posterior_prob regional_prob candidate_snp
1         1   None             NA        0.0066            NA
  posterior_explained_by_snp dropped_trait  lead_snp
1                         NA      iradjbmi rs1534696
[1] "SPLICING EVENT"
[1] "chr7:26399021:26399246:clu_58897_+:ENSG00000214870.10"
Harmonising fat_distr (fat_distr) and Outcome (Outcome)
Harmonising fat_distr (fat_distr) and Outcome (Outcome)
[1] 465
[1] 465
  iteration traits posterior_prob regional_prob candidate_snp
1         1   None             NA        0.0039            NA
  posterior_explained_by_snp
1                         NA
                                          dropped_trait  lead_snp
1 chr7:26399021:26399246:clu_58897_+:ENSG00000214870.10 rs1534696
[1] "SPLICING EVENT"
[1] "chr7:26399021:26403396:clu_58897_+:ENSG00000214870.10"
Harmonising fat_distr (fat_distr) and Outcome (Outcome)
Harmonising fat_distr (fat_distr) and Outcome (Outcome)
[1] 465
[1] 465
  iteration traits posterior_prob regional_prob candidate_snp
1         1   None             NA        0.0102            NA
  posterior_explained_by_snp dropped_trait  lead_snp
1                         NA      iradjbmi rs1534696
[1] "SPLICING EVENT"
[1] "chr7:26399021:26412185:clu_58897_+:ENSG00000214870.10"
Harmonising fat_distr (fat_distr) and Outcome (Outcome)
Harmonising fat_distr (fat_distr) and Outcome (Outcome)
[1] 465
[1] 465
  iteration traits posterior_prob regional_prob candidate_snp
1         1   None             NA        0.0115            NA
  posterior_explained_by_snp dropped_trait  lead_snp
1                         NA      iradjbmi rs1534696
[1] "SPLICING EVENT"
[1] "chr7:26403517:26412185:clu_58897_+:ENSG00000214870.10"
Harmonising fat_distr (fat_distr) and Outcome (Outcome)
Harmonising fat_distr (fat_distr) and Outcome (Outcome)
[1] 465
[1] 465
  iteration traits posterior_prob regional_prob candidate_snp
1         1   None             NA        0.0108            NA
  posterior_explained_by_snp dropped_trait  lead_snp
1                         NA      iradjbmi rs1534696
[1] "SPLICING EVENT"
[1] "chr7:26403517:26493795:clu_58897_+:ENSG00000214870.10"
Harmonising fat_distr (fat_distr) and Outcome (Outcome)
Harmonising fat_distr (fat_distr) and Outcome (Outcome)
[1] 465
[1] 465
  iteration traits posterior_prob regional_prob candidate_snp
1         1   None             NA        0.0123            NA
  posterior_explained_by_snp dropped_trait  lead_snp
1                         NA      iradjbmi rs1534696
[1] "SPLICING EVENT"
[1] "chr7:26412239:26493795:clu_58897_+:ENSG00000214870.10"
Harmonising fat_distr (fat_distr) and Outcome (Outcome)
Harmonising fat_distr (fat_distr) and Outcome (Outcome)
[1] 465
[1] 465
  iteration traits posterior_prob regional_prob candidate_snp
1         1   None             NA        0.0143            NA
  posterior_explained_by_snp dropped_trait  lead_snp
1                         NA      iradjbmi rs1534696
[1] "SPLICING EVENT"
[1] "chr7:26495199:26495809:clu_58899_+:ENSG00000214870.10"
Harmonising fat_distr (fat_distr) and Outcome (Outcome)
Harmonising fat_distr (fat_distr) and Outcome (Outcome)
[1] 465
[1] 465
  iteration traits posterior_prob regional_prob candidate_snp
1         1   None             NA         0.033            NA
  posterior_explained_by_snp dropped_trait  lead_snp
1                         NA      iradjbmi rs1534696
[1] "SPLICING EVENT"
[1] "chr7:26495199:26496114:clu_58899_+:ENSG00000214870.10"
Harmonising fat_distr (fat_distr) and Outcome (Outcome)
Harmonising fat_distr (fat_distr) and Outcome (Outcome)
[1] 465
[1] 465
  iteration traits posterior_prob regional_prob candidate_snp
1         1   None             NA        0.0132            NA
  posterior_explained_by_snp dropped_trait  lead_snp
1                         NA      iradjbmi rs1534696
[1] "SPLICING EVENT"
[1] "chr7:26495881:26496114:clu_58899_+:ENSG00000214870.10"
Harmonising fat_distr (fat_distr) and Outcome (Outcome)
Harmonising fat_distr (fat_distr) and Outcome (Outcome)
[1] 465
[1] 465
  iteration traits posterior_prob regional_prob candidate_snp
1         1   None             NA        0.0076            NA
  posterior_explained_by_snp dropped_trait  lead_snp
1                         NA      iradjbmi rs1534696
[1] "LEAD INDEX"
[1] 11
[1] "LEAD INDEX"
[1] 12
[1] "SPLICING EVENT"
[1] "chr7:44404583:44413191:clu_57487_-:ENSG00000015676.18"
Harmonising fat_distr (fat_distr) and Outcome (Outcome)
Harmonising fat_distr (fat_distr) and Outcome (Outcome)
[1] 339
[1] 339
  iteration traits posterior_prob regional_prob candidate_snp
1         1   None             NA        0.0131            NA
  posterior_explained_by_snp dropped_trait   lead_snp
1                         NA      iradjbmi rs11770515
[1] "SPLICING EVENT"
[1] "chr7:44404583:44425900:clu_57487_-:ENSG00000015676.18"
Harmonising fat_distr (fat_distr) and Outcome (Outcome)
Harmonising fat_distr (fat_distr) and Outcome (Outcome)
[1] 339
[1] 339
  iteration traits posterior_prob regional_prob candidate_snp
1         1   None             NA        0.0131            NA
  posterior_explained_by_snp dropped_trait   lead_snp
1                         NA      iradjbmi rs11770515
[1] "SPLICING EVENT"
[1] "chr7:44404583:44427571:clu_57487_-:ENSG00000015676.18"
Harmonising fat_distr (fat_distr) and Outcome (Outcome)
Harmonising fat_distr (fat_distr) and Outcome (Outcome)
[1] 339
[1] 339
  iteration traits posterior_prob regional_prob candidate_snp
1         1   None             NA        0.0128            NA
  posterior_explained_by_snp dropped_trait   lead_snp
1                         NA      iradjbmi rs11770515
[1] "SPLICING EVENT"
[1] "chr7:44427703:44481292:clu_57488_-:ENSG00000015676.18"
Harmonising fat_distr (fat_distr) and Outcome (Outcome)
Harmonising fat_distr (fat_distr) and Outcome (Outcome)
[1] 339
[1] 339
  iteration traits posterior_prob regional_prob candidate_snp
1         1   None             NA        0.0116            NA
  posterior_explained_by_snp dropped_trait   lead_snp
1                         NA      iradjbmi rs11770515
[1] "SPLICING EVENT"
[1] "chr7:44427703:44484968:clu_57488_-:ENSG00000015676.18"
Harmonising fat_distr (fat_distr) and Outcome (Outcome)
Harmonising fat_distr (fat_distr) and Outcome (Outcome)
[1] 339
[1] 339
  iteration traits posterior_prob regional_prob candidate_snp
1         1   None             NA        0.0227            NA
  posterior_explained_by_snp dropped_trait   lead_snp
1                         NA      iradjbmi rs11770515
[1] "SPLICING EVENT"
[1] "chr7:44481461:44484968:clu_57488_-:ENSG00000015676.18"
Harmonising fat_distr (fat_distr) and Outcome (Outcome)
Harmonising fat_distr (fat_distr) and Outcome (Outcome)
[1] 339
[1] 339
  iteration traits posterior_prob regional_prob candidate_snp
1         1   None             NA        0.0117            NA
  posterior_explained_by_snp dropped_trait   lead_snp
1                         NA      iradjbmi rs11770515
[1] "SPLICING EVENT"
[1] "chr7:44485284:44490409:clu_57489_-:ENSG00000015676.18"
Harmonising fat_distr (fat_distr) and Outcome (Outcome)
Harmonising fat_distr (fat_distr) and Outcome (Outcome)
[1] 339
[1] 339
  iteration traits posterior_prob regional_prob candidate_snp
1         1   None             NA        0.0114            NA
  posterior_explained_by_snp dropped_trait   lead_snp
1                         NA      iradjbmi rs11770515
[1] "SPLICING EVENT"
[1] "chr7:44513649:44515803:clu_57490_-:ENSG00000015520.15"
Harmonising fat_distr (fat_distr) and Outcome (Outcome)
Harmonising fat_distr (fat_distr) and Outcome (Outcome)
[1] 339
[1] 339
  iteration                                                          traits
1         1 iradjbmi, chr7:44513649:44515803:clu_57490_-:ENSG00000015520.15
  posterior_prob regional_prob candidate_snp posterior_explained_by_snp
1         0.5184        0.7253     rs7786156                     0.1514
  dropped_trait   lead_snp
1            NA rs11770515
[1] "SPLICING EVENT"
[1] "chr7:44516197:44516703:clu_57490_-:ENSG00000015520.15"
Harmonising fat_distr (fat_distr) and Outcome (Outcome)
Harmonising fat_distr (fat_distr) and Outcome (Outcome)
[1] 339
[1] 339
  iteration                                                          traits
1         1 iradjbmi, chr7:44516197:44516703:clu_57490_-:ENSG00000015520.15
  posterior_prob regional_prob candidate_snp posterior_explained_by_snp
1          0.436        0.6177     rs6960714                      0.158
  dropped_trait   lead_snp
1            NA rs11770515
[1] "SPLICING EVENT"
[1] "chr7:44516934:44517207:clu_57490_-:ENSG00000015520.15"
Harmonising fat_distr (fat_distr) and Outcome (Outcome)
Harmonising fat_distr (fat_distr) and Outcome (Outcome)
[1] 339
[1] 339
  iteration traits posterior_prob regional_prob candidate_snp
1         1   None             NA        0.0171            NA
  posterior_explained_by_snp dropped_trait   lead_snp
1                         NA      iradjbmi rs11770515
[1] "LEAD INDEX"
[1] 13
[1] "SPLICING EVENT"
[1] "chr7:73449689:73450847:clu_57656_-:ENSG00000009954.11"
Harmonising fat_distr (fat_distr) and Outcome (Outcome)
Harmonising fat_distr (fat_distr) and Outcome (Outcome)
[1] 139
[1] 139
  iteration traits posterior_prob regional_prob candidate_snp
1         1   None             NA         0.082            NA
  posterior_explained_by_snp dropped_trait lead_snp
1                         NA      iradjbmi   rs2573
[1] "SPLICING EVENT"
[1] "chr7:73450994:73459536:clu_57656_-:ENSG00000009954.11"
Harmonising fat_distr (fat_distr) and Outcome (Outcome)
Harmonising fat_distr (fat_distr) and Outcome (Outcome)
[1] 139
[1] 139
  iteration traits posterior_prob regional_prob candidate_snp
1         1   None             NA         0.064            NA
  posterior_explained_by_snp dropped_trait lead_snp
1                         NA      iradjbmi   rs2573
[1] "SPLICING EVENT"
[1] "chr7:73459718:73462922:clu_57657_-:ENSG00000009954.11"
Harmonising fat_distr (fat_distr) and Outcome (Outcome)
Harmonising fat_distr (fat_distr) and Outcome (Outcome)
[1] 139
[1] 139
  iteration traits posterior_prob regional_prob candidate_snp
1         1   None             NA        0.0165            NA
  posterior_explained_by_snp dropped_trait lead_snp
1                         NA      iradjbmi   rs2573
[1] "SPLICING EVENT"
[1] "chr7:73463099:73464120:clu_57658_-:ENSG00000009954.11"
Harmonising fat_distr (fat_distr) and Outcome (Outcome)
Harmonising fat_distr (fat_distr) and Outcome (Outcome)
[1] 139
[1] 139
  iteration traits posterior_prob regional_prob candidate_snp
1         1   None             NA        0.0169            NA
  posterior_explained_by_snp dropped_trait lead_snp
1                         NA      iradjbmi   rs2573
[1] "SPLICING EVENT"
[1] "chr7:73463099:73465439:clu_57658_-:ENSG00000009954.11"
Harmonising fat_distr (fat_distr) and Outcome (Outcome)
Harmonising fat_distr (fat_distr) and Outcome (Outcome)
[1] 139
[1] 139
  iteration traits posterior_prob regional_prob candidate_snp
1         1   None             NA        0.0084            NA
  posterior_explained_by_snp dropped_trait lead_snp
1                         NA      iradjbmi   rs2573
[1] "SPLICING EVENT"
[1] "chr7:73465537:73466296:clu_57659_-:ENSG00000009954.11"
Harmonising fat_distr (fat_distr) and Outcome (Outcome)
Harmonising fat_distr (fat_distr) and Outcome (Outcome)
[1] 139
[1] 139
  iteration traits posterior_prob regional_prob candidate_snp
1         1   None             NA        0.0203            NA
  posterior_explained_by_snp dropped_trait lead_snp
1                         NA      iradjbmi   rs2573
[1] "SPLICING EVENT"
[1] "chr7:73470483:73476868:clu_57660_-:ENSG00000009954.11"
Harmonising fat_distr (fat_distr) and Outcome (Outcome)
Harmonising fat_distr (fat_distr) and Outcome (Outcome)
[1] 139
[1] 139
  iteration traits posterior_prob regional_prob candidate_snp
1         1   None             NA        0.0259            NA
  posterior_explained_by_snp dropped_trait lead_snp
1                         NA      iradjbmi   rs2573
[1] "SPLICING EVENT"
[1] "chr7:73470483:73489194:clu_57660_-:ENSG00000009954.11"
Harmonising fat_distr (fat_distr) and Outcome (Outcome)
Harmonising fat_distr (fat_distr) and Outcome (Outcome)
[1] 139
[1] 139
  iteration traits posterior_prob regional_prob candidate_snp
1         1   None             NA        0.0114            NA
  posterior_explained_by_snp dropped_trait lead_snp
1                         NA      iradjbmi   rs2573
[1] "SPLICING EVENT"
[1] "chr7:73478569:73489194:clu_57660_-:ENSG00000009954.11"
Harmonising fat_distr (fat_distr) and Outcome (Outcome)
Harmonising fat_distr (fat_distr) and Outcome (Outcome)
[1] 139
[1] 139
  iteration traits posterior_prob regional_prob candidate_snp
1         1   None             NA        0.0199            NA
  posterior_explained_by_snp dropped_trait lead_snp
1                         NA      iradjbmi   rs2573
[1] "SPLICING EVENT"
[1] "chr7:73538013:73539882:clu_57661_-:ENSG00000106635.8"
Harmonising fat_distr (fat_distr) and Outcome (Outcome)
Harmonising fat_distr (fat_distr) and Outcome (Outcome)
[1] 139
[1] 139
  iteration traits posterior_prob regional_prob candidate_snp
1         1   None             NA        0.0193            NA
  posterior_explained_by_snp dropped_trait lead_snp
1                         NA      iradjbmi   rs2573
[1] "SPLICING EVENT"
[1] "chr7:73538013:73543548:clu_57661_-:ENSG00000106635.8"
Harmonising fat_distr (fat_distr) and Outcome (Outcome)
Harmonising fat_distr (fat_distr) and Outcome (Outcome)
[1] 139
[1] 139
  iteration traits posterior_prob regional_prob candidate_snp
1         1   None             NA        0.0127            NA
  posterior_explained_by_snp dropped_trait lead_snp
1                         NA      iradjbmi   rs2573
[1] "SPLICING EVENT"
[1] "chr7:73540052:73543548:clu_57661_-:ENSG00000106635.8"
Harmonising fat_distr (fat_distr) and Outcome (Outcome)
Harmonising fat_distr (fat_distr) and Outcome (Outcome)
[1] 139
[1] 139
  iteration traits posterior_prob regional_prob candidate_snp
1         1   None             NA        0.0156            NA
  posterior_explained_by_snp dropped_trait lead_snp
1                         NA      iradjbmi   rs2573
[1] "SPLICING EVENT"
[1] "chr7:73540052:73552167:clu_57661_-:ENSG00000106635.8"
Harmonising fat_distr (fat_distr) and Outcome (Outcome)
Harmonising fat_distr (fat_distr) and Outcome (Outcome)
[1] 139
[1] 139
  iteration traits posterior_prob regional_prob candidate_snp
1         1   None             NA        0.0094            NA
  posterior_explained_by_snp dropped_trait lead_snp
1                         NA      iradjbmi   rs2573
[1] "SPLICING EVENT"
[1] "chr7:73543644:73552167:clu_57661_-:ENSG00000106635.8"
Harmonising fat_distr (fat_distr) and Outcome (Outcome)
Harmonising fat_distr (fat_distr) and Outcome (Outcome)
[1] 139
[1] 139
  iteration traits posterior_prob regional_prob candidate_snp
1         1   None             NA        0.0129            NA
  posterior_explained_by_snp dropped_trait lead_snp
1                         NA      iradjbmi   rs2573
[1] "SPLICING EVENT"
[1] "chr7:73552242:73553548:clu_57662_-:ENSG00000106635.8"
Harmonising fat_distr (fat_distr) and Outcome (Outcome)
Harmonising fat_distr (fat_distr) and Outcome (Outcome)
[1] 139
[1] 139
  iteration traits posterior_prob regional_prob candidate_snp
1         1   None             NA        0.0153            NA
  posterior_explained_by_snp dropped_trait lead_snp
1                         NA      iradjbmi   rs2573
[1] "SPLICING EVENT"
[1] "chr7:73552242:73557041:clu_57662_-:ENSG00000106635.8"
Harmonising fat_distr (fat_distr) and Outcome (Outcome)
Harmonising fat_distr (fat_distr) and Outcome (Outcome)
[1] 139
[1] 139
  iteration traits posterior_prob regional_prob candidate_snp
1         1   None             NA        0.0791            NA
  posterior_explained_by_snp dropped_trait lead_snp
1                         NA      iradjbmi   rs2573
[1] "SPLICING EVENT"
[1] "chr7:73552242:73557487:clu_57662_-:ENSG00000106635.8"
Harmonising fat_distr (fat_distr) and Outcome (Outcome)
Harmonising fat_distr (fat_distr) and Outcome (Outcome)
[1] 139
[1] 139
  iteration traits posterior_prob regional_prob candidate_snp
1         1   None             NA        0.0151            NA
  posterior_explained_by_snp dropped_trait lead_snp
1                         NA      iradjbmi   rs2573
[1] "SPLICING EVENT"
[1] "chr7:73553669:73557487:clu_57662_-:ENSG00000106635.8"
Harmonising fat_distr (fat_distr) and Outcome (Outcome)
Harmonising fat_distr (fat_distr) and Outcome (Outcome)
[1] 139
[1] 139
  iteration traits posterior_prob regional_prob candidate_snp
1         1   None             NA        0.0207            NA
  posterior_explained_by_snp dropped_trait lead_snp
1                         NA      iradjbmi   rs2573
[1] "SPLICING EVENT"
[1] "chr7:73595912:73596153:clu_57665_-:ENSG00000009950.16"
Harmonising fat_distr (fat_distr) and Outcome (Outcome)
Harmonising fat_distr (fat_distr) and Outcome (Outcome)
[1] 139
[1] 139
  iteration traits posterior_prob regional_prob candidate_snp
1         1   None             NA        0.0154            NA
  posterior_explained_by_snp dropped_trait lead_snp
1                         NA      iradjbmi   rs2573
[1] "SPLICING EVENT"
[1] "chr7:73595915:73596153:clu_57665_-:ENSG00000009950.16"
Harmonising fat_distr (fat_distr) and Outcome (Outcome)
Harmonising fat_distr (fat_distr) and Outcome (Outcome)
[1] 139
[1] 139
  iteration traits posterior_prob regional_prob candidate_snp
1         1   None             NA        0.3067            NA
  posterior_explained_by_snp dropped_trait lead_snp
1                         NA      iradjbmi   rs2573
[1] "SPLICING EVENT"
[1] "chr7:73595969:73596153:clu_57665_-:ENSG00000009950.16"
Harmonising fat_distr (fat_distr) and Outcome (Outcome)
Harmonising fat_distr (fat_distr) and Outcome (Outcome)
[1] 139
[1] 139
  iteration traits posterior_prob regional_prob candidate_snp
1         1   None             NA        0.2169            NA
  posterior_explained_by_snp dropped_trait lead_snp
1                         NA      iradjbmi   rs2573
[1] "SPLICING EVENT"
[1] "chr7:73596479:73596639:clu_57666_-:ENSG00000009950.16"
Harmonising fat_distr (fat_distr) and Outcome (Outcome)
Harmonising fat_distr (fat_distr) and Outcome (Outcome)
[1] 139
[1] 139
  iteration traits posterior_prob regional_prob candidate_snp
1         1   None             NA        0.0147            NA
  posterior_explained_by_snp dropped_trait lead_snp
1                         NA      iradjbmi   rs2573
[1] "SPLICING EVENT"
[1] "chr7:73596479:73596865:clu_57666_-:ENSG00000009950.16"
Harmonising fat_distr (fat_distr) and Outcome (Outcome)
Harmonising fat_distr (fat_distr) and Outcome (Outcome)
[1] 139
[1] 139
  iteration traits posterior_prob regional_prob candidate_snp
1         1   None             NA         0.032            NA
  posterior_explained_by_snp dropped_trait lead_snp
1                         NA      iradjbmi   rs2573
[1] "SPLICING EVENT"
[1] "chr7:73596786:73596865:clu_57666_-:ENSG00000009950.16"
Harmonising fat_distr (fat_distr) and Outcome (Outcome)
Harmonising fat_distr (fat_distr) and Outcome (Outcome)
[1] 139
[1] 139
  iteration traits posterior_prob regional_prob candidate_snp
1         1   None             NA        0.0145            NA
  posterior_explained_by_snp dropped_trait lead_snp
1                         NA      iradjbmi   rs2573
[1] "SPLICING EVENT"
[1] "chr7:73596789:73596865:clu_57666_-:ENSG00000009950.16"
Harmonising fat_distr (fat_distr) and Outcome (Outcome)
Harmonising fat_distr (fat_distr) and Outcome (Outcome)
[1] 139
[1] 139
  iteration traits posterior_prob regional_prob candidate_snp
1         1   None             NA        0.0194            NA
  posterior_explained_by_snp dropped_trait lead_snp
1                         NA      iradjbmi   rs2573
[1] "SPLICING EVENT"
[1] "chr7:73599666:73605688:clu_57667_-:ENSG00000009950.16"
Harmonising fat_distr (fat_distr) and Outcome (Outcome)
Harmonising fat_distr (fat_distr) and Outcome (Outcome)
[1] 139
[1] 139
  iteration traits posterior_prob regional_prob candidate_snp
1         1   None             NA         0.015            NA
  posterior_explained_by_snp dropped_trait lead_snp
1                         NA      iradjbmi   rs2573
[1] "SPLICING EVENT"
[1] "chr7:73599695:73605688:clu_57667_-:ENSG00000009950.16"
Harmonising fat_distr (fat_distr) and Outcome (Outcome)
Harmonising fat_distr (fat_distr) and Outcome (Outcome)
[1] 139
[1] 139
  iteration traits posterior_prob regional_prob candidate_snp
1         1   None             NA        0.0125            NA
  posterior_explained_by_snp dropped_trait lead_snp
1                         NA      iradjbmi   rs2573
[1] "SPLICING EVENT"
[1] "chr7:73605518:73605688:clu_57667_-:ENSG00000009950.16"
Harmonising fat_distr (fat_distr) and Outcome (Outcome)
Harmonising fat_distr (fat_distr) and Outcome (Outcome)
[1] 139
[1] 139
  iteration traits posterior_prob regional_prob candidate_snp
1         1   None             NA        0.0201            NA
  posterior_explained_by_snp dropped_trait lead_snp
1                         NA      iradjbmi   rs2573
[1] "SPLICING EVENT"
[1] "chr7:73607018:73607136:clu_57668_-:ENSG00000009950.16"
Harmonising fat_distr (fat_distr) and Outcome (Outcome)
Harmonising fat_distr (fat_distr) and Outcome (Outcome)
[1] 139
[1] 139
  iteration traits posterior_prob regional_prob candidate_snp
1         1   None             NA        0.0106            NA
  posterior_explained_by_snp dropped_trait lead_snp
1                         NA      iradjbmi   rs2573
[1] "SPLICING EVENT"
[1] "chr7:73607018:73607331:clu_57668_-:ENSG00000009950.16"
Harmonising fat_distr (fat_distr) and Outcome (Outcome)
Harmonising fat_distr (fat_distr) and Outcome (Outcome)
[1] 139
[1] 139
  iteration traits posterior_prob regional_prob candidate_snp
1         1   None             NA         0.011            NA
  posterior_explained_by_snp dropped_trait lead_snp
1                         NA      iradjbmi   rs2573
[1] "SPLICING EVENT"
[1] "chr7:73616177:73624200:clu_57669_-:ENSG00000009950.16"
Harmonising fat_distr (fat_distr) and Outcome (Outcome)
Harmonising fat_distr (fat_distr) and Outcome (Outcome)
[1] 139
[1] 139
  iteration traits posterior_prob regional_prob candidate_snp
1         1   None             NA        0.0108            NA
  posterior_explained_by_snp dropped_trait lead_snp
1                         NA      iradjbmi   rs2573
[1] "LEAD INDEX"
[1] 14
[1] "LEAD INDEX"
[1] 15
[1] "LEAD INDEX"
[1] 16
[1] "SPLICING EVENT"
[1] "chr7:130884396:130912110:clu_58299_-:ENSG00000231721.7"
Harmonising fat_distr (fat_distr) and Outcome (Outcome)
Harmonising fat_distr (fat_distr) and Outcome (Outcome)
[1] 449
[1] 449
  iteration traits posterior_prob regional_prob candidate_snp
1         1   None             NA        0.0199            NA
  posterior_explained_by_snp dropped_trait  lead_snp
1                         NA      iradjbmi rs4731702
[1] "SPLICING EVENT"
[1] "chr7:130884396:130945720:clu_58299_-:ENSG00000231721.7"
Harmonising fat_distr (fat_distr) and Outcome (Outcome)
Harmonising fat_distr (fat_distr) and Outcome (Outcome)
[1] 449
[1] 449
  iteration traits posterior_prob regional_prob candidate_snp
1         1   None             NA          0.01            NA
  posterior_explained_by_snp dropped_trait  lead_snp
1                         NA      iradjbmi rs4731702
[1] "SPLICING EVENT"
[1] "chr7:130912152:130912951:clu_58299_-:ENSG00000231721.7"
Harmonising fat_distr (fat_distr) and Outcome (Outcome)
Harmonising fat_distr (fat_distr) and Outcome (Outcome)
[1] 449
[1] 449
  iteration traits posterior_prob regional_prob candidate_snp
1         1   None             NA        0.0161            NA
  posterior_explained_by_snp dropped_trait  lead_snp
1                         NA      iradjbmi rs4731702
[1] "SPLICING EVENT"
[1] "chr7:130944447:130945720:clu_58299_-:ENSG00000231721.7"
Harmonising fat_distr (fat_distr) and Outcome (Outcome)
Harmonising fat_distr (fat_distr) and Outcome (Outcome)
[1] 449
[1] 449
  iteration traits posterior_prob regional_prob candidate_snp
1         1   None             NA         0.007            NA
  posterior_explained_by_snp dropped_trait  lead_snp
1                         NA      iradjbmi rs4731702
[1] "SPLICING EVENT"
[1] "chr7:130944889:130945720:clu_58299_-:ENSG00000231721.7"
Harmonising fat_distr (fat_distr) and Outcome (Outcome)
Harmonising fat_distr (fat_distr) and Outcome (Outcome)
[1] 449
[1] 449
  iteration traits posterior_prob regional_prob candidate_snp
1         1   None             NA        0.0073            NA
  posterior_explained_by_snp dropped_trait  lead_snp
1                         NA      iradjbmi rs4731702
[1] "SPLICING EVENT"
[1] "chr7:130945835:130959869:clu_58300_-:ENSG00000231721.7"
Harmonising fat_distr (fat_distr) and Outcome (Outcome)
Harmonising fat_distr (fat_distr) and Outcome (Outcome)
[1] 449
[1] 449
  iteration traits posterior_prob regional_prob candidate_snp
1         1   None             NA         1e-04            NA
  posterior_explained_by_snp
1                         NA
                                           dropped_trait  lead_snp
1 chr7:130945835:130959869:clu_58300_-:ENSG00000231721.7 rs4731702
[1] "SPLICING EVENT"
[1] "chr7:130945835:130961123:clu_58300_-:ENSG00000231721.7"
Harmonising fat_distr (fat_distr) and Outcome (Outcome)
Harmonising fat_distr (fat_distr) and Outcome (Outcome)
[1] 449
[1] 449
  iteration traits posterior_prob regional_prob candidate_snp
1         1   None             NA        0.0093            NA
  posterior_explained_by_snp dropped_trait  lead_snp
1                         NA      iradjbmi rs4731702
[1] "SPLICING EVENT"
[1] "chr7:130945835:130967389:clu_58300_-:ENSG00000231721.7"
Harmonising fat_distr (fat_distr) and Outcome (Outcome)
Harmonising fat_distr (fat_distr) and Outcome (Outcome)
[1] 449
[1] 449
  iteration traits posterior_prob regional_prob candidate_snp
1         1   None             NA        0.0324            NA
  posterior_explained_by_snp dropped_trait  lead_snp
1                         NA      iradjbmi rs4731702
[1] "SPLICING EVENT"
[1] "chr7:130945835:130984053:clu_58300_-:ENSG00000231721.7"
Harmonising fat_distr (fat_distr) and Outcome (Outcome)
Harmonising fat_distr (fat_distr) and Outcome (Outcome)
[1] 449
[1] 449
  iteration traits posterior_prob regional_prob candidate_snp
1         1   None             NA         1e-04            NA
  posterior_explained_by_snp
1                         NA
                                           dropped_trait  lead_snp
1 chr7:130945835:130984053:clu_58300_-:ENSG00000231721.7 rs4731702
[1] "SPLICING EVENT"
[1] "chr7:130959970:130984053:clu_58300_-:ENSG00000231721.7"
Harmonising fat_distr (fat_distr) and Outcome (Outcome)
Harmonising fat_distr (fat_distr) and Outcome (Outcome)
[1] 449
[1] 449
  iteration traits posterior_prob regional_prob candidate_snp
1         1   None             NA         1e-04            NA
  posterior_explained_by_snp
1                         NA
                                           dropped_trait  lead_snp
1 chr7:130959970:130984053:clu_58300_-:ENSG00000231721.7 rs4731702
[1] "SPLICING EVENT"
[1] "chr7:130967517:130984053:clu_58300_-:ENSG00000231721.7"
Harmonising fat_distr (fat_distr) and Outcome (Outcome)
Harmonising fat_distr (fat_distr) and Outcome (Outcome)
[1] 449
[1] 449
  iteration traits posterior_prob regional_prob candidate_snp
1         1   None             NA        0.0129            NA
  posterior_explained_by_snp dropped_trait  lead_snp
1                         NA      iradjbmi rs4731702
[1] "SPLICING EVENT"
[1] "chr7:130984109:131002197:clu_58301_-:ENSG00000231721.7"
Harmonising fat_distr (fat_distr) and Outcome (Outcome)
Harmonising fat_distr (fat_distr) and Outcome (Outcome)
[1] 449
[1] 449
  iteration traits posterior_prob regional_prob candidate_snp
1         1   None             NA         2e-04            NA
  posterior_explained_by_snp
1                         NA
                                           dropped_trait  lead_snp
1 chr7:130984109:131002197:clu_58301_-:ENSG00000231721.7 rs4731702
[1] "SPLICING EVENT"
[1] "chr7:130984109:131052425:clu_58301_-:ENSG00000231721.7"
Harmonising fat_distr (fat_distr) and Outcome (Outcome)
Harmonising fat_distr (fat_distr) and Outcome (Outcome)
[1] 449
[1] 449
  iteration traits posterior_prob regional_prob candidate_snp
1         1   None             NA         2e-04            NA
  posterior_explained_by_snp
1                         NA
                                           dropped_trait  lead_snp
1 chr7:130984109:131052425:clu_58301_-:ENSG00000231721.7 rs4731702
[1] "SPLICING EVENT"
[1] "chr7:130984109:131107720:clu_58301_-:ENSG00000231721.7"
Harmonising fat_distr (fat_distr) and Outcome (Outcome)
Harmonising fat_distr (fat_distr) and Outcome (Outcome)
[1] 449
[1] 449
  iteration traits posterior_prob regional_prob candidate_snp
1         1   None             NA         0.026            NA
  posterior_explained_by_snp dropped_trait  lead_snp
1                         NA      iradjbmi rs4731702
[1] "SPLICING EVENT"
[1] "chr7:131002320:131052425:clu_58301_-:ENSG00000231721.7"
Harmonising fat_distr (fat_distr) and Outcome (Outcome)
Harmonising fat_distr (fat_distr) and Outcome (Outcome)
[1] 449
[1] 449
  iteration traits posterior_prob regional_prob candidate_snp
1         1   None             NA         2e-04            NA
  posterior_explained_by_snp
1                         NA
                                           dropped_trait  lead_snp
1 chr7:131002320:131052425:clu_58301_-:ENSG00000231721.7 rs4731702
[1] "SPLICING EVENT"
[1] "chr7:131052555:131107720:clu_58301_-:ENSG00000231721.7"
Harmonising fat_distr (fat_distr) and Outcome (Outcome)
Harmonising fat_distr (fat_distr) and Outcome (Outcome)
[1] 449
[1] 449
  iteration traits posterior_prob regional_prob candidate_snp
1         1   None             NA        0.0089            NA
  posterior_explained_by_snp dropped_trait  lead_snp
1                         NA      iradjbmi rs4731702
[1] "LEAD INDEX"
[1] 17
[1] "LEAD INDEX"
[1] 18
[1] "SPLICING EVENT"
[1] "chr7:150514945:150519934:clu_60123_+:ENSG00000179144.5"
Harmonising fat_distr (fat_distr) and Outcome (Outcome)
Harmonising fat_distr (fat_distr) and Outcome (Outcome)
[1] 394
[1] 394
  iteration traits posterior_prob regional_prob candidate_snp
1         1   None             NA        0.0076            NA
  posterior_explained_by_snp dropped_trait   lead_snp
1                         NA      iradjbmi rs10254829
[1] "SPLICING EVENT"
[1] "chr7:150567437:150569888:clu_60124_+:ENSG00000133574.10"
Harmonising fat_distr (fat_distr) and Outcome (Outcome)
Harmonising fat_distr (fat_distr) and Outcome (Outcome)
[1] 394
[1] 394
  iteration traits posterior_prob regional_prob candidate_snp
1         1   None             NA        0.0115            NA
  posterior_explained_by_snp dropped_trait   lead_snp
1                         NA      iradjbmi rs10254829
[1] "SPLICING EVENT"
[1] "chr7:150567437:150572129:clu_60124_+:ENSG00000133574.10"
Harmonising fat_distr (fat_distr) and Outcome (Outcome)
Harmonising fat_distr (fat_distr) and Outcome (Outcome)
[1] 394
[1] 394
  iteration traits posterior_prob regional_prob candidate_snp
1         1   None             NA        0.0069            NA
  posterior_explained_by_snp dropped_trait   lead_snp
1                         NA      iradjbmi rs10254829
[1] "SPLICING EVENT"
[1] "chr7:150569959:150572129:clu_60124_+:ENSG00000133574.10"
Harmonising fat_distr (fat_distr) and Outcome (Outcome)
Harmonising fat_distr (fat_distr) and Outcome (Outcome)
[1] 394
[1] 394
  iteration traits posterior_prob regional_prob candidate_snp
1         1   None             NA        0.0071            NA
  posterior_explained_by_snp dropped_trait   lead_snp
1                         NA      iradjbmi rs10254829
[1] "SPLICING EVENT"
[1] "chr7:150570001:150572129:clu_60124_+:ENSG00000133574.10"
Harmonising fat_distr (fat_distr) and Outcome (Outcome)
Harmonising fat_distr (fat_distr) and Outcome (Outcome)
[1] 394
[1] 394
  iteration traits posterior_prob regional_prob candidate_snp
1         1   None             NA         0.008            NA
  posterior_explained_by_snp dropped_trait   lead_snp
1                         NA      iradjbmi rs10254829
[1] "LEAD INDEX"
[1] 19
[1] "SPLICING EVENT"
[1] "chr7:150800828:150801536:clu_60129_+:ENSG00000002933.9"
Harmonising fat_distr (fat_distr) and Outcome (Outcome)
Harmonising fat_distr (fat_distr) and Outcome (Outcome)
[1] 519
[1] 519
  iteration traits posterior_prob regional_prob candidate_snp
1         1   None             NA         5e-04            NA
  posterior_explained_by_snp
1                         NA
                                           dropped_trait  lead_snp
1 chr7:150800828:150801536:clu_60129_+:ENSG00000002933.9 rs6977081
[1] "SPLICING EVENT"
[1] "chr7:150800968:150801536:clu_60129_+:ENSG00000002933.9"
Harmonising fat_distr (fat_distr) and Outcome (Outcome)
Harmonising fat_distr (fat_distr) and Outcome (Outcome)
[1] 519
[1] 519
  iteration traits posterior_prob regional_prob candidate_snp
1         1   None             NA         5e-04            NA
  posterior_explained_by_snp
1                         NA
                                           dropped_trait  lead_snp
1 chr7:150800968:150801536:clu_60129_+:ENSG00000002933.9 rs6977081
[1] "SPLICING EVENT"
[1] "chr7:150801724:150802215:clu_60130_+:ENSG00000002933.9"
Harmonising fat_distr (fat_distr) and Outcome (Outcome)
Harmonising fat_distr (fat_distr) and Outcome (Outcome)
[1] 519
[1] 519
  iteration traits posterior_prob regional_prob candidate_snp
1         1   None             NA         1e-04            NA
  posterior_explained_by_snp
1                         NA
                                           dropped_trait  lead_snp
1 chr7:150801724:150802215:clu_60130_+:ENSG00000002933.9 rs6977081
[1] "SPLICING EVENT"
[1] "chr7:150801869:150802215:clu_60130_+:ENSG00000002933.9"
Harmonising fat_distr (fat_distr) and Outcome (Outcome)
Harmonising fat_distr (fat_distr) and Outcome (Outcome)
[1] 519
[1] 519
  iteration traits posterior_prob regional_prob candidate_snp
1         1   None             NA         1e-04            NA
  posterior_explained_by_snp
1                         NA
                                           dropped_trait  lead_snp
1 chr7:150801869:150802215:clu_60130_+:ENSG00000002933.9 rs6977081
[1] "SPLICING EVENT"
[1] "chr7:150802325:150803400:clu_60131_+:ENSG00000002933.9"
Harmonising fat_distr (fat_distr) and Outcome (Outcome)
Harmonising fat_distr (fat_distr) and Outcome (Outcome)
[1] 519
[1] 519
  iteration traits posterior_prob regional_prob candidate_snp
1         1   None             NA         1e-04            NA
  posterior_explained_by_snp
1                         NA
                                           dropped_trait  lead_snp
1 chr7:150802325:150803400:clu_60131_+:ENSG00000002933.9 rs6977081
[1] "SPLICING EVENT"
[1] "chr7:150803456:150803620:clu_60132_+:ENSG00000002933.9"
Harmonising fat_distr (fat_distr) and Outcome (Outcome)
Harmonising fat_distr (fat_distr) and Outcome (Outcome)
[1] 519
[1] 519
  iteration traits posterior_prob regional_prob candidate_snp
1         1   None             NA         1e-04            NA
  posterior_explained_by_snp
1                         NA
                                           dropped_trait  lead_snp
1 chr7:150803456:150803620:clu_60132_+:ENSG00000002933.9 rs6977081
[1] "SPLICING EVENT"
[1] "chr7:150803832:150804362:clu_60133_+:ENSG00000002933.9"
Harmonising fat_distr (fat_distr) and Outcome (Outcome)
Harmonising fat_distr (fat_distr) and Outcome (Outcome)
[1] 519
[1] 519
  iteration traits posterior_prob regional_prob candidate_snp
1         1   None             NA        0.1627            NA
  posterior_explained_by_snp
1                         NA
                                           dropped_trait  lead_snp
1 chr7:150803832:150804362:clu_60133_+:ENSG00000002933.9 rs6977081
[1] "SPLICING EVENT"
[1] "chr7:150803832:150804827:clu_60133_+:ENSG00000002933.9"
Harmonising fat_distr (fat_distr) and Outcome (Outcome)
Harmonising fat_distr (fat_distr) and Outcome (Outcome)
[1] 519
[1] 519
  iteration traits posterior_prob regional_prob candidate_snp
1         1   None             NA         3e-04            NA
  posterior_explained_by_snp
1                         NA
                                           dropped_trait  lead_snp
1 chr7:150803832:150804827:clu_60133_+:ENSG00000002933.9 rs6977081
[1] "SPLICING EVENT"
[1] "chr7:150804472:150804827:clu_60133_+:ENSG00000002933.9"
Harmonising fat_distr (fat_distr) and Outcome (Outcome)
Harmonising fat_distr (fat_distr) and Outcome (Outcome)
[1] 519
[1] 519
  iteration traits posterior_prob regional_prob candidate_snp
1         1   None             NA        0.1627            NA
  posterior_explained_by_snp
1                         NA
                                           dropped_trait  lead_snp
1 chr7:150804472:150804827:clu_60133_+:ENSG00000002933.9 rs6977081
[1] "SPLICING EVENT"
[1] "chr7:150804485:150804827:clu_60133_+:ENSG00000002933.9"
Harmonising fat_distr (fat_distr) and Outcome (Outcome)
Harmonising fat_distr (fat_distr) and Outcome (Outcome)
[1] 519
[1] 519
  iteration traits posterior_prob regional_prob candidate_snp
1         1   None             NA        0.0102            NA
  posterior_explained_by_snp dropped_trait  lead_snp
1                         NA      iradjbmi rs6977081
[1] "CHROMOSOME"
[1] 8
[1] "LEAD INDEX"
[1] 1
[1] "SPLICING EVENT"
[1] "chr8:12723250:12725727:clu_60322_-:ENSG00000154359.13"
Harmonising fat_distr (fat_distr) and Outcome (Outcome)
Harmonising fat_distr (fat_distr) and Outcome (Outcome)
[1] 370
[1] 370
  iteration traits posterior_prob regional_prob candidate_snp
1         1   None             NA        0.0019            NA
  posterior_explained_by_snp dropped_trait  lead_snp
1                         NA      iradjbmi rs4474021
[1] "SPLICING EVENT"
[1] "chr8:12723254:12725727:clu_60322_-:ENSG00000154359.13"
Harmonising fat_distr (fat_distr) and Outcome (Outcome)
Harmonising fat_distr (fat_distr) and Outcome (Outcome)
[1] 370
[1] 370
  iteration traits posterior_prob regional_prob candidate_snp
1         1   None             NA        0.0011            NA
  posterior_explained_by_snp dropped_trait  lead_snp
1                         NA      iradjbmi rs4474021
[1] "SPLICING EVENT"
[1] "chr8:12725879:12728901:clu_60322_-:ENSG00000154359.13"
Harmonising fat_distr (fat_distr) and Outcome (Outcome)
Harmonising fat_distr (fat_distr) and Outcome (Outcome)
[1] 370
[1] 370
  iteration traits posterior_prob regional_prob candidate_snp
1         1   None             NA        0.0012            NA
  posterior_explained_by_snp dropped_trait  lead_snp
1                         NA      iradjbmi rs4474021
[1] "SPLICING EVENT"
[1] "chr8:12729063:12729174:clu_60325_-:ENSG00000154359.13"
Harmonising fat_distr (fat_distr) and Outcome (Outcome)
Harmonising fat_distr (fat_distr) and Outcome (Outcome)
[1] 370
[1] 370
  iteration traits posterior_prob regional_prob candidate_snp
1         1   None             NA        0.0025            NA
  posterior_explained_by_snp dropped_trait  lead_snp
1                         NA      iradjbmi rs4474021
[1] "SPLICING EVENT"
[1] "chr8:12729332:12731736:clu_60323_-:ENSG00000154359.13"
Harmonising fat_distr (fat_distr) and Outcome (Outcome)
Harmonising fat_distr (fat_distr) and Outcome (Outcome)
[1] 370
[1] 370
  iteration traits posterior_prob regional_prob candidate_snp
1         1   None             NA        0.0017            NA
  posterior_explained_by_snp dropped_trait  lead_snp
1                         NA      iradjbmi rs4474021
[1] "SPLICING EVENT"
[1] "chr8:12729332:12735286:clu_60323_-:ENSG00000154359.13"
Harmonising fat_distr (fat_distr) and Outcome (Outcome)
Harmonising fat_distr (fat_distr) and Outcome (Outcome)
[1] 370
[1] 370
  iteration traits posterior_prob regional_prob candidate_snp
1         1   None             NA         0.001            NA
  posterior_explained_by_snp dropped_trait  lead_snp
1                         NA      iradjbmi rs4474021
[1] "SPLICING EVENT"
[1] "chr8:12731857:12735286:clu_60323_-:ENSG00000154359.13"
Harmonising fat_distr (fat_distr) and Outcome (Outcome)
Harmonising fat_distr (fat_distr) and Outcome (Outcome)
[1] 370
[1] 370
  iteration traits posterior_prob regional_prob candidate_snp
1         1   None             NA        0.0014            NA
  posterior_explained_by_snp dropped_trait  lead_snp
1                         NA      iradjbmi rs4474021
[1] "SPLICING EVENT"
[1] "chr8:12736764:12736900:clu_60324_-:ENSG00000154359.13"
Harmonising fat_distr (fat_distr) and Outcome (Outcome)
Harmonising fat_distr (fat_distr) and Outcome (Outcome)
[1] 370
[1] 370
  iteration traits posterior_prob regional_prob candidate_snp
1         1   None             NA        0.0013            NA
  posterior_explained_by_snp dropped_trait  lead_snp
1                         NA      iradjbmi rs4474021
[1] "SPLICING EVENT"
[1] "chr8:12736797:12736900:clu_60324_-:ENSG00000154359.13"
Harmonising fat_distr (fat_distr) and Outcome (Outcome)
Harmonising fat_distr (fat_distr) and Outcome (Outcome)
[1] 370
[1] 370
  iteration traits posterior_prob regional_prob candidate_snp
1         1   None             NA        0.0013            NA
  posterior_explained_by_snp dropped_trait  lead_snp
1                         NA      iradjbmi rs4474021
[1] "SPLICING EVENT"
[1] "chr8:12737140:12737272:clu_60326_-:ENSG00000154359.13"
Harmonising fat_distr (fat_distr) and Outcome (Outcome)
Harmonising fat_distr (fat_distr) and Outcome (Outcome)
[1] 370
[1] 370
  iteration traits posterior_prob regional_prob candidate_snp
1         1   None             NA         0.001            NA
  posterior_explained_by_snp dropped_trait  lead_snp
1                         NA      iradjbmi rs4474021
[1] "SPLICING EVENT"
[1] "chr8:12737140:12737995:clu_60326_-:ENSG00000154359.13"
Harmonising fat_distr (fat_distr) and Outcome (Outcome)
Harmonising fat_distr (fat_distr) and Outcome (Outcome)
[1] 370
[1] 370
  iteration traits posterior_prob regional_prob candidate_snp
1         1   None             NA         7e-04            NA
  posterior_explained_by_snp dropped_trait  lead_snp
1                         NA      iradjbmi rs4474021
[1] "SPLICING EVENT"
[1] "chr8:12737360:12737995:clu_60326_-:ENSG00000154359.13"
Harmonising fat_distr (fat_distr) and Outcome (Outcome)
Harmonising fat_distr (fat_distr) and Outcome (Outcome)
[1] 370
[1] 370
  iteration traits posterior_prob regional_prob candidate_snp
1         1   None             NA         9e-04            NA
  posterior_explained_by_snp dropped_trait  lead_snp
1                         NA      iradjbmi rs4474021
[1] "SPLICING EVENT"
[1] "chr8:12738144:12740874:clu_60327_-:ENSG00000154359.13"
Harmonising fat_distr (fat_distr) and Outcome (Outcome)
Harmonising fat_distr (fat_distr) and Outcome (Outcome)
[1] 370
[1] 370
  iteration traits posterior_prob regional_prob candidate_snp
1         1   None             NA        0.0012            NA
  posterior_explained_by_snp dropped_trait  lead_snp
1                         NA      iradjbmi rs4474021
[1] "SPLICING EVENT"
[1] "chr8:12743282:12754700:clu_60328_-:ENSG00000154359.13"
Harmonising fat_distr (fat_distr) and Outcome (Outcome)
Harmonising fat_distr (fat_distr) and Outcome (Outcome)
[1] 370
[1] 370
  iteration traits posterior_prob regional_prob candidate_snp
1         1   None             NA        0.0012            NA
  posterior_explained_by_snp dropped_trait  lead_snp
1                         NA      iradjbmi rs4474021
[1] "LEAD INDEX"
[1] 2
[1] "LEAD INDEX"
[1] 3
[1] "SPLICING EVENT"
[1] "chr8:37736678:37737908:clu_61780_+:ENSG00000147475.17"
Harmonising fat_distr (fat_distr) and Outcome (Outcome)
Harmonising fat_distr (fat_distr) and Outcome (Outcome)
[1] 273
[1] 273
  iteration traits posterior_prob regional_prob candidate_snp
1         1   None             NA        0.0093            NA
  posterior_explained_by_snp dropped_trait  lead_snp
1                         NA      iradjbmi rs7816345
[1] "SPLICING EVENT"
[1] "chr8:37737007:37737908:clu_61780_+:ENSG00000147475.17"
Harmonising fat_distr (fat_distr) and Outcome (Outcome)
Harmonising fat_distr (fat_distr) and Outcome (Outcome)
[1] 273
[1] 273
  iteration traits posterior_prob regional_prob candidate_snp
1         1   None             NA         0.009            NA
  posterior_explained_by_snp dropped_trait  lead_snp
1                         NA      iradjbmi rs7816345
[1] "SPLICING EVENT"
[1] "chr8:37738029:37740365:clu_61781_+:ENSG00000147475.17"
Harmonising fat_distr (fat_distr) and Outcome (Outcome)
Harmonising fat_distr (fat_distr) and Outcome (Outcome)
[1] 273
[1] 273
  iteration traits posterior_prob regional_prob candidate_snp
1         1   None             NA        0.0139            NA
  posterior_explained_by_snp dropped_trait  lead_snp
1                         NA      iradjbmi rs7816345
[1] "SPLICING EVENT"
[1] "chr8:37740446:37741772:clu_61781_+:ENSG00000147475.17"
Harmonising fat_distr (fat_distr) and Outcome (Outcome)
Harmonising fat_distr (fat_distr) and Outcome (Outcome)
[1] 273
[1] 273
  iteration traits posterior_prob regional_prob candidate_snp
1         1   None             NA        0.0108            NA
  posterior_explained_by_snp dropped_trait  lead_snp
1                         NA      iradjbmi rs7816345
[1] "SPLICING EVENT"
[1] "chr8:37740446:37744355:clu_61781_+:ENSG00000147475.17"
Harmonising fat_distr (fat_distr) and Outcome (Outcome)
Harmonising fat_distr (fat_distr) and Outcome (Outcome)
[1] 273
[1] 273
  iteration traits posterior_prob regional_prob candidate_snp
1         1   None             NA        0.0091            NA
  posterior_explained_by_snp dropped_trait  lead_snp
1                         NA      iradjbmi rs7816345
[1] "SPLICING EVENT"
[1] "chr8:37741818:37744355:clu_61781_+:ENSG00000147475.17"
Harmonising fat_distr (fat_distr) and Outcome (Outcome)
Harmonising fat_distr (fat_distr) and Outcome (Outcome)
[1] 273
[1] 273
  iteration traits posterior_prob regional_prob candidate_snp
1         1   None             NA        0.0175            NA
  posterior_explained_by_snp dropped_trait  lead_snp
1                         NA      iradjbmi rs7816345
[1] "SPLICING EVENT"
[1] "chr8:37744696:37745569:clu_61782_+:ENSG00000147475.17"
Harmonising fat_distr (fat_distr) and Outcome (Outcome)
Harmonising fat_distr (fat_distr) and Outcome (Outcome)
[1] 273
[1] 273
  iteration traits posterior_prob regional_prob candidate_snp
1         1   None             NA         0.033            NA
  posterior_explained_by_snp dropped_trait  lead_snp
1                         NA      iradjbmi rs7816345
[1] "SPLICING EVENT"
[1] "chr8:37744696:37749559:clu_61782_+:ENSG00000147475.17"
Harmonising fat_distr (fat_distr) and Outcome (Outcome)
Harmonising fat_distr (fat_distr) and Outcome (Outcome)
[1] 273
[1] 273
  iteration traits posterior_prob regional_prob candidate_snp
1         1   None             NA        0.0338            NA
  posterior_explained_by_snp dropped_trait  lead_snp
1                         NA      iradjbmi rs7816345
[1] "LEAD INDEX"
[1] 4
[1] "SPLICING EVENT"
[1] "chr8:38412595:38413918:clu_60550_-:ENSG00000077782.22"
Harmonising fat_distr (fat_distr) and Outcome (Outcome)
Harmonising fat_distr (fat_distr) and Outcome (Outcome)
[1] 270
[1] 270
  iteration traits posterior_prob regional_prob candidate_snp
1         1   None             NA        0.0203            NA
  posterior_explained_by_snp dropped_trait   lead_snp
1                         NA      iradjbmi rs10958704
[1] "SPLICING EVENT"
[1] "chr8:38413804:38413918:clu_60550_-:ENSG00000077782.22"
Harmonising fat_distr (fat_distr) and Outcome (Outcome)
Harmonising fat_distr (fat_distr) and Outcome (Outcome)
[1] 270
[1] 270
  iteration traits posterior_prob regional_prob candidate_snp
1         1   None             NA        0.0127            NA
  posterior_explained_by_snp dropped_trait   lead_snp
1                         NA      iradjbmi rs10958704
[1] "SPLICING EVENT"
[1] "chr8:38414901:38415845:clu_60551_-:ENSG00000077782.22"
Harmonising fat_distr (fat_distr) and Outcome (Outcome)
Harmonising fat_distr (fat_distr) and Outcome (Outcome)
[1] 270
[1] 270
  iteration traits posterior_prob regional_prob candidate_snp
1         1   None             NA        0.0552            NA
  posterior_explained_by_snp dropped_trait   lead_snp
1                         NA      iradjbmi rs10958704
[1] "SPLICING EVENT"
[1] "chr8:38414901:38415870:clu_60551_-:ENSG00000077782.22"
Harmonising fat_distr (fat_distr) and Outcome (Outcome)
Harmonising fat_distr (fat_distr) and Outcome (Outcome)
[1] 270
[1] 270
  iteration traits posterior_prob regional_prob candidate_snp
1         1   None             NA          0.04            NA
  posterior_explained_by_snp dropped_trait   lead_snp
1                         NA      iradjbmi rs10958704
[1] "SPLICING EVENT"
[1] "chr8:38418373:38419533:clu_60552_-:ENSG00000077782.22"
Harmonising fat_distr (fat_distr) and Outcome (Outcome)
Harmonising fat_distr (fat_distr) and Outcome (Outcome)
[1] 270
[1] 270
  iteration traits posterior_prob regional_prob candidate_snp
1         1   None             NA        0.0076            NA
  posterior_explained_by_snp dropped_trait   lead_snp
1                         NA      iradjbmi rs10958704
[1] "SPLICING EVENT"
[1] "chr8:38418373:38419539:clu_60552_-:ENSG00000077782.22"
Harmonising fat_distr (fat_distr) and Outcome (Outcome)
Harmonising fat_distr (fat_distr) and Outcome (Outcome)
[1] 270
[1] 270
  iteration traits posterior_prob regional_prob candidate_snp
1         1   None             NA        0.0053            NA
  posterior_explained_by_snp dropped_trait   lead_snp
1                         NA      iradjbmi rs10958704
[1] "SPLICING EVENT"
[1] "chr8:38421941:38424509:clu_60553_-:ENSG00000077782.22"
Harmonising fat_distr (fat_distr) and Outcome (Outcome)
Harmonising fat_distr (fat_distr) and Outcome (Outcome)
[1] 270
[1] 270
  iteration traits posterior_prob regional_prob candidate_snp
1         1   None             NA         0.076            NA
  posterior_explained_by_snp dropped_trait   lead_snp
1                         NA      iradjbmi rs10958704
[1] "SPLICING EVENT"
[1] "chr8:38423175:38424509:clu_60553_-:ENSG00000077782.22"
Harmonising fat_distr (fat_distr) and Outcome (Outcome)
Harmonising fat_distr (fat_distr) and Outcome (Outcome)
[1] 270
[1] 270
  iteration traits posterior_prob regional_prob candidate_snp
1         1   None             NA        0.0647            NA
  posterior_explained_by_snp dropped_trait   lead_snp
1                         NA      iradjbmi rs10958704
[1] "SPLICING EVENT"
[1] "chr8:38428093:38428346:clu_60554_-:ENSG00000077782.22"
Harmonising fat_distr (fat_distr) and Outcome (Outcome)
Harmonising fat_distr (fat_distr) and Outcome (Outcome)
[1] 270
[1] 270
  iteration traits posterior_prob regional_prob candidate_snp
1         1   None             NA        0.0079            NA
  posterior_explained_by_snp dropped_trait   lead_snp
1                         NA      iradjbmi rs10958704
[1] "SPLICING EVENT"
[1] "chr8:38428093:38428352:clu_60554_-:ENSG00000077782.22"
Harmonising fat_distr (fat_distr) and Outcome (Outcome)
Harmonising fat_distr (fat_distr) and Outcome (Outcome)
[1] 270
[1] 270
  iteration traits posterior_prob regional_prob candidate_snp
1         1   None             NA        0.0081            NA
  posterior_explained_by_snp dropped_trait   lead_snp
1                         NA      iradjbmi rs10958704
[1] "SPLICING EVENT"
[1] "chr8:38428435:38429247:clu_60555_-:ENSG00000077782.22"
Harmonising fat_distr (fat_distr) and Outcome (Outcome)
Harmonising fat_distr (fat_distr) and Outcome (Outcome)
[1] 270
[1] 270
  iteration traits posterior_prob regional_prob candidate_snp
1         1   None             NA         1e-04            NA
  posterior_explained_by_snp
1                         NA
                                          dropped_trait   lead_snp
1 chr8:38428435:38429247:clu_60555_-:ENSG00000077782.22 rs10958704
[1] "SPLICING EVENT"
[1] "chr8:38428435:38429682:clu_60555_-:ENSG00000077782.22"
Harmonising fat_distr (fat_distr) and Outcome (Outcome)
Harmonising fat_distr (fat_distr) and Outcome (Outcome)
[1] 270
[1] 270
  iteration traits posterior_prob regional_prob candidate_snp
1         1   None             NA         5e-04            NA
  posterior_explained_by_snp
1                         NA
                                          dropped_trait   lead_snp
1 chr8:38428435:38429682:clu_60555_-:ENSG00000077782.22 rs10958704
[1] "SPLICING EVENT"
[1] "chr8:38428435:38457356:clu_60555_-:ENSG00000077782.22"
Harmonising fat_distr (fat_distr) and Outcome (Outcome)
Harmonising fat_distr (fat_distr) and Outcome (Outcome)
[1] 270
[1] 270
  iteration traits posterior_prob regional_prob candidate_snp
1         1   None             NA         0.005            NA
  posterior_explained_by_snp dropped_trait   lead_snp
1                         NA      iradjbmi rs10958704
[1] "SPLICING EVENT"
[1] "chr8:38429390:38429682:clu_60555_-:ENSG00000077782.22"
Harmonising fat_distr (fat_distr) and Outcome (Outcome)
Harmonising fat_distr (fat_distr) and Outcome (Outcome)
[1] 270
[1] 270
  iteration traits posterior_prob regional_prob candidate_snp
1         1   None             NA         1e-04            NA
  posterior_explained_by_snp
1                         NA
                                          dropped_trait   lead_snp
1 chr8:38429390:38429682:clu_60555_-:ENSG00000077782.22 rs10958704
[1] "SPLICING EVENT"
[1] "chr8:38429948:38457356:clu_60555_-:ENSG00000077782.22"
Harmonising fat_distr (fat_distr) and Outcome (Outcome)
Harmonising fat_distr (fat_distr) and Outcome (Outcome)
[1] 270
[1] 270
  iteration traits posterior_prob regional_prob candidate_snp
1         1   None             NA        0.0098            NA
  posterior_explained_by_snp dropped_trait   lead_snp
1                         NA      iradjbmi rs10958704
[1] "SPLICING EVENT"
[1] "chr8:38457534:38467672:clu_60556_-:ENSG00000077782.22"
Harmonising fat_distr (fat_distr) and Outcome (Outcome)
Harmonising fat_distr (fat_distr) and Outcome (Outcome)
[1] 270
[1] 270
  iteration                                                          traits
1         1 iradjbmi, chr8:38457534:38467672:clu_60556_-:ENSG00000077782.22
  posterior_prob regional_prob candidate_snp posterior_explained_by_snp
1         0.9975        0.9989    rs10958704                     0.9288
  dropped_trait   lead_snp
1            NA rs10958704
[1] "SPLICING EVENT"
[1] "chr8:38457534:38467981:clu_60556_-:ENSG00000077782.22"
Harmonising fat_distr (fat_distr) and Outcome (Outcome)
Harmonising fat_distr (fat_distr) and Outcome (Outcome)
[1] 270
[1] 270
  iteration                                                          traits
1         1 iradjbmi, chr8:38457534:38467981:clu_60556_-:ENSG00000077782.22
  posterior_prob regional_prob candidate_snp posterior_explained_by_snp
1         0.9975        0.9989    rs10958704                     0.9357
  dropped_trait   lead_snp
1            NA rs10958704
[1] "LEAD INDEX"
[1] 5
[1] "LEAD INDEX"
[1] 6
[1] "LEAD INDEX"
[1] 7
[1] "LEAD INDEX"
[1] 8
[1] "SPLICING EVENT"
[1] "chr8:10726666:10730196:clu_60300_-:ENSG00000171056.8"
Harmonising fat_distr (fat_distr) and Outcome (Outcome)
Removing the following SNPs for incompatible alleles:
chr8:10423934
Harmonising fat_distr (fat_distr) and Outcome (Outcome)
[1] 541
[1] 541
  iteration traits posterior_prob regional_prob candidate_snp
1         1   None             NA        0.0079            NA
  posterior_explained_by_snp dropped_trait  lead_snp
1                         NA      iradjbmi rs9657541
[1] "SPLICING EVENT"
[1] "chr8:10765916:10820193:clu_60300_-:ENSG00000171056.8"
Harmonising fat_distr (fat_distr) and Outcome (Outcome)
Removing the following SNPs for incompatible alleles:
chr8:10423934
Harmonising fat_distr (fat_distr) and Outcome (Outcome)
[1] 541
[1] 541
  iteration traits posterior_prob regional_prob candidate_snp
1         1   None             NA        0.0086            NA
  posterior_explained_by_snp dropped_trait  lead_snp
1                         NA      iradjbmi rs9657541
[1] "SPLICING EVENT"
[1] "chr8:10765916:10826152:clu_60300_-:ENSG00000171056.8"
Harmonising fat_distr (fat_distr) and Outcome (Outcome)
Removing the following SNPs for incompatible alleles:
chr8:10423934
Harmonising fat_distr (fat_distr) and Outcome (Outcome)
[1] 541
[1] 541
  iteration traits posterior_prob regional_prob candidate_snp
1         1   None             NA        0.0082            NA
  posterior_explained_by_snp dropped_trait  lead_snp
1                         NA      iradjbmi rs9657541
[1] "SPLICING EVENT"
[1] "chr8:10820269:10826152:clu_60300_-:ENSG00000171056.8"
Harmonising fat_distr (fat_distr) and Outcome (Outcome)
Removing the following SNPs for incompatible alleles:
chr8:10423934
Harmonising fat_distr (fat_distr) and Outcome (Outcome)
[1] 541
[1] 541
  iteration traits posterior_prob regional_prob candidate_snp
1         1   None             NA         0.009            NA
  posterior_explained_by_snp dropped_trait  lead_snp
1                         NA      iradjbmi rs9657541
[1] "LEAD INDEX"
[1] 9
[1] "LEAD INDEX"
[1] 10
[1] "SPLICING EVENT"
[1] "chr8:17923188:17924713:clu_61531_+:ENSG00000078674.19"
Harmonising fat_distr (fat_distr) and Outcome (Outcome)
Harmonising fat_distr (fat_distr) and Outcome (Outcome)
[1] 765
[1] 765
  iteration traits posterior_prob regional_prob candidate_snp
1         1   None             NA        0.0062            NA
  posterior_explained_by_snp dropped_trait lead_snp
1                         NA      iradjbmi rs208062
[1] "SPLICING EVENT"
[1] "chr8:17923188:17935589:clu_61531_+:ENSG00000078674.19"
Harmonising fat_distr (fat_distr) and Outcome (Outcome)
Harmonising fat_distr (fat_distr) and Outcome (Outcome)
[1] 765
[1] 765
  iteration traits posterior_prob regional_prob candidate_snp
1         1   None             NA        0.0019            NA
  posterior_explained_by_snp
1                         NA
                                          dropped_trait lead_snp
1 chr8:17923188:17935589:clu_61531_+:ENSG00000078674.19 rs208062
[1] "SPLICING EVENT"
[1] "chr8:17924780:17934706:clu_61531_+:ENSG00000078674.19"
Harmonising fat_distr (fat_distr) and Outcome (Outcome)
Harmonising fat_distr (fat_distr) and Outcome (Outcome)
[1] 765
[1] 765
  iteration                                                          traits
1         1 iradjbmi, chr8:17924780:17934706:clu_61531_+:ENSG00000078674.19
  posterior_prob regional_prob candidate_snp posterior_explained_by_snp
1          0.975         0.986      rs478420                     0.9718
  dropped_trait lead_snp
1            NA rs208062
[1] "SPLICING EVENT"
[1] "chr8:17924780:17935589:clu_61531_+:ENSG00000078674.19"
Harmonising fat_distr (fat_distr) and Outcome (Outcome)
Harmonising fat_distr (fat_distr) and Outcome (Outcome)
[1] 765
[1] 765
  iteration                                                          traits
1         1 iradjbmi, chr8:17924780:17935589:clu_61531_+:ENSG00000078674.19
  posterior_prob regional_prob candidate_snp posterior_explained_by_snp
1         0.9565        0.9668      rs478420                     0.9583
  dropped_trait lead_snp
1            NA rs208062
[1] "SPLICING EVENT"
[1] "chr8:17934858:17935589:clu_61531_+:ENSG00000078674.19"
Harmonising fat_distr (fat_distr) and Outcome (Outcome)
Harmonising fat_distr (fat_distr) and Outcome (Outcome)
[1] 765
[1] 765
  iteration                                                          traits
1         1 iradjbmi, chr8:17934858:17935589:clu_61531_+:ENSG00000078674.19
  posterior_prob regional_prob candidate_snp posterior_explained_by_snp
1         0.9394        0.9498      rs478420                     0.9791
  dropped_trait lead_snp
1            NA rs208062
[1] "SPLICING EVENT"
[1] "chr8:17937379:17938740:clu_61532_+:ENSG00000078674.19"
Harmonising fat_distr (fat_distr) and Outcome (Outcome)
Harmonising fat_distr (fat_distr) and Outcome (Outcome)
[1] 765
[1] 765
  iteration traits posterior_prob regional_prob candidate_snp
1         1   None             NA        0.0358            NA
  posterior_explained_by_snp dropped_trait lead_snp
1                         NA      iradjbmi rs208062
[1] "SPLICING EVENT"
[1] "chr8:17939861:17940042:clu_61533_+:ENSG00000078674.19"
Harmonising fat_distr (fat_distr) and Outcome (Outcome)
Harmonising fat_distr (fat_distr) and Outcome (Outcome)
[1] 765
[1] 765
  iteration traits posterior_prob regional_prob candidate_snp
1         1   None             NA        0.0111            NA
  posterior_explained_by_snp dropped_trait lead_snp
1                         NA      iradjbmi rs208062
[1] "SPLICING EVENT"
[1] "chr8:17939861:17947186:clu_61533_+:ENSG00000078674.19"
Harmonising fat_distr (fat_distr) and Outcome (Outcome)
Harmonising fat_distr (fat_distr) and Outcome (Outcome)
[1] 765
[1] 765
  iteration traits posterior_prob regional_prob candidate_snp
1         1   None             NA         0.008            NA
  posterior_explained_by_snp dropped_trait lead_snp
1                         NA      iradjbmi rs208062
[1] "SPLICING EVENT"
[1] "chr8:17940158:17947186:clu_61533_+:ENSG00000078674.19"
Harmonising fat_distr (fat_distr) and Outcome (Outcome)
Harmonising fat_distr (fat_distr) and Outcome (Outcome)
[1] 765
[1] 765
  iteration traits posterior_prob regional_prob candidate_snp
1         1   None             NA        0.0107            NA
  posterior_explained_by_snp dropped_trait lead_snp
1                         NA      iradjbmi rs208062
[1] "SPLICING EVENT"
[1] "chr8:17956777:17957264:clu_61535_+:ENSG00000078674.19"
Harmonising fat_distr (fat_distr) and Outcome (Outcome)
Harmonising fat_distr (fat_distr) and Outcome (Outcome)
[1] 765
[1] 765
  iteration                                                          traits
1         1 iradjbmi, chr8:17956777:17957264:clu_61535_+:ENSG00000078674.19
  posterior_prob regional_prob candidate_snp posterior_explained_by_snp
1          0.808        0.8987      rs208062                     0.6497
  dropped_trait lead_snp
1            NA rs208062
[1] "SPLICING EVENT"
[1] "chr8:17957421:17957537:clu_61536_+:ENSG00000078674.19"
Harmonising fat_distr (fat_distr) and Outcome (Outcome)
Harmonising fat_distr (fat_distr) and Outcome (Outcome)
[1] 765
[1] 765
  iteration traits posterior_prob regional_prob candidate_snp
1         1   None             NA        0.0106            NA
  posterior_explained_by_snp dropped_trait lead_snp
1                         NA      iradjbmi rs208062
[1] "SPLICING EVENT"
[1] "chr8:17957421:17957540:clu_61536_+:ENSG00000078674.19"
Harmonising fat_distr (fat_distr) and Outcome (Outcome)
Harmonising fat_distr (fat_distr) and Outcome (Outcome)
[1] 765
[1] 765
  iteration traits posterior_prob regional_prob candidate_snp
1         1   None             NA        0.0122            NA
  posterior_explained_by_snp dropped_trait lead_snp
1                         NA      iradjbmi rs208062
[1] "SPLICING EVENT"
[1] "chr8:17960444:17962034:clu_61538_+:ENSG00000078674.19"
Harmonising fat_distr (fat_distr) and Outcome (Outcome)
Harmonising fat_distr (fat_distr) and Outcome (Outcome)
[1] 765
[1] 765
  iteration traits posterior_prob regional_prob candidate_snp
1         1   None             NA        0.1036            NA
  posterior_explained_by_snp dropped_trait lead_snp
1                         NA      iradjbmi rs208062
[1] "SPLICING EVENT"
[1] "chr8:17962174:17963101:clu_61538_+:ENSG00000078674.19"
Harmonising fat_distr (fat_distr) and Outcome (Outcome)
Harmonising fat_distr (fat_distr) and Outcome (Outcome)
[1] 765
[1] 765
  iteration traits posterior_prob regional_prob candidate_snp
1         1   None             NA        0.0151            NA
  posterior_explained_by_snp dropped_trait lead_snp
1                         NA      iradjbmi rs208062
[1] "SPLICING EVENT"
[1] "chr8:17963291:17964568:clu_61538_+:ENSG00000078674.19"
Harmonising fat_distr (fat_distr) and Outcome (Outcome)
Harmonising fat_distr (fat_distr) and Outcome (Outcome)
[1] 765
[1] 765
  iteration traits posterior_prob regional_prob candidate_snp
1         1   None             NA         0.405            NA
  posterior_explained_by_snp dropped_trait lead_snp
1                         NA      iradjbmi rs208062
[1] "SPLICING EVENT"
[1] "chr8:17972687:17980591:clu_61539_+:ENSG00000078674.19"
Harmonising fat_distr (fat_distr) and Outcome (Outcome)
Harmonising fat_distr (fat_distr) and Outcome (Outcome)
[1] 765
[1] 765
  iteration traits posterior_prob regional_prob candidate_snp
1         1   None             NA        0.0072            NA
  posterior_explained_by_snp dropped_trait lead_snp
1                         NA      iradjbmi rs208062
[1] "SPLICING EVENT"
[1] "chr8:17972687:17985447:clu_61539_+:ENSG00000078674.19"
Harmonising fat_distr (fat_distr) and Outcome (Outcome)
Harmonising fat_distr (fat_distr) and Outcome (Outcome)
[1] 765
[1] 765
  iteration traits posterior_prob regional_prob candidate_snp
1         1   None             NA        0.0252            NA
  posterior_explained_by_snp dropped_trait lead_snp
1                         NA      iradjbmi rs208062
[1] "SPLICING EVENT"
[1] "chr8:17980755:17983233:clu_61539_+:ENSG00000078674.19"
Harmonising fat_distr (fat_distr) and Outcome (Outcome)
Harmonising fat_distr (fat_distr) and Outcome (Outcome)
[1] 765
[1] 765
  iteration traits posterior_prob regional_prob candidate_snp
1         1   None             NA        0.0389            NA
  posterior_explained_by_snp dropped_trait lead_snp
1                         NA      iradjbmi rs208062
[1] "SPLICING EVENT"
[1] "chr8:17980755:17985447:clu_61539_+:ENSG00000078674.19"
Harmonising fat_distr (fat_distr) and Outcome (Outcome)
Harmonising fat_distr (fat_distr) and Outcome (Outcome)
[1] 765
[1] 765
  iteration traits posterior_prob regional_prob candidate_snp
1         1   None             NA         0.006            NA
  posterior_explained_by_snp dropped_trait lead_snp
1                         NA      iradjbmi rs208062
[1] "SPLICING EVENT"
[1] "chr8:17983289:17985447:clu_61539_+:ENSG00000078674.19"
Harmonising fat_distr (fat_distr) and Outcome (Outcome)
Harmonising fat_distr (fat_distr) and Outcome (Outcome)
[1] 765
[1] 765
  iteration traits posterior_prob regional_prob candidate_snp
1         1   None             NA        0.0052            NA
  posterior_explained_by_snp dropped_trait lead_snp
1                         NA      iradjbmi rs208062
[1] "SPLICING EVENT"
[1] "chr8:17986087:17988952:clu_61540_+:ENSG00000078674.19"
Harmonising fat_distr (fat_distr) and Outcome (Outcome)
Harmonising fat_distr (fat_distr) and Outcome (Outcome)
[1] 765
[1] 765
  iteration traits posterior_prob regional_prob candidate_snp
1         1   None             NA        0.0119            NA
  posterior_explained_by_snp dropped_trait lead_snp
1                         NA      iradjbmi rs208062
[1] "SPLICING EVENT"
[1] "chr8:17986087:17989859:clu_61540_+:ENSG00000078674.19"
Harmonising fat_distr (fat_distr) and Outcome (Outcome)
Harmonising fat_distr (fat_distr) and Outcome (Outcome)
[1] 765
[1] 765
  iteration traits posterior_prob regional_prob candidate_snp
1         1   None             NA         0.012            NA
  posterior_explained_by_snp dropped_trait lead_snp
1                         NA      iradjbmi rs208062
[1] "SPLICING EVENT"
[1] "chr8:17991676:17993483:clu_61545_+:ENSG00000078674.19"
Harmonising fat_distr (fat_distr) and Outcome (Outcome)
Harmonising fat_distr (fat_distr) and Outcome (Outcome)
[1] 765
[1] 765
  iteration traits posterior_prob regional_prob candidate_snp
1         1   None             NA        0.0328            NA
  posterior_explained_by_snp
1                         NA
                                          dropped_trait lead_snp
1 chr8:17991676:17993483:clu_61545_+:ENSG00000078674.19 rs208062
[1] "SPLICING EVENT"
[1] "chr8:17991700:17993483:clu_61545_+:ENSG00000078674.19"
Harmonising fat_distr (fat_distr) and Outcome (Outcome)
Harmonising fat_distr (fat_distr) and Outcome (Outcome)
[1] 765
[1] 765
  iteration traits posterior_prob regional_prob candidate_snp
1         1   None             NA        0.0327            NA
  posterior_explained_by_snp
1                         NA
                                          dropped_trait lead_snp
1 chr8:17991700:17993483:clu_61545_+:ENSG00000078674.19 rs208062
[1] "SPLICING EVENT"
[1] "chr8:17993619:18006226:clu_61541_+:ENSG00000078674.19"
Harmonising fat_distr (fat_distr) and Outcome (Outcome)
Harmonising fat_distr (fat_distr) and Outcome (Outcome)
[1] 765
[1] 765
  iteration traits posterior_prob regional_prob candidate_snp
1         1   None             NA         0.012            NA
  posterior_explained_by_snp dropped_trait lead_snp
1                         NA      iradjbmi rs208062
[1] "SPLICING EVENT"
[1] "chr8:17993619:18006251:clu_61541_+:ENSG00000078674.19"
Harmonising fat_distr (fat_distr) and Outcome (Outcome)
Harmonising fat_distr (fat_distr) and Outcome (Outcome)
[1] 765
[1] 765
  iteration traits posterior_prob regional_prob candidate_snp
1         1   None             NA        0.0061            NA
  posterior_explained_by_snp dropped_trait lead_snp
1                         NA      iradjbmi rs208062
[1] "SPLICING EVENT"
[1] "chr8:17993619:18006263:clu_61541_+:ENSG00000078674.19"
Harmonising fat_distr (fat_distr) and Outcome (Outcome)
Harmonising fat_distr (fat_distr) and Outcome (Outcome)
[1] 765
[1] 765
  iteration traits posterior_prob regional_prob candidate_snp
1         1   None             NA        0.0049            NA
  posterior_explained_by_snp dropped_trait lead_snp
1                         NA      iradjbmi rs208062
[1] "SPLICING EVENT"
[1] "chr8:18011827:18012580:clu_61542_+:ENSG00000078674.19"
Harmonising fat_distr (fat_distr) and Outcome (Outcome)
Harmonising fat_distr (fat_distr) and Outcome (Outcome)
[1] 765
[1] 765
  iteration traits posterior_prob regional_prob candidate_snp
1         1   None             NA        0.0042            NA
  posterior_explained_by_snp dropped_trait lead_snp
1                         NA      iradjbmi rs208062
[1] "SPLICING EVENT"
[1] "chr8:18011827:18013964:clu_61542_+:ENSG00000078674.19"
Harmonising fat_distr (fat_distr) and Outcome (Outcome)
Harmonising fat_distr (fat_distr) and Outcome (Outcome)
[1] 765
[1] 765
  iteration traits posterior_prob regional_prob candidate_snp
1         1   None             NA        0.0069            NA
  posterior_explained_by_snp dropped_trait lead_snp
1                         NA      iradjbmi rs208062
[1] "SPLICING EVENT"
[1] "chr8:18012672:18013964:clu_61542_+:ENSG00000078674.19"
Harmonising fat_distr (fat_distr) and Outcome (Outcome)
Harmonising fat_distr (fat_distr) and Outcome (Outcome)
[1] 765
[1] 765
  iteration traits posterior_prob regional_prob candidate_snp
1         1   None             NA        0.0084            NA
  posterior_explained_by_snp dropped_trait lead_snp
1                         NA      iradjbmi rs208062
[1] "SPLICING EVENT"
[1] "chr8:18014036:18014584:clu_61543_+:ENSG00000078674.19"
Harmonising fat_distr (fat_distr) and Outcome (Outcome)
Harmonising fat_distr (fat_distr) and Outcome (Outcome)
[1] 765
[1] 765
  iteration traits posterior_prob regional_prob candidate_snp
1         1   None             NA        0.0193            NA
  posterior_explained_by_snp dropped_trait lead_snp
1                         NA      iradjbmi rs208062
[1] "SPLICING EVENT"
[1] "chr8:18014036:18025361:clu_61543_+:ENSG00000078674.19"
Harmonising fat_distr (fat_distr) and Outcome (Outcome)
Harmonising fat_distr (fat_distr) and Outcome (Outcome)
[1] 765
[1] 765
  iteration traits posterior_prob regional_prob candidate_snp
1         1   None             NA        0.0052            NA
  posterior_explained_by_snp dropped_trait lead_snp
1                         NA      iradjbmi rs208062
[1] "SPLICING EVENT"
[1] "chr8:18014840:18015701:clu_61543_+:ENSG00000078674.19"
Harmonising fat_distr (fat_distr) and Outcome (Outcome)
Harmonising fat_distr (fat_distr) and Outcome (Outcome)
[1] 765
[1] 765
  iteration                                                          traits
1         1 iradjbmi, chr8:18014840:18015701:clu_61543_+:ENSG00000078674.19
  posterior_prob regional_prob candidate_snp posterior_explained_by_snp
1         0.6006        0.7622      rs208770                     0.7774
  dropped_trait lead_snp
1            NA rs208062
[1] "SPLICING EVENT"
[1] "chr8:18014840:18025361:clu_61543_+:ENSG00000078674.19"
Harmonising fat_distr (fat_distr) and Outcome (Outcome)
Harmonising fat_distr (fat_distr) and Outcome (Outcome)
[1] 765
[1] 765
  iteration traits posterior_prob regional_prob candidate_snp
1         1   None             NA        0.0053            NA
  posterior_explained_by_snp dropped_trait lead_snp
1                         NA      iradjbmi rs208062
[1] "SPLICING EVENT"
[1] "chr8:18015831:18025361:clu_61543_+:ENSG00000078674.19"
Harmonising fat_distr (fat_distr) and Outcome (Outcome)
Harmonising fat_distr (fat_distr) and Outcome (Outcome)
[1] 765
[1] 765
  iteration traits posterior_prob regional_prob candidate_snp
1         1   None             NA        0.3036            NA
  posterior_explained_by_snp dropped_trait lead_snp
1                         NA      iradjbmi rs208062
[1] "SPLICING EVENT"
[1] "chr8:18025453:18025544:clu_61544_+:ENSG00000078674.19"
Harmonising fat_distr (fat_distr) and Outcome (Outcome)
Harmonising fat_distr (fat_distr) and Outcome (Outcome)
[1] 765
[1] 765
  iteration traits posterior_prob regional_prob candidate_snp
1         1   None             NA        0.0085            NA
  posterior_explained_by_snp dropped_trait lead_snp
1                         NA      iradjbmi rs208062
[1] "SPLICING EVENT"
[1] "chr8:18025453:18025548:clu_61544_+:ENSG00000078674.19"
Harmonising fat_distr (fat_distr) and Outcome (Outcome)
Harmonising fat_distr (fat_distr) and Outcome (Outcome)
[1] 765
[1] 765
  iteration traits posterior_prob regional_prob candidate_snp
1         1   None             NA        0.0086            NA
  posterior_explained_by_snp dropped_trait lead_snp
1                         NA      iradjbmi rs208062
[1] "LEAD INDEX"
[1] 11
[1] "LEAD INDEX"
[1] 12
[1] "LEAD INDEX"
[1] 13
[1] "LEAD INDEX"
[1] 14
[1] "LEAD INDEX"
[1] 15
[1] "LEAD INDEX"
[1] 16
[1] "LEAD INDEX"
[1] 17
[1] "LEAD INDEX"
[1] 18
[1] "SPLICING EVENT"
[1] "chr8:23845040:23851320:clu_60433_-:ENSG00000159167.12"
Harmonising fat_distr (fat_distr) and Outcome (Outcome)
Harmonising fat_distr (fat_distr) and Outcome (Outcome)
[1] 515
[1] 515
  iteration traits posterior_prob regional_prob candidate_snp
1         1   None             NA        0.0013            NA
  posterior_explained_by_snp
1                         NA
                                          dropped_trait  lead_snp
1 chr8:23845040:23851320:clu_60433_-:ENSG00000159167.12 rs1561105
[1] "SPLICING EVENT"
[1] "chr8:23851113:23851320:clu_60433_-:ENSG00000159167.12"
Harmonising fat_distr (fat_distr) and Outcome (Outcome)
Harmonising fat_distr (fat_distr) and Outcome (Outcome)
[1] 515
[1] 515
  iteration traits posterior_prob regional_prob candidate_snp
1         1   None             NA        0.0013            NA
  posterior_explained_by_snp dropped_trait  lead_snp
1                         NA      iradjbmi rs1561105
[1] "SPLICING EVENT"
[1] "chr8:23852384:23854406:clu_60434_-:ENSG00000159167.12"
Harmonising fat_distr (fat_distr) and Outcome (Outcome)
Harmonising fat_distr (fat_distr) and Outcome (Outcome)
[1] 515
[1] 515
  iteration traits posterior_prob regional_prob candidate_snp
1         1   None             NA        0.0013            NA
  posterior_explained_by_snp dropped_trait  lead_snp
1                         NA      iradjbmi rs1561105
[1] "LEAD INDEX"
[1] 19
[1] "LEAD INDEX"
[1] 20
[1] "LEAD INDEX"
[1] 21
[1] "LEAD INDEX"
[1] 22
[1] "LEAD INDEX"
[1] 23
[1] "LEAD INDEX"
[1] 24
[1] "LEAD INDEX"
[1] 25
[1] "LEAD INDEX"
[1] 26
[1] "CHROMOSOME"
[1] 9
[1] "LEAD INDEX"
[1] 1
[1] "LEAD INDEX"
[1] 2
[1] "LEAD INDEX"
[1] 3
[1] "LEAD INDEX"
[1] 4
[1] "SPLICING EVENT"
[1] "chr9:34179240:34199826:clu_64341_+:ENSG00000165006.14"
Harmonising fat_distr (fat_distr) and Outcome (Outcome)
Harmonising fat_distr (fat_distr) and Outcome (Outcome)
[1] 320
[1] 320
  iteration traits posterior_prob regional_prob candidate_snp
1         1   None             NA        0.0955            NA
  posterior_explained_by_snp dropped_trait   lead_snp
1                         NA      iradjbmi rs13284229
[1] "SPLICING EVENT"
[1] "chr9:34179240:34216674:clu_64341_+:ENSG00000165006.14"
Harmonising fat_distr (fat_distr) and Outcome (Outcome)
Harmonising fat_distr (fat_distr) and Outcome (Outcome)
[1] 320
[1] 320
  iteration traits posterior_prob regional_prob candidate_snp
1         1   None             NA        0.1452            NA
  posterior_explained_by_snp
1                         NA
                                          dropped_trait   lead_snp
1 chr9:34179240:34216674:clu_64341_+:ENSG00000165006.14 rs13284229
[1] "SPLICING EVENT"
[1] "chr9:34179240:34220908:clu_64341_+:ENSG00000165006.14"
Harmonising fat_distr (fat_distr) and Outcome (Outcome)
Harmonising fat_distr (fat_distr) and Outcome (Outcome)
[1] 320
[1] 320
  iteration traits posterior_prob regional_prob candidate_snp
1         1   None             NA        0.0174            NA
  posterior_explained_by_snp dropped_trait   lead_snp
1                         NA      iradjbmi rs13284229
[1] "SPLICING EVENT"
[1] "chr9:34179240:34234216:clu_64341_+:ENSG00000165006.14"
Harmonising fat_distr (fat_distr) and Outcome (Outcome)
Harmonising fat_distr (fat_distr) and Outcome (Outcome)
[1] 320
[1] 320
  iteration traits posterior_prob regional_prob candidate_snp
1         1   None             NA        0.0097            NA
  posterior_explained_by_snp dropped_trait   lead_snp
1                         NA      iradjbmi rs13284229
[1] "SPLICING EVENT"
[1] "chr9:34199923:34220908:clu_64341_+:ENSG00000165006.14"
Harmonising fat_distr (fat_distr) and Outcome (Outcome)
Harmonising fat_distr (fat_distr) and Outcome (Outcome)
[1] 320
[1] 320
  iteration traits posterior_prob regional_prob candidate_snp
1         1   None             NA        0.0105            NA
  posterior_explained_by_snp dropped_trait   lead_snp
1                         NA      iradjbmi rs13284229
[1] "SPLICING EVENT"
[1] "chr9:34216789:34220908:clu_64341_+:ENSG00000165006.14"
Harmonising fat_distr (fat_distr) and Outcome (Outcome)
Harmonising fat_distr (fat_distr) and Outcome (Outcome)
[1] 320
[1] 320
  iteration traits posterior_prob regional_prob candidate_snp
1         1   None             NA        0.1513            NA
  posterior_explained_by_snp
1                         NA
                                          dropped_trait   lead_snp
1 chr9:34216789:34220908:clu_64341_+:ENSG00000165006.14 rs13284229
[1] "SPLICING EVENT"
[1] "chr9:34220948:34234216:clu_64341_+:ENSG00000165006.14"
Harmonising fat_distr (fat_distr) and Outcome (Outcome)
Harmonising fat_distr (fat_distr) and Outcome (Outcome)
[1] 320
[1] 320
  iteration traits posterior_prob regional_prob candidate_snp
1         1   None             NA        0.0073            NA
  posterior_explained_by_snp dropped_trait   lead_snp
1                         NA      iradjbmi rs13284229
[1] "SPLICING EVENT"
[1] "chr9:34220948:34241185:clu_64341_+:ENSG00000165006.14"
Harmonising fat_distr (fat_distr) and Outcome (Outcome)
Harmonising fat_distr (fat_distr) and Outcome (Outcome)
[1] 320
[1] 320
  iteration traits posterior_prob regional_prob candidate_snp
1         1   None             NA        0.0123            NA
  posterior_explained_by_snp dropped_trait   lead_snp
1                         NA      iradjbmi rs13284229
[1] "SPLICING EVENT"
[1] "chr9:34234340:34235853:clu_64341_+:ENSG00000165006.14"
Harmonising fat_distr (fat_distr) and Outcome (Outcome)
Harmonising fat_distr (fat_distr) and Outcome (Outcome)
[1] 320
[1] 320
  iteration traits posterior_prob regional_prob candidate_snp
1         1   None             NA        0.0154            NA
  posterior_explained_by_snp dropped_trait   lead_snp
1                         NA      iradjbmi rs13284229
[1] "SPLICING EVENT"
[1] "chr9:34234340:34241185:clu_64341_+:ENSG00000165006.14"
Harmonising fat_distr (fat_distr) and Outcome (Outcome)
Harmonising fat_distr (fat_distr) and Outcome (Outcome)
[1] 320
[1] 320
  iteration traits posterior_prob regional_prob candidate_snp
1         1   None             NA        0.0077            NA
  posterior_explained_by_snp dropped_trait   lead_snp
1                         NA      iradjbmi rs13284229
[1] "SPLICING EVENT"
[1] "chr9:34329599:34336229:clu_64342_+:ENSG00000164978.18"
Harmonising fat_distr (fat_distr) and Outcome (Outcome)
Harmonising fat_distr (fat_distr) and Outcome (Outcome)
[1] 320
[1] 320
  iteration traits posterior_prob regional_prob candidate_snp
1         1   None             NA         1e-04            NA
  posterior_explained_by_snp
1                         NA
                                          dropped_trait   lead_snp
1 chr9:34329599:34336229:clu_64342_+:ENSG00000164978.18 rs13284229
[1] "SPLICING EVENT"
[1] "chr9:34329599:34338713:clu_64342_+:ENSG00000164978.18"
Harmonising fat_distr (fat_distr) and Outcome (Outcome)
Harmonising fat_distr (fat_distr) and Outcome (Outcome)
[1] 320
[1] 320
  iteration traits posterior_prob regional_prob candidate_snp
1         1   None             NA        0.0216            NA
  posterior_explained_by_snp dropped_trait   lead_snp
1                         NA      iradjbmi rs13284229
[1] "SPLICING EVENT"
[1] "chr9:34329599:34339024:clu_64342_+:ENSG00000164978.18"
Harmonising fat_distr (fat_distr) and Outcome (Outcome)
Harmonising fat_distr (fat_distr) and Outcome (Outcome)
[1] 320
[1] 320
  iteration traits posterior_prob regional_prob candidate_snp
1         1   None             NA        0.1351            NA
  posterior_explained_by_snp dropped_trait   lead_snp
1                         NA      iradjbmi rs13284229
[1] "SPLICING EVENT"
[1] "chr9:34336341:34338713:clu_64342_+:ENSG00000164978.18"
Harmonising fat_distr (fat_distr) and Outcome (Outcome)
Harmonising fat_distr (fat_distr) and Outcome (Outcome)
[1] 320
[1] 320
  iteration traits posterior_prob regional_prob candidate_snp
1         1   None             NA         1e-04            NA
  posterior_explained_by_snp
1                         NA
                                          dropped_trait   lead_snp
1 chr9:34336341:34338713:clu_64342_+:ENSG00000164978.18 rs13284229
[1] "SPLICING EVENT"
[1] "chr9:34338847:34339024:clu_64342_+:ENSG00000164978.18"
Harmonising fat_distr (fat_distr) and Outcome (Outcome)
Harmonising fat_distr (fat_distr) and Outcome (Outcome)
[1] 320
[1] 320
  iteration traits posterior_prob regional_prob candidate_snp
1         1   None             NA        0.0345            NA
  posterior_explained_by_snp dropped_trait   lead_snp
1                         NA      iradjbmi rs13284229
[1] "SPLICING EVENT"
[1] "chr9:34338847:34339031:clu_64342_+:ENSG00000164978.18"
Harmonising fat_distr (fat_distr) and Outcome (Outcome)
Harmonising fat_distr (fat_distr) and Outcome (Outcome)
[1] 320
[1] 320
  iteration traits posterior_prob regional_prob candidate_snp
1         1   None             NA         0.008            NA
  posterior_explained_by_snp dropped_trait   lead_snp
1                         NA      iradjbmi rs13284229
[1] "SPLICING EVENT"
[1] "chr9:34339166:34343124:clu_64342_+:ENSG00000164978.18"
Harmonising fat_distr (fat_distr) and Outcome (Outcome)
Harmonising fat_distr (fat_distr) and Outcome (Outcome)
[1] 320
[1] 320
  iteration traits posterior_prob regional_prob candidate_snp
1         1   None             NA         3e-04            NA
  posterior_explained_by_snp
1                         NA
                                          dropped_trait   lead_snp
1 chr9:34339166:34343124:clu_64342_+:ENSG00000164978.18 rs13284229
[1] "LEAD INDEX"
[1] 5
[1] "LEAD INDEX"
[1] 6
[1] "SPLICING EVENT"
[1] "chr9:120622755:120659374:clu_63532_-:ENSG00000106780.9"
Harmonising fat_distr (fat_distr) and Outcome (Outcome)
Harmonising fat_distr (fat_distr) and Outcome (Outcome)
[1] 320
[1] 320
  iteration traits posterior_prob regional_prob candidate_snp
1         1   None             NA        0.0073            NA
  posterior_explained_by_snp dropped_trait  lead_snp
1                         NA      iradjbmi rs2416799
[1] "LEAD INDEX"
[1] 7
[1] "SPLICING EVENT"
[1] "chr9:123383913:123387730:clu_63609_-:ENSG00000119522.17"
Harmonising fat_distr (fat_distr) and Outcome (Outcome)
Harmonising fat_distr (fat_distr) and Outcome (Outcome)
[1] 443
[1] 443
  iteration traits posterior_prob regional_prob candidate_snp
1         1   None             NA         0.007            NA
  posterior_explained_by_snp dropped_trait  lead_snp
1                         NA      iradjbmi rs2479106
[1] "SPLICING EVENT"
[1] "chr9:123383913:123403402:clu_63609_-:ENSG00000119522.17"
Harmonising fat_distr (fat_distr) and Outcome (Outcome)
Harmonising fat_distr (fat_distr) and Outcome (Outcome)
[1] 443
[1] 443
  iteration traits posterior_prob regional_prob candidate_snp
1         1   None             NA        0.0148            NA
  posterior_explained_by_snp dropped_trait  lead_snp
1                         NA      iradjbmi rs2479106
[1] "SPLICING EVENT"
[1] "chr9:123387858:123403402:clu_63609_-:ENSG00000119522.17"
Harmonising fat_distr (fat_distr) and Outcome (Outcome)
Harmonising fat_distr (fat_distr) and Outcome (Outcome)
[1] 443
[1] 443
  iteration traits posterior_prob regional_prob candidate_snp
1         1   None             NA         0.008            NA
  posterior_explained_by_snp dropped_trait  lead_snp
1                         NA      iradjbmi rs2479106
[1] "SPLICING EVENT"
[1] "chr9:123401912:123403402:clu_63609_-:ENSG00000119522.17"
Harmonising fat_distr (fat_distr) and Outcome (Outcome)
Harmonising fat_distr (fat_distr) and Outcome (Outcome)
[1] 443
[1] 443
  iteration traits posterior_prob regional_prob candidate_snp
1         1   None             NA        0.0099            NA
  posterior_explained_by_snp dropped_trait  lead_snp
1                         NA      iradjbmi rs2479106
[1] "SPLICING EVENT"
[1] "chr9:123403490:123411776:clu_63610_-:ENSG00000119522.17"
Harmonising fat_distr (fat_distr) and Outcome (Outcome)
Harmonising fat_distr (fat_distr) and Outcome (Outcome)
[1] 443
[1] 443
  iteration traits posterior_prob regional_prob candidate_snp
1         1   None             NA        0.0095            NA
  posterior_explained_by_snp dropped_trait  lead_snp
1                         NA      iradjbmi rs2479106
[1] "SPLICING EVENT"
[1] "chr9:123403490:123440360:clu_63610_-:ENSG00000119522.17"
Harmonising fat_distr (fat_distr) and Outcome (Outcome)
Harmonising fat_distr (fat_distr) and Outcome (Outcome)
[1] 443
[1] 443
  iteration traits posterior_prob regional_prob candidate_snp
1         1   None             NA        0.0094            NA
  posterior_explained_by_snp dropped_trait  lead_snp
1                         NA      iradjbmi rs2479106
[1] "SPLICING EVENT"
[1] "chr9:123411829:123440360:clu_63610_-:ENSG00000119522.17"
Harmonising fat_distr (fat_distr) and Outcome (Outcome)
Harmonising fat_distr (fat_distr) and Outcome (Outcome)
[1] 443
[1] 443
  iteration traits posterior_prob regional_prob candidate_snp
1         1   None             NA        0.0273            NA
  posterior_explained_by_snp dropped_trait  lead_snp
1                         NA      iradjbmi rs2479106
[1] "SPLICING EVENT"
[1] "chr9:123440491:123450693:clu_63611_-:ENSG00000119522.17"
Harmonising fat_distr (fat_distr) and Outcome (Outcome)
Harmonising fat_distr (fat_distr) and Outcome (Outcome)
[1] 443
[1] 443
  iteration traits posterior_prob regional_prob candidate_snp
1         1   None             NA        0.0162            NA
  posterior_explained_by_snp dropped_trait  lead_snp
1                         NA      iradjbmi rs2479106
[1] "SPLICING EVENT"
[1] "chr9:123440491:123452276:clu_63611_-:ENSG00000119522.17"
Harmonising fat_distr (fat_distr) and Outcome (Outcome)
Harmonising fat_distr (fat_distr) and Outcome (Outcome)
[1] 443
[1] 443
  iteration traits posterior_prob regional_prob candidate_snp
1         1   None             NA        0.0057            NA
  posterior_explained_by_snp dropped_trait  lead_snp
1                         NA      iradjbmi rs2479106
[1] "SPLICING EVENT"
[1] "chr9:123450749:123452276:clu_63611_-:ENSG00000119522.17"
Harmonising fat_distr (fat_distr) and Outcome (Outcome)
Harmonising fat_distr (fat_distr) and Outcome (Outcome)
[1] 443
[1] 443
  iteration traits posterior_prob regional_prob candidate_snp
1         1   None             NA        0.0188            NA
  posterior_explained_by_snp dropped_trait  lead_snp
1                         NA      iradjbmi rs2479106
[1] "SPLICING EVENT"
[1] "chr9:123452347:123454739:clu_63612_-:ENSG00000119522.17"
Harmonising fat_distr (fat_distr) and Outcome (Outcome)
Harmonising fat_distr (fat_distr) and Outcome (Outcome)
[1] 443
[1] 443
  iteration traits posterior_prob regional_prob candidate_snp
1         1   None             NA        0.0101            NA
  posterior_explained_by_snp dropped_trait  lead_snp
1                         NA      iradjbmi rs2479106
[1] "SPLICING EVENT"
[1] "chr9:123457897:123557570:clu_63612_-:ENSG00000119522.17"
Harmonising fat_distr (fat_distr) and Outcome (Outcome)
Harmonising fat_distr (fat_distr) and Outcome (Outcome)
[1] 443
[1] 443
  iteration traits posterior_prob regional_prob candidate_snp
1         1   None             NA        0.0106            NA
  posterior_explained_by_snp dropped_trait  lead_snp
1                         NA      iradjbmi rs2479106
[1] "SPLICING EVENT"
[1] "chr9:123557695:123583169:clu_63613_-:ENSG00000119522.17"
Harmonising fat_distr (fat_distr) and Outcome (Outcome)
Harmonising fat_distr (fat_distr) and Outcome (Outcome)
[1] 443
[1] 443
  iteration traits posterior_prob regional_prob candidate_snp
1         1   None             NA        0.0263            NA
  posterior_explained_by_snp dropped_trait  lead_snp
1                         NA      iradjbmi rs2479106
[1] "SPLICING EVENT"
[1] "chr9:123569595:123583169:clu_63613_-:ENSG00000119522.17"
Harmonising fat_distr (fat_distr) and Outcome (Outcome)
Harmonising fat_distr (fat_distr) and Outcome (Outcome)
[1] 443
[1] 443
  iteration traits posterior_prob regional_prob candidate_snp
1         1   None             NA         0.019            NA
  posterior_explained_by_snp dropped_trait  lead_snp
1                         NA      iradjbmi rs2479106
[1] "SPLICING EVENT"
[1] "chr9:123583270:123609436:clu_63614_-:ENSG00000119522.17"
Harmonising fat_distr (fat_distr) and Outcome (Outcome)
Harmonising fat_distr (fat_distr) and Outcome (Outcome)
[1] 443
[1] 443
  iteration traits posterior_prob regional_prob candidate_snp
1         1   None             NA        0.0104            NA
  posterior_explained_by_snp dropped_trait  lead_snp
1                         NA      iradjbmi rs2479106
[1] "SPLICING EVENT"
[1] "chr9:123609481:123630376:clu_63614_-:ENSG00000119522.17"
Harmonising fat_distr (fat_distr) and Outcome (Outcome)
Harmonising fat_distr (fat_distr) and Outcome (Outcome)
[1] 443
[1] 443
  iteration traits posterior_prob regional_prob candidate_snp
1         1   None             NA        0.0104            NA
  posterior_explained_by_snp dropped_trait  lead_snp
1                         NA      iradjbmi rs2479106
[1] "SPLICING EVENT"
[1] "chr9:123652123:123667026:clu_63615_-:ENSG00000119522.17"
Harmonising fat_distr (fat_distr) and Outcome (Outcome)
Harmonising fat_distr (fat_distr) and Outcome (Outcome)
[1] 443
[1] 443
  iteration traits posterior_prob regional_prob candidate_snp
1         1   None             NA        0.0089            NA
  posterior_explained_by_snp dropped_trait  lead_snp
1                         NA      iradjbmi rs2479106
[1] "SPLICING EVENT"
[1] "chr9:123676789:123757703:clu_63616_-:ENSG00000119522.17"
Harmonising fat_distr (fat_distr) and Outcome (Outcome)
Harmonising fat_distr (fat_distr) and Outcome (Outcome)
[1] 443
[1] 443
  iteration traits posterior_prob regional_prob candidate_snp
1         1   None             NA        0.0066            NA
  posterior_explained_by_snp dropped_trait  lead_snp
1                         NA      iradjbmi rs2479106
[1] "SPLICING EVENT"
[1] "chr9:123757822:123769514:clu_63617_-:ENSG00000119522.17"
Harmonising fat_distr (fat_distr) and Outcome (Outcome)
Harmonising fat_distr (fat_distr) and Outcome (Outcome)
[1] 443
[1] 443
  iteration traits posterior_prob regional_prob candidate_snp
1         1   None             NA        0.0219            NA
  posterior_explained_by_snp dropped_trait  lead_snp
1                         NA      iradjbmi rs2479106
[1] "SPLICING EVENT"
[1] "chr9:123757822:123792587:clu_63617_-:ENSG00000119522.17"
Harmonising fat_distr (fat_distr) and Outcome (Outcome)
Harmonising fat_distr (fat_distr) and Outcome (Outcome)
[1] 443
[1] 443
  iteration traits posterior_prob regional_prob candidate_snp
1         1   None             NA        0.0334            NA
  posterior_explained_by_snp dropped_trait  lead_snp
1                         NA      iradjbmi rs2479106
[1] "SPLICING EVENT"
[1] "chr9:123769563:123792587:clu_63617_-:ENSG00000119522.17"
Harmonising fat_distr (fat_distr) and Outcome (Outcome)
Harmonising fat_distr (fat_distr) and Outcome (Outcome)
[1] 443
[1] 443
  iteration traits posterior_prob regional_prob candidate_snp
1         1   None             NA        0.0114            NA
  posterior_explained_by_snp dropped_trait  lead_snp
1                         NA      iradjbmi rs2479106
[1] "LEAD INDEX"
[1] 8
[1] "SPLICING EVENT"
[1] "chr9:1053824:1056216:clu_64134_+:ENSG00000173253.16"
Harmonising fat_distr (fat_distr) and Outcome (Outcome)
Harmonising fat_distr (fat_distr) and Outcome (Outcome)
[1] 815
[1] 815
  iteration traits posterior_prob regional_prob candidate_snp
1         1   None             NA        0.0086            NA
  posterior_explained_by_snp dropped_trait  lead_snp
1                         NA      iradjbmi rs2175055
[1] "LEAD INDEX"
[1] 9
[1] "LEAD INDEX"
[1] 10
[1] "SPLICING EVENT"
[1] "chr9:92326105:92332170:clu_64696_+:ENSG00000188312.14"
Harmonising fat_distr (fat_distr) and Outcome (Outcome)
Removing the following SNPs for incompatible alleles:
chr9:92420825
Harmonising fat_distr (fat_distr) and Outcome (Outcome)
[1] 408
[1] 408
  iteration traits posterior_prob regional_prob candidate_snp
1         1   None             NA        0.0058            NA
  posterior_explained_by_snp dropped_trait  lead_snp
1                         NA      iradjbmi rs7855203
[1] "SPLICING EVENT"
[1] "chr9:92332351:92337541:clu_64696_+:ENSG00000188312.14"
Harmonising fat_distr (fat_distr) and Outcome (Outcome)
Removing the following SNPs for incompatible alleles:
chr9:92420825
Harmonising fat_distr (fat_distr) and Outcome (Outcome)
[1] 408
[1] 408
  iteration traits posterior_prob regional_prob candidate_snp
1         1   None             NA        0.0063            NA
  posterior_explained_by_snp dropped_trait  lead_snp
1                         NA      iradjbmi rs7855203
[1] "SPLICING EVENT"
[1] "chr9:92337629:92345699:clu_64697_+:ENSG00000188312.14"
Harmonising fat_distr (fat_distr) and Outcome (Outcome)
Removing the following SNPs for incompatible alleles:
chr9:92420825
Harmonising fat_distr (fat_distr) and Outcome (Outcome)
[1] 408
[1] 408
  iteration traits posterior_prob regional_prob candidate_snp
1         1   None             NA         0.008            NA
  posterior_explained_by_snp dropped_trait  lead_snp
1                         NA      iradjbmi rs7855203
[1] "SPLICING EVENT"
[1] "chr9:92345787:92379763:clu_64697_+:ENSG00000188312.14"
Harmonising fat_distr (fat_distr) and Outcome (Outcome)
Removing the following SNPs for incompatible alleles:
chr9:92420825
Harmonising fat_distr (fat_distr) and Outcome (Outcome)
[1] 408
[1] 408
  iteration traits posterior_prob regional_prob candidate_snp
1         1   None             NA        0.0106            NA
  posterior_explained_by_snp dropped_trait  lead_snp
1                         NA      iradjbmi rs7855203
[1] "SPLICING EVENT"
[1] "chr9:92379859:92611314:clu_64698_+:ENSG00000188312.14"
Harmonising fat_distr (fat_distr) and Outcome (Outcome)
Removing the following SNPs for incompatible alleles:
chr9:92420825
Harmonising fat_distr (fat_distr) and Outcome (Outcome)
[1] 408
[1] 408
  iteration traits posterior_prob regional_prob candidate_snp
1         1   None             NA        0.0111            NA
  posterior_explained_by_snp dropped_trait  lead_snp
1                         NA      iradjbmi rs7855203
[1] "SPLICING EVENT"
[1] "chr9:92600508:92611314:clu_64698_+:ENSG00000188312.14"
Harmonising fat_distr (fat_distr) and Outcome (Outcome)
Removing the following SNPs for incompatible alleles:
chr9:92420825
Harmonising fat_distr (fat_distr) and Outcome (Outcome)
[1] 408
[1] 408
  iteration traits posterior_prob regional_prob candidate_snp
1         1   None             NA        0.0034            NA
  posterior_explained_by_snp
1                         NA
                                          dropped_trait  lead_snp
1 chr9:92600508:92611314:clu_64698_+:ENSG00000188312.14 rs7855203
[1] "SPLICING EVENT"
[1] "chr9:92611393:92612523:clu_64699_+:ENSG00000188312.14"
Harmonising fat_distr (fat_distr) and Outcome (Outcome)
Removing the following SNPs for incompatible alleles:
chr9:92420825
Harmonising fat_distr (fat_distr) and Outcome (Outcome)
[1] 408
[1] 408
  iteration traits posterior_prob regional_prob candidate_snp
1         1   None             NA        0.0058            NA
  posterior_explained_by_snp dropped_trait  lead_snp
1                         NA      iradjbmi rs7855203
[1] "SPLICING EVENT"
[1] "chr9:92612614:92613019:clu_64699_+:ENSG00000188312.14"
Harmonising fat_distr (fat_distr) and Outcome (Outcome)
Removing the following SNPs for incompatible alleles:
chr9:92420825
Harmonising fat_distr (fat_distr) and Outcome (Outcome)
[1] 408
[1] 408
  iteration traits posterior_prob regional_prob candidate_snp
1         1   None             NA        0.0055            NA
  posterior_explained_by_snp dropped_trait  lead_snp
1                         NA      iradjbmi rs7855203
[1] "SPLICING EVENT"
[1] "chr9:92616057:92619486:clu_63258_-:ENSG00000127080.10"
Harmonising fat_distr (fat_distr) and Outcome (Outcome)
Removing the following SNPs for incompatible alleles:
chr9:92420825
Harmonising fat_distr (fat_distr) and Outcome (Outcome)
[1] 408
[1] 408
  iteration traits posterior_prob regional_prob candidate_snp
1         1   None             NA        0.0189            NA
  posterior_explained_by_snp dropped_trait  lead_snp
1                         NA      iradjbmi rs7855203
[1] "SPLICING EVENT"
[1] "chr9:92619565:92634386:clu_63259_-:ENSG00000127080.10"
Harmonising fat_distr (fat_distr) and Outcome (Outcome)
Removing the following SNPs for incompatible alleles:
chr9:92420825
Harmonising fat_distr (fat_distr) and Outcome (Outcome)
[1] 408
[1] 408
  iteration traits posterior_prob regional_prob candidate_snp
1         1   None             NA         0.007            NA
  posterior_explained_by_snp dropped_trait  lead_snp
1                         NA      iradjbmi rs7855203
[1] "SPLICING EVENT"
[1] "chr9:92635246:92638001:clu_63261_-:ENSG00000127080.10"
Harmonising fat_distr (fat_distr) and Outcome (Outcome)
Removing the following SNPs for incompatible alleles:
chr9:92420825
Harmonising fat_distr (fat_distr) and Outcome (Outcome)
[1] 408
[1] 408
  iteration traits posterior_prob regional_prob candidate_snp
1         1   None             NA        0.0061            NA
  posterior_explained_by_snp dropped_trait  lead_snp
1                         NA      iradjbmi rs7855203
[1] "SPLICING EVENT"
[1] "chr9:92635308:92638001:clu_63261_-:ENSG00000127080.10"
Harmonising fat_distr (fat_distr) and Outcome (Outcome)
Removing the following SNPs for incompatible alleles:
chr9:92420825
Harmonising fat_distr (fat_distr) and Outcome (Outcome)
[1] 408
[1] 408
  iteration traits posterior_prob regional_prob candidate_snp
1         1   None             NA        0.0112            NA
  posterior_explained_by_snp dropped_trait  lead_snp
1                         NA      iradjbmi rs7855203
[1] "SPLICING EVENT"
[1] "chr9:92638280:92640710:clu_63261_-:ENSG00000127080.10"
Harmonising fat_distr (fat_distr) and Outcome (Outcome)
Removing the following SNPs for incompatible alleles:
chr9:92420825
Harmonising fat_distr (fat_distr) and Outcome (Outcome)
[1] 408
[1] 408
  iteration traits posterior_prob regional_prob candidate_snp
1         1   None             NA        0.0214            NA
  posterior_explained_by_snp dropped_trait  lead_snp
1                         NA      iradjbmi rs7855203
[1] "SPLICING EVENT"
[1] "chr9:92648148:92649453:clu_63262_-:ENSG00000127080.10"
Harmonising fat_distr (fat_distr) and Outcome (Outcome)
Removing the following SNPs for incompatible alleles:
chr9:92420825
Harmonising fat_distr (fat_distr) and Outcome (Outcome)
[1] 408
[1] 408
  iteration traits posterior_prob regional_prob candidate_snp
1         1   None             NA        0.0066            NA
  posterior_explained_by_snp dropped_trait  lead_snp
1                         NA      iradjbmi rs7855203
[1] "SPLICING EVENT"
[1] "chr9:92649574:92652573:clu_63262_-:ENSG00000127080.10"
Harmonising fat_distr (fat_distr) and Outcome (Outcome)
Removing the following SNPs for incompatible alleles:
chr9:92420825
Harmonising fat_distr (fat_distr) and Outcome (Outcome)
[1] 408
[1] 408
  iteration traits posterior_prob regional_prob candidate_snp
1         1   None             NA        0.0061            NA
  posterior_explained_by_snp dropped_trait  lead_snp
1                         NA      iradjbmi rs7855203
[1] "LEAD INDEX"
[1] 11
[1] "LEAD INDEX"
[1] 12
[1] "CHROMOSOME"
[1] 10
[1] "LEAD INDEX"
[1] 1
[1] "LEAD INDEX"
[1] 2
[1] "LEAD INDEX"
[1] 3
[1] "LEAD INDEX"
[1] 4
[1] "LEAD INDEX"
[1] 5
[1] "LEAD INDEX"
[1] 6
[1] "LEAD INDEX"
[1] 7
[1] "LEAD INDEX"
[1] 8
[1] "LEAD INDEX"
[1] 9
[1] "SPLICING EVENT"
[1] "chr10:112153497:112154629:clu_7832_-:ENSG00000119927.14"
Harmonising fat_distr (fat_distr) and Outcome (Outcome)
Harmonising fat_distr (fat_distr) and Outcome (Outcome)
[1] 441
[1] 441
  iteration traits posterior_prob regional_prob candidate_snp
1         1   None             NA        0.0168            NA
  posterior_explained_by_snp dropped_trait  lead_snp
1                         NA      iradjbmi rs4573621
[1] "SPLICING EVENT"
[1] "chr10:112153666:112154629:clu_7832_-:ENSG00000119927.14"
Harmonising fat_distr (fat_distr) and Outcome (Outcome)
Harmonising fat_distr (fat_distr) and Outcome (Outcome)
[1] 441
[1] 441
  iteration traits posterior_prob regional_prob candidate_snp
1         1   None             NA        0.0127            NA
  posterior_explained_by_snp dropped_trait  lead_snp
1                         NA      iradjbmi rs4573621
[1] "SPLICING EVENT"
[1] "chr10:112153666:112155864:clu_7832_-:ENSG00000119927.14"
Harmonising fat_distr (fat_distr) and Outcome (Outcome)
Harmonising fat_distr (fat_distr) and Outcome (Outcome)
[1] 441
[1] 441
  iteration traits posterior_prob regional_prob candidate_snp
1         1   None             NA        0.0053            NA
  posterior_explained_by_snp dropped_trait  lead_snp
1                         NA      iradjbmi rs4573621
[1] "SPLICING EVENT"
[1] "chr10:112154687:112155864:clu_7832_-:ENSG00000119927.14"
Harmonising fat_distr (fat_distr) and Outcome (Outcome)
Harmonising fat_distr (fat_distr) and Outcome (Outcome)
[1] 441
[1] 441
  iteration traits posterior_prob regional_prob candidate_snp
1         1   None             NA          0.02            NA
  posterior_explained_by_snp dropped_trait  lead_snp
1                         NA      iradjbmi rs4573621
[1] "SPLICING EVENT"
[1] "chr10:112156053:112157249:clu_7833_-:ENSG00000119927.14"
Harmonising fat_distr (fat_distr) and Outcome (Outcome)
Harmonising fat_distr (fat_distr) and Outcome (Outcome)
[1] 441
[1] 441
  iteration traits posterior_prob regional_prob candidate_snp
1         1   None             NA        0.0116            NA
  posterior_explained_by_snp dropped_trait  lead_snp
1                         NA      iradjbmi rs4573621
[1] "SPLICING EVENT"
[1] "chr10:112160053:112160604:clu_7834_-:ENSG00000119927.14"
Harmonising fat_distr (fat_distr) and Outcome (Outcome)
Harmonising fat_distr (fat_distr) and Outcome (Outcome)
[1] 441
[1] 441
  iteration traits posterior_prob regional_prob candidate_snp
1         1   None             NA        0.0163            NA
  posterior_explained_by_snp dropped_trait  lead_snp
1                         NA      iradjbmi rs4573621
[1] "SPLICING EVENT"
[1] "chr10:112160868:112161667:clu_7837_-:ENSG00000119927.14"
Harmonising fat_distr (fat_distr) and Outcome (Outcome)
Harmonising fat_distr (fat_distr) and Outcome (Outcome)
[1] 441
[1] 441
  iteration traits posterior_prob regional_prob candidate_snp
1         1   None             NA        0.0086            NA
  posterior_explained_by_snp dropped_trait  lead_snp
1                         NA      iradjbmi rs4573621
[1] "SPLICING EVENT"
[1] "chr10:112161737:112163701:clu_7837_-:ENSG00000119927.14"
Harmonising fat_distr (fat_distr) and Outcome (Outcome)
Harmonising fat_distr (fat_distr) and Outcome (Outcome)
[1] 441
[1] 441
  iteration traits posterior_prob regional_prob candidate_snp
1         1   None             NA        0.0095            NA
  posterior_explained_by_snp dropped_trait  lead_snp
1                         NA      iradjbmi rs4573621
[1] "SPLICING EVENT"
[1] "chr10:112168524:112168853:clu_7838_-:ENSG00000119927.14"
Harmonising fat_distr (fat_distr) and Outcome (Outcome)
Harmonising fat_distr (fat_distr) and Outcome (Outcome)
[1] 441
[1] 441
  iteration                                                            traits
1         1 iradjbmi, chr10:112168524:112168853:clu_7838_-:ENSG00000119927.14
  posterior_prob regional_prob candidate_snp posterior_explained_by_snp
1         0.5225        0.6146     rs2419604                     0.2255
  dropped_trait  lead_snp
1            NA rs4573621
[1] "SPLICING EVENT"
[1] "chr10:112168952:112172182:clu_7839_-:ENSG00000119927.14"
Harmonising fat_distr (fat_distr) and Outcome (Outcome)
Harmonising fat_distr (fat_distr) and Outcome (Outcome)
[1] 441
[1] 441
  iteration traits posterior_prob regional_prob candidate_snp
1         1   None             NA        0.0181            NA
  posterior_explained_by_snp dropped_trait  lead_snp
1                         NA      iradjbmi rs4573621
[1] "SPLICING EVENT"
[1] "chr10:112182891:112183693:clu_7840_-:ENSG00000119927.14"
Harmonising fat_distr (fat_distr) and Outcome (Outcome)
Harmonising fat_distr (fat_distr) and Outcome (Outcome)
[1] 441
[1] 441
  iteration traits posterior_prob regional_prob candidate_snp
1         1   None             NA        0.0091            NA
  posterior_explained_by_snp dropped_trait  lead_snp
1                         NA      iradjbmi rs4573621
[1] "SPLICING EVENT"
[1] "chr10:112182891:112214319:clu_7840_-:ENSG00000119927.14"
Harmonising fat_distr (fat_distr) and Outcome (Outcome)
Harmonising fat_distr (fat_distr) and Outcome (Outcome)
[1] 441
[1] 441
  iteration traits posterior_prob regional_prob candidate_snp
1         1   None             NA        0.0101            NA
  posterior_explained_by_snp dropped_trait  lead_snp
1                         NA      iradjbmi rs4573621
[1] "SPLICING EVENT"
[1] "chr10:112182891:112215168:clu_7840_-:ENSG00000119927.14"
Harmonising fat_distr (fat_distr) and Outcome (Outcome)
Harmonising fat_distr (fat_distr) and Outcome (Outcome)
[1] 441
[1] 441
  iteration traits posterior_prob regional_prob candidate_snp
1         1   None             NA          0.01            NA
  posterior_explained_by_snp dropped_trait  lead_snp
1                         NA      iradjbmi rs4573621
[1] "SPLICING EVENT"
[1] "chr10:112214415:112215168:clu_7840_-:ENSG00000119927.14"
Harmonising fat_distr (fat_distr) and Outcome (Outcome)
Harmonising fat_distr (fat_distr) and Outcome (Outcome)
[1] 441
[1] 441
  iteration traits posterior_prob regional_prob candidate_snp
1         1   None             NA        0.0123            NA
  posterior_explained_by_snp dropped_trait  lead_snp
1                         NA      iradjbmi rs4573621
[1] "LEAD INDEX"
[1] 10
[1] "LEAD INDEX"
[1] 11
[1] "CHROMOSOME"
[1] 11
[1] "LEAD INDEX"
[1] 1
[1] "SPLICING EVENT"
[1] "chr11:10593599:10594146:clu_9731_-:ENSG00000072952.20"
Harmonising fat_distr (fat_distr) and Outcome (Outcome)
Harmonising fat_distr (fat_distr) and Outcome (Outcome)
[1] 564
[1] 564
  iteration traits posterior_prob regional_prob candidate_snp
1         1   None             NA         0.012            NA
  posterior_explained_by_snp dropped_trait  lead_snp
1                         NA      iradjbmi rs4909945
[1] "SPLICING EVENT"
[1] "chr11:10593599:10600918:clu_9731_-:ENSG00000072952.20"
Harmonising fat_distr (fat_distr) and Outcome (Outcome)
Harmonising fat_distr (fat_distr) and Outcome (Outcome)
[1] 564
[1] 564
  iteration traits posterior_prob regional_prob candidate_snp
1         1   None             NA        0.0197            NA
  posterior_explained_by_snp dropped_trait  lead_snp
1                         NA      iradjbmi rs4909945
[1] "SPLICING EVENT"
[1] "chr11:10594195:10600918:clu_9731_-:ENSG00000072952.20"
Harmonising fat_distr (fat_distr) and Outcome (Outcome)
Harmonising fat_distr (fat_distr) and Outcome (Outcome)
[1] 564
[1] 564
  iteration traits posterior_prob regional_prob candidate_snp
1         1   None             NA        0.0083            NA
  posterior_explained_by_snp dropped_trait  lead_snp
1                         NA      iradjbmi rs4909945
[1] "SPLICING EVENT"
[1] "chr11:10623856:10625966:clu_9732_-:ENSG00000072952.20"
Harmonising fat_distr (fat_distr) and Outcome (Outcome)
Harmonising fat_distr (fat_distr) and Outcome (Outcome)
[1] 564
[1] 564
  iteration traits posterior_prob regional_prob candidate_snp
1         1   None             NA        0.0174            NA
  posterior_explained_by_snp dropped_trait  lead_snp
1                         NA      iradjbmi rs4909945
[1] "SPLICING EVENT"
[1] "chr11:10626583:10627716:clu_9732_-:ENSG00000072952.20"
Harmonising fat_distr (fat_distr) and Outcome (Outcome)
Harmonising fat_distr (fat_distr) and Outcome (Outcome)
[1] 564
[1] 564
  iteration traits posterior_prob regional_prob candidate_snp
1         1   None             NA        0.0092            NA
  posterior_explained_by_snp dropped_trait  lead_snp
1                         NA      iradjbmi rs4909945
[1] "SPLICING EVENT"
[1] "chr11:10627760:10627973:clu_9732_-:ENSG00000072952.20"
Harmonising fat_distr (fat_distr) and Outcome (Outcome)
Harmonising fat_distr (fat_distr) and Outcome (Outcome)
[1] 564
[1] 564
  iteration traits posterior_prob regional_prob candidate_snp
1         1   None             NA        0.0086            NA
  posterior_explained_by_snp dropped_trait  lead_snp
1                         NA      iradjbmi rs4909945
[1] "SPLICING EVENT"
[1] "chr11:10627763:10627973:clu_9732_-:ENSG00000072952.20"
Harmonising fat_distr (fat_distr) and Outcome (Outcome)
Harmonising fat_distr (fat_distr) and Outcome (Outcome)
[1] 564
[1] 564
  iteration traits posterior_prob regional_prob candidate_snp
1         1   None             NA        0.0109            NA
  posterior_explained_by_snp dropped_trait  lead_snp
1                         NA      iradjbmi rs4909945
[1] "SPLICING EVENT"
[1] "chr11:10628025:10628751:clu_9732_-:ENSG00000072952.20"
Harmonising fat_distr (fat_distr) and Outcome (Outcome)
Harmonising fat_distr (fat_distr) and Outcome (Outcome)
[1] 564
[1] 564
  iteration traits posterior_prob regional_prob candidate_snp
1         1   None             NA        0.0389            NA
  posterior_explained_by_snp dropped_trait  lead_snp
1                         NA      iradjbmi rs4909945
[1] "SPLICING EVENT"
[1] "chr11:10629711:10631991:clu_9733_-:ENSG00000072952.20"
Harmonising fat_distr (fat_distr) and Outcome (Outcome)
Harmonising fat_distr (fat_distr) and Outcome (Outcome)
[1] 564
[1] 564
  iteration traits posterior_prob regional_prob candidate_snp
1         1   None             NA         0.015            NA
  posterior_explained_by_snp dropped_trait  lead_snp
1                         NA      iradjbmi rs4909945
[1] "SPLICING EVENT"
[1] "chr11:10632061:10633968:clu_9734_-:ENSG00000072952.20"
Harmonising fat_distr (fat_distr) and Outcome (Outcome)
Harmonising fat_distr (fat_distr) and Outcome (Outcome)
[1] 564
[1] 564
  iteration traits posterior_prob regional_prob candidate_snp
1         1   None             NA        0.0161            NA
  posterior_explained_by_snp dropped_trait  lead_snp
1                         NA      iradjbmi rs4909945
[1] "SPLICING EVENT"
[1] "chr11:10634071:10652025:clu_9734_-:ENSG00000072952.20"
Harmonising fat_distr (fat_distr) and Outcome (Outcome)
Harmonising fat_distr (fat_distr) and Outcome (Outcome)
[1] 564
[1] 564
  iteration                                                          traits
1         1 iradjbmi, chr11:10634071:10652025:clu_9734_-:ENSG00000072952.20
  posterior_prob regional_prob candidate_snp posterior_explained_by_snp
1          0.774        0.9897    rs11042902                          1
  dropped_trait  lead_snp
1            NA rs4909945
[1] "SPLICING EVENT"
[1] "chr11:10634071:10687509:clu_9734_-:ENSG00000072952.20"
Harmonising fat_distr (fat_distr) and Outcome (Outcome)
Harmonising fat_distr (fat_distr) and Outcome (Outcome)
[1] 564
[1] 564
  iteration traits posterior_prob regional_prob candidate_snp
1         1   None             NA        0.9236            NA
  posterior_explained_by_snp
1                         NA
                                          dropped_trait  lead_snp
1 chr11:10634071:10687509:clu_9734_-:ENSG00000072952.20 rs4909945
[1] "SPLICING EVENT"
[1] "chr11:10652182:10687509:clu_9734_-:ENSG00000072952.20"
Harmonising fat_distr (fat_distr) and Outcome (Outcome)
Harmonising fat_distr (fat_distr) and Outcome (Outcome)
[1] 564
[1] 564
  iteration traits posterior_prob regional_prob candidate_snp
1         1   None             NA         1e-04            NA
  posterior_explained_by_snp
1                         NA
                                          dropped_trait  lead_snp
1 chr11:10652182:10687509:clu_9734_-:ENSG00000072952.20 rs4909945
[1] "SPLICING EVENT"
[1] "chr11:10652182:10690265:clu_9734_-:ENSG00000072952.20"
Harmonising fat_distr (fat_distr) and Outcome (Outcome)
Harmonising fat_distr (fat_distr) and Outcome (Outcome)
[1] 564
[1] 564
  iteration                                                          traits
1         1 iradjbmi, chr11:10652182:10690265:clu_9734_-:ENSG00000072952.20
  posterior_prob regional_prob candidate_snp posterior_explained_by_snp
1         0.9433        0.9929     rs2098839                     0.3536
  dropped_trait  lead_snp
1            NA rs4909945
[1] "SPLICING EVENT"
[1] "chr11:10687777:10690265:clu_9734_-:ENSG00000072952.20"
Harmonising fat_distr (fat_distr) and Outcome (Outcome)
Harmonising fat_distr (fat_distr) and Outcome (Outcome)
[1] 564
[1] 564
  iteration traits posterior_prob regional_prob candidate_snp
1         1   None             NA         0.017            NA
  posterior_explained_by_snp dropped_trait  lead_snp
1                         NA      iradjbmi rs4909945
[1] "SPLICING EVENT"
[1] "chr11:10690369:10693462:clu_9734_-:ENSG00000072952.20"
Harmonising fat_distr (fat_distr) and Outcome (Outcome)
Harmonising fat_distr (fat_distr) and Outcome (Outcome)
[1] 564
[1] 564
  iteration traits posterior_prob regional_prob candidate_snp
1         1   None             NA        0.0092            NA
  posterior_explained_by_snp dropped_trait  lead_snp
1                         NA      iradjbmi rs4909945
[1] "SPLICING EVENT"
[1] "chr11:10690369:10693536:clu_9734_-:ENSG00000072952.20"
Harmonising fat_distr (fat_distr) and Outcome (Outcome)
Harmonising fat_distr (fat_distr) and Outcome (Outcome)
[1] 564
[1] 564
  iteration traits posterior_prob regional_prob candidate_snp
1         1   None             NA        0.1617            NA
  posterior_explained_by_snp dropped_trait  lead_snp
1                         NA      iradjbmi rs4909945
[1] "LEAD INDEX"
[1] 2
[1] "SPLICING EVENT"
[1] "chr11:13963142:13982847:clu_11551_+:ENSG00000262655.4"
Harmonising fat_distr (fat_distr) and Outcome (Outcome)
Harmonising fat_distr (fat_distr) and Outcome (Outcome)
[1] 388
[1] 388
  iteration traits posterior_prob regional_prob candidate_snp
1         1   None             NA        0.0112            NA
  posterior_explained_by_snp dropped_trait  lead_snp
1                         NA      iradjbmi rs2303975
[1] "SPLICING EVENT"
[1] "chr11:14041654:14075345:clu_11552_+:ENSG00000262655.4"
Harmonising fat_distr (fat_distr) and Outcome (Outcome)
Harmonising fat_distr (fat_distr) and Outcome (Outcome)
[1] 388
[1] 388
  iteration traits posterior_prob regional_prob candidate_snp
1         1   None             NA        0.0156            NA
  posterior_explained_by_snp dropped_trait  lead_snp
1                         NA      iradjbmi rs2303975
[1] "SPLICING EVENT"
[1] "chr11:14080021:14135420:clu_11553_+:ENSG00000262655.4"
Harmonising fat_distr (fat_distr) and Outcome (Outcome)
Harmonising fat_distr (fat_distr) and Outcome (Outcome)
[1] 388
[1] 388
  iteration traits posterior_prob regional_prob candidate_snp
1         1   None             NA        0.0126            NA
  posterior_explained_by_snp dropped_trait  lead_snp
1                         NA      iradjbmi rs2303975
[1] "SPLICING EVENT"
[1] "chr11:14135568:14243332:clu_11554_+:ENSG00000262655.4"
Harmonising fat_distr (fat_distr) and Outcome (Outcome)
Harmonising fat_distr (fat_distr) and Outcome (Outcome)
[1] 388
[1] 388
  iteration traits posterior_prob regional_prob candidate_snp
1         1   None             NA        0.0078            NA
  posterior_explained_by_snp dropped_trait  lead_snp
1                         NA      iradjbmi rs2303975
[1] "SPLICING EVENT"
[1] "chr11:14256692:14257716:clu_11555_+:ENSG00000262655.4"
Harmonising fat_distr (fat_distr) and Outcome (Outcome)
Harmonising fat_distr (fat_distr) and Outcome (Outcome)
[1] 388
[1] 388
  iteration traits posterior_prob regional_prob candidate_snp
1         1   None             NA        0.0109            NA
  posterior_explained_by_snp dropped_trait  lead_snp
1                         NA      iradjbmi rs2303975
[1] "SPLICING EVENT"
[1] "chr11:14259450:14259534:clu_11556_+:ENSG00000262655.4"
Harmonising fat_distr (fat_distr) and Outcome (Outcome)
Harmonising fat_distr (fat_distr) and Outcome (Outcome)
[1] 388
[1] 388
  iteration traits posterior_prob regional_prob candidate_snp
1         1   None             NA        0.0115            NA
  posterior_explained_by_snp dropped_trait  lead_snp
1                         NA      iradjbmi rs2303975
[1] "SPLICING EVENT"
[1] "chr11:14259701:14260588:clu_11556_+:ENSG00000262655.4"
Harmonising fat_distr (fat_distr) and Outcome (Outcome)
Harmonising fat_distr (fat_distr) and Outcome (Outcome)
[1] 388
[1] 388
  iteration traits posterior_prob regional_prob candidate_snp
1         1   None             NA        0.0115            NA
  posterior_explained_by_snp dropped_trait  lead_snp
1                         NA      iradjbmi rs2303975
[1] "SPLICING EVENT"
[1] "chr11:14260752:14262712:clu_11557_+:ENSG00000262655.4"
Harmonising fat_distr (fat_distr) and Outcome (Outcome)
Harmonising fat_distr (fat_distr) and Outcome (Outcome)
[1] 388
[1] 388
  iteration                                                          traits
1         1 iradjbmi, chr11:14260752:14262712:clu_11557_+:ENSG00000262655.4
  posterior_prob regional_prob candidate_snp posterior_explained_by_snp
1         0.9794        0.9996     rs2349300                     0.5492
  dropped_trait  lead_snp
1            NA rs2303975
[1] "LEAD INDEX"
[1] 3
[1] "LEAD INDEX"
[1] 4
[1] "LEAD INDEX"
[1] 5
[1] "LEAD INDEX"
[1] 6
[1] "SPLICING EVENT"
[1] "chr11:117328208:117335605:clu_12911_+:ENSG00000110274.16"
Harmonising fat_distr (fat_distr) and Outcome (Outcome)
Harmonising fat_distr (fat_distr) and Outcome (Outcome)
[1] 337
[1] 337
  iteration traits posterior_prob regional_prob candidate_snp
1         1   None             NA        0.0145            NA
  posterior_explained_by_snp dropped_trait lead_snp
1                         NA      iradjbmi rs593245
[1] "SPLICING EVENT"
[1] "chr11:117328208:117338566:clu_12911_+:ENSG00000110274.16"
Harmonising fat_distr (fat_distr) and Outcome (Outcome)
Harmonising fat_distr (fat_distr) and Outcome (Outcome)
[1] 337
[1] 337
  iteration traits posterior_prob regional_prob candidate_snp
1         1   None             NA         0.015            NA
  posterior_explained_by_snp dropped_trait lead_snp
1                         NA      iradjbmi rs593245
[1] "SPLICING EVENT"
[1] "chr11:117335680:117338566:clu_12911_+:ENSG00000110274.16"
Harmonising fat_distr (fat_distr) and Outcome (Outcome)
Harmonising fat_distr (fat_distr) and Outcome (Outcome)
[1] 337
[1] 337
  iteration traits posterior_prob regional_prob candidate_snp
1         1   None             NA        0.0093            NA
  posterior_explained_by_snp dropped_trait lead_snp
1                         NA      iradjbmi rs593245
[1] "SPLICING EVENT"
[1] "chr11:117338668:117344166:clu_12911_+:ENSG00000110274.16"
Harmonising fat_distr (fat_distr) and Outcome (Outcome)
Harmonising fat_distr (fat_distr) and Outcome (Outcome)
[1] 337
[1] 337
  iteration traits posterior_prob regional_prob candidate_snp
1         1   None             NA        0.0111            NA
  posterior_explained_by_snp dropped_trait lead_snp
1                         NA      iradjbmi rs593245
[1] "SPLICING EVENT"
[1] "chr11:117351988:117359432:clu_12912_+:ENSG00000110274.16"
Harmonising fat_distr (fat_distr) and Outcome (Outcome)
Harmonising fat_distr (fat_distr) and Outcome (Outcome)
[1] 337
[1] 337
  iteration traits posterior_prob regional_prob candidate_snp
1         1   None             NA        0.0085            NA
  posterior_explained_by_snp dropped_trait lead_snp
1                         NA      iradjbmi rs593245
[1] "SPLICING EVENT"
[1] "chr11:117351988:117361835:clu_12912_+:ENSG00000110274.16"
Harmonising fat_distr (fat_distr) and Outcome (Outcome)
Harmonising fat_distr (fat_distr) and Outcome (Outcome)
[1] 337
[1] 337
  iteration traits posterior_prob regional_prob candidate_snp
1         1   None             NA         0.009            NA
  posterior_explained_by_snp dropped_trait lead_snp
1                         NA      iradjbmi rs593245
[1] "SPLICING EVENT"
[1] "chr11:117359560:117361835:clu_12912_+:ENSG00000110274.16"
Harmonising fat_distr (fat_distr) and Outcome (Outcome)
Harmonising fat_distr (fat_distr) and Outcome (Outcome)
[1] 337
[1] 337
  iteration traits posterior_prob regional_prob candidate_snp
1         1   None             NA        0.0081            NA
  posterior_explained_by_snp dropped_trait lead_snp
1                         NA      iradjbmi rs593245
[1] "SPLICING EVENT"
[1] "chr11:117361993:117362404:clu_12913_+:ENSG00000110274.16"
Harmonising fat_distr (fat_distr) and Outcome (Outcome)
Harmonising fat_distr (fat_distr) and Outcome (Outcome)
[1] 337
[1] 337
  iteration traits posterior_prob regional_prob candidate_snp
1         1   None             NA        0.0086            NA
  posterior_explained_by_snp dropped_trait lead_snp
1                         NA      iradjbmi rs593245
[1] "SPLICING EVENT"
[1] "chr11:117362538:117363429:clu_12913_+:ENSG00000110274.16"
Harmonising fat_distr (fat_distr) and Outcome (Outcome)
Harmonising fat_distr (fat_distr) and Outcome (Outcome)
[1] 337
[1] 337
  iteration traits posterior_prob regional_prob candidate_snp
1         1   None             NA        0.0086            NA
  posterior_explained_by_snp dropped_trait lead_snp
1                         NA      iradjbmi rs593245
[1] "SPLICING EVENT"
[1] "chr11:117362538:117371080:clu_12913_+:ENSG00000110274.16"
Harmonising fat_distr (fat_distr) and Outcome (Outcome)
Harmonising fat_distr (fat_distr) and Outcome (Outcome)
[1] 337
[1] 337
  iteration traits posterior_prob regional_prob candidate_snp
1         1   None             NA        0.0101            NA
  posterior_explained_by_snp dropped_trait lead_snp
1                         NA      iradjbmi rs593245
[1] "SPLICING EVENT"
[1] "chr11:117363506:117371080:clu_12913_+:ENSG00000110274.16"
Harmonising fat_distr (fat_distr) and Outcome (Outcome)
Harmonising fat_distr (fat_distr) and Outcome (Outcome)
[1] 337
[1] 337
  iteration traits posterior_prob regional_prob candidate_snp
1         1   None             NA        0.0105            NA
  posterior_explained_by_snp dropped_trait lead_snp
1                         NA      iradjbmi rs593245
[1] "SPLICING EVENT"
[1] "chr11:117371466:117373751:clu_12914_+:ENSG00000110274.16"
Harmonising fat_distr (fat_distr) and Outcome (Outcome)
Harmonising fat_distr (fat_distr) and Outcome (Outcome)
[1] 337
[1] 337
  iteration traits posterior_prob regional_prob candidate_snp
1         1   None             NA        0.0085            NA
  posterior_explained_by_snp dropped_trait lead_snp
1                         NA      iradjbmi rs593245
[1] "SPLICING EVENT"
[1] "chr11:117373831:117375708:clu_12914_+:ENSG00000110274.16"
Harmonising fat_distr (fat_distr) and Outcome (Outcome)
Harmonising fat_distr (fat_distr) and Outcome (Outcome)
[1] 337
[1] 337
  iteration traits posterior_prob regional_prob candidate_snp
1         1   None             NA        0.0085            NA
  posterior_explained_by_snp dropped_trait lead_snp
1                         NA      iradjbmi rs593245
[1] "SPLICING EVENT"
[1] "chr11:117375791:117380614:clu_12914_+:ENSG00000110274.16"
Harmonising fat_distr (fat_distr) and Outcome (Outcome)
Harmonising fat_distr (fat_distr) and Outcome (Outcome)
[1] 337
[1] 337
  iteration traits posterior_prob regional_prob candidate_snp
1         1   None             NA        0.0087            NA
  posterior_explained_by_snp dropped_trait lead_snp
1                         NA      iradjbmi rs593245
[1] "SPLICING EVENT"
[1] "chr11:117380705:117381701:clu_12915_+:ENSG00000110274.16"
Harmonising fat_distr (fat_distr) and Outcome (Outcome)
Harmonising fat_distr (fat_distr) and Outcome (Outcome)
[1] 337
[1] 337
  iteration traits posterior_prob regional_prob candidate_snp
1         1   None             NA          0.01            NA
  posterior_explained_by_snp dropped_trait lead_snp
1                         NA      iradjbmi rs593245
[1] "SPLICING EVENT"
[1] "chr11:117380714:117381701:clu_12915_+:ENSG00000110274.16"
Harmonising fat_distr (fat_distr) and Outcome (Outcome)
Harmonising fat_distr (fat_distr) and Outcome (Outcome)
[1] 337
[1] 337
  iteration traits posterior_prob regional_prob candidate_snp
1         1   None             NA         0.008            NA
  posterior_explained_by_snp dropped_trait lead_snp
1                         NA      iradjbmi rs593245
[1] "SPLICING EVENT"
[1] "chr11:117381868:117382796:clu_12916_+:ENSG00000110274.16"
Harmonising fat_distr (fat_distr) and Outcome (Outcome)
Harmonising fat_distr (fat_distr) and Outcome (Outcome)
[1] 337
[1] 337
  iteration traits posterior_prob regional_prob candidate_snp
1         1   None             NA        0.0085            NA
  posterior_explained_by_snp dropped_trait lead_snp
1                         NA      iradjbmi rs593245
[1] "SPLICING EVENT"
[1] "chr11:117381868:117387203:clu_12916_+:ENSG00000110274.16"
Harmonising fat_distr (fat_distr) and Outcome (Outcome)
Harmonising fat_distr (fat_distr) and Outcome (Outcome)
[1] 337
[1] 337
  iteration traits posterior_prob regional_prob candidate_snp
1         1   None             NA        0.0575            NA
  posterior_explained_by_snp dropped_trait lead_snp
1                         NA      iradjbmi rs593245
[1] "SPLICING EVENT"
[1] "chr11:117381868:117390777:clu_12916_+:ENSG00000110274.16"
Harmonising fat_distr (fat_distr) and Outcome (Outcome)
Harmonising fat_distr (fat_distr) and Outcome (Outcome)
[1] 337
[1] 337
  iteration traits posterior_prob regional_prob candidate_snp
1         1   None             NA         0.008            NA
  posterior_explained_by_snp dropped_trait lead_snp
1                         NA      iradjbmi rs593245
[1] "SPLICING EVENT"
[1] "chr11:117382942:117387203:clu_12916_+:ENSG00000110274.16"
Harmonising fat_distr (fat_distr) and Outcome (Outcome)
Harmonising fat_distr (fat_distr) and Outcome (Outcome)
[1] 337
[1] 337
  iteration traits posterior_prob regional_prob candidate_snp
1         1   None             NA        0.0148            NA
  posterior_explained_by_snp dropped_trait lead_snp
1                         NA      iradjbmi rs593245
[1] "SPLICING EVENT"
[1] "chr11:117387412:117390777:clu_12916_+:ENSG00000110274.16"
Harmonising fat_distr (fat_distr) and Outcome (Outcome)
Harmonising fat_distr (fat_distr) and Outcome (Outcome)
[1] 337
[1] 337
  iteration traits posterior_prob regional_prob candidate_snp
1         1   None             NA         0.018            NA
  posterior_explained_by_snp dropped_trait lead_snp
1                         NA      iradjbmi rs593245
[1] "SPLICING EVENT"
[1] "chr11:117390908:117390999:clu_12917_+:ENSG00000110274.16"
Harmonising fat_distr (fat_distr) and Outcome (Outcome)
Harmonising fat_distr (fat_distr) and Outcome (Outcome)
[1] 337
[1] 337
  iteration traits posterior_prob regional_prob candidate_snp
1         1   None             NA        0.0087            NA
  posterior_explained_by_snp dropped_trait lead_snp
1                         NA      iradjbmi rs593245
[1] "SPLICING EVENT"
[1] "chr11:117391215:117392226:clu_12917_+:ENSG00000110274.16"
Harmonising fat_distr (fat_distr) and Outcome (Outcome)
Harmonising fat_distr (fat_distr) and Outcome (Outcome)
[1] 337
[1] 337
  iteration traits posterior_prob regional_prob candidate_snp
1         1   None             NA        0.0084            NA
  posterior_explained_by_snp dropped_trait lead_snp
1                         NA      iradjbmi rs593245
[1] "SPLICING EVENT"
[1] "chr11:117394493:117394920:clu_12918_+:ENSG00000110274.16"
Harmonising fat_distr (fat_distr) and Outcome (Outcome)
Harmonising fat_distr (fat_distr) and Outcome (Outcome)
[1] 337
[1] 337
  iteration traits posterior_prob regional_prob candidate_snp
1         1   None             NA        0.0462            NA
  posterior_explained_by_snp dropped_trait lead_snp
1                         NA      iradjbmi rs593245
[1] "SPLICING EVENT"
[1] "chr11:117395003:117395123:clu_12919_+:ENSG00000110274.16"
Harmonising fat_distr (fat_distr) and Outcome (Outcome)
Harmonising fat_distr (fat_distr) and Outcome (Outcome)
[1] 337
[1] 337
  iteration traits posterior_prob regional_prob candidate_snp
1         1   None             NA        0.0134            NA
  posterior_explained_by_snp dropped_trait lead_snp
1                         NA      iradjbmi rs593245
[1] "SPLICING EVENT"
[1] "chr11:117395722:117396054:clu_12920_+:ENSG00000110274.16"
Harmonising fat_distr (fat_distr) and Outcome (Outcome)
Harmonising fat_distr (fat_distr) and Outcome (Outcome)
[1] 337
[1] 337
  iteration traits posterior_prob regional_prob candidate_snp
1         1   None             NA        0.0094            NA
  posterior_explained_by_snp dropped_trait lead_snp
1                         NA      iradjbmi rs593245
[1] "SPLICING EVENT"
[1] "chr11:117395722:117396057:clu_12920_+:ENSG00000110274.16"
Harmonising fat_distr (fat_distr) and Outcome (Outcome)
Harmonising fat_distr (fat_distr) and Outcome (Outcome)
[1] 337
[1] 337
  iteration traits posterior_prob regional_prob candidate_snp
1         1   None             NA        0.0095            NA
  posterior_explained_by_snp dropped_trait lead_snp
1                         NA      iradjbmi rs593245
[1] "SPLICING EVENT"
[1] "chr11:117397313:117407925:clu_12922_+:ENSG00000110274.16"
Harmonising fat_distr (fat_distr) and Outcome (Outcome)
Harmonising fat_distr (fat_distr) and Outcome (Outcome)
[1] 337
[1] 337
  iteration traits posterior_prob regional_prob candidate_snp
1         1   None             NA        0.0071            NA
  posterior_explained_by_snp dropped_trait lead_snp
1                         NA      iradjbmi rs593245
[1] "SPLICING EVENT"
[1] "chr11:117408032:117408526:clu_12923_+:ENSG00000110274.16"
Harmonising fat_distr (fat_distr) and Outcome (Outcome)
Harmonising fat_distr (fat_distr) and Outcome (Outcome)
[1] 337
[1] 337
  iteration traits posterior_prob regional_prob candidate_snp
1         1   None             NA        0.0103            NA
  posterior_explained_by_snp dropped_trait lead_snp
1                         NA      iradjbmi rs593245
[1] "SPLICING EVENT"
[1] "chr11:117408032:117408890:clu_12923_+:ENSG00000110274.16"
Harmonising fat_distr (fat_distr) and Outcome (Outcome)
Harmonising fat_distr (fat_distr) and Outcome (Outcome)
[1] 337
[1] 337
  iteration traits posterior_prob regional_prob candidate_snp
1         1   None             NA        0.0071            NA
  posterior_explained_by_snp dropped_trait lead_snp
1                         NA      iradjbmi rs593245
[1] "SPLICING EVENT"
[1] "chr11:117408755:117408890:clu_12923_+:ENSG00000110274.16"
Harmonising fat_distr (fat_distr) and Outcome (Outcome)
Harmonising fat_distr (fat_distr) and Outcome (Outcome)
[1] 337
[1] 337
  iteration traits posterior_prob regional_prob candidate_snp
1         1   None             NA        0.0074            NA
  posterior_explained_by_snp dropped_trait lead_snp
1                         NA      iradjbmi rs593245
[1] "SPLICING EVENT"
[1] "chr11:117409004:117409618:clu_12924_+:ENSG00000110274.16"
Harmonising fat_distr (fat_distr) and Outcome (Outcome)
Harmonising fat_distr (fat_distr) and Outcome (Outcome)
[1] 337
[1] 337
  iteration traits posterior_prob regional_prob candidate_snp
1         1   None             NA        0.0108            NA
  posterior_explained_by_snp dropped_trait lead_snp
1                         NA      iradjbmi rs593245
[1] "SPLICING EVENT"
[1] "chr11:117409028:117409618:clu_12924_+:ENSG00000110274.16"
Harmonising fat_distr (fat_distr) and Outcome (Outcome)
Harmonising fat_distr (fat_distr) and Outcome (Outcome)
[1] 337
[1] 337
  iteration traits posterior_prob regional_prob candidate_snp
1         1   None             NA        0.0114            NA
  posterior_explained_by_snp dropped_trait lead_snp
1                         NA      iradjbmi rs593245
[1] "SPLICING EVENT"
[1] "chr11:117410894:117411298:clu_12925_+:ENSG00000110274.16"
Harmonising fat_distr (fat_distr) and Outcome (Outcome)
Harmonising fat_distr (fat_distr) and Outcome (Outcome)
[1] 337
[1] 337
  iteration traits posterior_prob regional_prob candidate_snp
1         1   None             NA        0.0072            NA
  posterior_explained_by_snp dropped_trait lead_snp
1                         NA      iradjbmi rs593245
[1] "SPLICING EVENT"
[1] "chr11:117410894:117411795:clu_12925_+:ENSG00000110274.16"
Harmonising fat_distr (fat_distr) and Outcome (Outcome)
Harmonising fat_distr (fat_distr) and Outcome (Outcome)
[1] 337
[1] 337
  iteration traits posterior_prob regional_prob candidate_snp
1         1   None             NA        0.0081            NA
  posterior_explained_by_snp dropped_trait lead_snp
1                         NA      iradjbmi rs593245
[1] "LEAD INDEX"
[1] 7
[1] "LEAD INDEX"
[1] 8
[1] "LEAD INDEX"
[1] 9
[1] "LEAD INDEX"
[1] 10
[1] "LEAD INDEX"
[1] 11
[1] "LEAD INDEX"
[1] 12
[1] "SPLICING EVENT"
[1] "chr11:46936851:46987208:clu_11788_+:ENSG00000149179.14"
Harmonising fat_distr (fat_distr) and Outcome (Outcome)
Harmonising fat_distr (fat_distr) and Outcome (Outcome)
[1] 191
[1] 191
  iteration traits posterior_prob regional_prob candidate_snp
1         1   None             NA        0.0084            NA
  posterior_explained_by_snp dropped_trait  lead_snp
1                         NA      iradjbmi rs1872896
[1] "SPLICING EVENT"
[1] "chr11:46936851:47052388:clu_11788_+:ENSG00000149179.14"
Harmonising fat_distr (fat_distr) and Outcome (Outcome)
Harmonising fat_distr (fat_distr) and Outcome (Outcome)
[1] 191
[1] 191
  iteration traits posterior_prob regional_prob candidate_snp
1         1   None             NA        0.0081            NA
  posterior_explained_by_snp dropped_trait  lead_snp
1                         NA      iradjbmi rs1872896
[1] "SPLICING EVENT"
[1] "chr11:46987310:47052388:clu_11788_+:ENSG00000149179.14"
Harmonising fat_distr (fat_distr) and Outcome (Outcome)
Harmonising fat_distr (fat_distr) and Outcome (Outcome)
[1] 191
[1] 191
  iteration traits posterior_prob regional_prob candidate_snp
1         1   None             NA        0.0088            NA
  posterior_explained_by_snp dropped_trait  lead_snp
1                         NA      iradjbmi rs1872896
[1] "SPLICING EVENT"
[1] "chr11:47052518:47137645:clu_11788_+:ENSG00000149179.14"
Harmonising fat_distr (fat_distr) and Outcome (Outcome)
Harmonising fat_distr (fat_distr) and Outcome (Outcome)
[1] 191
[1] 191
  iteration traits posterior_prob regional_prob candidate_snp
1         1   None             NA        0.0131            NA
  posterior_explained_by_snp dropped_trait  lead_snp
1                         NA      iradjbmi rs1872896
[1] "SPLICING EVENT"
[1] "chr11:47137729:47155176:clu_11789_+:ENSG00000149179.14"
Harmonising fat_distr (fat_distr) and Outcome (Outcome)
Harmonising fat_distr (fat_distr) and Outcome (Outcome)
[1] 191
[1] 191
  iteration traits posterior_prob regional_prob candidate_snp
1         1   None             NA         0.087            NA
  posterior_explained_by_snp dropped_trait  lead_snp
1                         NA      iradjbmi rs1872896
[1] "SPLICING EVENT"
[1] "chr11:47157922:47159633:clu_11790_+:ENSG00000149179.14"
Harmonising fat_distr (fat_distr) and Outcome (Outcome)
Harmonising fat_distr (fat_distr) and Outcome (Outcome)
[1] 191
[1] 191
  iteration traits posterior_prob regional_prob candidate_snp
1         1   None             NA        0.0127            NA
  posterior_explained_by_snp dropped_trait  lead_snp
1                         NA      iradjbmi rs1872896
[1] "SPLICING EVENT"
[1] "chr11:47157922:47161127:clu_11790_+:ENSG00000149179.14"
Harmonising fat_distr (fat_distr) and Outcome (Outcome)
Harmonising fat_distr (fat_distr) and Outcome (Outcome)
[1] 191
[1] 191
  iteration traits posterior_prob regional_prob candidate_snp
1         1   None             NA        0.0099            NA
  posterior_explained_by_snp dropped_trait  lead_snp
1                         NA      iradjbmi rs1872896
[1] "SPLICING EVENT"
[1] "chr11:47161190:47161446:clu_11790_+:ENSG00000149179.14"
Harmonising fat_distr (fat_distr) and Outcome (Outcome)
Harmonising fat_distr (fat_distr) and Outcome (Outcome)
[1] 191
[1] 191
  iteration traits posterior_prob regional_prob candidate_snp
1         1   None             NA        0.0138            NA
  posterior_explained_by_snp dropped_trait  lead_snp
1                         NA      iradjbmi rs1872896
[1] "SPLICING EVENT"
[1] "chr11:47161190:47161464:clu_11790_+:ENSG00000149179.14"
Harmonising fat_distr (fat_distr) and Outcome (Outcome)
Harmonising fat_distr (fat_distr) and Outcome (Outcome)
[1] 191
[1] 191
  iteration traits posterior_prob regional_prob candidate_snp
1         1   None             NA        0.0096            NA
  posterior_explained_by_snp dropped_trait  lead_snp
1                         NA      iradjbmi rs1872896
[1] "SPLICING EVENT"
[1] "chr11:47161190:47161998:clu_11790_+:ENSG00000149179.14"
Harmonising fat_distr (fat_distr) and Outcome (Outcome)
Harmonising fat_distr (fat_distr) and Outcome (Outcome)
[1] 191
[1] 191
  iteration traits posterior_prob regional_prob candidate_snp
1         1   None             NA        0.0088            NA
  posterior_explained_by_snp dropped_trait  lead_snp
1                         NA      iradjbmi rs1872896
[1] "SPLICING EVENT"
[1] "chr11:47161190:47164093:clu_11790_+:ENSG00000149179.14"
Harmonising fat_distr (fat_distr) and Outcome (Outcome)
Harmonising fat_distr (fat_distr) and Outcome (Outcome)
[1] 191
[1] 191
  iteration traits posterior_prob regional_prob candidate_snp
1         1   None             NA         0.014            NA
  posterior_explained_by_snp dropped_trait  lead_snp
1                         NA      iradjbmi rs1872896
[1] "SPLICING EVENT"
[1] "chr11:47215263:47216336:clu_11791_+:ENSG00000134574.12"
Harmonising fat_distr (fat_distr) and Outcome (Outcome)
Harmonising fat_distr (fat_distr) and Outcome (Outcome)
[1] 191
[1] 191
  iteration traits posterior_prob regional_prob candidate_snp
1         1   None             NA        0.0124            NA
  posterior_explained_by_snp dropped_trait  lead_snp
1                         NA      iradjbmi rs1872896
[1] "SPLICING EVENT"
[1] "chr11:47217049:47232814:clu_11792_+:ENSG00000134574.12"
Harmonising fat_distr (fat_distr) and Outcome (Outcome)
Harmonising fat_distr (fat_distr) and Outcome (Outcome)
[1] 191
[1] 191
  iteration traits posterior_prob regional_prob candidate_snp
1         1   None             NA        0.0112            NA
  posterior_explained_by_snp dropped_trait  lead_snp
1                         NA      iradjbmi rs1872896
[1] "SPLICING EVENT"
[1] "chr11:47217049:47234573:clu_11792_+:ENSG00000134574.12"
Harmonising fat_distr (fat_distr) and Outcome (Outcome)
Harmonising fat_distr (fat_distr) and Outcome (Outcome)
[1] 191
[1] 191
  iteration traits posterior_prob regional_prob candidate_snp
1         1   None             NA        0.0078            NA
  posterior_explained_by_snp dropped_trait  lead_snp
1                         NA      iradjbmi rs1872896
[1] "SPLICING EVENT"
[1] "chr11:47217049:47237837:clu_11792_+:ENSG00000134574.12"
Harmonising fat_distr (fat_distr) and Outcome (Outcome)
Harmonising fat_distr (fat_distr) and Outcome (Outcome)
[1] 191
[1] 191
  iteration traits posterior_prob regional_prob candidate_snp
1         1   None             NA        0.0096            NA
  posterior_explained_by_snp dropped_trait  lead_snp
1                         NA      iradjbmi rs1872896
[1] "SPLICING EVENT"
[1] "chr11:47232959:47234573:clu_11792_+:ENSG00000134574.12"
Harmonising fat_distr (fat_distr) and Outcome (Outcome)
Harmonising fat_distr (fat_distr) and Outcome (Outcome)
[1] 191
[1] 191
  iteration traits posterior_prob regional_prob candidate_snp
1         1   None             NA        0.0099            NA
  posterior_explained_by_snp dropped_trait  lead_snp
1                         NA      iradjbmi rs1872896
[1] "SPLICING EVENT"
[1] "chr11:47234672:47234757:clu_11793_+:ENSG00000134574.12"
Harmonising fat_distr (fat_distr) and Outcome (Outcome)
Harmonising fat_distr (fat_distr) and Outcome (Outcome)
[1] 191
[1] 191
  iteration traits posterior_prob regional_prob candidate_snp
1         1   None             NA        0.0154            NA
  posterior_explained_by_snp dropped_trait  lead_snp
1                         NA      iradjbmi rs1872896
[1] "SPLICING EVENT"
[1] "chr11:47234672:47235270:clu_11793_+:ENSG00000134574.12"
Harmonising fat_distr (fat_distr) and Outcome (Outcome)
Harmonising fat_distr (fat_distr) and Outcome (Outcome)
[1] 191
[1] 191
  iteration traits posterior_prob regional_prob candidate_snp
1         1   None             NA        0.0256            NA
  posterior_explained_by_snp dropped_trait  lead_snp
1                         NA      iradjbmi rs1872896
[1] "SPLICING EVENT"
[1] "chr11:47234876:47235270:clu_11793_+:ENSG00000134574.12"
Harmonising fat_distr (fat_distr) and Outcome (Outcome)
Harmonising fat_distr (fat_distr) and Outcome (Outcome)
[1] 191
[1] 191
  iteration traits posterior_prob regional_prob candidate_snp
1         1   None             NA        0.0106            NA
  posterior_explained_by_snp dropped_trait  lead_snp
1                         NA      iradjbmi rs1872896
[1] "SPLICING EVENT"
[1] "chr11:47234934:47235270:clu_11793_+:ENSG00000134574.12"
Harmonising fat_distr (fat_distr) and Outcome (Outcome)
Harmonising fat_distr (fat_distr) and Outcome (Outcome)
[1] 191
[1] 191
  iteration traits posterior_prob regional_prob candidate_snp
1         1   None             NA        0.1369            NA
  posterior_explained_by_snp dropped_trait  lead_snp
1                         NA      iradjbmi rs1872896
[1] "SPLICING EVENT"
[1] "chr11:47235412:47237837:clu_11792_+:ENSG00000134574.12"
Harmonising fat_distr (fat_distr) and Outcome (Outcome)
Harmonising fat_distr (fat_distr) and Outcome (Outcome)
[1] 191
[1] 191
  iteration                                                           traits
1         1 iradjbmi, chr11:47235412:47237837:clu_11792_+:ENSG00000134574.12
  posterior_prob regional_prob candidate_snp posterior_explained_by_snp
1         0.8796             1    rs11039002                     0.3508
  dropped_trait  lead_snp
1            NA rs1872896
[1] "SPLICING EVENT"
[1] "chr11:47237712:47237837:clu_11792_+:ENSG00000134574.12"
Harmonising fat_distr (fat_distr) and Outcome (Outcome)
Harmonising fat_distr (fat_distr) and Outcome (Outcome)
[1] 191
[1] 191
  iteration                                                           traits
1         1 iradjbmi, chr11:47237712:47237837:clu_11792_+:ENSG00000134574.12
  posterior_prob regional_prob candidate_snp posterior_explained_by_snp
1         0.8818             1    rs11039002                     0.2943
  dropped_trait  lead_snp
1            NA rs1872896
[1] "LEAD INDEX"
[1] 13
[1] "SPLICING EVENT"
[1] "chr11:61789990:61790375:clu_10109_-:ENSG00000134825.16"
Harmonising fat_distr (fat_distr) and Outcome (Outcome)
Harmonising fat_distr (fat_distr) and Outcome (Outcome)
[1] 409
[1] 409
  iteration traits posterior_prob regional_prob candidate_snp
1         1   None             NA        0.0091            NA
  posterior_explained_by_snp dropped_trait lead_snp
1                         NA      iradjbmi rs174574
[1] "SPLICING EVENT"
[1] "chr11:61789990:61790423:clu_10109_-:ENSG00000134825.16"
Harmonising fat_distr (fat_distr) and Outcome (Outcome)
Harmonising fat_distr (fat_distr) and Outcome (Outcome)
[1] 409
[1] 409
  iteration traits posterior_prob regional_prob candidate_snp
1         1   None             NA        0.0158            NA
  posterior_explained_by_snp dropped_trait lead_snp
1                         NA      iradjbmi rs174574
[1] "SPLICING EVENT"
[1] "chr11:61793028:61795341:clu_11930_+:ENSG00000134824.14"
Harmonising fat_distr (fat_distr) and Outcome (Outcome)
Harmonising fat_distr (fat_distr) and Outcome (Outcome)
[1] 409
[1] 409
  iteration traits posterior_prob regional_prob candidate_snp
1         1   None             NA        0.4792            NA
  posterior_explained_by_snp dropped_trait lead_snp
1                         NA      iradjbmi rs174574
[1] "SPLICING EVENT"
[1] "chr11:61816426:61837778:clu_11930_+:ENSG00000134824.14"
Harmonising fat_distr (fat_distr) and Outcome (Outcome)
Harmonising fat_distr (fat_distr) and Outcome (Outcome)
[1] 409
[1] 409
  iteration traits posterior_prob regional_prob candidate_snp
1         1   None             NA        0.1935            NA
  posterior_explained_by_snp dropped_trait lead_snp
1                         NA      iradjbmi rs174574
[1] "SPLICING EVENT"
[1] "chr11:61828597:61837778:clu_11930_+:ENSG00000134824.14"
Harmonising fat_distr (fat_distr) and Outcome (Outcome)
Harmonising fat_distr (fat_distr) and Outcome (Outcome)
[1] 409
[1] 409
  iteration                                                           traits
1         1 iradjbmi, chr11:61828597:61837778:clu_11930_+:ENSG00000134824.14
  posterior_prob regional_prob candidate_snp posterior_explained_by_snp
1         0.5381        0.9996      rs174574                     0.3285
  dropped_trait lead_snp
1            NA rs174574
[1] "SPLICING EVENT"
[1] "chr11:61840725:61848159:clu_11931_+:ENSG00000134824.14"
Harmonising fat_distr (fat_distr) and Outcome (Outcome)
Harmonising fat_distr (fat_distr) and Outcome (Outcome)
[1] 409
[1] 409
  iteration traits posterior_prob regional_prob candidate_snp
1         1   None             NA        0.0172            NA
  posterior_explained_by_snp dropped_trait lead_snp
1                         NA      iradjbmi rs174574
[1] "SPLICING EVENT"
[1] "chr11:61848284:61849749:clu_11932_+:ENSG00000134824.14"
Harmonising fat_distr (fat_distr) and Outcome (Outcome)
Harmonising fat_distr (fat_distr) and Outcome (Outcome)
[1] 409
[1] 409
  iteration traits posterior_prob regional_prob candidate_snp
1         1   None             NA        0.0109            NA
  posterior_explained_by_snp dropped_trait lead_snp
1                         NA      iradjbmi rs174574
[1] "SPLICING EVENT"
[1] "chr11:61848284:61857011:clu_11932_+:ENSG00000134824.14"
Harmonising fat_distr (fat_distr) and Outcome (Outcome)
Harmonising fat_distr (fat_distr) and Outcome (Outcome)
[1] 409
[1] 409
  iteration traits posterior_prob regional_prob candidate_snp
1         1   None             NA        0.0105            NA
  posterior_explained_by_snp dropped_trait lead_snp
1                         NA      iradjbmi rs174574
[1] "SPLICING EVENT"
[1] "chr11:61813353:61816555:clu_10112_-:ENSG00000149485.19"
Harmonising fat_distr (fat_distr) and Outcome (Outcome)
Harmonising fat_distr (fat_distr) and Outcome (Outcome)
[1] 409
[1] 409
  iteration traits posterior_prob regional_prob candidate_snp
1         1   None             NA        0.0148            NA
  posterior_explained_by_snp dropped_trait lead_snp
1                         NA      iradjbmi rs174574
[1] "LEAD INDEX"
[1] 14
[1] "SPLICING EVENT"
[1] "chr11:62571108:62571540:clu_10149_-:ENSG00000254772.10"
Harmonising fat_distr (fat_distr) and Outcome (Outcome)
Harmonising fat_distr (fat_distr) and Outcome (Outcome)
[1] 365
[1] 365
  iteration traits posterior_prob regional_prob candidate_snp
1         1   None             NA        0.0071            NA
  posterior_explained_by_snp dropped_trait   lead_snp
1                         NA      iradjbmi rs11231155
[1] "SPLICING EVENT"
[1] "chr11:62571108:62571624:clu_10149_-:ENSG00000254772.10"
Harmonising fat_distr (fat_distr) and Outcome (Outcome)
Harmonising fat_distr (fat_distr) and Outcome (Outcome)
[1] 365
[1] 365
  iteration traits posterior_prob regional_prob candidate_snp
1         1   None             NA        0.0072            NA
  posterior_explained_by_snp dropped_trait   lead_snp
1                         NA      iradjbmi rs11231155
[1] "SPLICING EVENT"
[1] "chr11:62597415:62597603:clu_10151_-:ENSG00000149480.7"
Harmonising fat_distr (fat_distr) and Outcome (Outcome)
Harmonising fat_distr (fat_distr) and Outcome (Outcome)
[1] 365
[1] 365
  iteration traits posterior_prob regional_prob candidate_snp
1         1   None             NA        0.0369            NA
  posterior_explained_by_snp dropped_trait   lead_snp
1                         NA      iradjbmi rs11231155
[1] "SPLICING EVENT"
[1] "chr11:62597415:62597610:clu_10151_-:ENSG00000149480.7"
Harmonising fat_distr (fat_distr) and Outcome (Outcome)
Harmonising fat_distr (fat_distr) and Outcome (Outcome)
[1] 365
[1] 365
  iteration traits posterior_prob regional_prob candidate_snp
1         1   None             NA        0.0331            NA
  posterior_explained_by_snp dropped_trait   lead_snp
1                         NA      iradjbmi rs11231155
[1] "SPLICING EVENT"
[1] "chr11:62600689:62601023:clu_10152_-:ENSG00000149480.7"
Harmonising fat_distr (fat_distr) and Outcome (Outcome)
Harmonising fat_distr (fat_distr) and Outcome (Outcome)
[1] 365
[1] 365
  iteration                                                          traits
1         1 iradjbmi, chr11:62600689:62601023:clu_10152_-:ENSG00000149480.7
  posterior_prob regional_prob candidate_snp posterior_explained_by_snp
1         0.7268        0.9047    rs35156678                      0.271
  dropped_trait   lead_snp
1            NA rs11231155
[1] "SPLICING EVENT"
[1] "chr11:62600689:62601423:clu_10152_-:ENSG00000149480.7"
Harmonising fat_distr (fat_distr) and Outcome (Outcome)
Harmonising fat_distr (fat_distr) and Outcome (Outcome)
[1] 365
[1] 365
  iteration                                                          traits
1         1 iradjbmi, chr11:62600689:62601423:clu_10152_-:ENSG00000149480.7
  posterior_prob regional_prob candidate_snp posterior_explained_by_snp
1         0.7899        0.9292    rs35156678                     0.2751
  dropped_trait   lead_snp
1            NA rs11231155
[1] "SPLICING EVENT"
[1] "chr11:62611920:62614258:clu_11986_+:ENSG00000149489.9"
Harmonising fat_distr (fat_distr) and Outcome (Outcome)
Harmonising fat_distr (fat_distr) and Outcome (Outcome)
[1] 365
[1] 365
  iteration traits posterior_prob regional_prob candidate_snp
1         1   None             NA        0.0091            NA
  posterior_explained_by_snp dropped_trait   lead_snp
1                         NA      iradjbmi rs11231155
[1] "SPLICING EVENT"
[1] "chr11:62612091:62614258:clu_11986_+:ENSG00000149489.9"
Harmonising fat_distr (fat_distr) and Outcome (Outcome)
Harmonising fat_distr (fat_distr) and Outcome (Outcome)
[1] 365
[1] 365
  iteration traits posterior_prob regional_prob candidate_snp
1         1   None             NA        0.0111            NA
  posterior_explained_by_snp dropped_trait   lead_snp
1                         NA      iradjbmi rs11231155
[1] "SPLICING EVENT"
[1] "chr11:62612098:62614258:clu_11986_+:ENSG00000149489.9"
Harmonising fat_distr (fat_distr) and Outcome (Outcome)
Harmonising fat_distr (fat_distr) and Outcome (Outcome)
[1] 365
[1] 365
  iteration traits posterior_prob regional_prob candidate_snp
1         1   None             NA        0.0064            NA
  posterior_explained_by_snp dropped_trait   lead_snp
1                         NA      iradjbmi rs11231155
[1] "SPLICING EVENT"
[1] "chr11:62613871:62614258:clu_11986_+:ENSG00000149489.9"
Harmonising fat_distr (fat_distr) and Outcome (Outcome)
Harmonising fat_distr (fat_distr) and Outcome (Outcome)
[1] 365
[1] 365
  iteration                                                          traits
1         1 iradjbmi, chr11:62613871:62614258:clu_11986_+:ENSG00000149489.9
  posterior_prob regional_prob candidate_snp posterior_explained_by_snp
1         0.6204        0.8313     rs2849030                     0.2153
  dropped_trait   lead_snp
1            NA rs11231155
[1] "SPLICING EVENT"
[1] "chr11:62602779:62603149:clu_10153_-:ENSG00000149499.12"
Harmonising fat_distr (fat_distr) and Outcome (Outcome)
Harmonising fat_distr (fat_distr) and Outcome (Outcome)
[1] 365
[1] 365
  iteration traits posterior_prob regional_prob candidate_snp
1         1   None             NA        0.0636            NA
  posterior_explained_by_snp dropped_trait   lead_snp
1                         NA      iradjbmi rs11231155
[1] "SPLICING EVENT"
[1] "chr11:62602889:62603149:clu_10153_-:ENSG00000149499.12"
Harmonising fat_distr (fat_distr) and Outcome (Outcome)
Harmonising fat_distr (fat_distr) and Outcome (Outcome)
[1] 365
[1] 365
  iteration traits posterior_prob regional_prob candidate_snp
1         1   None             NA        0.0586            NA
  posterior_explained_by_snp dropped_trait   lead_snp
1                         NA      iradjbmi rs11231155
[1] "SPLICING EVENT"
[1] "chr11:62603247:62603729:clu_10154_-:ENSG00000149499.12"
Harmonising fat_distr (fat_distr) and Outcome (Outcome)
Harmonising fat_distr (fat_distr) and Outcome (Outcome)
[1] 365
[1] 365
  iteration traits posterior_prob regional_prob candidate_snp
1         1   None             NA        0.0068            NA
  posterior_explained_by_snp dropped_trait   lead_snp
1                         NA      iradjbmi rs11231155
[1] "SPLICING EVENT"
[1] "chr11:62603989:62604113:clu_10155_-:ENSG00000149499.12"
Harmonising fat_distr (fat_distr) and Outcome (Outcome)
Harmonising fat_distr (fat_distr) and Outcome (Outcome)
[1] 365
[1] 365
  iteration traits posterior_prob regional_prob candidate_snp
1         1   None             NA        0.0068            NA
  posterior_explained_by_snp dropped_trait   lead_snp
1                         NA      iradjbmi rs11231155
[1] "SPLICING EVENT"
[1] "chr11:62604041:62604113:clu_10155_-:ENSG00000149499.12"
Harmonising fat_distr (fat_distr) and Outcome (Outcome)
Harmonising fat_distr (fat_distr) and Outcome (Outcome)
[1] 365
[1] 365
  iteration traits posterior_prob regional_prob candidate_snp
1         1   None             NA        0.0068            NA
  posterior_explained_by_snp dropped_trait   lead_snp
1                         NA      iradjbmi rs11231155
[1] "SPLICING EVENT"
[1] "chr11:62605773:62605855:clu_10156_-:ENSG00000149499.12"
Harmonising fat_distr (fat_distr) and Outcome (Outcome)
Harmonising fat_distr (fat_distr) and Outcome (Outcome)
[1] 365
[1] 365
  iteration traits posterior_prob regional_prob candidate_snp
1         1   None             NA        0.0207            NA
  posterior_explained_by_snp dropped_trait   lead_snp
1                         NA      iradjbmi rs11231155
[1] "SPLICING EVENT"
[1] "chr11:62605773:62605864:clu_10156_-:ENSG00000149499.12"
Harmonising fat_distr (fat_distr) and Outcome (Outcome)
Harmonising fat_distr (fat_distr) and Outcome (Outcome)
[1] 365
[1] 365
  iteration traits posterior_prob regional_prob candidate_snp
1         1   None             NA        0.0137            NA
  posterior_explained_by_snp dropped_trait   lead_snp
1                         NA      iradjbmi rs11231155
[1] "SPLICING EVENT"
[1] "chr11:62607099:62607666:clu_10157_-:ENSG00000149499.12"
Harmonising fat_distr (fat_distr) and Outcome (Outcome)
Harmonising fat_distr (fat_distr) and Outcome (Outcome)
[1] 365
[1] 365
  iteration traits posterior_prob regional_prob candidate_snp
1         1   None             NA        0.0067            NA
  posterior_explained_by_snp dropped_trait   lead_snp
1                         NA      iradjbmi rs11231155
[1] "SPLICING EVENT"
[1] "chr11:62607099:62608201:clu_10157_-:ENSG00000149499.12"
Harmonising fat_distr (fat_distr) and Outcome (Outcome)
Harmonising fat_distr (fat_distr) and Outcome (Outcome)
[1] 365
[1] 365
  iteration traits posterior_prob regional_prob candidate_snp
1         1   None             NA        0.0219            NA
  posterior_explained_by_snp dropped_trait   lead_snp
1                         NA      iradjbmi rs11231155
[1] "SPLICING EVENT"
[1] "chr11:62607821:62608201:clu_10157_-:ENSG00000149499.12"
Harmonising fat_distr (fat_distr) and Outcome (Outcome)
Harmonising fat_distr (fat_distr) and Outcome (Outcome)
[1] 365
[1] 365
  iteration traits posterior_prob regional_prob candidate_snp
1         1   None             NA        0.0058            NA
  posterior_explained_by_snp dropped_trait   lead_snp
1                         NA      iradjbmi rs11231155
[1] "SPLICING EVENT"
[1] "chr11:62609074:62609629:clu_10158_-:ENSG00000149499.12"
Harmonising fat_distr (fat_distr) and Outcome (Outcome)
Harmonising fat_distr (fat_distr) and Outcome (Outcome)
[1] 365
[1] 365
  iteration traits posterior_prob regional_prob candidate_snp
1         1   None             NA        0.0057            NA
  posterior_explained_by_snp dropped_trait   lead_snp
1                         NA      iradjbmi rs11231155
[1] "SPLICING EVENT"
[1] "chr11:62609474:62609629:clu_10158_-:ENSG00000149499.12"
Harmonising fat_distr (fat_distr) and Outcome (Outcome)
Harmonising fat_distr (fat_distr) and Outcome (Outcome)
[1] 365
[1] 365
  iteration traits posterior_prob regional_prob candidate_snp
1         1   None             NA        0.0074            NA
  posterior_explained_by_snp dropped_trait   lead_snp
1                         NA      iradjbmi rs11231155
[1] "SPLICING EVENT"
[1] "chr11:62609477:62609629:clu_10158_-:ENSG00000149499.12"
Harmonising fat_distr (fat_distr) and Outcome (Outcome)
Harmonising fat_distr (fat_distr) and Outcome (Outcome)
[1] 365
[1] 365
  iteration traits posterior_prob regional_prob candidate_snp
1         1   None             NA        0.0065            NA
  posterior_explained_by_snp dropped_trait   lead_snp
1                         NA      iradjbmi rs11231155
[1] "SPLICING EVENT"
[1] "chr11:62609696:62610636:clu_10159_-:ENSG00000149499.12"
Harmonising fat_distr (fat_distr) and Outcome (Outcome)
Harmonising fat_distr (fat_distr) and Outcome (Outcome)
[1] 365
[1] 365
  iteration                                                           traits
1         1 iradjbmi, chr11:62609696:62610636:clu_10159_-:ENSG00000149499.12
  posterior_prob regional_prob candidate_snp posterior_explained_by_snp
1         0.9518        0.9846    rs11231161                     0.6284
  dropped_trait   lead_snp
1            NA rs11231155
[1] "SPLICING EVENT"
[1] "chr11:62609696:62610879:clu_10159_-:ENSG00000149499.12"
Harmonising fat_distr (fat_distr) and Outcome (Outcome)
Harmonising fat_distr (fat_distr) and Outcome (Outcome)
[1] 365
[1] 365
  iteration                                                           traits
1         1 iradjbmi, chr11:62609696:62610879:clu_10159_-:ENSG00000149499.12
  posterior_prob regional_prob candidate_snp posterior_explained_by_snp
1         0.9478        0.9833    rs11553576                     0.5311
  dropped_trait   lead_snp
1            NA rs11231155
[1] "SPLICING EVENT"
[1] "chr11:62610768:62610879:clu_10159_-:ENSG00000149499.12"
Harmonising fat_distr (fat_distr) and Outcome (Outcome)
Harmonising fat_distr (fat_distr) and Outcome (Outcome)
[1] 365
[1] 365
  iteration                                                           traits
1         1 iradjbmi, chr11:62610768:62610879:clu_10159_-:ENSG00000149499.12
  posterior_prob regional_prob candidate_snp posterior_explained_by_snp
1          0.943        0.9818    rs11553576                     0.7434
  dropped_trait   lead_snp
1            NA rs11231155
[1] "SPLICING EVENT"
[1] "chr11:62610954:62611087:clu_10160_-:ENSG00000149499.12"
Harmonising fat_distr (fat_distr) and Outcome (Outcome)
Harmonising fat_distr (fat_distr) and Outcome (Outcome)
[1] 365
[1] 365
  iteration traits posterior_prob regional_prob candidate_snp
1         1   None             NA        0.0069            NA
  posterior_explained_by_snp dropped_trait   lead_snp
1                         NA      iradjbmi rs11231155
[1] "SPLICING EVENT"
[1] "chr11:62610992:62611087:clu_10160_-:ENSG00000149499.12"
Harmonising fat_distr (fat_distr) and Outcome (Outcome)
Harmonising fat_distr (fat_distr) and Outcome (Outcome)
[1] 365
[1] 365
  iteration traits posterior_prob regional_prob candidate_snp
1         1   None             NA        0.0069            NA
  posterior_explained_by_snp dropped_trait   lead_snp
1                         NA      iradjbmi rs11231155
[1] "SPLICING EVENT"
[1] "chr11:62611344:62611425:clu_10161_-:ENSG00000149499.12"
Harmonising fat_distr (fat_distr) and Outcome (Outcome)
Harmonising fat_distr (fat_distr) and Outcome (Outcome)
[1] 365
[1] 365
  iteration                                                           traits
1         1 iradjbmi, chr11:62611344:62611425:clu_10161_-:ENSG00000149499.12
  posterior_prob regional_prob candidate_snp posterior_explained_by_snp
1          0.937        0.9799    rs11553576                     0.9993
  dropped_trait   lead_snp
1            NA rs11231155
[1] "SPLICING EVENT"
[1] "chr11:62611347:62611425:clu_10161_-:ENSG00000149499.12"
Harmonising fat_distr (fat_distr) and Outcome (Outcome)
Harmonising fat_distr (fat_distr) and Outcome (Outcome)
[1] 365
[1] 365
  iteration                                                           traits
1         1 iradjbmi, chr11:62611347:62611425:clu_10161_-:ENSG00000149499.12
  posterior_prob regional_prob candidate_snp posterior_explained_by_snp
1          0.937        0.9799    rs11553576                     0.9998
  dropped_trait   lead_snp
1            NA rs11231155
[1] "SPLICING EVENT"
[1] "chr11:62611596:62611680:clu_10162_-:ENSG00000149499.12"
Harmonising fat_distr (fat_distr) and Outcome (Outcome)
Harmonising fat_distr (fat_distr) and Outcome (Outcome)
[1] 365
[1] 365
  iteration traits posterior_prob regional_prob candidate_snp
1         1   None             NA        0.0221            NA
  posterior_explained_by_snp dropped_trait   lead_snp
1                         NA      iradjbmi rs11231155
[1] "SPLICING EVENT"
[1] "chr11:62611596:62612436:clu_10162_-:ENSG00000149499.12"
Harmonising fat_distr (fat_distr) and Outcome (Outcome)
Harmonising fat_distr (fat_distr) and Outcome (Outcome)
[1] 365
[1] 365
  iteration traits posterior_prob regional_prob candidate_snp
1         1   None             NA          0.01            NA
  posterior_explained_by_snp dropped_trait   lead_snp
1                         NA      iradjbmi rs11231155
[1] "SPLICING EVENT"
[1] "chr11:62671865:62671953:clu_11988_+:ENSG00000204922.5"
Harmonising fat_distr (fat_distr) and Outcome (Outcome)
Harmonising fat_distr (fat_distr) and Outcome (Outcome)
[1] 365
[1] 365
  iteration traits posterior_prob regional_prob candidate_snp
1         1   None             NA        0.0084            NA
  posterior_explained_by_snp dropped_trait   lead_snp
1                         NA      iradjbmi rs11231155
[1] "LEAD INDEX"
[1] 15
[1] "LEAD INDEX"
[1] 16
[1] "LEAD INDEX"
[1] 17
[1] "SPLICING EVENT"
[1] "chr11:66216775:66217506:clu_12226_+:ENSG00000175115.13"
Harmonising fat_distr (fat_distr) and Outcome (Outcome)
Harmonising fat_distr (fat_distr) and Outcome (Outcome)
[1] 345
[1] 345
  iteration traits posterior_prob regional_prob candidate_snp
1         1   None             NA        0.6745            NA
  posterior_explained_by_snp
1                         NA
                                           dropped_trait  lead_snp
1 chr11:66216775:66217506:clu_12226_+:ENSG00000175115.13 rs2452681
[1] "SPLICING EVENT"
[1] "chr11:66216775:66219746:clu_12226_+:ENSG00000175115.13"
Harmonising fat_distr (fat_distr) and Outcome (Outcome)
Harmonising fat_distr (fat_distr) and Outcome (Outcome)
[1] 345
[1] 345
  iteration traits posterior_prob regional_prob candidate_snp
1         1   None             NA        0.0352            NA
  posterior_explained_by_snp dropped_trait  lead_snp
1                         NA      iradjbmi rs2452681
[1] "SPLICING EVENT"
[1] "chr11:66219805:66220631:clu_12227_+:ENSG00000175115.13"
Harmonising fat_distr (fat_distr) and Outcome (Outcome)
Harmonising fat_distr (fat_distr) and Outcome (Outcome)
[1] 345
[1] 345
  iteration traits posterior_prob regional_prob candidate_snp
1         1   None             NA        0.0184            NA
  posterior_explained_by_snp dropped_trait  lead_snp
1                         NA      iradjbmi rs2452681
[1] "SPLICING EVENT"
[1] "chr11:66220791:66221154:clu_12228_+:ENSG00000175115.13"
Harmonising fat_distr (fat_distr) and Outcome (Outcome)
Harmonising fat_distr (fat_distr) and Outcome (Outcome)
[1] 345
[1] 345
  iteration traits posterior_prob regional_prob candidate_snp
1         1   None             NA        0.0274            NA
  posterior_explained_by_snp dropped_trait  lead_snp
1                         NA      iradjbmi rs2452681
[1] "SPLICING EVENT"
[1] "chr11:66221247:66227504:clu_12228_+:ENSG00000175115.13"
Harmonising fat_distr (fat_distr) and Outcome (Outcome)
Harmonising fat_distr (fat_distr) and Outcome (Outcome)
[1] 345
[1] 345
  iteration traits posterior_prob regional_prob candidate_snp
1         1   None             NA        0.0306            NA
  posterior_explained_by_snp dropped_trait  lead_snp
1                         NA      iradjbmi rs2452681
[1] "SPLICING EVENT"
[1] "chr11:66230940:66232172:clu_12229_+:ENSG00000175115.13"
Harmonising fat_distr (fat_distr) and Outcome (Outcome)
Harmonising fat_distr (fat_distr) and Outcome (Outcome)
[1] 345
[1] 345
  iteration traits posterior_prob regional_prob candidate_snp
1         1   None             NA        0.2199            NA
  posterior_explained_by_snp dropped_trait  lead_snp
1                         NA      iradjbmi rs2452681
[1] "SPLICING EVENT"
[1] "chr11:66239277:66241427:clu_12230_+:ENSG00000175115.13"
Harmonising fat_distr (fat_distr) and Outcome (Outcome)
Harmonising fat_distr (fat_distr) and Outcome (Outcome)
[1] 345
[1] 345
  iteration traits posterior_prob regional_prob candidate_snp
1         1   None             NA        0.0119            NA
  posterior_explained_by_snp dropped_trait  lead_snp
1                         NA      iradjbmi rs2452681
[1] "SPLICING EVENT"
[1] "chr11:66241653:66242912:clu_12231_+:ENSG00000175115.13"
Harmonising fat_distr (fat_distr) and Outcome (Outcome)
Harmonising fat_distr (fat_distr) and Outcome (Outcome)
[1] 345
[1] 345
  iteration traits posterior_prob regional_prob candidate_snp
1         1   None             NA        0.0087            NA
  posterior_explained_by_snp dropped_trait  lead_snp
1                         NA      iradjbmi rs2452681
[1] "SPLICING EVENT"
[1] "chr11:66241653:66243165:clu_12231_+:ENSG00000175115.13"
Harmonising fat_distr (fat_distr) and Outcome (Outcome)
Harmonising fat_distr (fat_distr) and Outcome (Outcome)
[1] 345
[1] 345
  iteration traits posterior_prob regional_prob candidate_snp
1         1   None             NA        0.0171            NA
  posterior_explained_by_snp dropped_trait  lead_snp
1                         NA      iradjbmi rs2452681
[1] "SPLICING EVENT"
[1] "chr11:66243031:66243165:clu_12231_+:ENSG00000175115.13"
Harmonising fat_distr (fat_distr) and Outcome (Outcome)
Harmonising fat_distr (fat_distr) and Outcome (Outcome)
[1] 345
[1] 345
  iteration traits posterior_prob regional_prob candidate_snp
1         1   None             NA        0.0088            NA
  posterior_explained_by_snp dropped_trait  lead_snp
1                         NA      iradjbmi rs2452681
[1] "SPLICING EVENT"
[1] "chr11:66284966:66285381:clu_10393_-:ENSG00000174851.16"
Harmonising fat_distr (fat_distr) and Outcome (Outcome)
Harmonising fat_distr (fat_distr) and Outcome (Outcome)
[1] 345
[1] 345
  iteration traits posterior_prob regional_prob candidate_snp
1         1   None             NA        0.0077            NA
  posterior_explained_by_snp dropped_trait  lead_snp
1                         NA      iradjbmi rs2452681
[1] "SPLICING EVENT"
[1] "chr11:66284966:66285701:clu_10393_-:ENSG00000174851.16"
Harmonising fat_distr (fat_distr) and Outcome (Outcome)
Harmonising fat_distr (fat_distr) and Outcome (Outcome)
[1] 345
[1] 345
  iteration traits posterior_prob regional_prob candidate_snp
1         1   None             NA        0.6118            NA
  posterior_explained_by_snp
1                         NA
                                           dropped_trait  lead_snp
1 chr11:66284966:66285701:clu_10393_-:ENSG00000174851.16 rs2452681
[1] "SPLICING EVENT"
[1] "chr11:66285536:66285701:clu_10393_-:ENSG00000174851.16"
Harmonising fat_distr (fat_distr) and Outcome (Outcome)
Harmonising fat_distr (fat_distr) and Outcome (Outcome)
[1] 345
[1] 345
  iteration traits posterior_prob regional_prob candidate_snp
1         1   None             NA        0.0091            NA
  posterior_explained_by_snp dropped_trait  lead_snp
1                         NA      iradjbmi rs2452681
[1] "SPLICING EVENT"
[1] "chr11:66285758:66287598:clu_10393_-:ENSG00000174851.16"
Harmonising fat_distr (fat_distr) and Outcome (Outcome)
Harmonising fat_distr (fat_distr) and Outcome (Outcome)
[1] 345
[1] 345
  iteration traits posterior_prob regional_prob candidate_snp
1         1   None             NA        0.0119            NA
  posterior_explained_by_snp dropped_trait  lead_snp
1                         NA      iradjbmi rs2452681
[1] "LEAD INDEX"
[1] 18
[1] "LEAD INDEX"
[1] 19
[1] "LEAD INDEX"
[1] 20
[1] "LEAD INDEX"
[1] 21
[1] "SPLICING EVENT"
[1] "chr11:119045831:119046417:clu_11020_-:ENSG00000149428.20"
Harmonising fat_distr (fat_distr) and Outcome (Outcome)
Harmonising fat_distr (fat_distr) and Outcome (Outcome)
[1] 348
[1] 348
  iteration traits posterior_prob regional_prob candidate_snp
1         1   None             NA        0.0128            NA
  posterior_explained_by_snp dropped_trait  lead_snp
1                         NA      iradjbmi rs1003081
[1] "SPLICING EVENT"
[1] "chr11:119045834:119046417:clu_11020_-:ENSG00000149428.20"
Harmonising fat_distr (fat_distr) and Outcome (Outcome)
Harmonising fat_distr (fat_distr) and Outcome (Outcome)
[1] 348
[1] 348
  iteration traits posterior_prob regional_prob candidate_snp
1         1   None             NA        0.0182            NA
  posterior_explained_by_snp dropped_trait  lead_snp
1                         NA      iradjbmi rs1003081
[1] "SPLICING EVENT"
[1] "chr11:119046462:119046562:clu_11021_-:ENSG00000149428.20"
Harmonising fat_distr (fat_distr) and Outcome (Outcome)
Harmonising fat_distr (fat_distr) and Outcome (Outcome)
[1] 348
[1] 348
  iteration traits posterior_prob regional_prob candidate_snp
1         1   None             NA        0.0079            NA
  posterior_explained_by_snp dropped_trait  lead_snp
1                         NA      iradjbmi rs1003081
[1] "SPLICING EVENT"
[1] "chr11:119046467:119046562:clu_11021_-:ENSG00000149428.20"
Harmonising fat_distr (fat_distr) and Outcome (Outcome)
Harmonising fat_distr (fat_distr) and Outcome (Outcome)
[1] 348
[1] 348
  iteration traits posterior_prob regional_prob candidate_snp
1         1   None             NA         0.008            NA
  posterior_explained_by_snp dropped_trait  lead_snp
1                         NA      iradjbmi rs1003081
[1] "SPLICING EVENT"
[1] "chr11:119046802:119047734:clu_11022_-:ENSG00000149428.20"
Harmonising fat_distr (fat_distr) and Outcome (Outcome)
Harmonising fat_distr (fat_distr) and Outcome (Outcome)
[1] 348
[1] 348
  iteration traits posterior_prob regional_prob candidate_snp
1         1   None             NA        0.0605            NA
  posterior_explained_by_snp dropped_trait  lead_snp
1                         NA      iradjbmi rs1003081
[1] "SPLICING EVENT"
[1] "chr11:119046831:119047734:clu_11022_-:ENSG00000149428.20"
Harmonising fat_distr (fat_distr) and Outcome (Outcome)
Harmonising fat_distr (fat_distr) and Outcome (Outcome)
[1] 348
[1] 348
  iteration traits posterior_prob regional_prob candidate_snp
1         1   None             NA        0.0414            NA
  posterior_explained_by_snp dropped_trait  lead_snp
1                         NA      iradjbmi rs1003081
[1] "SPLICING EVENT"
[1] "chr11:119048886:119049018:clu_11023_-:ENSG00000149428.20"
Harmonising fat_distr (fat_distr) and Outcome (Outcome)
Harmonising fat_distr (fat_distr) and Outcome (Outcome)
[1] 348
[1] 348
  iteration traits posterior_prob regional_prob candidate_snp
1         1   None             NA        0.0072            NA
  posterior_explained_by_snp dropped_trait  lead_snp
1                         NA      iradjbmi rs1003081
[1] "SPLICING EVENT"
[1] "chr11:119048886:119049556:clu_11023_-:ENSG00000149428.20"
Harmonising fat_distr (fat_distr) and Outcome (Outcome)
Harmonising fat_distr (fat_distr) and Outcome (Outcome)
[1] 348
[1] 348
  iteration traits posterior_prob regional_prob candidate_snp
1         1   None             NA        0.0179            NA
  posterior_explained_by_snp dropped_trait  lead_snp
1                         NA      iradjbmi rs1003081
[1] "SPLICING EVENT"
[1] "chr11:119049203:119049556:clu_11023_-:ENSG00000149428.20"
Harmonising fat_distr (fat_distr) and Outcome (Outcome)
Harmonising fat_distr (fat_distr) and Outcome (Outcome)
[1] 348
[1] 348
  iteration traits posterior_prob regional_prob candidate_snp
1         1   None             NA        0.0078            NA
  posterior_explained_by_snp dropped_trait  lead_snp
1                         NA      iradjbmi rs1003081
[1] "SPLICING EVENT"
[1] "chr11:119049837:119051035:clu_11024_-:ENSG00000149428.20"
Harmonising fat_distr (fat_distr) and Outcome (Outcome)
Harmonising fat_distr (fat_distr) and Outcome (Outcome)
[1] 348
[1] 348
  iteration traits posterior_prob regional_prob candidate_snp
1         1   None             NA        0.0451            NA
  posterior_explained_by_snp dropped_trait  lead_snp
1                         NA      iradjbmi rs1003081
[1] "SPLICING EVENT"
[1] "chr11:119051173:119051438:clu_11024_-:ENSG00000149428.20"
Harmonising fat_distr (fat_distr) and Outcome (Outcome)
Harmonising fat_distr (fat_distr) and Outcome (Outcome)
[1] 348
[1] 348
  iteration traits posterior_prob regional_prob candidate_snp
1         1   None             NA        0.0735            NA
  posterior_explained_by_snp dropped_trait  lead_snp
1                         NA      iradjbmi rs1003081
[1] "SPLICING EVENT"
[1] "chr11:119054675:119054984:clu_11025_-:ENSG00000149428.20"
Harmonising fat_distr (fat_distr) and Outcome (Outcome)
Harmonising fat_distr (fat_distr) and Outcome (Outcome)
[1] 348
[1] 348
  iteration traits posterior_prob regional_prob candidate_snp
1         1   None             NA        0.0093            NA
  posterior_explained_by_snp dropped_trait  lead_snp
1                         NA      iradjbmi rs1003081
[1] "SPLICING EVENT"
[1] "chr11:119055571:119055750:clu_11026_-:ENSG00000149428.20"
Harmonising fat_distr (fat_distr) and Outcome (Outcome)
Harmonising fat_distr (fat_distr) and Outcome (Outcome)
[1] 348
[1] 348
  iteration traits posterior_prob regional_prob candidate_snp
1         1   None             NA        0.0079            NA
  posterior_explained_by_snp dropped_trait  lead_snp
1                         NA      iradjbmi rs1003081
[1] "SPLICING EVENT"
[1] "chr11:119055843:119056070:clu_11026_-:ENSG00000149428.20"
Harmonising fat_distr (fat_distr) and Outcome (Outcome)
Harmonising fat_distr (fat_distr) and Outcome (Outcome)
[1] 348
[1] 348
  iteration traits posterior_prob regional_prob candidate_snp
1         1   None             NA        0.0074            NA
  posterior_explained_by_snp dropped_trait  lead_snp
1                         NA      iradjbmi rs1003081
[1] "SPLICING EVENT"
[1] "chr11:119056167:119056805:clu_11027_-:ENSG00000149428.20"
Harmonising fat_distr (fat_distr) and Outcome (Outcome)
Harmonising fat_distr (fat_distr) and Outcome (Outcome)
[1] 348
[1] 348
  iteration traits posterior_prob regional_prob candidate_snp
1         1   None             NA        0.0091            NA
  posterior_explained_by_snp dropped_trait  lead_snp
1                         NA      iradjbmi rs1003081
[1] "SPLICING EVENT"
[1] "chr11:119056167:119057020:clu_11027_-:ENSG00000149428.20"
Harmonising fat_distr (fat_distr) and Outcome (Outcome)
Harmonising fat_distr (fat_distr) and Outcome (Outcome)
[1] 348
[1] 348
  iteration traits posterior_prob regional_prob candidate_snp
1         1   None             NA        0.0074            NA
  posterior_explained_by_snp dropped_trait  lead_snp
1                         NA      iradjbmi rs1003081
[1] "SPLICING EVENT"
[1] "chr11:119056167:119057153:clu_11027_-:ENSG00000149428.20"
Harmonising fat_distr (fat_distr) and Outcome (Outcome)
Harmonising fat_distr (fat_distr) and Outcome (Outcome)
[1] 348
[1] 348
  iteration traits posterior_prob regional_prob candidate_snp
1         1   None             NA        0.0157            NA
  posterior_explained_by_snp dropped_trait  lead_snp
1                         NA      iradjbmi rs1003081
[1] "CHROMOSOME"
[1] 12
[1] "LEAD INDEX"
[1] 1
[1] "SPLICING EVENT"
[1] "chr12:55743761:55748586:clu_15888_+:ENSG00000135414.10"
Harmonising fat_distr (fat_distr) and Outcome (Outcome)
Harmonising fat_distr (fat_distr) and Outcome (Outcome)
[1] 274
[1] 274
  iteration traits posterior_prob regional_prob candidate_snp
1         1   None             NA        0.0065            NA
  posterior_explained_by_snp dropped_trait   lead_snp
1                         NA      iradjbmi rs11171739
[1] "SPLICING EVENT"
[1] "chr12:55748983:55749502:clu_15888_+:ENSG00000135414.10"
Harmonising fat_distr (fat_distr) and Outcome (Outcome)
Harmonising fat_distr (fat_distr) and Outcome (Outcome)
[1] 274
[1] 274
  iteration traits posterior_prob regional_prob candidate_snp
1         1   None             NA        0.0063            NA
  posterior_explained_by_snp dropped_trait   lead_snp
1                         NA      iradjbmi rs11171739
[1] "SPLICING EVENT"
[1] "chr12:55997339:55997615:clu_15909_+:ENSG00000139531.13"
Harmonising fat_distr (fat_distr) and Outcome (Outcome)
Harmonising fat_distr (fat_distr) and Outcome (Outcome)
[1] 274
[1] 274
  iteration traits posterior_prob regional_prob candidate_snp
1         1   None             NA        0.0207            NA
  posterior_explained_by_snp dropped_trait   lead_snp
1                         NA      iradjbmi rs11171739
[1] "SPLICING EVENT"
[1] "chr12:55997339:56002212:clu_15909_+:ENSG00000139531.13"
Harmonising fat_distr (fat_distr) and Outcome (Outcome)
Harmonising fat_distr (fat_distr) and Outcome (Outcome)
[1] 274
[1] 274
  iteration                                                           traits
1         1 iradjbmi, chr12:55997339:56002212:clu_15909_+:ENSG00000139531.13
  posterior_prob regional_prob candidate_snp posterior_explained_by_snp
1         0.9067        0.9591      rs705700                     0.5889
  dropped_trait   lead_snp
1            NA rs11171739
[1] "SPLICING EVENT"
[1] "chr12:55997723:55999333:clu_15909_+:ENSG00000139531.13"
Harmonising fat_distr (fat_distr) and Outcome (Outcome)
Harmonising fat_distr (fat_distr) and Outcome (Outcome)
[1] 274
[1] 274
  iteration traits posterior_prob regional_prob candidate_snp
1         1   None             NA        0.2497            NA
  posterior_explained_by_snp dropped_trait   lead_snp
1                         NA      iradjbmi rs11171739
[1] "SPLICING EVENT"
[1] "chr12:55997723:56002212:clu_15909_+:ENSG00000139531.13"
Harmonising fat_distr (fat_distr) and Outcome (Outcome)
Harmonising fat_distr (fat_distr) and Outcome (Outcome)
[1] 274
[1] 274
  iteration                                                           traits
1         1 iradjbmi, chr12:55997723:56002212:clu_15909_+:ENSG00000139531.13
  posterior_prob regional_prob candidate_snp posterior_explained_by_snp
1         0.9485        0.9771    rs10876864                     0.5768
  dropped_trait   lead_snp
1            NA rs11171739
[1] "SPLICING EVENT"
[1] "chr12:55999458:56002212:clu_15909_+:ENSG00000139531.13"
Harmonising fat_distr (fat_distr) and Outcome (Outcome)
Harmonising fat_distr (fat_distr) and Outcome (Outcome)
[1] 274
[1] 274
  iteration traits posterior_prob regional_prob candidate_snp
1         1   None             NA        0.1287            NA
  posterior_explained_by_snp dropped_trait   lead_snp
1                         NA      iradjbmi rs11171739
[1] "SPLICING EVENT"
[1] "chr12:55999590:56002212:clu_15909_+:ENSG00000139531.13"
Harmonising fat_distr (fat_distr) and Outcome (Outcome)
Harmonising fat_distr (fat_distr) and Outcome (Outcome)
[1] 274
[1] 274
  iteration                                                           traits
1         1 iradjbmi, chr12:55999590:56002212:clu_15909_+:ENSG00000139531.13
  posterior_prob regional_prob candidate_snp posterior_explained_by_snp
1         0.9438        0.9746    rs10876864                     0.4944
  dropped_trait   lead_snp
1            NA rs11171739
[1] "SPLICING EVENT"
[1] "chr12:56000722:56002212:clu_15909_+:ENSG00000139531.13"
Harmonising fat_distr (fat_distr) and Outcome (Outcome)
Harmonising fat_distr (fat_distr) and Outcome (Outcome)
[1] 274
[1] 274
  iteration traits posterior_prob regional_prob candidate_snp
1         1   None             NA        0.3341            NA
  posterior_explained_by_snp dropped_trait   lead_snp
1                         NA      iradjbmi rs11171739
[1] "SPLICING EVENT"
[1] "chr12:56001948:56002212:clu_15909_+:ENSG00000139531.13"
Harmonising fat_distr (fat_distr) and Outcome (Outcome)
Harmonising fat_distr (fat_distr) and Outcome (Outcome)
[1] 274
[1] 274
  iteration                                                           traits
1         1 iradjbmi, chr12:56001948:56002212:clu_15909_+:ENSG00000139531.13
  posterior_prob regional_prob candidate_snp posterior_explained_by_snp
1         0.9509         0.975    rs10876864                     0.6726
  dropped_trait   lead_snp
1            NA rs11171739
[1] "SPLICING EVENT"
[1] "chr12:56002271:56002543:clu_15910_+:ENSG00000139531.13"
Harmonising fat_distr (fat_distr) and Outcome (Outcome)
Harmonising fat_distr (fat_distr) and Outcome (Outcome)
[1] 274
[1] 274
  iteration traits posterior_prob regional_prob candidate_snp
1         1   None             NA        0.0074            NA
  posterior_explained_by_snp dropped_trait   lead_snp
1                         NA      iradjbmi rs11171739
[1] "SPLICING EVENT"
[1] "chr12:56002720:56003618:clu_15910_+:ENSG00000139531.13"
Harmonising fat_distr (fat_distr) and Outcome (Outcome)
Harmonising fat_distr (fat_distr) and Outcome (Outcome)
[1] 274
[1] 274
  iteration traits posterior_prob regional_prob candidate_snp
1         1   None             NA        0.0099            NA
  posterior_explained_by_snp dropped_trait   lead_snp
1                         NA      iradjbmi rs11171739
[1] "SPLICING EVENT"
[1] "chr12:56018177:56025054:clu_15912_+:ENSG00000123411.15"
Harmonising fat_distr (fat_distr) and Outcome (Outcome)
Harmonising fat_distr (fat_distr) and Outcome (Outcome)
[1] 274
[1] 274
  iteration traits posterior_prob regional_prob candidate_snp
1         1   None             NA        0.0061            NA
  posterior_explained_by_snp dropped_trait   lead_snp
1                         NA      iradjbmi rs11171739
[1] "SPLICING EVENT"
[1] "chr12:56021580:56023671:clu_15912_+:ENSG00000123411.15"
Harmonising fat_distr (fat_distr) and Outcome (Outcome)
Harmonising fat_distr (fat_distr) and Outcome (Outcome)
[1] 274
[1] 274
  iteration traits posterior_prob regional_prob candidate_snp
1         1   None             NA        0.0061            NA
  posterior_explained_by_snp dropped_trait   lead_snp
1                         NA      iradjbmi rs11171739
[1] "SPLICING EVENT"
[1] "chr12:56021580:56025054:clu_15912_+:ENSG00000123411.15"
Harmonising fat_distr (fat_distr) and Outcome (Outcome)
Harmonising fat_distr (fat_distr) and Outcome (Outcome)
[1] 274
[1] 274
  iteration traits posterior_prob regional_prob candidate_snp
1         1   None             NA        0.0061            NA
  posterior_explained_by_snp dropped_trait   lead_snp
1                         NA      iradjbmi rs11171739
[1] "SPLICING EVENT"
[1] "chr12:56023764:56025054:clu_15912_+:ENSG00000123411.15"
Harmonising fat_distr (fat_distr) and Outcome (Outcome)
Harmonising fat_distr (fat_distr) and Outcome (Outcome)
[1] 274
[1] 274
  iteration traits posterior_prob regional_prob candidate_snp
1         1   None             NA        0.0096            NA
  posterior_explained_by_snp dropped_trait   lead_snp
1                         NA      iradjbmi rs11171739
[1] "LEAD INDEX"
[1] 2
[1] "LEAD INDEX"
[1] 3
[1] "SPLICING EVENT"
[1] "chr12:6570693:6570869:clu_13313_-:ENSG00000111642.16"
Harmonising fat_distr (fat_distr) and Outcome (Outcome)
Harmonising fat_distr (fat_distr) and Outcome (Outcome)
[1] 413
[1] 413
  iteration traits posterior_prob regional_prob candidate_snp
1         1   None             NA        0.0748            NA
  posterior_explained_by_snp dropped_trait   lead_snp
1                         NA      iradjbmi rs11064289
[1] "SPLICING EVENT"
[1] "chr12:6571032:6573071:clu_13314_-:ENSG00000111642.16"
Harmonising fat_distr (fat_distr) and Outcome (Outcome)
Harmonising fat_distr (fat_distr) and Outcome (Outcome)
[1] 413
[1] 413
  iteration traits posterior_prob regional_prob candidate_snp
1         1   None             NA        0.0142            NA
  posterior_explained_by_snp dropped_trait   lead_snp
1                         NA      iradjbmi rs11064289
[1] "SPLICING EVENT"
[1] "chr12:6571032:6573074:clu_13314_-:ENSG00000111642.16"
Harmonising fat_distr (fat_distr) and Outcome (Outcome)
Harmonising fat_distr (fat_distr) and Outcome (Outcome)
[1] 413
[1] 413
  iteration traits posterior_prob regional_prob candidate_snp
1         1   None             NA        0.0168            NA
  posterior_explained_by_snp dropped_trait   lead_snp
1                         NA      iradjbmi rs11064289
[1] "SPLICING EVENT"
[1] "chr12:6572984:6573074:clu_13314_-:ENSG00000111642.16"
Harmonising fat_distr (fat_distr) and Outcome (Outcome)
Harmonising fat_distr (fat_distr) and Outcome (Outcome)
[1] 413
[1] 413
  iteration traits posterior_prob regional_prob candidate_snp
1         1   None             NA        0.0087            NA
  posterior_explained_by_snp dropped_trait   lead_snp
1                         NA      iradjbmi rs11064289
[1] "SPLICING EVENT"
[1] "chr12:6578117:6578409:clu_13315_-:ENSG00000111642.16"
Harmonising fat_distr (fat_distr) and Outcome (Outcome)
Harmonising fat_distr (fat_distr) and Outcome (Outcome)
[1] 413
[1] 413
  iteration traits posterior_prob regional_prob candidate_snp
1         1   None             NA         0.008            NA
  posterior_explained_by_snp dropped_trait   lead_snp
1                         NA      iradjbmi rs11064289
[1] "SPLICING EVENT"
[1] "chr12:6578137:6578409:clu_13315_-:ENSG00000111642.16"
Harmonising fat_distr (fat_distr) and Outcome (Outcome)
Harmonising fat_distr (fat_distr) and Outcome (Outcome)
[1] 413
[1] 413
  iteration traits posterior_prob regional_prob candidate_snp
1         1   None             NA        0.0081            NA
  posterior_explained_by_snp dropped_trait   lead_snp
1                         NA      iradjbmi rs11064289
[1] "SPLICING EVENT"
[1] "chr12:6578546:6578846:clu_13316_-:ENSG00000111642.16"
Harmonising fat_distr (fat_distr) and Outcome (Outcome)
Harmonising fat_distr (fat_distr) and Outcome (Outcome)
[1] 413
[1] 413
  iteration traits posterior_prob regional_prob candidate_snp
1         1   None             NA        0.0319            NA
  posterior_explained_by_snp dropped_trait   lead_snp
1                         NA      iradjbmi rs11064289
[1] "SPLICING EVENT"
[1] "chr12:6578917:6580582:clu_13317_-:ENSG00000111642.16"
Harmonising fat_distr (fat_distr) and Outcome (Outcome)
Harmonising fat_distr (fat_distr) and Outcome (Outcome)
[1] 413
[1] 413
  iteration traits posterior_prob regional_prob candidate_snp
1         1   None             NA        0.0146            NA
  posterior_explained_by_snp dropped_trait   lead_snp
1                         NA      iradjbmi rs11064289
[1] "SPLICING EVENT"
[1] "chr12:6578917:6581038:clu_13317_-:ENSG00000111642.16"
Harmonising fat_distr (fat_distr) and Outcome (Outcome)
Harmonising fat_distr (fat_distr) and Outcome (Outcome)
[1] 413
[1] 413
  iteration                                                         traits
1         1 iradjbmi, chr12:6578917:6581038:clu_13317_-:ENSG00000111642.16
  posterior_prob regional_prob candidate_snp posterior_explained_by_snp
1           0.96        0.9924    rs16932801                     0.5318
  dropped_trait   lead_snp
1            NA rs11064289
[1] "SPLICING EVENT"
[1] "chr12:6578917:6581044:clu_13317_-:ENSG00000111642.16"
Harmonising fat_distr (fat_distr) and Outcome (Outcome)
Harmonising fat_distr (fat_distr) and Outcome (Outcome)
[1] 413
[1] 413
  iteration                                                         traits
1         1 iradjbmi, chr12:6578917:6581044:clu_13317_-:ENSG00000111642.16
  posterior_prob regional_prob candidate_snp posterior_explained_by_snp
1         0.9585         0.992     rs7316626                     0.2703
  dropped_trait   lead_snp
1            NA rs11064289
[1] "SPLICING EVENT"
[1] "chr12:6580679:6581044:clu_13317_-:ENSG00000111642.16"
Harmonising fat_distr (fat_distr) and Outcome (Outcome)
Harmonising fat_distr (fat_distr) and Outcome (Outcome)
[1] 413
[1] 413
  iteration traits posterior_prob regional_prob candidate_snp
1         1   None             NA        0.0082            NA
  posterior_explained_by_snp dropped_trait   lead_snp
1                         NA      iradjbmi rs11064289
[1] "SPLICING EVENT"
[1] "chr12:6580929:6581044:clu_13317_-:ENSG00000111642.16"
Harmonising fat_distr (fat_distr) and Outcome (Outcome)
Harmonising fat_distr (fat_distr) and Outcome (Outcome)
[1] 413
[1] 413
  iteration traits posterior_prob regional_prob candidate_snp
1         1   None             NA        0.0083            NA
  posterior_explained_by_snp dropped_trait   lead_snp
1                         NA      iradjbmi rs11064289
[1] "SPLICING EVENT"
[1] "chr12:6581385:6581649:clu_13319_-:ENSG00000111642.16"
Harmonising fat_distr (fat_distr) and Outcome (Outcome)
Harmonising fat_distr (fat_distr) and Outcome (Outcome)
[1] 413
[1] 413
  iteration traits posterior_prob regional_prob candidate_snp
1         1   None             NA        0.0187            NA
  posterior_explained_by_snp dropped_trait   lead_snp
1                         NA      iradjbmi rs11064289
[1] "SPLICING EVENT"
[1] "chr12:6581388:6581649:clu_13319_-:ENSG00000111642.16"
Harmonising fat_distr (fat_distr) and Outcome (Outcome)
Harmonising fat_distr (fat_distr) and Outcome (Outcome)
[1] 413
[1] 413
  iteration traits posterior_prob regional_prob candidate_snp
1         1   None             NA        0.0219            NA
  posterior_explained_by_snp dropped_trait   lead_snp
1                         NA      iradjbmi rs11064289
[1] "SPLICING EVENT"
[1] "chr12:6581814:6582137:clu_13320_-:ENSG00000111642.16"
Harmonising fat_distr (fat_distr) and Outcome (Outcome)
Harmonising fat_distr (fat_distr) and Outcome (Outcome)
[1] 413
[1] 413
  iteration traits posterior_prob regional_prob candidate_snp
1         1   None             NA        0.0204            NA
  posterior_explained_by_snp dropped_trait   lead_snp
1                         NA      iradjbmi rs11064289
[1] "SPLICING EVENT"
[1] "chr12:6582281:6582615:clu_13320_-:ENSG00000111642.16"
Harmonising fat_distr (fat_distr) and Outcome (Outcome)
Harmonising fat_distr (fat_distr) and Outcome (Outcome)
[1] 413
[1] 413
  iteration traits posterior_prob regional_prob candidate_snp
1         1   None             NA         0.062            NA
  posterior_explained_by_snp dropped_trait   lead_snp
1                         NA      iradjbmi rs11064289
[1] "SPLICING EVENT"
[1] "chr12:6583113:6583196:clu_13321_-:ENSG00000111642.16"
Harmonising fat_distr (fat_distr) and Outcome (Outcome)
Harmonising fat_distr (fat_distr) and Outcome (Outcome)
[1] 413
[1] 413
  iteration traits posterior_prob regional_prob candidate_snp
1         1   None             NA        0.0067            NA
  posterior_explained_by_snp dropped_trait   lead_snp
1                         NA      iradjbmi rs11064289
[1] "SPLICING EVENT"
[1] "chr12:6583113:6583198:clu_13321_-:ENSG00000111642.16"
Harmonising fat_distr (fat_distr) and Outcome (Outcome)
Harmonising fat_distr (fat_distr) and Outcome (Outcome)
[1] 413
[1] 413
  iteration traits posterior_prob regional_prob candidate_snp
1         1   None             NA        0.0072            NA
  posterior_explained_by_snp dropped_trait   lead_snp
1                         NA      iradjbmi rs11064289
[1] "SPLICING EVENT"
[1] "chr12:6583375:6587384:clu_13322_-:ENSG00000111642.16"
Harmonising fat_distr (fat_distr) and Outcome (Outcome)
Harmonising fat_distr (fat_distr) and Outcome (Outcome)
[1] 413
[1] 413
  iteration traits posterior_prob regional_prob candidate_snp
1         1   None             NA        0.0247            NA
  posterior_explained_by_snp dropped_trait   lead_snp
1                         NA      iradjbmi rs11064289
[1] "SPLICING EVENT"
[1] "chr12:6583378:6587384:clu_13322_-:ENSG00000111642.16"
Harmonising fat_distr (fat_distr) and Outcome (Outcome)
Harmonising fat_distr (fat_distr) and Outcome (Outcome)
[1] 413
[1] 413
  iteration traits posterior_prob regional_prob candidate_snp
1         1   None             NA        0.0216            NA
  posterior_explained_by_snp dropped_trait   lead_snp
1                         NA      iradjbmi rs11064289
[1] "SPLICING EVENT"
[1] "chr12:6587949:6588298:clu_13324_-:ENSG00000111642.16"
Harmonising fat_distr (fat_distr) and Outcome (Outcome)
Harmonising fat_distr (fat_distr) and Outcome (Outcome)
[1] 413
[1] 413
  iteration traits posterior_prob regional_prob candidate_snp
1         1   None             NA        0.0125            NA
  posterior_explained_by_snp dropped_trait   lead_snp
1                         NA      iradjbmi rs11064289
[1] "SPLICING EVENT"
[1] "chr12:6588422:6591466:clu_13324_-:ENSG00000111642.16"
Harmonising fat_distr (fat_distr) and Outcome (Outcome)
Harmonising fat_distr (fat_distr) and Outcome (Outcome)
[1] 413
[1] 413
  iteration traits posterior_prob regional_prob candidate_snp
1         1   None             NA        0.0152            NA
  posterior_explained_by_snp dropped_trait   lead_snp
1                         NA      iradjbmi rs11064289
[1] "SPLICING EVENT"
[1] "chr12:6591583:6591694:clu_13325_-:ENSG00000111642.16"
Harmonising fat_distr (fat_distr) and Outcome (Outcome)
Harmonising fat_distr (fat_distr) and Outcome (Outcome)
[1] 413
[1] 413
  iteration traits posterior_prob regional_prob candidate_snp
1         1   None             NA        0.0089            NA
  posterior_explained_by_snp dropped_trait   lead_snp
1                         NA      iradjbmi rs11064289
[1] "SPLICING EVENT"
[1] "chr12:6600356:6600534:clu_13327_-:ENSG00000111642.16"
Harmonising fat_distr (fat_distr) and Outcome (Outcome)
Harmonising fat_distr (fat_distr) and Outcome (Outcome)
[1] 413
[1] 413
  iteration traits posterior_prob regional_prob candidate_snp
1         1   None             NA        0.0098            NA
  posterior_explained_by_snp dropped_trait   lead_snp
1                         NA      iradjbmi rs11064289
[1] "SPLICING EVENT"
[1] "chr12:6600395:6600534:clu_13327_-:ENSG00000111642.16"
Harmonising fat_distr (fat_distr) and Outcome (Outcome)
Harmonising fat_distr (fat_distr) and Outcome (Outcome)
[1] 413
[1] 413
  iteration traits posterior_prob regional_prob candidate_snp
1         1   None             NA        0.0078            NA
  posterior_explained_by_snp dropped_trait   lead_snp
1                         NA      iradjbmi rs11064289
[1] "SPLICING EVENT"
[1] "chr12:6600669:6600926:clu_13328_-:ENSG00000111642.16"
Harmonising fat_distr (fat_distr) and Outcome (Outcome)
Harmonising fat_distr (fat_distr) and Outcome (Outcome)
[1] 413
[1] 413
  iteration traits posterior_prob regional_prob candidate_snp
1         1   None             NA        0.0069            NA
  posterior_explained_by_snp dropped_trait   lead_snp
1                         NA      iradjbmi rs11064289
[1] "SPLICING EVENT"
[1] "chr12:6602154:6602376:clu_13329_-:ENSG00000111642.16"
Harmonising fat_distr (fat_distr) and Outcome (Outcome)
Harmonising fat_distr (fat_distr) and Outcome (Outcome)
[1] 413
[1] 413
  iteration traits posterior_prob regional_prob candidate_snp
1         1   None             NA        0.0169            NA
  posterior_explained_by_snp dropped_trait   lead_snp
1                         NA      iradjbmi rs11064289
[1] "SPLICING EVENT"
[1] "chr12:6602175:6602376:clu_13329_-:ENSG00000111642.16"
Harmonising fat_distr (fat_distr) and Outcome (Outcome)
Harmonising fat_distr (fat_distr) and Outcome (Outcome)
[1] 413
[1] 413
  iteration traits posterior_prob regional_prob candidate_snp
1         1   None             NA        0.0139            NA
  posterior_explained_by_snp dropped_trait   lead_snp
1                         NA      iradjbmi rs11064289
[1] "SPLICING EVENT"
[1] "chr12:6606451:6607300:clu_13332_-:ENSG00000111642.16"
Harmonising fat_distr (fat_distr) and Outcome (Outcome)
Harmonising fat_distr (fat_distr) and Outcome (Outcome)
[1] 413
[1] 413
  iteration traits posterior_prob regional_prob candidate_snp
1         1   None             NA        0.0171            NA
  posterior_explained_by_snp dropped_trait   lead_snp
1                         NA      iradjbmi rs11064289
[1] "LEAD INDEX"
[1] 4
[1] "SPLICING EVENT"
[1] "chr12:20370244:20556660:clu_15476_+:ENSG00000172572.7"
Harmonising fat_distr (fat_distr) and Outcome (Outcome)
Harmonising fat_distr (fat_distr) and Outcome (Outcome)
[1] 494
[1] 494
  iteration traits posterior_prob regional_prob candidate_snp
1         1   None             NA        0.0109            NA
  posterior_explained_by_snp dropped_trait   lead_snp
1                         NA      iradjbmi rs11045171
[1] "SPLICING EVENT"
[1] "chr12:20630127:20633693:clu_15478_+:ENSG00000172572.7"
Harmonising fat_distr (fat_distr) and Outcome (Outcome)
Harmonising fat_distr (fat_distr) and Outcome (Outcome)
[1] 494
[1] 494
  iteration traits posterior_prob regional_prob candidate_snp
1         1   None             NA        0.0163            NA
  posterior_explained_by_snp dropped_trait   lead_snp
1                         NA      iradjbmi rs11045171
[1] "SPLICING EVENT"
[1] "chr12:20633778:20634902:clu_15478_+:ENSG00000172572.7"
Harmonising fat_distr (fat_distr) and Outcome (Outcome)
Harmonising fat_distr (fat_distr) and Outcome (Outcome)
[1] 494
[1] 494
  iteration traits posterior_prob regional_prob candidate_snp
1         1   None             NA        0.0182            NA
  posterior_explained_by_snp dropped_trait   lead_snp
1                         NA      iradjbmi rs11045171
[1] "SPLICING EVENT"
[1] "chr12:20646950:20648688:clu_15480_+:ENSG00000172572.7"
Harmonising fat_distr (fat_distr) and Outcome (Outcome)
Harmonising fat_distr (fat_distr) and Outcome (Outcome)
[1] 494
[1] 494
  iteration traits posterior_prob regional_prob candidate_snp
1         1   None             NA        0.0098            NA
  posterior_explained_by_snp dropped_trait   lead_snp
1                         NA      iradjbmi rs11045171
[1] "SPLICING EVENT"
[1] "chr12:20648891:20650445:clu_15480_+:ENSG00000172572.7"
Harmonising fat_distr (fat_distr) and Outcome (Outcome)
Harmonising fat_distr (fat_distr) and Outcome (Outcome)
[1] 494
[1] 494
  iteration traits posterior_prob regional_prob candidate_snp
1         1   None             NA        0.0091            NA
  posterior_explained_by_snp dropped_trait   lead_snp
1                         NA      iradjbmi rs11045171
[1] "SPLICING EVENT"
[1] "chr12:20654205:20680030:clu_15481_+:ENSG00000172572.7"
Harmonising fat_distr (fat_distr) and Outcome (Outcome)
Harmonising fat_distr (fat_distr) and Outcome (Outcome)
[1] 494
[1] 494
  iteration traits posterior_prob regional_prob candidate_snp
1         1   None             NA        0.0086            NA
  posterior_explained_by_snp dropped_trait   lead_snp
1                         NA      iradjbmi rs11045171
[1] "LEAD INDEX"
[1] 5
[1] "SPLICING EVENT"
[1] "chr12:20370244:20556660:clu_15476_+:ENSG00000172572.7"
Harmonising fat_distr (fat_distr) and Outcome (Outcome)
Harmonising fat_distr (fat_distr) and Outcome (Outcome)
[1] 491
[1] 491
  iteration traits posterior_prob regional_prob candidate_snp
1         1   None             NA        0.0109            NA
  posterior_explained_by_snp dropped_trait  lead_snp
1                         NA      iradjbmi rs7134150
[1] "SPLICING EVENT"
[1] "chr12:20630127:20633693:clu_15478_+:ENSG00000172572.7"
Harmonising fat_distr (fat_distr) and Outcome (Outcome)
Harmonising fat_distr (fat_distr) and Outcome (Outcome)
[1] 491
[1] 491
  iteration traits posterior_prob regional_prob candidate_snp
1         1   None             NA        0.0163            NA
  posterior_explained_by_snp dropped_trait  lead_snp
1                         NA      iradjbmi rs7134150
[1] "SPLICING EVENT"
[1] "chr12:20633778:20634902:clu_15478_+:ENSG00000172572.7"
Harmonising fat_distr (fat_distr) and Outcome (Outcome)
Harmonising fat_distr (fat_distr) and Outcome (Outcome)
[1] 491
[1] 491
  iteration traits posterior_prob regional_prob candidate_snp
1         1   None             NA        0.0182            NA
  posterior_explained_by_snp dropped_trait  lead_snp
1                         NA      iradjbmi rs7134150
[1] "SPLICING EVENT"
[1] "chr12:20646950:20648688:clu_15480_+:ENSG00000172572.7"
Harmonising fat_distr (fat_distr) and Outcome (Outcome)
Harmonising fat_distr (fat_distr) and Outcome (Outcome)
[1] 491
[1] 491
  iteration traits posterior_prob regional_prob candidate_snp
1         1   None             NA        0.0098            NA
  posterior_explained_by_snp dropped_trait  lead_snp
1                         NA      iradjbmi rs7134150
[1] "SPLICING EVENT"
[1] "chr12:20648891:20650445:clu_15480_+:ENSG00000172572.7"
Harmonising fat_distr (fat_distr) and Outcome (Outcome)
Harmonising fat_distr (fat_distr) and Outcome (Outcome)
[1] 491
[1] 491
  iteration traits posterior_prob regional_prob candidate_snp
1         1   None             NA        0.0091            NA
  posterior_explained_by_snp dropped_trait  lead_snp
1                         NA      iradjbmi rs7134150
[1] "SPLICING EVENT"
[1] "chr12:20654205:20680030:clu_15481_+:ENSG00000172572.7"
Harmonising fat_distr (fat_distr) and Outcome (Outcome)
Harmonising fat_distr (fat_distr) and Outcome (Outcome)
[1] 491
[1] 491
  iteration traits posterior_prob regional_prob candidate_snp
1         1   None             NA        0.0086            NA
  posterior_explained_by_snp dropped_trait  lead_snp
1                         NA      iradjbmi rs7134150
[1] "LEAD INDEX"
[1] 6
[1] "LEAD INDEX"
[1] 7
[1] "LEAD INDEX"
[1] 8
[1] "LEAD INDEX"
[1] 9
[1] "LEAD INDEX"
[1] 10
[1] "LEAD INDEX"
[1] 11
[1] "LEAD INDEX"
[1] 12
[1] "LEAD INDEX"
[1] 13
[1] "SPLICING EVENT"
[1] "chr12:123924288:123942744:clu_14944_-:ENSG00000119242.9"
Harmonising fat_distr (fat_distr) and Outcome (Outcome)
Harmonising fat_distr (fat_distr) and Outcome (Outcome)
[1] 408
[1] 408
  iteration                                                            traits
1         1 iradjbmi, chr12:123924288:123942744:clu_14944_-:ENSG00000119242.9
  posterior_prob regional_prob candidate_snp posterior_explained_by_snp
1         0.8524        0.8817     rs7133378                      0.718
  dropped_trait  lead_snp
1            NA rs7133378
[1] "SPLICING EVENT"
[1] "chr12:123937830:123942744:clu_14944_-:ENSG00000119242.9"
Harmonising fat_distr (fat_distr) and Outcome (Outcome)
Harmonising fat_distr (fat_distr) and Outcome (Outcome)
[1] 408
[1] 408
  iteration                                                            traits
1         1 iradjbmi, chr12:123937830:123942744:clu_14944_-:ENSG00000119242.9
  posterior_prob regional_prob candidate_snp posterior_explained_by_snp
1         0.9307        0.9588     rs7133378                     0.7414
  dropped_trait  lead_snp
1            NA rs7133378
[1] "SPLICING EVENT"
[1] "chr12:123943493:123944272:clu_14945_-:ENSG00000119242.9"
Harmonising fat_distr (fat_distr) and Outcome (Outcome)
Harmonising fat_distr (fat_distr) and Outcome (Outcome)
[1] 408
[1] 408
  iteration                                                            traits
1         1 iradjbmi, chr12:123943493:123944272:clu_14945_-:ENSG00000119242.9
  posterior_prob regional_prob candidate_snp posterior_explained_by_snp
1          0.962             1    rs11057397                     0.1971
  dropped_trait  lead_snp
1            NA rs7133378
[1] "SPLICING EVENT"
[1] "chr12:123943493:123972529:clu_14945_-:ENSG00000119242.9"
Harmonising fat_distr (fat_distr) and Outcome (Outcome)
Harmonising fat_distr (fat_distr) and Outcome (Outcome)
[1] 408
[1] 408
  iteration traits posterior_prob regional_prob candidate_snp
1         1   None             NA        0.1876            NA
  posterior_explained_by_snp dropped_trait  lead_snp
1                         NA      iradjbmi rs7133378
[1] "SPLICING EVENT"
[1] "chr12:123944354:123972529:clu_14945_-:ENSG00000119242.9"
Harmonising fat_distr (fat_distr) and Outcome (Outcome)
Harmonising fat_distr (fat_distr) and Outcome (Outcome)
[1] 408
[1] 408
  iteration                                                            traits
1         1 iradjbmi, chr12:123944354:123972529:clu_14945_-:ENSG00000119242.9
  posterior_prob regional_prob candidate_snp posterior_explained_by_snp
1         0.8117             1     rs3802999                     0.1477
  dropped_trait  lead_snp
1            NA rs7133378
[1] "SPLICING EVENT"
[1] "chr12:123944364:123944669:clu_14945_-:ENSG00000119242.9"
Harmonising fat_distr (fat_distr) and Outcome (Outcome)
Harmonising fat_distr (fat_distr) and Outcome (Outcome)
[1] 408
[1] 408
  iteration                                                            traits
1         1 iradjbmi, chr12:123944364:123944669:clu_14945_-:ENSG00000119242.9
  posterior_prob regional_prob candidate_snp posterior_explained_by_snp
1         0.5309             1     rs4765148                     0.5509
  dropped_trait  lead_snp
1            NA rs7133378
[1] "SPLICING EVENT"
[1] "chr12:123944364:123956284:clu_14945_-:ENSG00000119242.9"
Harmonising fat_distr (fat_distr) and Outcome (Outcome)
Harmonising fat_distr (fat_distr) and Outcome (Outcome)
[1] 408
[1] 408
  iteration                                                            traits
1         1 iradjbmi, chr12:123944364:123956284:clu_14945_-:ENSG00000119242.9
  posterior_prob regional_prob candidate_snp posterior_explained_by_snp
1         0.8382        0.9112    rs11057397                     0.2577
  dropped_trait  lead_snp
1            NA rs7133378
[1] "SPLICING EVENT"
[1] "chr12:123944364:123972529:clu_14945_-:ENSG00000119242.9"
Harmonising fat_distr (fat_distr) and Outcome (Outcome)
Harmonising fat_distr (fat_distr) and Outcome (Outcome)
[1] 408
[1] 408
  iteration                                                            traits
1         1 iradjbmi, chr12:123944364:123972529:clu_14945_-:ENSG00000119242.9
  posterior_prob regional_prob candidate_snp posterior_explained_by_snp
1         0.5219             1     rs2178663                     0.6158
  dropped_trait  lead_snp
1            NA rs7133378
[1] "SPLICING EVENT"
[1] "chr12:123944740:123945704:clu_14945_-:ENSG00000119242.9"
Harmonising fat_distr (fat_distr) and Outcome (Outcome)
Harmonising fat_distr (fat_distr) and Outcome (Outcome)
[1] 408
[1] 408
  iteration                                                            traits
1         1 iradjbmi, chr12:123944740:123945704:clu_14945_-:ENSG00000119242.9
  posterior_prob regional_prob candidate_snp posterior_explained_by_snp
1         0.5034             1     rs2178663                     0.9921
  dropped_trait  lead_snp
1            NA rs7133378
[1] "SPLICING EVENT"
[1] "chr12:123945800:123972529:clu_14945_-:ENSG00000119242.9"
Harmonising fat_distr (fat_distr) and Outcome (Outcome)
Harmonising fat_distr (fat_distr) and Outcome (Outcome)
[1] 408
[1] 408
  iteration                                                            traits
1         1 iradjbmi, chr12:123945800:123972529:clu_14945_-:ENSG00000119242.9
  posterior_prob regional_prob candidate_snp posterior_explained_by_snp
1         0.5029             1     rs2178663                          1
  dropped_trait  lead_snp
1            NA rs7133378
[1] "SPLICING EVENT"
[1] "chr12:123956444:123972529:clu_14945_-:ENSG00000119242.9"
Harmonising fat_distr (fat_distr) and Outcome (Outcome)
Harmonising fat_distr (fat_distr) and Outcome (Outcome)
[1] 408
[1] 408
  iteration traits posterior_prob regional_prob candidate_snp
1         1   None             NA        0.2432            NA
  posterior_explained_by_snp dropped_trait  lead_snp
1                         NA      iradjbmi rs7133378
[1] "SPLICING EVENT"
[1] "chr12:123972972:123973886:clu_16759_+:ENSG00000179195.16"
Harmonising fat_distr (fat_distr) and Outcome (Outcome)
Harmonising fat_distr (fat_distr) and Outcome (Outcome)
[1] 408
[1] 408
  iteration traits posterior_prob regional_prob candidate_snp
1         1   None             NA        0.0144            NA
  posterior_explained_by_snp dropped_trait  lead_snp
1                         NA      iradjbmi rs7133378
[1] "SPLICING EVENT"
[1] "chr12:123973303:123973886:clu_16759_+:ENSG00000179195.16"
Harmonising fat_distr (fat_distr) and Outcome (Outcome)
Harmonising fat_distr (fat_distr) and Outcome (Outcome)
[1] 408
[1] 408
  iteration traits posterior_prob regional_prob candidate_snp
1         1   None             NA        0.0083            NA
  posterior_explained_by_snp dropped_trait  lead_snp
1                         NA      iradjbmi rs7133378
[1] "SPLICING EVENT"
[1] "chr12:123973352:123973886:clu_16759_+:ENSG00000179195.16"
Harmonising fat_distr (fat_distr) and Outcome (Outcome)
Harmonising fat_distr (fat_distr) and Outcome (Outcome)
[1] 408
[1] 408
  iteration traits posterior_prob regional_prob candidate_snp
1         1   None             NA        0.0132            NA
  posterior_explained_by_snp dropped_trait  lead_snp
1                         NA      iradjbmi rs7133378
[1] "SPLICING EVENT"
[1] "chr12:123974020:123988043:clu_16760_+:ENSG00000179195.16"
Harmonising fat_distr (fat_distr) and Outcome (Outcome)
Harmonising fat_distr (fat_distr) and Outcome (Outcome)
[1] 408
[1] 408
  iteration                                                             traits
1         1 iradjbmi, chr12:123974020:123988043:clu_16760_+:ENSG00000179195.16
  posterior_prob regional_prob candidate_snp posterior_explained_by_snp
1         0.6063        0.6531     rs7312404                     0.1393
  dropped_trait  lead_snp
1            NA rs7133378
[1] "SPLICING EVENT"
[1] "chr12:123974020:123988046:clu_16760_+:ENSG00000179195.16"
Harmonising fat_distr (fat_distr) and Outcome (Outcome)
Harmonising fat_distr (fat_distr) and Outcome (Outcome)
[1] 408
[1] 408
  iteration traits posterior_prob regional_prob candidate_snp
1         1   None             NA        0.0077            NA
  posterior_explained_by_snp dropped_trait  lead_snp
1                         NA      iradjbmi rs7133378
[1] "SPLICING EVENT"
[1] "chr12:123974020:124011381:clu_16760_+:ENSG00000179195.16"
Harmonising fat_distr (fat_distr) and Outcome (Outcome)
Harmonising fat_distr (fat_distr) and Outcome (Outcome)
[1] 408
[1] 408
  iteration traits posterior_prob regional_prob candidate_snp
1         1   None             NA        0.0749            NA
  posterior_explained_by_snp dropped_trait  lead_snp
1                         NA      iradjbmi rs7133378
[1] "SPLICING EVENT"
[1] "chr12:123988138:124003423:clu_16760_+:ENSG00000179195.16"
Harmonising fat_distr (fat_distr) and Outcome (Outcome)
Harmonising fat_distr (fat_distr) and Outcome (Outcome)
[1] 408
[1] 408
  iteration traits posterior_prob regional_prob candidate_snp
1         1   None             NA         0.019            NA
  posterior_explained_by_snp dropped_trait  lead_snp
1                         NA      iradjbmi rs7133378
[1] "SPLICING EVENT"
[1] "chr12:123988138:124004878:clu_16760_+:ENSG00000179195.16"
Harmonising fat_distr (fat_distr) and Outcome (Outcome)
Harmonising fat_distr (fat_distr) and Outcome (Outcome)
[1] 408
[1] 408
  iteration traits posterior_prob regional_prob candidate_snp
1         1   None             NA        0.0371            NA
  posterior_explained_by_snp dropped_trait  lead_snp
1                         NA      iradjbmi rs7133378
[1] "SPLICING EVENT"
[1] "chr12:123988138:124011381:clu_16760_+:ENSG00000179195.16"
Harmonising fat_distr (fat_distr) and Outcome (Outcome)
Harmonising fat_distr (fat_distr) and Outcome (Outcome)
[1] 408
[1] 408
  iteration traits posterior_prob regional_prob candidate_snp
1         1   None             NA        0.0065            NA
  posterior_explained_by_snp dropped_trait  lead_snp
1                         NA      iradjbmi rs7133378
[1] "SPLICING EVENT"
[1] "chr12:123988138:124088264:clu_16760_+:ENSG00000179195.16"
Harmonising fat_distr (fat_distr) and Outcome (Outcome)
Harmonising fat_distr (fat_distr) and Outcome (Outcome)
[1] 408
[1] 408
  iteration traits posterior_prob regional_prob candidate_snp
1         1   None             NA         0.044            NA
  posterior_explained_by_snp dropped_trait  lead_snp
1                         NA      iradjbmi rs7133378
[1] "SPLICING EVENT"
[1] "chr12:124003540:124004554:clu_16760_+:ENSG00000179195.16"
Harmonising fat_distr (fat_distr) and Outcome (Outcome)
Harmonising fat_distr (fat_distr) and Outcome (Outcome)
[1] 408
[1] 408
  iteration traits posterior_prob regional_prob candidate_snp
1         1   None             NA        0.0081            NA
  posterior_explained_by_snp dropped_trait  lead_snp
1                         NA      iradjbmi rs7133378
[1] "SPLICING EVENT"
[1] "chr12:124003540:124004878:clu_16760_+:ENSG00000179195.16"
Harmonising fat_distr (fat_distr) and Outcome (Outcome)
Harmonising fat_distr (fat_distr) and Outcome (Outcome)
[1] 408
[1] 408
  iteration                                                             traits
1         1 iradjbmi, chr12:124003540:124004878:clu_16760_+:ENSG00000179195.16
  posterior_prob regional_prob candidate_snp posterior_explained_by_snp
1         0.9408         0.999     rs7975482                     0.2446
  dropped_trait  lead_snp
1            NA rs7133378
[1] "SPLICING EVENT"
[1] "chr12:124004654:124004878:clu_16760_+:ENSG00000179195.16"
Harmonising fat_distr (fat_distr) and Outcome (Outcome)
Harmonising fat_distr (fat_distr) and Outcome (Outcome)
[1] 408
[1] 408
  iteration traits posterior_prob regional_prob candidate_snp
1         1   None             NA        0.0092            NA
  posterior_explained_by_snp dropped_trait  lead_snp
1                         NA      iradjbmi rs7133378
[1] "SPLICING EVENT"
[1] "chr12:124004935:124011381:clu_16760_+:ENSG00000179195.16"
Harmonising fat_distr (fat_distr) and Outcome (Outcome)
Harmonising fat_distr (fat_distr) and Outcome (Outcome)
[1] 408
[1] 408
  iteration traits posterior_prob regional_prob candidate_snp
1         1   None             NA        0.0633            NA
  posterior_explained_by_snp dropped_trait  lead_snp
1                         NA      iradjbmi rs7133378
[1] "LEAD INDEX"
[1] 14
[1] "CHROMOSOME"
[1] 13
[1] "LEAD INDEX"
[1] 1
[1] "SPLICING EVENT"
[1] "chr13:23181075:23203695:clu_17550_+:ENSG00000102683.8"
Harmonising fat_distr (fat_distr) and Outcome (Outcome)
Harmonising fat_distr (fat_distr) and Outcome (Outcome)
[1] 637
[1] 637
  iteration traits posterior_prob regional_prob candidate_snp
1         1   None             NA        0.0051            NA
  posterior_explained_by_snp dropped_trait  lead_snp
1                         NA      iradjbmi rs3829352
[1] "SPLICING EVENT"
[1] "chr13:23203889:23234611:clu_17550_+:ENSG00000102683.8"
Harmonising fat_distr (fat_distr) and Outcome (Outcome)
Harmonising fat_distr (fat_distr) and Outcome (Outcome)
[1] 637
[1] 637
  iteration traits posterior_prob regional_prob candidate_snp
1         1   None             NA        0.0059            NA
  posterior_explained_by_snp dropped_trait  lead_snp
1                         NA      iradjbmi rs3829352
[1] "SPLICING EVENT"
[1] "chr13:23295487:23320637:clu_17552_+:ENSG00000102683.8"
Harmonising fat_distr (fat_distr) and Outcome (Outcome)
Harmonising fat_distr (fat_distr) and Outcome (Outcome)
[1] 637
[1] 637
  iteration traits posterior_prob regional_prob candidate_snp
1         1   None             NA         0.005            NA
  posterior_explained_by_snp dropped_trait  lead_snp
1                         NA      iradjbmi rs3829352
[1] "SPLICING EVENT"
[1] "chr13:23320760:23324368:clu_17552_+:ENSG00000102683.8"
Harmonising fat_distr (fat_distr) and Outcome (Outcome)
Harmonising fat_distr (fat_distr) and Outcome (Outcome)
[1] 637
[1] 637
  iteration traits posterior_prob regional_prob candidate_snp
1         1   None             NA         0.007            NA
  posterior_explained_by_snp dropped_trait  lead_snp
1                         NA      iradjbmi rs3829352
[1] "SPLICING EVENT"
[1] "chr13:23356007:23358335:clu_16946_-:ENSG00000151835.17"
Harmonising fat_distr (fat_distr) and Outcome (Outcome)
Harmonising fat_distr (fat_distr) and Outcome (Outcome)
[1] 637
[1] 637
  iteration traits posterior_prob regional_prob candidate_snp
1         1   None             NA        0.0079            NA
  posterior_explained_by_snp dropped_trait  lead_snp
1                         NA      iradjbmi rs3829352
[1] "SPLICING EVENT"
[1] "chr13:23358481:23365166:clu_16946_-:ENSG00000151835.17"
Harmonising fat_distr (fat_distr) and Outcome (Outcome)
Harmonising fat_distr (fat_distr) and Outcome (Outcome)
[1] 637
[1] 637
  iteration traits posterior_prob regional_prob candidate_snp
1         1   None             NA        0.0062            NA
  posterior_explained_by_snp dropped_trait  lead_snp
1                         NA      iradjbmi rs3829352
[1] "LEAD INDEX"
[1] 2
[1] "LEAD INDEX"
[1] 3
[1] "SPLICING EVENT"
[1] "chr13:113981858:113992485:clu_17506_-:ENSG00000185989.11"
Harmonising fat_distr (fat_distr) and Outcome (Outcome)
Harmonising fat_distr (fat_distr) and Outcome (Outcome)
[1] 246
[1] 246
  iteration traits posterior_prob regional_prob candidate_snp
1         1   None             NA        0.4603            NA
  posterior_explained_by_snp
1                         NA
                                             dropped_trait  lead_snp
1 chr13:113981858:113992485:clu_17506_-:ENSG00000185989.11 rs4393438
[1] "SPLICING EVENT"
[1] "chr13:113991358:113992485:clu_17506_-:ENSG00000185989.11"
Harmonising fat_distr (fat_distr) and Outcome (Outcome)
Harmonising fat_distr (fat_distr) and Outcome (Outcome)
[1] 246
[1] 246
  iteration traits posterior_prob regional_prob candidate_snp
1         1   None             NA        0.4612            NA
  posterior_explained_by_snp
1                         NA
                                             dropped_trait  lead_snp
1 chr13:113991358:113992485:clu_17506_-:ENSG00000185989.11 rs4393438
[1] "SPLICING EVENT"
[1] "chr13:114009464:114011171:clu_17507_-:ENSG00000185989.11"
Harmonising fat_distr (fat_distr) and Outcome (Outcome)
Harmonising fat_distr (fat_distr) and Outcome (Outcome)
[1] 246
[1] 246
  iteration                                                             traits
1         1 iradjbmi, chr13:114009464:114011171:clu_17507_-:ENSG00000185989.11
  posterior_prob regional_prob candidate_snp posterior_explained_by_snp
1         0.9631        0.9747     rs4393438                     0.3297
  dropped_trait  lead_snp
1            NA rs4393438
[1] "SPLICING EVENT"
[1] "chr13:114009533:114011171:clu_17507_-:ENSG00000185989.11"
Harmonising fat_distr (fat_distr) and Outcome (Outcome)
Harmonising fat_distr (fat_distr) and Outcome (Outcome)
[1] 246
[1] 246
  iteration                                                             traits
1         1 iradjbmi, chr13:114009533:114011171:clu_17507_-:ENSG00000185989.11
  posterior_prob regional_prob candidate_snp posterior_explained_by_snp
1         0.9628        0.9745     rs4393438                     0.2845
  dropped_trait  lead_snp
1            NA rs4393438
[1] "SPLICING EVENT"
[1] "chr13:114011248:114013142:clu_17510_-:ENSG00000185989.11"
Harmonising fat_distr (fat_distr) and Outcome (Outcome)
Harmonising fat_distr (fat_distr) and Outcome (Outcome)
[1] 246
[1] 246
  iteration traits posterior_prob regional_prob candidate_snp
1         1   None             NA         0.237            NA
  posterior_explained_by_snp dropped_trait  lead_snp
1                         NA      iradjbmi rs4393438
[1] "SPLICING EVENT"
[1] "chr13:114013248:114015209:clu_17511_-:ENSG00000185989.11"
Harmonising fat_distr (fat_distr) and Outcome (Outcome)
Harmonising fat_distr (fat_distr) and Outcome (Outcome)
[1] 246
[1] 246
  iteration traits posterior_prob regional_prob candidate_snp
1         1   None             NA         1e-04            NA
  posterior_explained_by_snp
1                         NA
                                             dropped_trait  lead_snp
1 chr13:114013248:114015209:clu_17511_-:ENSG00000185989.11 rs4393438
[1] "SPLICING EVENT"
[1] "chr13:114017351:114018104:clu_17513_-:ENSG00000185989.11"
Harmonising fat_distr (fat_distr) and Outcome (Outcome)
Harmonising fat_distr (fat_distr) and Outcome (Outcome)
[1] 246
[1] 246
  iteration traits posterior_prob regional_prob candidate_snp
1         1   None             NA        0.0057            NA
  posterior_explained_by_snp dropped_trait  lead_snp
1                         NA      iradjbmi rs4393438
[1] "SPLICING EVENT"
[1] "chr13:114018252:114018763:clu_17514_-:ENSG00000185989.11"
Harmonising fat_distr (fat_distr) and Outcome (Outcome)
Harmonising fat_distr (fat_distr) and Outcome (Outcome)
[1] 246
[1] 246
  iteration traits posterior_prob regional_prob candidate_snp
1         1   None             NA        0.0124            NA
  posterior_explained_by_snp dropped_trait  lead_snp
1                         NA      iradjbmi rs4393438
[1] "SPLICING EVENT"
[1] "chr13:114018919:114021404:clu_17514_-:ENSG00000185989.11"
Harmonising fat_distr (fat_distr) and Outcome (Outcome)
Harmonising fat_distr (fat_distr) and Outcome (Outcome)
[1] 246
[1] 246
  iteration traits posterior_prob regional_prob candidate_snp
1         1   None             NA        0.0089            NA
  posterior_explained_by_snp dropped_trait  lead_snp
1                         NA      iradjbmi rs4393438
[1] "SPLICING EVENT"
[1] "chr13:114029887:114041000:clu_17508_-:ENSG00000185989.11"
Harmonising fat_distr (fat_distr) and Outcome (Outcome)
Harmonising fat_distr (fat_distr) and Outcome (Outcome)
[1] 246
[1] 246
  iteration traits posterior_prob regional_prob candidate_snp
1         1   None             NA        0.0066            NA
  posterior_explained_by_snp dropped_trait  lead_snp
1                         NA      iradjbmi rs4393438
[1] "SPLICING EVENT"
[1] "chr13:114029887:114052052:clu_17508_-:ENSG00000185989.11"
Harmonising fat_distr (fat_distr) and Outcome (Outcome)
Harmonising fat_distr (fat_distr) and Outcome (Outcome)
[1] 246
[1] 246
  iteration                                                             traits
1         1 iradjbmi, chr13:114029887:114052052:clu_17508_-:ENSG00000185989.11
  posterior_prob regional_prob candidate_snp posterior_explained_by_snp
1          0.714        0.7344     rs9525319                     0.2564
  dropped_trait  lead_snp
1            NA rs4393438
[1] "SPLICING EVENT"
[1] "chr13:114041094:114043474:clu_17508_-:ENSG00000185989.11"
Harmonising fat_distr (fat_distr) and Outcome (Outcome)
Harmonising fat_distr (fat_distr) and Outcome (Outcome)
[1] 246
[1] 246
  iteration traits posterior_prob regional_prob candidate_snp
1         1   None             NA         2e-04            NA
  posterior_explained_by_snp
1                         NA
                                             dropped_trait  lead_snp
1 chr13:114041094:114043474:clu_17508_-:ENSG00000185989.11 rs4393438
[1] "SPLICING EVENT"
[1] "chr13:114041094:114052052:clu_17508_-:ENSG00000185989.11"
Harmonising fat_distr (fat_distr) and Outcome (Outcome)
Harmonising fat_distr (fat_distr) and Outcome (Outcome)
[1] 246
[1] 246
  iteration traits posterior_prob regional_prob candidate_snp
1         1   None             NA        0.0101            NA
  posterior_explained_by_snp dropped_trait  lead_snp
1                         NA      iradjbmi rs4393438
[1] "SPLICING EVENT"
[1] "chr13:114052155:114056456:clu_17509_-:ENSG00000185989.11"
Harmonising fat_distr (fat_distr) and Outcome (Outcome)
Harmonising fat_distr (fat_distr) and Outcome (Outcome)
[1] 246
[1] 246
  iteration traits posterior_prob regional_prob candidate_snp
1         1   None             NA        0.0098            NA
  posterior_explained_by_snp dropped_trait  lead_snp
1                         NA      iradjbmi rs4393438
[1] "SPLICING EVENT"
[1] "chr13:114052155:114073720:clu_17509_-:ENSG00000185989.11"
Harmonising fat_distr (fat_distr) and Outcome (Outcome)
Harmonising fat_distr (fat_distr) and Outcome (Outcome)
[1] 246
[1] 246
  iteration traits posterior_prob regional_prob candidate_snp
1         1   None             NA         0.008            NA
  posterior_explained_by_snp dropped_trait  lead_snp
1                         NA      iradjbmi rs4393438
[1] "CHROMOSOME"
[1] 14
[1] "LEAD INDEX"
[1] 1
[1] "CHROMOSOME"
[1] 15
[1] "LEAD INDEX"
[1] 1
[1] "LEAD INDEX"
[1] 2
[1] "SPLICING EVENT"
[1] "chr15:42725251:42725489:clu_20611_-:ENSG00000140326.13"
Harmonising fat_distr (fat_distr) and Outcome (Outcome)
Harmonising fat_distr (fat_distr) and Outcome (Outcome)
[1] 244
[1] 244
  iteration traits posterior_prob regional_prob candidate_snp
1         1   None             NA        0.0156            NA
  posterior_explained_by_snp dropped_trait   lead_snp
1                         NA      iradjbmi rs12917018
[1] "SPLICING EVENT"
[1] "chr15:42725670:42726097:clu_20612_-:ENSG00000140326.13"
Harmonising fat_distr (fat_distr) and Outcome (Outcome)
Harmonising fat_distr (fat_distr) and Outcome (Outcome)
[1] 244
[1] 244
  iteration traits posterior_prob regional_prob candidate_snp
1         1   None             NA        0.0253            NA
  posterior_explained_by_snp dropped_trait   lead_snp
1                         NA      iradjbmi rs12917018
[1] "SPLICING EVENT"
[1] "chr15:42725670:42726310:clu_20612_-:ENSG00000140326.13"
Harmonising fat_distr (fat_distr) and Outcome (Outcome)
Harmonising fat_distr (fat_distr) and Outcome (Outcome)
[1] 244
[1] 244
  iteration traits posterior_prob regional_prob candidate_snp
1         1   None             NA        0.0907            NA
  posterior_explained_by_snp dropped_trait   lead_snp
1                         NA      iradjbmi rs12917018
[1] "SPLICING EVENT"
[1] "chr15:42726160:42726310:clu_20612_-:ENSG00000140326.13"
Harmonising fat_distr (fat_distr) and Outcome (Outcome)
Harmonising fat_distr (fat_distr) and Outcome (Outcome)
[1] 244
[1] 244
  iteration traits posterior_prob regional_prob candidate_snp
1         1   None             NA        0.0164            NA
  posterior_explained_by_snp dropped_trait   lead_snp
1                         NA      iradjbmi rs12917018
[1] "SPLICING EVENT"
[1] "chr15:42726417:42727621:clu_20613_-:ENSG00000140326.13"
Harmonising fat_distr (fat_distr) and Outcome (Outcome)
Harmonising fat_distr (fat_distr) and Outcome (Outcome)
[1] 244
[1] 244
  iteration traits posterior_prob regional_prob candidate_snp
1         1   None             NA        0.0157            NA
  posterior_explained_by_snp dropped_trait   lead_snp
1                         NA      iradjbmi rs12917018
[1] "SPLICING EVENT"
[1] "chr15:42726417:42727668:clu_20613_-:ENSG00000140326.13"
Harmonising fat_distr (fat_distr) and Outcome (Outcome)
Harmonising fat_distr (fat_distr) and Outcome (Outcome)
[1] 244
[1] 244
  iteration traits posterior_prob regional_prob candidate_snp
1         1   None             NA        0.0197            NA
  posterior_explained_by_snp dropped_trait   lead_snp
1                         NA      iradjbmi rs12917018
[1] "SPLICING EVENT"
[1] "chr15:42727769:42727955:clu_20613_-:ENSG00000140326.13"
Harmonising fat_distr (fat_distr) and Outcome (Outcome)
Harmonising fat_distr (fat_distr) and Outcome (Outcome)
[1] 244
[1] 244
  iteration traits posterior_prob regional_prob candidate_snp
1         1   None             NA        0.0181            NA
  posterior_explained_by_snp dropped_trait   lead_snp
1                         NA      iradjbmi rs12917018
[1] "SPLICING EVENT"
[1] "chr15:42728267:42728652:clu_20615_-:ENSG00000140326.13"
Harmonising fat_distr (fat_distr) and Outcome (Outcome)
Harmonising fat_distr (fat_distr) and Outcome (Outcome)
[1] 244
[1] 244
  iteration traits posterior_prob regional_prob candidate_snp
1         1   None             NA         0.018            NA
  posterior_explained_by_snp dropped_trait   lead_snp
1                         NA      iradjbmi rs12917018
[1] "SPLICING EVENT"
[1] "chr15:42728810:42729023:clu_20615_-:ENSG00000140326.13"
Harmonising fat_distr (fat_distr) and Outcome (Outcome)
Harmonising fat_distr (fat_distr) and Outcome (Outcome)
[1] 244
[1] 244
  iteration traits posterior_prob regional_prob candidate_snp
1         1   None             NA        0.0174            NA
  posterior_explained_by_snp dropped_trait   lead_snp
1                         NA      iradjbmi rs12917018
[1] "SPLICING EVENT"
[1] "chr15:42730764:42730925:clu_20616_-:ENSG00000140326.13"
Harmonising fat_distr (fat_distr) and Outcome (Outcome)
Harmonising fat_distr (fat_distr) and Outcome (Outcome)
[1] 244
[1] 244
  iteration traits posterior_prob regional_prob candidate_snp
1         1   None             NA         0.016            NA
  posterior_explained_by_snp dropped_trait   lead_snp
1                         NA      iradjbmi rs12917018
[1] "SPLICING EVENT"
[1] "chr15:42730764:42730963:clu_20616_-:ENSG00000140326.13"
Harmonising fat_distr (fat_distr) and Outcome (Outcome)
Harmonising fat_distr (fat_distr) and Outcome (Outcome)
[1] 244
[1] 244
  iteration traits posterior_prob regional_prob candidate_snp
1         1   None             NA         0.016            NA
  posterior_explained_by_snp dropped_trait   lead_snp
1                         NA      iradjbmi rs12917018
[1] "SPLICING EVENT"
[1] "chr15:42733186:42733938:clu_20617_-:ENSG00000140326.13"
Harmonising fat_distr (fat_distr) and Outcome (Outcome)
Harmonising fat_distr (fat_distr) and Outcome (Outcome)
[1] 244
[1] 244
  iteration traits posterior_prob regional_prob candidate_snp
1         1   None             NA        0.0161            NA
  posterior_explained_by_snp dropped_trait   lead_snp
1                         NA      iradjbmi rs12917018
[1] "SPLICING EVENT"
[1] "chr15:42734047:42734226:clu_20618_-:ENSG00000140326.13"
Harmonising fat_distr (fat_distr) and Outcome (Outcome)
Harmonising fat_distr (fat_distr) and Outcome (Outcome)
[1] 244
[1] 244
  iteration traits posterior_prob regional_prob candidate_snp
1         1   None             NA        0.0161            NA
  posterior_explained_by_snp dropped_trait   lead_snp
1                         NA      iradjbmi rs12917018
[1] "SPLICING EVENT"
[1] "chr15:42734047:42735100:clu_20618_-:ENSG00000140326.13"
Harmonising fat_distr (fat_distr) and Outcome (Outcome)
Harmonising fat_distr (fat_distr) and Outcome (Outcome)
[1] 244
[1] 244
  iteration traits posterior_prob regional_prob candidate_snp
1         1   None             NA        0.0169            NA
  posterior_explained_by_snp dropped_trait   lead_snp
1                         NA      iradjbmi rs12917018
[1] "SPLICING EVENT"
[1] "chr15:42734346:42735100:clu_20618_-:ENSG00000140326.13"
Harmonising fat_distr (fat_distr) and Outcome (Outcome)
Harmonising fat_distr (fat_distr) and Outcome (Outcome)
[1] 244
[1] 244
  iteration traits posterior_prob regional_prob candidate_snp
1         1   None             NA        0.0166            NA
  posterior_explained_by_snp dropped_trait   lead_snp
1                         NA      iradjbmi rs12917018
[1] "SPLICING EVENT"
[1] "chr15:42735327:42735510:clu_20619_-:ENSG00000140326.13"
Harmonising fat_distr (fat_distr) and Outcome (Outcome)
Harmonising fat_distr (fat_distr) and Outcome (Outcome)
[1] 244
[1] 244
  iteration traits posterior_prob regional_prob candidate_snp
1         1   None             NA        0.0166            NA
  posterior_explained_by_snp dropped_trait   lead_snp
1                         NA      iradjbmi rs12917018
[1] "SPLICING EVENT"
[1] "chr15:42735374:42735510:clu_20619_-:ENSG00000140326.13"
Harmonising fat_distr (fat_distr) and Outcome (Outcome)
Harmonising fat_distr (fat_distr) and Outcome (Outcome)
[1] 244
[1] 244
  iteration traits posterior_prob regional_prob candidate_snp
1         1   None             NA        0.0178            NA
  posterior_explained_by_snp dropped_trait   lead_snp
1                         NA      iradjbmi rs12917018
[1] "SPLICING EVENT"
[1] "chr15:42736078:42736302:clu_20621_-:ENSG00000140326.13"
Harmonising fat_distr (fat_distr) and Outcome (Outcome)
Harmonising fat_distr (fat_distr) and Outcome (Outcome)
[1] 244
[1] 244
  iteration traits posterior_prob regional_prob candidate_snp
1         1   None             NA        0.0166            NA
  posterior_explained_by_snp dropped_trait   lead_snp
1                         NA      iradjbmi rs12917018
[1] "SPLICING EVENT"
[1] "chr15:42736081:42736302:clu_20621_-:ENSG00000140326.13"
Harmonising fat_distr (fat_distr) and Outcome (Outcome)
Harmonising fat_distr (fat_distr) and Outcome (Outcome)
[1] 244
[1] 244
  iteration traits posterior_prob regional_prob candidate_snp
1         1   None             NA        0.0164            NA
  posterior_explained_by_snp dropped_trait   lead_snp
1                         NA      iradjbmi rs12917018
[1] "SPLICING EVENT"
[1] "chr15:42736780:42737013:clu_20621_-:ENSG00000140326.13"
Harmonising fat_distr (fat_distr) and Outcome (Outcome)
Harmonising fat_distr (fat_distr) and Outcome (Outcome)
[1] 244
[1] 244
  iteration traits posterior_prob regional_prob candidate_snp
1         1   None             NA        0.0162            NA
  posterior_explained_by_snp dropped_trait   lead_snp
1                         NA      iradjbmi rs12917018
[1] "SPLICING EVENT"
[1] "chr15:42783635:42794644:clu_20624_-:ENSG00000128881.18"
Harmonising fat_distr (fat_distr) and Outcome (Outcome)
Harmonising fat_distr (fat_distr) and Outcome (Outcome)
[1] 244
[1] 244
  iteration traits posterior_prob regional_prob candidate_snp
1         1   None             NA        0.0279            NA
  posterior_explained_by_snp dropped_trait   lead_snp
1                         NA      iradjbmi rs12917018
[1] "SPLICING EVENT"
[1] "chr15:42794801:42810614:clu_20624_-:ENSG00000128881.18"
Harmonising fat_distr (fat_distr) and Outcome (Outcome)
Harmonising fat_distr (fat_distr) and Outcome (Outcome)
[1] 244
[1] 244
  iteration traits posterior_prob regional_prob candidate_snp
1         1   None             NA        0.0297            NA
  posterior_explained_by_snp dropped_trait   lead_snp
1                         NA      iradjbmi rs12917018
[1] "SPLICING EVENT"
[1] "chr15:42830078:42840360:clu_20626_-:ENSG00000128881.18"
Harmonising fat_distr (fat_distr) and Outcome (Outcome)
Harmonising fat_distr (fat_distr) and Outcome (Outcome)
[1] 244
[1] 244
  iteration traits posterior_prob regional_prob candidate_snp
1         1   None             NA        0.0173            NA
  posterior_explained_by_snp dropped_trait   lead_snp
1                         NA      iradjbmi rs12917018
[1] "SPLICING EVENT"
[1] "chr15:42840433:42871445:clu_20626_-:ENSG00000128881.18"
Harmonising fat_distr (fat_distr) and Outcome (Outcome)
Harmonising fat_distr (fat_distr) and Outcome (Outcome)
[1] 244
[1] 244
  iteration traits posterior_prob regional_prob candidate_snp
1         1   None             NA        0.0163            NA
  posterior_explained_by_snp dropped_trait   lead_snp
1                         NA      iradjbmi rs12917018
[1] "SPLICING EVENT"
[1] "chr15:42840433:42872611:clu_20626_-:ENSG00000128881.18"
Harmonising fat_distr (fat_distr) and Outcome (Outcome)
Harmonising fat_distr (fat_distr) and Outcome (Outcome)
[1] 244
[1] 244
  iteration traits posterior_prob regional_prob candidate_snp
1         1   None             NA        0.0163            NA
  posterior_explained_by_snp dropped_trait   lead_snp
1                         NA      iradjbmi rs12917018
[1] "SPLICING EVENT"
[1] "chr15:42872758:42878549:clu_20626_-:ENSG00000128881.18"
Harmonising fat_distr (fat_distr) and Outcome (Outcome)
Harmonising fat_distr (fat_distr) and Outcome (Outcome)
[1] 244
[1] 244
  iteration traits posterior_prob regional_prob candidate_snp
1         1   None             NA        0.0171            NA
  posterior_explained_by_snp dropped_trait   lead_snp
1                         NA      iradjbmi rs12917018
[1] "LEAD INDEX"
[1] 3
[1] "SPLICING EVENT"
[1] "chr15:39581228:39581708:clu_21759_+:ENSG00000137801.11"
Harmonising fat_distr (fat_distr) and Outcome (Outcome)
Removing the following SNPs for incompatible alleles:
chr15:39634951
Harmonising fat_distr (fat_distr) and Outcome (Outcome)
[1] 573
[1] 573
  iteration traits posterior_prob regional_prob candidate_snp
1         1   None             NA        0.0142            NA
  posterior_explained_by_snp dropped_trait lead_snp
1                         NA      iradjbmi rs275184
[1] "SPLICING EVENT"
[1] "chr15:39581228:39581829:clu_21759_+:ENSG00000137801.11"
Harmonising fat_distr (fat_distr) and Outcome (Outcome)
Removing the following SNPs for incompatible alleles:
chr15:39634951
Harmonising fat_distr (fat_distr) and Outcome (Outcome)
[1] 573
[1] 573
  iteration traits posterior_prob regional_prob candidate_snp
1         1   None             NA        0.0135            NA
  posterior_explained_by_snp dropped_trait lead_snp
1                         NA      iradjbmi rs275184
[1] "SPLICING EVENT"
[1] "chr15:39581924:39582193:clu_21760_+:ENSG00000137801.11"
Harmonising fat_distr (fat_distr) and Outcome (Outcome)
Removing the following SNPs for incompatible alleles:
chr15:39634951
Harmonising fat_distr (fat_distr) and Outcome (Outcome)
[1] 573
[1] 573
  iteration traits posterior_prob regional_prob candidate_snp
1         1   None             NA        0.0068            NA
  posterior_explained_by_snp dropped_trait lead_snp
1                         NA      iradjbmi rs275184
[1] "SPLICING EVENT"
[1] "chr15:39588218:39588526:clu_21757_+:ENSG00000137801.11"
Harmonising fat_distr (fat_distr) and Outcome (Outcome)
Removing the following SNPs for incompatible alleles:
chr15:39634951
Harmonising fat_distr (fat_distr) and Outcome (Outcome)
[1] 573
[1] 573
  iteration traits posterior_prob regional_prob candidate_snp
1         1   None             NA        0.0091            NA
  posterior_explained_by_snp dropped_trait lead_snp
1                         NA      iradjbmi rs275184
[1] "SPLICING EVENT"
[1] "chr15:39588218:39588959:clu_21757_+:ENSG00000137801.11"
Harmonising fat_distr (fat_distr) and Outcome (Outcome)
Removing the following SNPs for incompatible alleles:
chr15:39634951
Harmonising fat_distr (fat_distr) and Outcome (Outcome)
[1] 573
[1] 573
  iteration traits posterior_prob regional_prob candidate_snp
1         1   None             NA        0.0023            NA
  posterior_explained_by_snp
1                         NA
                                           dropped_trait lead_snp
1 chr15:39588218:39588959:clu_21757_+:ENSG00000137801.11 rs275184
[1] "SPLICING EVENT"
[1] "chr15:39588699:39588959:clu_21757_+:ENSG00000137801.11"
Harmonising fat_distr (fat_distr) and Outcome (Outcome)
Removing the following SNPs for incompatible alleles:
chr15:39634951
Harmonising fat_distr (fat_distr) and Outcome (Outcome)
[1] 573
[1] 573
  iteration traits posterior_prob regional_prob candidate_snp
1         1   None             NA        0.0083            NA
  posterior_explained_by_snp dropped_trait lead_snp
1                         NA      iradjbmi rs275184
[1] "SPLICING EVENT"
[1] "chr15:39590023:39590443:clu_21758_+:ENSG00000137801.11"
Harmonising fat_distr (fat_distr) and Outcome (Outcome)
Removing the following SNPs for incompatible alleles:
chr15:39634951
Harmonising fat_distr (fat_distr) and Outcome (Outcome)
[1] 573
[1] 573
  iteration traits posterior_prob regional_prob candidate_snp
1         1   None             NA        0.0098            NA
  posterior_explained_by_snp dropped_trait lead_snp
1                         NA      iradjbmi rs275184
[1] "SPLICING EVENT"
[1] "chr15:39590023:39590516:clu_21758_+:ENSG00000137801.11"
Harmonising fat_distr (fat_distr) and Outcome (Outcome)
Removing the following SNPs for incompatible alleles:
chr15:39634951
Harmonising fat_distr (fat_distr) and Outcome (Outcome)
[1] 573
[1] 573
  iteration traits posterior_prob regional_prob candidate_snp
1         1   None             NA        0.0088            NA
  posterior_explained_by_snp dropped_trait lead_snp
1                         NA      iradjbmi rs275184
[1] "LEAD INDEX"
[1] 4
[1] "LEAD INDEX"
[1] 5
[1] "LEAD INDEX"
[1] 6
[1] "SPLICING EVENT"
[1] "chr15:63042943:63043706:clu_22087_+:ENSG00000140416.23"
Harmonising fat_distr (fat_distr) and Outcome (Outcome)
Harmonising fat_distr (fat_distr) and Outcome (Outcome)
[1] 491
[1] 491
  iteration traits posterior_prob regional_prob candidate_snp
1         1   None             NA        0.0065            NA
  posterior_explained_by_snp dropped_trait  lead_snp
1                         NA      iradjbmi rs2729827
[1] "SPLICING EVENT"
[1] "chr15:63042943:63044027:clu_22087_+:ENSG00000140416.23"
Harmonising fat_distr (fat_distr) and Outcome (Outcome)
Harmonising fat_distr (fat_distr) and Outcome (Outcome)
[1] 491
[1] 491
  iteration traits posterior_prob regional_prob candidate_snp
1         1   None             NA        0.0066            NA
  posterior_explained_by_snp dropped_trait  lead_snp
1                         NA      iradjbmi rs2729827
[1] "SPLICING EVENT"
[1] "chr15:63043831:63056985:clu_22088_+:ENSG00000140416.23"
Harmonising fat_distr (fat_distr) and Outcome (Outcome)
Harmonising fat_distr (fat_distr) and Outcome (Outcome)
[1] 491
[1] 491
  iteration traits posterior_prob regional_prob candidate_snp
1         1   None             NA        0.0214            NA
  posterior_explained_by_snp dropped_trait  lead_snp
1                         NA      iradjbmi rs2729827
[1] "SPLICING EVENT"
[1] "chr15:63044152:63056985:clu_22088_+:ENSG00000140416.23"
Harmonising fat_distr (fat_distr) and Outcome (Outcome)
Harmonising fat_distr (fat_distr) and Outcome (Outcome)
[1] 491
[1] 491
  iteration traits posterior_prob regional_prob candidate_snp
1         1   None             NA        0.0143            NA
  posterior_explained_by_snp dropped_trait  lead_snp
1                         NA      iradjbmi rs2729827
[1] "SPLICING EVENT"
[1] "chr15:63048707:63056985:clu_22088_+:ENSG00000140416.23"
Harmonising fat_distr (fat_distr) and Outcome (Outcome)
Harmonising fat_distr (fat_distr) and Outcome (Outcome)
[1] 491
[1] 491
  iteration traits posterior_prob regional_prob candidate_snp
1         1   None             NA        0.1605            NA
  posterior_explained_by_snp dropped_trait  lead_snp
1                         NA      iradjbmi rs2729827
[1] "SPLICING EVENT"
[1] "chr15:63057118:63059563:clu_22103_+:ENSG00000140416.23"
Harmonising fat_distr (fat_distr) and Outcome (Outcome)
Harmonising fat_distr (fat_distr) and Outcome (Outcome)
[1] 491
[1] 491
  iteration traits posterior_prob regional_prob candidate_snp
1         1   None             NA        0.0113            NA
  posterior_explained_by_snp dropped_trait  lead_snp
1                         NA      iradjbmi rs2729827
[1] "SPLICING EVENT"
[1] "chr15:63060939:63061198:clu_22089_+:ENSG00000140416.23"
Harmonising fat_distr (fat_distr) and Outcome (Outcome)
Harmonising fat_distr (fat_distr) and Outcome (Outcome)
[1] 491
[1] 491
  iteration traits posterior_prob regional_prob candidate_snp
1         1   None             NA        0.0081            NA
  posterior_explained_by_snp dropped_trait  lead_snp
1                         NA      iradjbmi rs2729827
[1] "SPLICING EVENT"
[1] "chr15:63060939:63061713:clu_22089_+:ENSG00000140416.23"
Harmonising fat_distr (fat_distr) and Outcome (Outcome)
Harmonising fat_distr (fat_distr) and Outcome (Outcome)
[1] 491
[1] 491
  iteration traits posterior_prob regional_prob candidate_snp
1         1   None             NA        0.0078            NA
  posterior_explained_by_snp dropped_trait  lead_snp
1                         NA      iradjbmi rs2729827
[1] "SPLICING EVENT"
[1] "chr15:63061273:63061713:clu_22089_+:ENSG00000140416.23"
Harmonising fat_distr (fat_distr) and Outcome (Outcome)
Harmonising fat_distr (fat_distr) and Outcome (Outcome)
[1] 491
[1] 491
  iteration traits posterior_prob regional_prob candidate_snp
1         1   None             NA        0.0084            NA
  posterior_explained_by_snp dropped_trait  lead_snp
1                         NA      iradjbmi rs2729827
[1] "SPLICING EVENT"
[1] "chr15:63061273:63062215:clu_22089_+:ENSG00000140416.23"
Harmonising fat_distr (fat_distr) and Outcome (Outcome)
Harmonising fat_distr (fat_distr) and Outcome (Outcome)
[1] 491
[1] 491
  iteration traits posterior_prob regional_prob candidate_snp
1         1   None             NA        0.0077            NA
  posterior_explained_by_snp dropped_trait  lead_snp
1                         NA      iradjbmi rs2729827
[1] "SPLICING EVENT"
[1] "chr15:63061788:63062215:clu_22089_+:ENSG00000140416.23"
Harmonising fat_distr (fat_distr) and Outcome (Outcome)
Harmonising fat_distr (fat_distr) and Outcome (Outcome)
[1] 491
[1] 491
  iteration traits posterior_prob regional_prob candidate_snp
1         1   None             NA        0.0081            NA
  posterior_explained_by_snp dropped_trait  lead_snp
1                         NA      iradjbmi rs2729827
[1] "SPLICING EVENT"
[1] "chr15:63062645:63064064:clu_22090_+:ENSG00000140416.23"
Harmonising fat_distr (fat_distr) and Outcome (Outcome)
Harmonising fat_distr (fat_distr) and Outcome (Outcome)
[1] 491
[1] 491
  iteration traits posterior_prob regional_prob candidate_snp
1         1   None             NA        0.0107            NA
  posterior_explained_by_snp dropped_trait  lead_snp
1                         NA      iradjbmi rs2729827
[1] "SPLICING EVENT"
[1] "chr15:63062645:63065896:clu_22090_+:ENSG00000140416.23"
Harmonising fat_distr (fat_distr) and Outcome (Outcome)
Harmonising fat_distr (fat_distr) and Outcome (Outcome)
[1] 491
[1] 491
  iteration traits posterior_prob regional_prob candidate_snp
1         1   None             NA        0.2015            NA
  posterior_explained_by_snp dropped_trait  lead_snp
1                         NA      iradjbmi rs2729827
[1] "SPLICING EVENT"
[1] "chr15:63062645:63071090:clu_22090_+:ENSG00000140416.23"
Harmonising fat_distr (fat_distr) and Outcome (Outcome)
Harmonising fat_distr (fat_distr) and Outcome (Outcome)
[1] 491
[1] 491
  iteration traits posterior_prob regional_prob candidate_snp
1         1   None             NA        0.0145            NA
  posterior_explained_by_snp dropped_trait  lead_snp
1                         NA      iradjbmi rs2729827
[1] "SPLICING EVENT"
[1] "chr15:63064142:63065896:clu_22090_+:ENSG00000140416.23"
Harmonising fat_distr (fat_distr) and Outcome (Outcome)
Harmonising fat_distr (fat_distr) and Outcome (Outcome)
[1] 491
[1] 491
  iteration traits posterior_prob regional_prob candidate_snp
1         1   None             NA        0.0101            NA
  posterior_explained_by_snp dropped_trait  lead_snp
1                         NA      iradjbmi rs2729827
[1] "LEAD INDEX"
[1] 7
[1] "LEAD INDEX"
[1] 8
[1] "LEAD INDEX"
[1] 9
[1] "CHROMOSOME"
[1] 16
[1] "LEAD INDEX"
[1] 1
[1] "SPLICING EVENT"
[1] "chr16:56363056:56363921:clu_23619_-:ENSG00000159461.15"
Harmonising fat_distr (fat_distr) and Outcome (Outcome)
Harmonising fat_distr (fat_distr) and Outcome (Outcome)
[1] 315
[1] 315
  iteration traits posterior_prob regional_prob candidate_snp
1         1   None             NA        0.0065            NA
  posterior_explained_by_snp dropped_trait  lead_snp
1                         NA      iradjbmi rs9937484
[1] "SPLICING EVENT"
[1] "chr16:56386022:56389185:clu_23620_-:ENSG00000159461.15"
Harmonising fat_distr (fat_distr) and Outcome (Outcome)
Harmonising fat_distr (fat_distr) and Outcome (Outcome)
[1] 315
[1] 315
  iteration traits posterior_prob regional_prob candidate_snp
1         1   None             NA         0.012            NA
  posterior_explained_by_snp dropped_trait  lead_snp
1                         NA      iradjbmi rs9937484
[1] "SPLICING EVENT"
[1] "chr16:56386022:56401733:clu_23620_-:ENSG00000159461.15"
Harmonising fat_distr (fat_distr) and Outcome (Outcome)
Harmonising fat_distr (fat_distr) and Outcome (Outcome)
[1] 315
[1] 315
  iteration traits posterior_prob regional_prob candidate_snp
1         1   None             NA        0.0061            NA
  posterior_explained_by_snp dropped_trait  lead_snp
1                         NA      iradjbmi rs9937484
[1] "SPLICING EVENT"
[1] "chr16:56389375:56401733:clu_23620_-:ENSG00000159461.15"
Harmonising fat_distr (fat_distr) and Outcome (Outcome)
Harmonising fat_distr (fat_distr) and Outcome (Outcome)
[1] 315
[1] 315
  iteration traits posterior_prob regional_prob candidate_snp
1         1   None             NA        0.0176            NA
  posterior_explained_by_snp dropped_trait  lead_snp
1                         NA      iradjbmi rs9937484
[1] "SPLICING EVENT"
[1] "chr16:56409588:56414252:clu_23621_-:ENSG00000159461.15"
Harmonising fat_distr (fat_distr) and Outcome (Outcome)
Harmonising fat_distr (fat_distr) and Outcome (Outcome)
[1] 315
[1] 315
  iteration traits posterior_prob regional_prob candidate_snp
1         1   None             NA        0.0068            NA
  posterior_explained_by_snp dropped_trait  lead_snp
1                         NA      iradjbmi rs9937484
[1] "SPLICING EVENT"
[1] "chr16:56434829:56439657:clu_23622_-:ENSG00000167005.14"
Harmonising fat_distr (fat_distr) and Outcome (Outcome)
Harmonising fat_distr (fat_distr) and Outcome (Outcome)
[1] 315
[1] 315
  iteration traits posterior_prob regional_prob candidate_snp
1         1   None             NA        0.0074            NA
  posterior_explained_by_snp dropped_trait  lead_snp
1                         NA      iradjbmi rs9937484
[1] "SPLICING EVENT"
[1] "chr16:56439496:56439657:clu_23622_-:ENSG00000167005.14"
Harmonising fat_distr (fat_distr) and Outcome (Outcome)
Harmonising fat_distr (fat_distr) and Outcome (Outcome)
[1] 315
[1] 315
  iteration traits posterior_prob regional_prob candidate_snp
1         1   None             NA        0.0075            NA
  posterior_explained_by_snp dropped_trait  lead_snp
1                         NA      iradjbmi rs9937484
[1] "SPLICING EVENT"
[1] "chr16:56447989:56451087:clu_23623_-:ENSG00000167005.14"
Harmonising fat_distr (fat_distr) and Outcome (Outcome)
Harmonising fat_distr (fat_distr) and Outcome (Outcome)
[1] 315
[1] 315
  iteration traits posterior_prob regional_prob candidate_snp
1         1   None             NA        0.0044            NA
  posterior_explained_by_snp dropped_trait  lead_snp
1                         NA      iradjbmi rs9937484
[1] "SPLICING EVENT"
[1] "chr16:56470614:56484761:clu_23623_-:ENSG00000167005.14"
Harmonising fat_distr (fat_distr) and Outcome (Outcome)
Harmonising fat_distr (fat_distr) and Outcome (Outcome)
[1] 315
[1] 315
  iteration traits posterior_prob regional_prob candidate_snp
1         1   None             NA        0.0065            NA
  posterior_explained_by_snp dropped_trait  lead_snp
1                         NA      iradjbmi rs9937484
[1] "LEAD INDEX"
[1] 2
[1] "LEAD INDEX"
[1] 3
[1] "SPLICING EVENT"
[1] "chr16:15044407:15047418:clu_23160_-:ENSG00000157045.9"
Harmonising fat_distr (fat_distr) and Outcome (Outcome)
Harmonising fat_distr (fat_distr) and Outcome (Outcome)
[1] 101
[1] 101
  iteration traits posterior_prob regional_prob candidate_snp
1         1   None             NA        0.0082            NA
  posterior_explained_by_snp dropped_trait   lead_snp
1                         NA      iradjbmi rs11075253
[1] "SPLICING EVENT"
[1] "chr16:15044407:15047442:clu_23160_-:ENSG00000157045.9"
Harmonising fat_distr (fat_distr) and Outcome (Outcome)
Harmonising fat_distr (fat_distr) and Outcome (Outcome)
[1] 101
[1] 101
  iteration traits posterior_prob regional_prob candidate_snp
1         1   None             NA        0.0091            NA
  posterior_explained_by_snp dropped_trait   lead_snp
1                         NA      iradjbmi rs11075253
[1] "SPLICING EVENT"
[1] "chr16:15047550:15047855:clu_23161_-:ENSG00000157045.9"
Harmonising fat_distr (fat_distr) and Outcome (Outcome)
Harmonising fat_distr (fat_distr) and Outcome (Outcome)
[1] 101
[1] 101
  iteration traits posterior_prob regional_prob candidate_snp
1         1   None             NA        0.0086            NA
  posterior_explained_by_snp dropped_trait   lead_snp
1                         NA      iradjbmi rs11075253
[1] "SPLICING EVENT"
[1] "chr16:15047550:15055891:clu_23161_-:ENSG00000157045.9"
Harmonising fat_distr (fat_distr) and Outcome (Outcome)
Harmonising fat_distr (fat_distr) and Outcome (Outcome)
[1] 101
[1] 101
  iteration traits posterior_prob regional_prob candidate_snp
1         1   None             NA        0.0128            NA
  posterior_explained_by_snp dropped_trait   lead_snp
1                         NA      iradjbmi rs11075253
[1] "SPLICING EVENT"
[1] "chr16:15047920:15047997:clu_23161_-:ENSG00000157045.9"
Harmonising fat_distr (fat_distr) and Outcome (Outcome)
Harmonising fat_distr (fat_distr) and Outcome (Outcome)
[1] 101
[1] 101
  iteration traits posterior_prob regional_prob candidate_snp
1         1   None             NA        0.0096            NA
  posterior_explained_by_snp dropped_trait   lead_snp
1                         NA      iradjbmi rs11075253
[1] "SPLICING EVENT"
[1] "chr16:15047920:15055891:clu_23161_-:ENSG00000157045.9"
Harmonising fat_distr (fat_distr) and Outcome (Outcome)
Harmonising fat_distr (fat_distr) and Outcome (Outcome)
[1] 101
[1] 101
  iteration traits posterior_prob regional_prob candidate_snp
1         1   None             NA        0.0107            NA
  posterior_explained_by_snp dropped_trait   lead_snp
1                         NA      iradjbmi rs11075253
[1] "SPLICING EVENT"
[1] "chr16:15048099:15055891:clu_23161_-:ENSG00000157045.9"
Harmonising fat_distr (fat_distr) and Outcome (Outcome)
Harmonising fat_distr (fat_distr) and Outcome (Outcome)
[1] 101
[1] 101
  iteration traits posterior_prob regional_prob candidate_snp
1         1   None             NA        0.0406            NA
  posterior_explained_by_snp dropped_trait   lead_snp
1                         NA      iradjbmi rs11075253
[1] "LEAD INDEX"
[1] 4
[1] "SPLICING EVENT"
[1] "chr16:29907108:29910978:clu_23444_-:ENSG00000174943.11"
Harmonising fat_distr (fat_distr) and Outcome (Outcome)
Harmonising fat_distr (fat_distr) and Outcome (Outcome)
[1] 181
[1] 181
  iteration traits posterior_prob regional_prob candidate_snp
1         1   None             NA        0.0872            NA
  posterior_explained_by_snp dropped_trait  lead_snp
1                         NA      iradjbmi rs4283241
[1] "SPLICING EVENT"
[1] "chr16:29911173:29911478:clu_23445_-:ENSG00000174943.11"
Harmonising fat_distr (fat_distr) and Outcome (Outcome)
Harmonising fat_distr (fat_distr) and Outcome (Outcome)
[1] 181
[1] 181
  iteration traits posterior_prob regional_prob candidate_snp
1         1   None             NA         0.011            NA
  posterior_explained_by_snp dropped_trait  lead_snp
1                         NA      iradjbmi rs4283241
[1] "SPLICING EVENT"
[1] "chr16:29911173:29911532:clu_23445_-:ENSG00000174943.11"
Harmonising fat_distr (fat_distr) and Outcome (Outcome)
Harmonising fat_distr (fat_distr) and Outcome (Outcome)
[1] 181
[1] 181
  iteration traits posterior_prob regional_prob candidate_snp
1         1   None             NA        0.0117            NA
  posterior_explained_by_snp dropped_trait  lead_snp
1                         NA      iradjbmi rs4283241
[1] "SPLICING EVENT"
[1] "chr16:29911173:29911815:clu_23445_-:ENSG00000174943.11"
Harmonising fat_distr (fat_distr) and Outcome (Outcome)
Harmonising fat_distr (fat_distr) and Outcome (Outcome)
[1] 181
[1] 181
  iteration traits posterior_prob regional_prob candidate_snp
1         1   None             NA         2e-04            NA
  posterior_explained_by_snp
1                         NA
                                           dropped_trait  lead_snp
1 chr16:29911173:29911815:clu_23445_-:ENSG00000174943.11 rs4283241
[1] "SPLICING EVENT"
[1] "chr16:29911557:29911815:clu_23445_-:ENSG00000174943.11"
Harmonising fat_distr (fat_distr) and Outcome (Outcome)
Harmonising fat_distr (fat_distr) and Outcome (Outcome)
[1] 181
[1] 181
  iteration traits posterior_prob regional_prob candidate_snp
1         1   None             NA        0.0049            NA
  posterior_explained_by_snp dropped_trait  lead_snp
1                         NA      iradjbmi rs4283241
[1] "SPLICING EVENT"
[1] "chr16:29912049:29923190:clu_23446_-:ENSG00000174943.11"
Harmonising fat_distr (fat_distr) and Outcome (Outcome)
Harmonising fat_distr (fat_distr) and Outcome (Outcome)
[1] 181
[1] 181
  iteration traits posterior_prob regional_prob candidate_snp
1         1   None             NA        0.0092            NA
  posterior_explained_by_snp dropped_trait  lead_snp
1                         NA      iradjbmi rs4283241
[1] "SPLICING EVENT"
[1] "chr16:29923359:29925539:clu_23446_-:ENSG00000174943.11"
Harmonising fat_distr (fat_distr) and Outcome (Outcome)
Harmonising fat_distr (fat_distr) and Outcome (Outcome)
[1] 181
[1] 181
  iteration                                                           traits
1         1 iradjbmi, chr16:29923359:29925539:clu_23446_-:ENSG00000174943.11
  posterior_prob regional_prob candidate_snp posterior_explained_by_snp
1         0.9226        0.9988     rs4283241                     0.3564
  dropped_trait  lead_snp
1            NA rs4283241
[1] "SPLICING EVENT"
[1] "chr16:29923359:29925790:clu_23446_-:ENSG00000174943.11"
Harmonising fat_distr (fat_distr) and Outcome (Outcome)
Harmonising fat_distr (fat_distr) and Outcome (Outcome)
[1] 181
[1] 181
  iteration traits posterior_prob regional_prob candidate_snp
1         1   None             NA        0.2447            NA
  posterior_explained_by_snp dropped_trait  lead_snp
1                         NA      iradjbmi rs4283241
[1] "SPLICING EVENT"
[1] "chr16:29925581:29925790:clu_23446_-:ENSG00000174943.11"
Harmonising fat_distr (fat_distr) and Outcome (Outcome)
Harmonising fat_distr (fat_distr) and Outcome (Outcome)
[1] 181
[1] 181
  iteration                                                           traits
1         1 iradjbmi, chr16:29925581:29925790:clu_23446_-:ENSG00000174943.11
  posterior_prob regional_prob candidate_snp posterior_explained_by_snp
1         0.8178        0.9733     rs4283241                     0.1296
  dropped_trait  lead_snp
1            NA rs4283241
[1] "SPLICING EVENT"
[1] "chr16:29981940:29982734:clu_24995_+:ENSG00000149930.18"
Harmonising fat_distr (fat_distr) and Outcome (Outcome)
Harmonising fat_distr (fat_distr) and Outcome (Outcome)
[1] 181
[1] 181
  iteration traits posterior_prob regional_prob candidate_snp
1         1   None             NA        0.0065            NA
  posterior_explained_by_snp dropped_trait  lead_snp
1                         NA      iradjbmi rs4283241
[1] "SPLICING EVENT"
[1] "chr16:29982901:29983054:clu_24996_+:ENSG00000149930.18"
Harmonising fat_distr (fat_distr) and Outcome (Outcome)
Harmonising fat_distr (fat_distr) and Outcome (Outcome)
[1] 181
[1] 181
  iteration traits posterior_prob regional_prob candidate_snp
1         1   None             NA         0.008            NA
  posterior_explained_by_snp dropped_trait  lead_snp
1                         NA      iradjbmi rs4283241
[1] "SPLICING EVENT"
[1] "chr16:29982901:29983072:clu_24996_+:ENSG00000149930.18"
Harmonising fat_distr (fat_distr) and Outcome (Outcome)
Harmonising fat_distr (fat_distr) and Outcome (Outcome)
[1] 181
[1] 181
  iteration traits posterior_prob regional_prob candidate_snp
1         1   None             NA        0.0074            NA
  posterior_explained_by_snp dropped_trait  lead_snp
1                         NA      iradjbmi rs4283241
[1] "SPLICING EVENT"
[1] "chr16:29983664:29985213:clu_24997_+:ENSG00000149930.18"
Harmonising fat_distr (fat_distr) and Outcome (Outcome)
Harmonising fat_distr (fat_distr) and Outcome (Outcome)
[1] 181
[1] 181
  iteration traits posterior_prob regional_prob candidate_snp
1         1   None             NA        0.0128            NA
  posterior_explained_by_snp dropped_trait  lead_snp
1                         NA      iradjbmi rs4283241
[1] "SPLICING EVENT"
[1] "chr16:29986504:29988359:clu_24999_+:ENSG00000149930.18"
Harmonising fat_distr (fat_distr) and Outcome (Outcome)
Harmonising fat_distr (fat_distr) and Outcome (Outcome)
[1] 181
[1] 181
  iteration traits posterior_prob regional_prob candidate_snp
1         1   None             NA        0.0201            NA
  posterior_explained_by_snp dropped_trait  lead_snp
1                         NA      iradjbmi rs4283241
[1] "SPLICING EVENT"
[1] "chr16:29986504:29989195:clu_24999_+:ENSG00000149930.18"
Harmonising fat_distr (fat_distr) and Outcome (Outcome)
Harmonising fat_distr (fat_distr) and Outcome (Outcome)
[1] 181
[1] 181
  iteration traits posterior_prob regional_prob candidate_snp
1         1   None             NA        0.0099            NA
  posterior_explained_by_snp dropped_trait  lead_snp
1                         NA      iradjbmi rs4283241
[1] "SPLICING EVENT"
[1] "chr16:29986504:29989593:clu_24999_+:ENSG00000149930.18"
Harmonising fat_distr (fat_distr) and Outcome (Outcome)
Harmonising fat_distr (fat_distr) and Outcome (Outcome)
[1] 181
[1] 181
  iteration traits posterior_prob regional_prob candidate_snp
1         1   None             NA         0.014            NA
  posterior_explained_by_snp dropped_trait  lead_snp
1                         NA      iradjbmi rs4283241
[1] "SPLICING EVENT"
[1] "chr16:29988450:29989593:clu_24999_+:ENSG00000149930.18"
Harmonising fat_distr (fat_distr) and Outcome (Outcome)
Harmonising fat_distr (fat_distr) and Outcome (Outcome)
[1] 181
[1] 181
  iteration traits posterior_prob regional_prob candidate_snp
1         1   None             NA        0.0361            NA
  posterior_explained_by_snp dropped_trait  lead_snp
1                         NA      iradjbmi rs4283241
[1] "SPLICING EVENT"
[1] "chr16:29989805:29990543:clu_24999_+:ENSG00000149930.18"
Harmonising fat_distr (fat_distr) and Outcome (Outcome)
Harmonising fat_distr (fat_distr) and Outcome (Outcome)
[1] 181
[1] 181
  iteration traits posterior_prob regional_prob candidate_snp
1         1   None             NA        0.1072            NA
  posterior_explained_by_snp dropped_trait  lead_snp
1                         NA      iradjbmi rs4283241
[1] "SPLICING EVENT"
[1] "chr16:29989805:29990784:clu_24999_+:ENSG00000149930.18"
Harmonising fat_distr (fat_distr) and Outcome (Outcome)
Harmonising fat_distr (fat_distr) and Outcome (Outcome)
[1] 181
[1] 181
  iteration traits posterior_prob regional_prob candidate_snp
1         1   None             NA        0.0387            NA
  posterior_explained_by_snp dropped_trait  lead_snp
1                         NA      iradjbmi rs4283241
[1] "SPLICING EVENT"
[1] "chr16:29990647:29990784:clu_24999_+:ENSG00000149930.18"
Harmonising fat_distr (fat_distr) and Outcome (Outcome)
Harmonising fat_distr (fat_distr) and Outcome (Outcome)
[1] 181
[1] 181
  iteration traits posterior_prob regional_prob candidate_snp
1         1   None             NA        0.0063            NA
  posterior_explained_by_snp dropped_trait  lead_snp
1                         NA      iradjbmi rs4283241
[1] "SPLICING EVENT"
[1] "chr16:30001040:30001212:clu_24994_+:ENSG00000169592.15"
Harmonising fat_distr (fat_distr) and Outcome (Outcome)
Harmonising fat_distr (fat_distr) and Outcome (Outcome)
[1] 181
[1] 181
  iteration traits posterior_prob regional_prob candidate_snp
1         1   None             NA        0.0062            NA
  posterior_explained_by_snp dropped_trait  lead_snp
1                         NA      iradjbmi rs4283241
[1] "SPLICING EVENT"
[1] "chr16:30001040:30001414:clu_24994_+:ENSG00000169592.15"
Harmonising fat_distr (fat_distr) and Outcome (Outcome)
Harmonising fat_distr (fat_distr) and Outcome (Outcome)
[1] 181
[1] 181
  iteration traits posterior_prob regional_prob candidate_snp
1         1   None             NA        0.3397            NA
  posterior_explained_by_snp dropped_trait  lead_snp
1                         NA      iradjbmi rs4283241
[1] "SPLICING EVENT"
[1] "chr16:30001040:30005221:clu_24994_+:ENSG00000169592.15"
Harmonising fat_distr (fat_distr) and Outcome (Outcome)
Harmonising fat_distr (fat_distr) and Outcome (Outcome)
[1] 181
[1] 181
  iteration                                                           traits
1         1 iradjbmi, chr16:30001040:30005221:clu_24994_+:ENSG00000169592.15
  posterior_prob regional_prob candidate_snp posterior_explained_by_snp
1          0.938        0.9991     rs6565173                     0.1096
  dropped_trait  lead_snp
1            NA rs4283241
[1] "SPLICING EVENT"
[1] "chr16:30001530:30002436:clu_24994_+:ENSG00000169592.15"
Harmonising fat_distr (fat_distr) and Outcome (Outcome)
Harmonising fat_distr (fat_distr) and Outcome (Outcome)
[1] 181
[1] 181
  iteration traits posterior_prob regional_prob candidate_snp
1         1   None             NA        0.8396            NA
  posterior_explained_by_snp
1                         NA
                                           dropped_trait  lead_snp
1 chr16:30001530:30002436:clu_24994_+:ENSG00000169592.15 rs4283241
[1] "SPLICING EVENT"
[1] "chr16:30001530:30003436:clu_24994_+:ENSG00000169592.15"
Harmonising fat_distr (fat_distr) and Outcome (Outcome)
Harmonising fat_distr (fat_distr) and Outcome (Outcome)
[1] 181
[1] 181
  iteration                                                           traits
1         1 iradjbmi, chr16:30001530:30003436:clu_24994_+:ENSG00000169592.15
  posterior_prob regional_prob candidate_snp posterior_explained_by_snp
1         0.5897        0.9904     rs4283241                     0.1055
  dropped_trait  lead_snp
1            NA rs4283241
[1] "SPLICING EVENT"
[1] "chr16:30001530:30004568:clu_24994_+:ENSG00000169592.15"
Harmonising fat_distr (fat_distr) and Outcome (Outcome)
Harmonising fat_distr (fat_distr) and Outcome (Outcome)
[1] 181
[1] 181
  iteration traits posterior_prob regional_prob candidate_snp
1         1   None             NA        0.8921            NA
  posterior_explained_by_snp
1                         NA
                                           dropped_trait  lead_snp
1 chr16:30001530:30004568:clu_24994_+:ENSG00000169592.15 rs4283241
[1] "SPLICING EVENT"
[1] "chr16:30001530:30005221:clu_24994_+:ENSG00000169592.15"
Harmonising fat_distr (fat_distr) and Outcome (Outcome)
Harmonising fat_distr (fat_distr) and Outcome (Outcome)
[1] 181
[1] 181
  iteration traits posterior_prob regional_prob candidate_snp
1         1   None             NA        0.8504            NA
  posterior_explained_by_snp dropped_trait  lead_snp
1                         NA      iradjbmi rs4283241
[1] "SPLICING EVENT"
[1] "chr16:30003013:30003436:clu_24994_+:ENSG00000169592.15"
Harmonising fat_distr (fat_distr) and Outcome (Outcome)
Harmonising fat_distr (fat_distr) and Outcome (Outcome)
[1] 181
[1] 181
  iteration traits posterior_prob regional_prob candidate_snp
1         1   None             NA        0.6764            NA
  posterior_explained_by_snp
1                         NA
                                           dropped_trait  lead_snp
1 chr16:30003013:30003436:clu_24994_+:ENSG00000169592.15 rs4283241
[1] "SPLICING EVENT"
[1] "chr16:30003670:30004568:clu_24994_+:ENSG00000169592.15"
Harmonising fat_distr (fat_distr) and Outcome (Outcome)
Harmonising fat_distr (fat_distr) and Outcome (Outcome)
[1] 181
[1] 181
  iteration traits posterior_prob regional_prob candidate_snp
1         1   None             NA        0.9841            NA
  posterior_explained_by_snp
1                         NA
                                           dropped_trait  lead_snp
1 chr16:30003670:30004568:clu_24994_+:ENSG00000169592.15 rs4283241
[1] "SPLICING EVENT"
[1] "chr16:30003714:30004568:clu_24994_+:ENSG00000169592.15"
Harmonising fat_distr (fat_distr) and Outcome (Outcome)
Harmonising fat_distr (fat_distr) and Outcome (Outcome)
[1] 181
[1] 181
  iteration                                                           traits
1         1 iradjbmi, chr16:30003714:30004568:clu_24994_+:ENSG00000169592.15
  posterior_prob regional_prob candidate_snp posterior_explained_by_snp
1         0.8599        0.9751     rs7204797                     0.1225
  dropped_trait  lead_snp
1            NA rs4283241
[1] "SPLICING EVENT"
[1] "chr16:30004657:30004750:clu_24994_+:ENSG00000169592.15"
Harmonising fat_distr (fat_distr) and Outcome (Outcome)
Harmonising fat_distr (fat_distr) and Outcome (Outcome)
[1] 181
[1] 181
  iteration traits posterior_prob regional_prob candidate_snp
1         1   None             NA        0.8468            NA
  posterior_explained_by_snp dropped_trait  lead_snp
1                         NA      iradjbmi rs4283241
[1] "SPLICING EVENT"
[1] "chr16:30004657:30005221:clu_24994_+:ENSG00000169592.15"
Harmonising fat_distr (fat_distr) and Outcome (Outcome)
Harmonising fat_distr (fat_distr) and Outcome (Outcome)
[1] 181
[1] 181
  iteration                                                           traits
1         1 iradjbmi, chr16:30004657:30005221:clu_24994_+:ENSG00000169592.15
  posterior_prob regional_prob candidate_snp posterior_explained_by_snp
1         0.6803        0.9915     rs9932702                     0.1756
  dropped_trait  lead_snp
1            NA rs4283241
[1] "SPLICING EVENT"
[1] "chr16:30004657:30005368:clu_24994_+:ENSG00000169592.15"
Harmonising fat_distr (fat_distr) and Outcome (Outcome)
Harmonising fat_distr (fat_distr) and Outcome (Outcome)
[1] 181
[1] 181
  iteration traits posterior_prob regional_prob candidate_snp
1         1   None             NA        0.0211            NA
  posterior_explained_by_snp dropped_trait  lead_snp
1                         NA      iradjbmi rs4283241
[1] "SPLICING EVENT"
[1] "chr16:30006331:30006413:clu_23450_-:ENSG00000149927.18"
Harmonising fat_distr (fat_distr) and Outcome (Outcome)
Harmonising fat_distr (fat_distr) and Outcome (Outcome)
[1] 181
[1] 181
  iteration traits posterior_prob regional_prob candidate_snp
1         1   None             NA        0.0078            NA
  posterior_explained_by_snp dropped_trait  lead_snp
1                         NA      iradjbmi rs4283241
[1] "SPLICING EVENT"
[1] "chr16:30006509:30006596:clu_23450_-:ENSG00000149927.18"
Harmonising fat_distr (fat_distr) and Outcome (Outcome)
Harmonising fat_distr (fat_distr) and Outcome (Outcome)
[1] 181
[1] 181
  iteration traits posterior_prob regional_prob candidate_snp
1         1   None             NA        0.0085            NA
  posterior_explained_by_snp dropped_trait  lead_snp
1                         NA      iradjbmi rs4283241
[1] "SPLICING EVENT"
[1] "chr16:30007299:30008996:clu_23453_-:ENSG00000149927.18"
Harmonising fat_distr (fat_distr) and Outcome (Outcome)
Harmonising fat_distr (fat_distr) and Outcome (Outcome)
[1] 181
[1] 181
  iteration traits posterior_prob regional_prob candidate_snp
1         1   None             NA        0.0311            NA
  posterior_explained_by_snp dropped_trait  lead_snp
1                         NA      iradjbmi rs4283241
[1] "SPLICING EVENT"
[1] "chr16:30012677:30013467:clu_23455_-:ENSG00000149927.18"
Harmonising fat_distr (fat_distr) and Outcome (Outcome)
Harmonising fat_distr (fat_distr) and Outcome (Outcome)
[1] 181
[1] 181
  iteration traits posterior_prob regional_prob candidate_snp
1         1   None             NA        0.0599            NA
  posterior_explained_by_snp dropped_trait  lead_snp
1                         NA      iradjbmi rs4283241
[1] "SPLICING EVENT"
[1] "chr16:30015262:30021183:clu_23455_-:ENSG00000149927.18"
Harmonising fat_distr (fat_distr) and Outcome (Outcome)
Harmonising fat_distr (fat_distr) and Outcome (Outcome)
[1] 181
[1] 181
  iteration traits posterior_prob regional_prob candidate_snp
1         1   None             NA         0.095            NA
  posterior_explained_by_snp dropped_trait  lead_snp
1                         NA      iradjbmi rs4283241
[1] "LEAD INDEX"
[1] 5
[1] "SPLICING EVENT"
[1] "chr16:67252844:67255021:clu_25431_+:ENSG00000135740.17"
Harmonising fat_distr (fat_distr) and Outcome (Outcome)
Harmonising fat_distr (fat_distr) and Outcome (Outcome)
[1] 131
[1] 131
  iteration traits posterior_prob regional_prob candidate_snp
1         1   None             NA        0.0118            NA
  posterior_explained_by_snp dropped_trait  lead_snp
1                         NA      iradjbmi rs8059722
[1] "SPLICING EVENT"
[1] "chr16:67255184:67255393:clu_25432_+:ENSG00000135740.17"
Harmonising fat_distr (fat_distr) and Outcome (Outcome)
Harmonising fat_distr (fat_distr) and Outcome (Outcome)
[1] 131
[1] 131
  iteration traits posterior_prob regional_prob candidate_snp
1         1   None             NA        0.0098            NA
  posterior_explained_by_snp dropped_trait  lead_snp
1                         NA      iradjbmi rs8059722
[1] "SPLICING EVENT"
[1] "chr16:67255930:67256469:clu_25432_+:ENSG00000135740.17"
Harmonising fat_distr (fat_distr) and Outcome (Outcome)
Harmonising fat_distr (fat_distr) and Outcome (Outcome)
[1] 131
[1] 131
  iteration traits posterior_prob regional_prob candidate_snp
1         1   None             NA        0.0096            NA
  posterior_explained_by_snp dropped_trait  lead_snp
1                         NA      iradjbmi rs8059722
[1] "SPLICING EVENT"
[1] "chr16:67257434:67257531:clu_25434_+:ENSG00000135740.17"
Harmonising fat_distr (fat_distr) and Outcome (Outcome)
Harmonising fat_distr (fat_distr) and Outcome (Outcome)
[1] 131
[1] 131
  iteration traits posterior_prob regional_prob candidate_snp
1         1   None             NA        0.0097            NA
  posterior_explained_by_snp dropped_trait  lead_snp
1                         NA      iradjbmi rs8059722
[1] "SPLICING EVENT"
[1] "chr16:67257601:67258318:clu_25434_+:ENSG00000135740.17"
Harmonising fat_distr (fat_distr) and Outcome (Outcome)
Harmonising fat_distr (fat_distr) and Outcome (Outcome)
[1] 131
[1] 131
  iteration traits posterior_prob regional_prob candidate_snp
1         1   None             NA        0.0096            NA
  posterior_explained_by_snp dropped_trait  lead_snp
1                         NA      iradjbmi rs8059722
[1] "SPLICING EVENT"
[1] "chr16:67258447:67259573:clu_25431_+:ENSG00000135740.17"
Harmonising fat_distr (fat_distr) and Outcome (Outcome)
Harmonising fat_distr (fat_distr) and Outcome (Outcome)
[1] 131
[1] 131
  iteration traits posterior_prob regional_prob candidate_snp
1         1   None             NA        0.0095            NA
  posterior_explained_by_snp dropped_trait  lead_snp
1                         NA      iradjbmi rs8059722
[1] "SPLICING EVENT"
[1] "chr16:67259946:67262212:clu_25431_+:ENSG00000135740.17"
Harmonising fat_distr (fat_distr) and Outcome (Outcome)
Harmonising fat_distr (fat_distr) and Outcome (Outcome)
[1] 131
[1] 131
  iteration traits posterior_prob regional_prob candidate_snp
1         1   None             NA        0.0097            NA
  posterior_explained_by_snp dropped_trait  lead_snp
1                         NA      iradjbmi rs8059722
[1] "SPLICING EVENT"
[1] "chr16:67259946:67264352:clu_25431_+:ENSG00000135740.17"
Harmonising fat_distr (fat_distr) and Outcome (Outcome)
Harmonising fat_distr (fat_distr) and Outcome (Outcome)
[1] 131
[1] 131
  iteration traits posterior_prob regional_prob candidate_snp
1         1   None             NA        0.0138            NA
  posterior_explained_by_snp dropped_trait  lead_snp
1                         NA      iradjbmi rs8059722
[1] "SPLICING EVENT"
[1] "chr16:67262289:67264352:clu_25431_+:ENSG00000135740.17"
Harmonising fat_distr (fat_distr) and Outcome (Outcome)
Harmonising fat_distr (fat_distr) and Outcome (Outcome)
[1] 131
[1] 131
  iteration traits posterior_prob regional_prob candidate_snp
1         1   None             NA        0.0092            NA
  posterior_explained_by_snp dropped_trait  lead_snp
1                         NA      iradjbmi rs8059722
[1] "SPLICING EVENT"
[1] "chr16:67265106:67266088:clu_25431_+:ENSG00000135740.17"
Harmonising fat_distr (fat_distr) and Outcome (Outcome)
Harmonising fat_distr (fat_distr) and Outcome (Outcome)
[1] 131
[1] 131
  iteration traits posterior_prob regional_prob candidate_snp
1         1   None             NA        0.0092            NA
  posterior_explained_by_snp dropped_trait  lead_snp
1                         NA      iradjbmi rs8059722
[1] "SPLICING EVENT"
[1] "chr16:67291463:67291646:clu_23754_-:ENSG00000168676.11"
Harmonising fat_distr (fat_distr) and Outcome (Outcome)
Harmonising fat_distr (fat_distr) and Outcome (Outcome)
[1] 131
[1] 131
  iteration traits posterior_prob regional_prob candidate_snp
1         1   None             NA        0.0139            NA
  posterior_explained_by_snp dropped_trait  lead_snp
1                         NA      iradjbmi rs8059722
[1] "LEAD INDEX"
[1] 6
[1] "LEAD INDEX"
[1] 7
[1] "SPLICING EVENT"
[1] "chr16:81445541:81607567:clu_25668_+:ENSG00000153815.18"
Harmonising fat_distr (fat_distr) and Outcome (Outcome)
Harmonising fat_distr (fat_distr) and Outcome (Outcome)
[1] 706
[1] 706
  iteration traits posterior_prob regional_prob candidate_snp
1         1   None             NA        0.0081            NA
  posterior_explained_by_snp dropped_trait  lead_snp
1                         NA      iradjbmi rs2925979
[1] "SPLICING EVENT"
[1] "chr16:81607692:81620876:clu_25669_+:ENSG00000153815.18"
Harmonising fat_distr (fat_distr) and Outcome (Outcome)
Harmonising fat_distr (fat_distr) and Outcome (Outcome)
[1] 706
[1] 706
  iteration traits posterior_prob regional_prob candidate_snp
1         1   None             NA        0.0094            NA
  posterior_explained_by_snp dropped_trait  lead_snp
1                         NA      iradjbmi rs2925979
[1] "SPLICING EVENT"
[1] "chr16:81610540:81620876:clu_25669_+:ENSG00000153815.18"
Harmonising fat_distr (fat_distr) and Outcome (Outcome)
Harmonising fat_distr (fat_distr) and Outcome (Outcome)
[1] 706
[1] 706
  iteration traits posterior_prob regional_prob candidate_snp
1         1   None             NA         0.009            NA
  posterior_explained_by_snp dropped_trait  lead_snp
1                         NA      iradjbmi rs2925979
[1] "SPLICING EVENT"
[1] "chr16:81620926:81652203:clu_25670_+:ENSG00000153815.18"
Harmonising fat_distr (fat_distr) and Outcome (Outcome)
Harmonising fat_distr (fat_distr) and Outcome (Outcome)
[1] 706
[1] 706
  iteration traits posterior_prob regional_prob candidate_snp
1         1   None             NA        0.0085            NA
  posterior_explained_by_snp dropped_trait  lead_snp
1                         NA      iradjbmi rs2925979
[1] "SPLICING EVENT"
[1] "chr16:81651427:81652203:clu_25670_+:ENSG00000153815.18"
Harmonising fat_distr (fat_distr) and Outcome (Outcome)
Harmonising fat_distr (fat_distr) and Outcome (Outcome)
[1] 706
[1] 706
  iteration traits posterior_prob regional_prob candidate_snp
1         1   None             NA        0.0079            NA
  posterior_explained_by_snp dropped_trait  lead_snp
1                         NA      iradjbmi rs2925979
[1] "SPLICING EVENT"
[1] "chr16:81701800:81702387:clu_25671_+:ENSG00000153815.18"
Harmonising fat_distr (fat_distr) and Outcome (Outcome)
Harmonising fat_distr (fat_distr) and Outcome (Outcome)
[1] 706
[1] 706
  iteration traits posterior_prob regional_prob candidate_snp
1         1   None             NA        0.0042            NA
  posterior_explained_by_snp dropped_trait  lead_snp
1                         NA      iradjbmi rs2925979
[1] "SPLICING EVENT"
[1] "chr16:81701800:81702622:clu_25671_+:ENSG00000153815.18"
Harmonising fat_distr (fat_distr) and Outcome (Outcome)
Harmonising fat_distr (fat_distr) and Outcome (Outcome)
[1] 706
[1] 706
  iteration traits posterior_prob regional_prob candidate_snp
1         1   None             NA        0.0113            NA
  posterior_explained_by_snp dropped_trait  lead_snp
1                         NA      iradjbmi rs2925979
[1] "SPLICING EVENT"
[1] "chr16:81701800:81703939:clu_25671_+:ENSG00000153815.18"
Harmonising fat_distr (fat_distr) and Outcome (Outcome)
Harmonising fat_distr (fat_distr) and Outcome (Outcome)
[1] 706
[1] 706
  iteration traits posterior_prob regional_prob candidate_snp
1         1   None             NA        0.0065            NA
  posterior_explained_by_snp dropped_trait  lead_snp
1                         NA      iradjbmi rs2925979
[1] "SPLICING EVENT"
[1] "chr16:81702669:81703939:clu_25671_+:ENSG00000153815.18"
Harmonising fat_distr (fat_distr) and Outcome (Outcome)
Harmonising fat_distr (fat_distr) and Outcome (Outcome)
[1] 706
[1] 706
  iteration traits posterior_prob regional_prob candidate_snp
1         1   None             NA        0.0115            NA
  posterior_explained_by_snp dropped_trait  lead_snp
1                         NA      iradjbmi rs2925979
[1] "SPLICING EVENT"
[1] "chr16:81704085:81705499:clu_25672_+:ENSG00000153815.18"
Harmonising fat_distr (fat_distr) and Outcome (Outcome)
Harmonising fat_distr (fat_distr) and Outcome (Outcome)
[1] 706
[1] 706
  iteration traits posterior_prob regional_prob candidate_snp
1         1   None             NA        0.0404            NA
  posterior_explained_by_snp dropped_trait  lead_snp
1                         NA      iradjbmi rs2925979
[1] "SPLICING EVENT"
[1] "chr16:81704085:81707014:clu_25672_+:ENSG00000153815.18"
Harmonising fat_distr (fat_distr) and Outcome (Outcome)
Harmonising fat_distr (fat_distr) and Outcome (Outcome)
[1] 706
[1] 706
  iteration traits posterior_prob regional_prob candidate_snp
1         1   None             NA        0.0059            NA
  posterior_explained_by_snp dropped_trait  lead_snp
1                         NA      iradjbmi rs2925979
[1] "SPLICING EVENT"
[1] "chr16:81705604:81707014:clu_25672_+:ENSG00000153815.18"
Harmonising fat_distr (fat_distr) and Outcome (Outcome)
Harmonising fat_distr (fat_distr) and Outcome (Outcome)
[1] 706
[1] 706
  iteration traits posterior_prob regional_prob candidate_snp
1         1   None             NA        0.0341            NA
  posterior_explained_by_snp dropped_trait  lead_snp
1                         NA      iradjbmi rs2925979
[1] "LEAD INDEX"
[1] 8
[1] "SPLICING EVENT"
[1] "chr16:87950927:87975048:clu_25762_+:ENSG00000172530.21"
Harmonising fat_distr (fat_distr) and Outcome (Outcome)
Harmonising fat_distr (fat_distr) and Outcome (Outcome)
[1] 396
[1] 396
  iteration traits posterior_prob regional_prob candidate_snp
1         1   None             NA        0.0265            NA
  posterior_explained_by_snp dropped_trait   lead_snp
1                         NA      iradjbmi rs11117333
[1] "SPLICING EVENT"
[1] "chr16:87951515:87952181:clu_25762_+:ENSG00000172530.21"
Harmonising fat_distr (fat_distr) and Outcome (Outcome)
Harmonising fat_distr (fat_distr) and Outcome (Outcome)
[1] 396
[1] 396
  iteration traits posterior_prob regional_prob candidate_snp
1         1   None             NA        0.0125            NA
  posterior_explained_by_snp dropped_trait   lead_snp
1                         NA      iradjbmi rs11117333
[1] "SPLICING EVENT"
[1] "chr16:87951515:87975048:clu_25762_+:ENSG00000172530.21"
Harmonising fat_distr (fat_distr) and Outcome (Outcome)
Harmonising fat_distr (fat_distr) and Outcome (Outcome)
[1] 396
[1] 396
  iteration traits posterior_prob regional_prob candidate_snp
1         1   None             NA        0.0483            NA
  posterior_explained_by_snp dropped_trait   lead_snp
1                         NA      iradjbmi rs11117333
[1] "SPLICING EVENT"
[1] "chr16:87951515:87981036:clu_25762_+:ENSG00000172530.21"
Harmonising fat_distr (fat_distr) and Outcome (Outcome)
Harmonising fat_distr (fat_distr) and Outcome (Outcome)
[1] 396
[1] 396
  iteration traits posterior_prob regional_prob candidate_snp
1         1   None             NA         0.006            NA
  posterior_explained_by_snp dropped_trait   lead_snp
1                         NA      iradjbmi rs11117333
[1] "SPLICING EVENT"
[1] "chr16:87975185:87981036:clu_25762_+:ENSG00000172530.21"
Harmonising fat_distr (fat_distr) and Outcome (Outcome)
Harmonising fat_distr (fat_distr) and Outcome (Outcome)
[1] 396
[1] 396
  iteration traits posterior_prob regional_prob candidate_snp
1         1   None             NA        0.0111            NA
  posterior_explained_by_snp dropped_trait   lead_snp
1                         NA      iradjbmi rs11117333
[1] "SPLICING EVENT"
[1] "chr16:87975203:87981036:clu_25762_+:ENSG00000172530.21"
Harmonising fat_distr (fat_distr) and Outcome (Outcome)
Harmonising fat_distr (fat_distr) and Outcome (Outcome)
[1] 396
[1] 396
  iteration traits posterior_prob regional_prob candidate_snp
1         1   None             NA        0.0076            NA
  posterior_explained_by_snp dropped_trait   lead_snp
1                         NA      iradjbmi rs11117333
[1] "SPLICING EVENT"
[1] "chr16:87975207:87981036:clu_25762_+:ENSG00000172530.21"
Harmonising fat_distr (fat_distr) and Outcome (Outcome)
Harmonising fat_distr (fat_distr) and Outcome (Outcome)
[1] 396
[1] 396
  iteration traits posterior_prob regional_prob candidate_snp
1         1   None             NA        0.0063            NA
  posterior_explained_by_snp dropped_trait   lead_snp
1                         NA      iradjbmi rs11117333
[1] "SPLICING EVENT"
[1] "chr16:87981127:87984060:clu_25763_+:ENSG00000172530.21"
Harmonising fat_distr (fat_distr) and Outcome (Outcome)
Harmonising fat_distr (fat_distr) and Outcome (Outcome)
[1] 396
[1] 396
  iteration traits posterior_prob regional_prob candidate_snp
1         1   None             NA        0.0059            NA
  posterior_explained_by_snp dropped_trait   lead_snp
1                         NA      iradjbmi rs11117333
[1] "SPLICING EVENT"
[1] "chr16:87984259:88004295:clu_25764_+:ENSG00000172530.21"
Harmonising fat_distr (fat_distr) and Outcome (Outcome)
Harmonising fat_distr (fat_distr) and Outcome (Outcome)
[1] 396
[1] 396
  iteration traits posterior_prob regional_prob candidate_snp
1         1   None             NA        0.0066            NA
  posterior_explained_by_snp dropped_trait   lead_snp
1                         NA      iradjbmi rs11117333
[1] "SPLICING EVENT"
[1] "chr16:87984259:88006090:clu_25764_+:ENSG00000172530.21"
Harmonising fat_distr (fat_distr) and Outcome (Outcome)
Harmonising fat_distr (fat_distr) and Outcome (Outcome)
[1] 396
[1] 396
  iteration traits posterior_prob regional_prob candidate_snp
1         1   None             NA        0.0206            NA
  posterior_explained_by_snp dropped_trait   lead_snp
1                         NA      iradjbmi rs11117333
[1] "SPLICING EVENT"
[1] "chr16:88004411:88006090:clu_25764_+:ENSG00000172530.21"
Harmonising fat_distr (fat_distr) and Outcome (Outcome)
Harmonising fat_distr (fat_distr) and Outcome (Outcome)
[1] 396
[1] 396
  iteration traits posterior_prob regional_prob candidate_snp
1         1   None             NA        0.0121            NA
  posterior_explained_by_snp dropped_trait   lead_snp
1                         NA      iradjbmi rs11117333
[1] "SPLICING EVENT"
[1] "chr16:88006265:88018428:clu_25764_+:ENSG00000172530.21"
Harmonising fat_distr (fat_distr) and Outcome (Outcome)
Harmonising fat_distr (fat_distr) and Outcome (Outcome)
[1] 396
[1] 396
  iteration traits posterior_prob regional_prob candidate_snp
1         1   None             NA        0.0068            NA
  posterior_explained_by_snp dropped_trait   lead_snp
1                         NA      iradjbmi rs11117333
[1] "SPLICING EVENT"
[1] "chr16:88018667:88027483:clu_25765_+:ENSG00000172530.21"
Harmonising fat_distr (fat_distr) and Outcome (Outcome)
Harmonising fat_distr (fat_distr) and Outcome (Outcome)
[1] 396
[1] 396
  iteration traits posterior_prob regional_prob candidate_snp
1         1   None             NA        0.0788            NA
  posterior_explained_by_snp dropped_trait   lead_snp
1                         NA      iradjbmi rs11117333
[1] "SPLICING EVENT"
[1] "chr16:88027650:88033109:clu_25765_+:ENSG00000172530.21"
Harmonising fat_distr (fat_distr) and Outcome (Outcome)
Harmonising fat_distr (fat_distr) and Outcome (Outcome)
[1] 396
[1] 396
  iteration traits posterior_prob regional_prob candidate_snp
1         1   None             NA        0.2434            NA
  posterior_explained_by_snp dropped_trait   lead_snp
1                         NA      iradjbmi rs11117333
[1] "SPLICING EVENT"
[1] "chr16:88033245:88035323:clu_25766_+:ENSG00000172530.21"
Harmonising fat_distr (fat_distr) and Outcome (Outcome)
Harmonising fat_distr (fat_distr) and Outcome (Outcome)
[1] 396
[1] 396
  iteration traits posterior_prob regional_prob candidate_snp
1         1   None             NA        0.0057            NA
  posterior_explained_by_snp dropped_trait   lead_snp
1                         NA      iradjbmi rs11117333
[1] "SPLICING EVENT"
[1] "chr16:88033245:88035332:clu_25766_+:ENSG00000172530.21"
Harmonising fat_distr (fat_distr) and Outcome (Outcome)
Harmonising fat_distr (fat_distr) and Outcome (Outcome)
[1] 396
[1] 396
  iteration traits posterior_prob regional_prob candidate_snp
1         1   None             NA        0.0057            NA
  posterior_explained_by_snp dropped_trait   lead_snp
1                         NA      iradjbmi rs11117333
[1] "SPLICING EVENT"
[1] "chr16:88035394:88037973:clu_25767_+:ENSG00000172530.21"
Harmonising fat_distr (fat_distr) and Outcome (Outcome)
Harmonising fat_distr (fat_distr) and Outcome (Outcome)
[1] 396
[1] 396
  iteration traits posterior_prob regional_prob candidate_snp
1         1   None             NA        0.0075            NA
  posterior_explained_by_snp dropped_trait   lead_snp
1                         NA      iradjbmi rs11117333
[1] "SPLICING EVENT"
[1] "chr16:88036574:88037973:clu_25767_+:ENSG00000172530.21"
Harmonising fat_distr (fat_distr) and Outcome (Outcome)
Harmonising fat_distr (fat_distr) and Outcome (Outcome)
[1] 396
[1] 396
  iteration traits posterior_prob regional_prob candidate_snp
1         1   None             NA        0.0061            NA
  posterior_explained_by_snp dropped_trait   lead_snp
1                         NA      iradjbmi rs11117333
[1] "SPLICING EVENT"
[1] "chr16:88038011:88065267:clu_25768_+:ENSG00000172530.21"
Harmonising fat_distr (fat_distr) and Outcome (Outcome)
Harmonising fat_distr (fat_distr) and Outcome (Outcome)
[1] 396
[1] 396
  iteration traits posterior_prob regional_prob candidate_snp
1         1   None             NA        0.0076            NA
  posterior_explained_by_snp dropped_trait   lead_snp
1                         NA      iradjbmi rs11117333
[1] "SPLICING EVENT"
[1] "chr16:88038011:88072069:clu_25768_+:ENSG00000172530.21"
Harmonising fat_distr (fat_distr) and Outcome (Outcome)
Harmonising fat_distr (fat_distr) and Outcome (Outcome)
[1] 396
[1] 396
  iteration traits posterior_prob regional_prob candidate_snp
1         1   None             NA        0.0056            NA
  posterior_explained_by_snp dropped_trait   lead_snp
1                         NA      iradjbmi rs11117333
[1] "SPLICING EVENT"
[1] "chr16:88065332:88072069:clu_25768_+:ENSG00000172530.21"
Harmonising fat_distr (fat_distr) and Outcome (Outcome)
Harmonising fat_distr (fat_distr) and Outcome (Outcome)
[1] 396
[1] 396
  iteration traits posterior_prob regional_prob candidate_snp
1         1   None             NA        0.0059            NA
  posterior_explained_by_snp dropped_trait   lead_snp
1                         NA      iradjbmi rs11117333
[1] "SPLICING EVENT"
[1] "chr16:88071929:88072069:clu_25768_+:ENSG00000172530.21"
Harmonising fat_distr (fat_distr) and Outcome (Outcome)
Harmonising fat_distr (fat_distr) and Outcome (Outcome)
[1] 396
[1] 396
  iteration traits posterior_prob regional_prob candidate_snp
1         1   None             NA        0.0051            NA
  posterior_explained_by_snp dropped_trait   lead_snp
1                         NA      iradjbmi rs11117333
[1] "SPLICING EVENT"
[1] "chr16:88072212:88076590:clu_25769_+:ENSG00000172530.21"
Harmonising fat_distr (fat_distr) and Outcome (Outcome)
Harmonising fat_distr (fat_distr) and Outcome (Outcome)
[1] 396
[1] 396
  iteration traits posterior_prob regional_prob candidate_snp
1         1   None             NA        0.0099            NA
  posterior_explained_by_snp dropped_trait   lead_snp
1                         NA      iradjbmi rs11117333
[1] "SPLICING EVENT"
[1] "chr16:88072387:88076590:clu_25769_+:ENSG00000172530.21"
Harmonising fat_distr (fat_distr) and Outcome (Outcome)
Harmonising fat_distr (fat_distr) and Outcome (Outcome)
[1] 396
[1] 396
  iteration traits posterior_prob regional_prob candidate_snp
1         1   None             NA        0.0094            NA
  posterior_explained_by_snp dropped_trait   lead_snp
1                         NA      iradjbmi rs11117333
[1] "CHROMOSOME"
[1] 17
[1] "LEAD INDEX"
[1] 1
[1] "SPLICING EVENT"
[1] "chr17:17505848:17506227:clu_26480_-:ENSG00000133027.18"
Harmonising fat_distr (fat_distr) and Outcome (Outcome)
Harmonising fat_distr (fat_distr) and Outcome (Outcome)
[1] 385
[1] 385
  iteration traits posterior_prob regional_prob candidate_snp
1         1   None             NA        0.0688            NA
  posterior_explained_by_snp dropped_trait  lead_snp
1                         NA      iradjbmi rs1263507
[1] "SPLICING EVENT"
[1] "chr17:17505848:17509434:clu_26480_-:ENSG00000133027.18"
Harmonising fat_distr (fat_distr) and Outcome (Outcome)
Harmonising fat_distr (fat_distr) and Outcome (Outcome)
[1] 385
[1] 385
  iteration traits posterior_prob regional_prob candidate_snp
1         1   None             NA        0.9612            NA
  posterior_explained_by_snp dropped_trait  lead_snp
1                         NA      iradjbmi rs1263507
[1] "SPLICING EVENT"
[1] "chr17:17506301:17507169:clu_26480_-:ENSG00000133027.18"
Harmonising fat_distr (fat_distr) and Outcome (Outcome)
Harmonising fat_distr (fat_distr) and Outcome (Outcome)
[1] 385
[1] 385
  iteration traits posterior_prob regional_prob candidate_snp
1         1   None             NA        0.0123            NA
  posterior_explained_by_snp dropped_trait  lead_snp
1                         NA      iradjbmi rs1263507
[1] "SPLICING EVENT"
[1] "chr17:17506301:17509434:clu_26480_-:ENSG00000133027.18"
Harmonising fat_distr (fat_distr) and Outcome (Outcome)
Harmonising fat_distr (fat_distr) and Outcome (Outcome)
[1] 385
[1] 385
  iteration traits posterior_prob regional_prob candidate_snp
1         1   None             NA        0.0144            NA
  posterior_explained_by_snp dropped_trait  lead_snp
1                         NA      iradjbmi rs1263507
[1] "SPLICING EVENT"
[1] "chr17:17512654:17522280:clu_26481_-:ENSG00000133027.18"
Harmonising fat_distr (fat_distr) and Outcome (Outcome)
Harmonising fat_distr (fat_distr) and Outcome (Outcome)
[1] 385
[1] 385
  iteration traits posterior_prob regional_prob candidate_snp
1         1   None             NA        0.0244            NA
  posterior_explained_by_snp dropped_trait  lead_snp
1                         NA      iradjbmi rs1263507
[1] "SPLICING EVENT"
[1] "chr17:17512654:17576920:clu_26481_-:ENSG00000133027.18"
Harmonising fat_distr (fat_distr) and Outcome (Outcome)
Harmonising fat_distr (fat_distr) and Outcome (Outcome)
[1] 385
[1] 385
  iteration traits posterior_prob regional_prob candidate_snp
1         1   None             NA        0.0121            NA
  posterior_explained_by_snp dropped_trait  lead_snp
1                         NA      iradjbmi rs1263507
[1] "SPLICING EVENT"
[1] "chr17:17522395:17576920:clu_26481_-:ENSG00000133027.18"
Harmonising fat_distr (fat_distr) and Outcome (Outcome)
Harmonising fat_distr (fat_distr) and Outcome (Outcome)
[1] 385
[1] 385
  iteration traits posterior_prob regional_prob candidate_snp
1         1   None             NA        0.0323            NA
  posterior_explained_by_snp dropped_trait  lead_snp
1                         NA      iradjbmi rs1263507
[1] "SPLICING EVENT"
[1] "chr17:17577027:17577107:clu_26482_-:ENSG00000133027.18"
Harmonising fat_distr (fat_distr) and Outcome (Outcome)
Harmonising fat_distr (fat_distr) and Outcome (Outcome)
[1] 385
[1] 385
  iteration traits posterior_prob regional_prob candidate_snp
1         1   None             NA         0.149            NA
  posterior_explained_by_snp dropped_trait  lead_snp
1                         NA      iradjbmi rs1263507
[1] "SPLICING EVENT"
[1] "chr17:17577027:17591531:clu_26482_-:ENSG00000133027.18"
Harmonising fat_distr (fat_distr) and Outcome (Outcome)
Harmonising fat_distr (fat_distr) and Outcome (Outcome)
[1] 385
[1] 385
  iteration traits posterior_prob regional_prob candidate_snp
1         1   None             NA        0.0885            NA
  posterior_explained_by_snp dropped_trait  lead_snp
1                         NA      iradjbmi rs1263507
[1] "SPLICING EVENT"
[1] "chr17:17577027:17591597:clu_26482_-:ENSG00000133027.18"
Harmonising fat_distr (fat_distr) and Outcome (Outcome)
Harmonising fat_distr (fat_distr) and Outcome (Outcome)
[1] 385
[1] 385
  iteration traits posterior_prob regional_prob candidate_snp
1         1   None             NA        0.0132            NA
  posterior_explained_by_snp dropped_trait  lead_snp
1                         NA      iradjbmi rs1263507
[1] "LEAD INDEX"
[1] 2
[1] "LEAD INDEX"
[1] 3
[1] "LEAD INDEX"
[1] 4
[1] "LEAD INDEX"
[1] 5
[1] "SPLICING EVENT"
[1] "chr17:17505848:17506227:clu_26480_-:ENSG00000133027.18"
Harmonising fat_distr (fat_distr) and Outcome (Outcome)
Harmonising fat_distr (fat_distr) and Outcome (Outcome)
[1] 382
[1] 382
  iteration traits posterior_prob regional_prob candidate_snp
1         1   None             NA        0.0688            NA
  posterior_explained_by_snp dropped_trait  lead_snp
1                         NA      iradjbmi rs7222358
[1] "SPLICING EVENT"
[1] "chr17:17505848:17509434:clu_26480_-:ENSG00000133027.18"
Harmonising fat_distr (fat_distr) and Outcome (Outcome)
Harmonising fat_distr (fat_distr) and Outcome (Outcome)
[1] 382
[1] 382
  iteration traits posterior_prob regional_prob candidate_snp
1         1   None             NA        0.9612            NA
  posterior_explained_by_snp dropped_trait  lead_snp
1                         NA      iradjbmi rs7222358
[1] "SPLICING EVENT"
[1] "chr17:17506301:17507169:clu_26480_-:ENSG00000133027.18"
Harmonising fat_distr (fat_distr) and Outcome (Outcome)
Harmonising fat_distr (fat_distr) and Outcome (Outcome)
[1] 382
[1] 382
  iteration traits posterior_prob regional_prob candidate_snp
1         1   None             NA        0.0123            NA
  posterior_explained_by_snp dropped_trait  lead_snp
1                         NA      iradjbmi rs7222358
[1] "SPLICING EVENT"
[1] "chr17:17506301:17509434:clu_26480_-:ENSG00000133027.18"
Harmonising fat_distr (fat_distr) and Outcome (Outcome)
Harmonising fat_distr (fat_distr) and Outcome (Outcome)
[1] 382
[1] 382
  iteration traits posterior_prob regional_prob candidate_snp
1         1   None             NA        0.0144            NA
  posterior_explained_by_snp dropped_trait  lead_snp
1                         NA      iradjbmi rs7222358
[1] "SPLICING EVENT"
[1] "chr17:17512654:17522280:clu_26481_-:ENSG00000133027.18"
Harmonising fat_distr (fat_distr) and Outcome (Outcome)
Harmonising fat_distr (fat_distr) and Outcome (Outcome)
[1] 382
[1] 382
  iteration traits posterior_prob regional_prob candidate_snp
1         1   None             NA        0.0244            NA
  posterior_explained_by_snp dropped_trait  lead_snp
1                         NA      iradjbmi rs7222358
[1] "SPLICING EVENT"
[1] "chr17:17512654:17576920:clu_26481_-:ENSG00000133027.18"
Harmonising fat_distr (fat_distr) and Outcome (Outcome)
Harmonising fat_distr (fat_distr) and Outcome (Outcome)
[1] 382
[1] 382
  iteration traits posterior_prob regional_prob candidate_snp
1         1   None             NA        0.0121            NA
  posterior_explained_by_snp dropped_trait  lead_snp
1                         NA      iradjbmi rs7222358
[1] "SPLICING EVENT"
[1] "chr17:17522395:17576920:clu_26481_-:ENSG00000133027.18"
Harmonising fat_distr (fat_distr) and Outcome (Outcome)
Harmonising fat_distr (fat_distr) and Outcome (Outcome)
[1] 382
[1] 382
  iteration traits posterior_prob regional_prob candidate_snp
1         1   None             NA        0.0323            NA
  posterior_explained_by_snp dropped_trait  lead_snp
1                         NA      iradjbmi rs7222358
[1] "SPLICING EVENT"
[1] "chr17:17577027:17577107:clu_26482_-:ENSG00000133027.18"
Harmonising fat_distr (fat_distr) and Outcome (Outcome)
Harmonising fat_distr (fat_distr) and Outcome (Outcome)
[1] 382
[1] 382
  iteration traits posterior_prob regional_prob candidate_snp
1         1   None             NA         0.149            NA
  posterior_explained_by_snp dropped_trait  lead_snp
1                         NA      iradjbmi rs7222358
[1] "SPLICING EVENT"
[1] "chr17:17577027:17591531:clu_26482_-:ENSG00000133027.18"
Harmonising fat_distr (fat_distr) and Outcome (Outcome)
Harmonising fat_distr (fat_distr) and Outcome (Outcome)
[1] 382
[1] 382
  iteration traits posterior_prob regional_prob candidate_snp
1         1   None             NA        0.0885            NA
  posterior_explained_by_snp dropped_trait  lead_snp
1                         NA      iradjbmi rs7222358
[1] "SPLICING EVENT"
[1] "chr17:17577027:17591597:clu_26482_-:ENSG00000133027.18"
Harmonising fat_distr (fat_distr) and Outcome (Outcome)
Harmonising fat_distr (fat_distr) and Outcome (Outcome)
[1] 382
[1] 382
  iteration traits posterior_prob regional_prob candidate_snp
1         1   None             NA        0.0132            NA
  posterior_explained_by_snp dropped_trait  lead_snp
1                         NA      iradjbmi rs7222358
[1] "LEAD INDEX"
[1] 6
[1] "SPLICING EVENT"
[1] "chr17:42567166:42567619:clu_28965_+:ENSG00000108788.12"
Harmonising fat_distr (fat_distr) and Outcome (Outcome)
Harmonising fat_distr (fat_distr) and Outcome (Outcome)
[1] 237
[1] 237
  iteration traits posterior_prob regional_prob candidate_snp
1         1   None             NA         0.008            NA
  posterior_explained_by_snp dropped_trait lead_snp
1                         NA      iradjbmi rs646123
[1] "SPLICING EVENT"
[1] "chr17:42567328:42567619:clu_28965_+:ENSG00000108788.12"
Harmonising fat_distr (fat_distr) and Outcome (Outcome)
Harmonising fat_distr (fat_distr) and Outcome (Outcome)
[1] 237
[1] 237
  iteration traits posterior_prob regional_prob candidate_snp
1         1   None             NA         0.008            NA
  posterior_explained_by_snp dropped_trait lead_snp
1                         NA      iradjbmi rs646123
[1] "SPLICING EVENT"
[1] "chr17:42567655:42568470:clu_28966_+:ENSG00000108788.12"
Harmonising fat_distr (fat_distr) and Outcome (Outcome)
Harmonising fat_distr (fat_distr) and Outcome (Outcome)
[1] 237
[1] 237
  iteration                                                           traits
1         1 iradjbmi, chr17:42567655:42568470:clu_28966_+:ENSG00000108788.12
  posterior_prob regional_prob candidate_snp posterior_explained_by_snp
1         0.9913        0.9989      rs646123                     0.3768
  dropped_trait lead_snp
1            NA rs646123
[1] "SPLICING EVENT"
[1] "chr17:42567655:42568837:clu_28966_+:ENSG00000108788.12"
Harmonising fat_distr (fat_distr) and Outcome (Outcome)
Harmonising fat_distr (fat_distr) and Outcome (Outcome)
[1] 237
[1] 237
  iteration                                                           traits
1         1 iradjbmi, chr17:42567655:42568837:clu_28966_+:ENSG00000108788.12
  posterior_prob regional_prob candidate_snp posterior_explained_by_snp
1         0.9948        0.9999      rs646123                     0.6047
  dropped_trait lead_snp
1            NA rs646123
[1] "SPLICING EVENT"
[1] "chr17:42568559:42568837:clu_28966_+:ENSG00000108788.12"
Harmonising fat_distr (fat_distr) and Outcome (Outcome)
Harmonising fat_distr (fat_distr) and Outcome (Outcome)
[1] 237
[1] 237
  iteration                                                           traits
1         1 iradjbmi, chr17:42568559:42568837:clu_28966_+:ENSG00000108788.12
  posterior_prob regional_prob candidate_snp posterior_explained_by_snp
1         0.5498        0.5725      rs646123                     0.4255
  dropped_trait lead_snp
1            NA rs646123
[1] "SPLICING EVENT"
[1] "chr17:42568943:42569204:clu_28967_+:ENSG00000108788.12"
Harmonising fat_distr (fat_distr) and Outcome (Outcome)
Harmonising fat_distr (fat_distr) and Outcome (Outcome)
[1] 237
[1] 237
  iteration traits posterior_prob regional_prob candidate_snp
1         1   None             NA        0.0718            NA
  posterior_explained_by_snp dropped_trait lead_snp
1                         NA      iradjbmi rs646123
[1] "SPLICING EVENT"
[1] "chr17:42569303:42569507:clu_28967_+:ENSG00000108788.12"
Harmonising fat_distr (fat_distr) and Outcome (Outcome)
Harmonising fat_distr (fat_distr) and Outcome (Outcome)
[1] 237
[1] 237
  iteration traits posterior_prob regional_prob candidate_snp
1         1   None             NA        0.0721            NA
  posterior_explained_by_snp dropped_trait lead_snp
1                         NA      iradjbmi rs646123
[1] "SPLICING EVENT"
[1] "chr17:42570172:42571547:clu_28968_+:ENSG00000108788.12"
Harmonising fat_distr (fat_distr) and Outcome (Outcome)
Harmonising fat_distr (fat_distr) and Outcome (Outcome)
[1] 237
[1] 237
  iteration traits posterior_prob regional_prob candidate_snp
1         1   None             NA        0.0166            NA
  posterior_explained_by_snp dropped_trait lead_snp
1                         NA      iradjbmi rs646123
[1] "SPLICING EVENT"
[1] "chr17:42570183:42571547:clu_28968_+:ENSG00000108788.12"
Harmonising fat_distr (fat_distr) and Outcome (Outcome)
Harmonising fat_distr (fat_distr) and Outcome (Outcome)
[1] 237
[1] 237
  iteration traits posterior_prob regional_prob candidate_snp
1         1   None             NA        0.0142            NA
  posterior_explained_by_snp dropped_trait lead_snp
1                         NA      iradjbmi rs646123
[1] "SPLICING EVENT"
[1] "chr17:42582270:42582674:clu_26960_-:ENSG00000141699.11"
Harmonising fat_distr (fat_distr) and Outcome (Outcome)
Harmonising fat_distr (fat_distr) and Outcome (Outcome)
[1] 237
[1] 237
  iteration traits posterior_prob regional_prob candidate_snp
1         1   None             NA        0.0083            NA
  posterior_explained_by_snp dropped_trait lead_snp
1                         NA      iradjbmi rs646123
[1] "SPLICING EVENT"
[1] "chr17:42582806:42583498:clu_26960_-:ENSG00000141699.11"
Harmonising fat_distr (fat_distr) and Outcome (Outcome)
Harmonising fat_distr (fat_distr) and Outcome (Outcome)
[1] 237
[1] 237
  iteration traits posterior_prob regional_prob candidate_snp
1         1   None             NA        0.0081            NA
  posterior_explained_by_snp dropped_trait lead_snp
1                         NA      iradjbmi rs646123
[1] "SPLICING EVENT"
[1] "chr17:42586137:42586765:clu_26961_-:ENSG00000141699.11"
Harmonising fat_distr (fat_distr) and Outcome (Outcome)
Harmonising fat_distr (fat_distr) and Outcome (Outcome)
[1] 237
[1] 237
  iteration traits posterior_prob regional_prob candidate_snp
1         1   None             NA        0.0216            NA
  posterior_explained_by_snp dropped_trait lead_snp
1                         NA      iradjbmi rs646123
[1] "SPLICING EVENT"
[1] "chr17:42586891:42587834:clu_26961_-:ENSG00000141699.11"
Harmonising fat_distr (fat_distr) and Outcome (Outcome)
Harmonising fat_distr (fat_distr) and Outcome (Outcome)
[1] 237
[1] 237
  iteration traits posterior_prob regional_prob candidate_snp
1         1   None             NA        0.0132            NA
  posterior_explained_by_snp dropped_trait lead_snp
1                         NA      iradjbmi rs646123
[1] "SPLICING EVENT"
[1] "chr17:42586891:42592056:clu_26961_-:ENSG00000141699.11"
Harmonising fat_distr (fat_distr) and Outcome (Outcome)
Harmonising fat_distr (fat_distr) and Outcome (Outcome)
[1] 237
[1] 237
  iteration traits posterior_prob regional_prob candidate_snp
1         1   None             NA        0.0083            NA
  posterior_explained_by_snp dropped_trait lead_snp
1                         NA      iradjbmi rs646123
[1] "SPLICING EVENT"
[1] "chr17:42587864:42592056:clu_26961_-:ENSG00000141699.11"
Harmonising fat_distr (fat_distr) and Outcome (Outcome)
Harmonising fat_distr (fat_distr) and Outcome (Outcome)
[1] 237
[1] 237
  iteration traits posterior_prob regional_prob candidate_snp
1         1   None             NA        0.0163            NA
  posterior_explained_by_snp dropped_trait lead_snp
1                         NA      iradjbmi rs646123
[1] "SPLICING EVENT"
[1] "chr17:42660316:42660639:clu_28973_+:ENSG00000037042.9"
Harmonising fat_distr (fat_distr) and Outcome (Outcome)
Harmonising fat_distr (fat_distr) and Outcome (Outcome)
[1] 237
[1] 237
  iteration traits posterior_prob regional_prob candidate_snp
1         1   None             NA        0.0082            NA
  posterior_explained_by_snp dropped_trait lead_snp
1                         NA      iradjbmi rs646123
[1] "SPLICING EVENT"
[1] "chr17:42660362:42660639:clu_28973_+:ENSG00000037042.9"
Harmonising fat_distr (fat_distr) and Outcome (Outcome)
Harmonising fat_distr (fat_distr) and Outcome (Outcome)
[1] 237
[1] 237
  iteration traits posterior_prob regional_prob candidate_snp
1         1   None             NA        0.0087            NA
  posterior_explained_by_snp dropped_trait lead_snp
1                         NA      iradjbmi rs646123
[1] "SPLICING EVENT"
[1] "chr17:42660707:42661201:clu_28974_+:ENSG00000037042.9"
Harmonising fat_distr (fat_distr) and Outcome (Outcome)
Harmonising fat_distr (fat_distr) and Outcome (Outcome)
[1] 237
[1] 237
  iteration traits posterior_prob regional_prob candidate_snp
1         1   None             NA        0.0117            NA
  posterior_explained_by_snp dropped_trait lead_snp
1                         NA      iradjbmi rs646123
[1] "SPLICING EVENT"
[1] "chr17:42660707:42662973:clu_28974_+:ENSG00000037042.9"
Harmonising fat_distr (fat_distr) and Outcome (Outcome)
Harmonising fat_distr (fat_distr) and Outcome (Outcome)
[1] 237
[1] 237
  iteration traits posterior_prob regional_prob candidate_snp
1         1   None             NA        0.0477            NA
  posterior_explained_by_snp dropped_trait lead_snp
1                         NA      iradjbmi rs646123
[1] "SPLICING EVENT"
[1] "chr17:42660707:42663377:clu_28974_+:ENSG00000037042.9"
Harmonising fat_distr (fat_distr) and Outcome (Outcome)
Harmonising fat_distr (fat_distr) and Outcome (Outcome)
[1] 237
[1] 237
  iteration traits posterior_prob regional_prob candidate_snp
1         1   None             NA        0.0155            NA
  posterior_explained_by_snp dropped_trait lead_snp
1                         NA      iradjbmi rs646123
[1] "SPLICING EVENT"
[1] "chr17:42661227:42662973:clu_28974_+:ENSG00000037042.9"
Harmonising fat_distr (fat_distr) and Outcome (Outcome)
Harmonising fat_distr (fat_distr) and Outcome (Outcome)
[1] 237
[1] 237
  iteration traits posterior_prob regional_prob candidate_snp
1         1   None             NA         0.012            NA
  posterior_explained_by_snp dropped_trait lead_snp
1                         NA      iradjbmi rs646123
[1] "SPLICING EVENT"
[1] "chr17:42661956:42662973:clu_28974_+:ENSG00000037042.9"
Harmonising fat_distr (fat_distr) and Outcome (Outcome)
Harmonising fat_distr (fat_distr) and Outcome (Outcome)
[1] 237
[1] 237
  iteration traits posterior_prob regional_prob candidate_snp
1         1   None             NA        0.0072            NA
  posterior_explained_by_snp dropped_trait lead_snp
1                         NA      iradjbmi rs646123
[1] "SPLICING EVENT"
[1] "chr17:42661956:42663377:clu_28974_+:ENSG00000037042.9"
Harmonising fat_distr (fat_distr) and Outcome (Outcome)
Harmonising fat_distr (fat_distr) and Outcome (Outcome)
[1] 237
[1] 237
  iteration traits posterior_prob regional_prob candidate_snp
1         1   None             NA        0.0379            NA
  posterior_explained_by_snp dropped_trait lead_snp
1                         NA      iradjbmi rs646123
[1] "SPLICING EVENT"
[1] "chr17:42663052:42663377:clu_28974_+:ENSG00000037042.9"
Harmonising fat_distr (fat_distr) and Outcome (Outcome)
Harmonising fat_distr (fat_distr) and Outcome (Outcome)
[1] 237
[1] 237
  iteration traits posterior_prob regional_prob candidate_snp
1         1   None             NA        0.0143            NA
  posterior_explained_by_snp dropped_trait lead_snp
1                         NA      iradjbmi rs646123
[1] "SPLICING EVENT"
[1] "chr17:42665827:42666087:clu_28975_+:ENSG00000037042.9"
Harmonising fat_distr (fat_distr) and Outcome (Outcome)
Harmonising fat_distr (fat_distr) and Outcome (Outcome)
[1] 237
[1] 237
  iteration traits posterior_prob regional_prob candidate_snp
1         1   None             NA        0.0158            NA
  posterior_explained_by_snp dropped_trait lead_snp
1                         NA      iradjbmi rs646123
[1] "LEAD INDEX"
[1] 7
[1] "SPLICING EVENT"
[1] "chr17:43484185:43489449:clu_29030_+:ENSG00000067596.12"
Harmonising fat_distr (fat_distr) and Outcome (Outcome)
Harmonising fat_distr (fat_distr) and Outcome (Outcome)
[1] 305
[1] 305
  iteration traits posterior_prob regional_prob candidate_snp
1         1   None             NA        0.0126            NA
  posterior_explained_by_snp dropped_trait  lead_snp
1                         NA      iradjbmi rs4632174
[1] "SPLICING EVENT"
[1] "chr17:43489534:43490391:clu_29030_+:ENSG00000067596.12"
Harmonising fat_distr (fat_distr) and Outcome (Outcome)
Harmonising fat_distr (fat_distr) and Outcome (Outcome)
[1] 305
[1] 305
  iteration traits posterior_prob regional_prob candidate_snp
1         1   None             NA        0.0124            NA
  posterior_explained_by_snp dropped_trait  lead_snp
1                         NA      iradjbmi rs4632174
[1] "SPLICING EVENT"
[1] "chr17:43492292:43492681:clu_29031_+:ENSG00000067596.12"
Harmonising fat_distr (fat_distr) and Outcome (Outcome)
Harmonising fat_distr (fat_distr) and Outcome (Outcome)
[1] 305
[1] 305
  iteration traits posterior_prob regional_prob candidate_snp
1         1   None             NA        0.0139            NA
  posterior_explained_by_snp dropped_trait  lead_snp
1                         NA      iradjbmi rs4632174
[1] "SPLICING EVENT"
[1] "chr17:43492292:43492687:clu_29031_+:ENSG00000067596.12"
Harmonising fat_distr (fat_distr) and Outcome (Outcome)
Harmonising fat_distr (fat_distr) and Outcome (Outcome)
[1] 305
[1] 305
  iteration traits posterior_prob regional_prob candidate_snp
1         1   None             NA        0.0154            NA
  posterior_explained_by_snp dropped_trait  lead_snp
1                         NA      iradjbmi rs4632174
[1] "SPLICING EVENT"
[1] "chr17:43507688:43507809:clu_29033_+:ENSG00000067596.12"
Harmonising fat_distr (fat_distr) and Outcome (Outcome)
Harmonising fat_distr (fat_distr) and Outcome (Outcome)
[1] 305
[1] 305
  iteration traits posterior_prob regional_prob candidate_snp
1         1   None             NA        0.0105            NA
  posterior_explained_by_snp dropped_trait  lead_snp
1                         NA      iradjbmi rs4632174
[1] "SPLICING EVENT"
[1] "chr17:43508019:43508339:clu_29034_+:ENSG00000067596.12"
Harmonising fat_distr (fat_distr) and Outcome (Outcome)
Harmonising fat_distr (fat_distr) and Outcome (Outcome)
[1] 305
[1] 305
  iteration traits posterior_prob regional_prob candidate_snp
1         1   None             NA        0.0117            NA
  posterior_explained_by_snp dropped_trait  lead_snp
1                         NA      iradjbmi rs4632174
[1] "SPLICING EVENT"
[1] "chr17:43508520:43513362:clu_29034_+:ENSG00000067596.12"
Harmonising fat_distr (fat_distr) and Outcome (Outcome)
Harmonising fat_distr (fat_distr) and Outcome (Outcome)
[1] 305
[1] 305
  iteration traits posterior_prob regional_prob candidate_snp
1         1   None             NA        0.0118            NA
  posterior_explained_by_snp dropped_trait  lead_snp
1                         NA      iradjbmi rs4632174
[1] "SPLICING EVENT"
[1] "chr17:43517322:43520130:clu_29035_+:ENSG00000067596.12"
Harmonising fat_distr (fat_distr) and Outcome (Outcome)
Harmonising fat_distr (fat_distr) and Outcome (Outcome)
[1] 305
[1] 305
  iteration traits posterior_prob regional_prob candidate_snp
1         1   None             NA         0.017            NA
  posterior_explained_by_snp dropped_trait  lead_snp
1                         NA      iradjbmi rs4632174
[1] "SPLICING EVENT"
[1] "chr17:43520267:43520751:clu_29036_+:ENSG00000067596.12"
Harmonising fat_distr (fat_distr) and Outcome (Outcome)
Harmonising fat_distr (fat_distr) and Outcome (Outcome)
[1] 305
[1] 305
  iteration traits posterior_prob regional_prob candidate_snp
1         1   None             NA        0.0119            NA
  posterior_explained_by_snp dropped_trait  lead_snp
1                         NA      iradjbmi rs4632174
[1] "SPLICING EVENT"
[1] "chr17:43520879:43521369:clu_29036_+:ENSG00000067596.12"
Harmonising fat_distr (fat_distr) and Outcome (Outcome)
Harmonising fat_distr (fat_distr) and Outcome (Outcome)
[1] 305
[1] 305
  iteration traits posterior_prob regional_prob candidate_snp
1         1   None             NA        0.0137            NA
  posterior_explained_by_snp dropped_trait  lead_snp
1                         NA      iradjbmi rs4632174
[1] "SPLICING EVENT"
[1] "chr17:43522226:43523628:clu_29037_+:ENSG00000067596.12"
Harmonising fat_distr (fat_distr) and Outcome (Outcome)
Harmonising fat_distr (fat_distr) and Outcome (Outcome)
[1] 305
[1] 305
  iteration traits posterior_prob regional_prob candidate_snp
1         1   None             NA         0.012            NA
  posterior_explained_by_snp dropped_trait  lead_snp
1                         NA      iradjbmi rs4632174
[1] "SPLICING EVENT"
[1] "chr17:43522226:43526496:clu_29037_+:ENSG00000067596.12"
Harmonising fat_distr (fat_distr) and Outcome (Outcome)
Harmonising fat_distr (fat_distr) and Outcome (Outcome)
[1] 305
[1] 305
  iteration traits posterior_prob regional_prob candidate_snp
1         1   None             NA        0.0255            NA
  posterior_explained_by_snp dropped_trait  lead_snp
1                         NA      iradjbmi rs4632174
[1] "SPLICING EVENT"
[1] "chr17:43522226:43536412:clu_29037_+:ENSG00000067596.12"
Harmonising fat_distr (fat_distr) and Outcome (Outcome)
Harmonising fat_distr (fat_distr) and Outcome (Outcome)
[1] 305
[1] 305
  iteration traits posterior_prob regional_prob candidate_snp
1         1   None             NA         0.015            NA
  posterior_explained_by_snp dropped_trait  lead_snp
1                         NA      iradjbmi rs4632174
[1] "LEAD INDEX"
[1] 8
[1] "LEAD INDEX"
[1] 9
[1] "SPLICING EVENT"
[1] "chr17:43877983:43879275:clu_27037_-:ENSG00000108852.16"
Harmonising fat_distr (fat_distr) and Outcome (Outcome)
Harmonising fat_distr (fat_distr) and Outcome (Outcome)
[1] 353
[1] 353
  iteration traits posterior_prob regional_prob candidate_snp
1         1   None             NA        0.0113            NA
  posterior_explained_by_snp dropped_trait lead_snp
1                         NA      iradjbmi rs231492
[1] "SPLICING EVENT"
[1] "chr17:43898380:43904430:clu_27041_-:ENSG00000108852.16"
Harmonising fat_distr (fat_distr) and Outcome (Outcome)
Harmonising fat_distr (fat_distr) and Outcome (Outcome)
[1] 353
[1] 353
  iteration traits posterior_prob regional_prob candidate_snp
1         1   None             NA        0.0124            NA
  posterior_explained_by_snp dropped_trait lead_snp
1                         NA      iradjbmi rs231492
[1] "SPLICING EVENT"
[1] "chr17:43904493:43907474:clu_27041_-:ENSG00000108852.16"
Harmonising fat_distr (fat_distr) and Outcome (Outcome)
Harmonising fat_distr (fat_distr) and Outcome (Outcome)
[1] 353
[1] 353
  iteration traits posterior_prob regional_prob candidate_snp
1         1   None             NA        0.0122            NA
  posterior_explained_by_snp dropped_trait lead_snp
1                         NA      iradjbmi rs231492
[1] "LEAD INDEX"
[1] 10
[1] "LEAD INDEX"
[1] 11
[1] "SPLICING EVENT"
[1] "chr17:47941813:47943306:clu_29164_+:ENSG00000108439.11"
Harmonising fat_distr (fat_distr) and Outcome (Outcome)
Harmonising fat_distr (fat_distr) and Outcome (Outcome)
[1] 430
[1] 430
  iteration traits posterior_prob regional_prob candidate_snp
1         1   None             NA        0.0135            NA
  posterior_explained_by_snp dropped_trait   lead_snp
1                         NA      iradjbmi rs17618704
[1] "SPLICING EVENT"
[1] "chr17:47942051:47943306:clu_29164_+:ENSG00000108439.11"
Harmonising fat_distr (fat_distr) and Outcome (Outcome)
Harmonising fat_distr (fat_distr) and Outcome (Outcome)
[1] 430
[1] 430
  iteration traits posterior_prob regional_prob candidate_snp
1         1   None             NA        0.0131            NA
  posterior_explained_by_snp dropped_trait   lead_snp
1                         NA      iradjbmi rs17618704
[1] "SPLICING EVENT"
[1] "chr17:47943430:47944616:clu_29164_+:ENSG00000108439.11"
Harmonising fat_distr (fat_distr) and Outcome (Outcome)
Harmonising fat_distr (fat_distr) and Outcome (Outcome)
[1] 430
[1] 430
  iteration traits posterior_prob regional_prob candidate_snp
1         1   None             NA        0.0127            NA
  posterior_explained_by_snp dropped_trait   lead_snp
1                         NA      iradjbmi rs17618704
[1] "SPLICING EVENT"
[1] "chr17:47944715:47945559:clu_29165_+:ENSG00000108439.11"
Harmonising fat_distr (fat_distr) and Outcome (Outcome)
Harmonising fat_distr (fat_distr) and Outcome (Outcome)
[1] 430
[1] 430
  iteration traits posterior_prob regional_prob candidate_snp
1         1   None             NA        0.0302            NA
  posterior_explained_by_snp dropped_trait   lead_snp
1                         NA      iradjbmi rs17618704
[1] "SPLICING EVENT"
[1] "chr17:47945612:47945861:clu_29165_+:ENSG00000108439.11"
Harmonising fat_distr (fat_distr) and Outcome (Outcome)
Harmonising fat_distr (fat_distr) and Outcome (Outcome)
[1] 430
[1] 430
  iteration                                                           traits
1         1 iradjbmi, chr17:47945612:47945861:clu_29165_+:ENSG00000108439.11
  posterior_prob regional_prob candidate_snp posterior_explained_by_snp
1         0.7975        0.8792    rs11650043                     0.7708
  dropped_trait   lead_snp
1            NA rs17618704
[1] "SPLICING EVENT"
[1] "chr17:47945612:47946323:clu_29165_+:ENSG00000108439.11"
Harmonising fat_distr (fat_distr) and Outcome (Outcome)
Harmonising fat_distr (fat_distr) and Outcome (Outcome)
[1] 430
[1] 430
  iteration traits posterior_prob regional_prob candidate_snp
1         1   None             NA        0.0128            NA
  posterior_explained_by_snp dropped_trait   lead_snp
1                         NA      iradjbmi rs17618704
[1] "SPLICING EVENT"
[1] "chr17:47945989:47946323:clu_29165_+:ENSG00000108439.11"
Harmonising fat_distr (fat_distr) and Outcome (Outcome)
Harmonising fat_distr (fat_distr) and Outcome (Outcome)
[1] 430
[1] 430
  iteration                                                           traits
1         1 iradjbmi, chr17:47945989:47946323:clu_29165_+:ENSG00000108439.11
  posterior_prob regional_prob candidate_snp posterior_explained_by_snp
1         0.6367        0.7028    rs11650043                     0.5104
  dropped_trait   lead_snp
1            NA rs17618704
[1] "SPLICING EVENT"
[1] "chr17:47946393:47946614:clu_29166_+:ENSG00000108439.11"
Harmonising fat_distr (fat_distr) and Outcome (Outcome)
Harmonising fat_distr (fat_distr) and Outcome (Outcome)
[1] 430
[1] 430
  iteration traits posterior_prob regional_prob candidate_snp
1         1   None             NA        0.4442            NA
  posterior_explained_by_snp
1                         NA
                                           dropped_trait   lead_snp
1 chr17:47946393:47946614:clu_29166_+:ENSG00000108439.11 rs17618704
[1] "LEAD INDEX"
[1] 12
[1] "LEAD INDEX"
[1] 13
[1] "LEAD INDEX"
[1] 14
[1] "SPLICING EVENT"
[1] "chr17:76265403:76265907:clu_29688_+:ENSG00000185262.9"
Harmonising fat_distr (fat_distr) and Outcome (Outcome)
Harmonising fat_distr (fat_distr) and Outcome (Outcome)
[1] 389
[1] 389
  iteration traits posterior_prob regional_prob candidate_snp
1         1   None             NA        0.0124            NA
  posterior_explained_by_snp dropped_trait  lead_snp
1                         NA      iradjbmi rs9674537
[1] "SPLICING EVENT"
[1] "chr17:76265625:76265907:clu_29688_+:ENSG00000185262.9"
Harmonising fat_distr (fat_distr) and Outcome (Outcome)
Harmonising fat_distr (fat_distr) and Outcome (Outcome)
[1] 389
[1] 389
  iteration traits posterior_prob regional_prob candidate_snp
1         1   None             NA        0.0114            NA
  posterior_explained_by_snp dropped_trait  lead_snp
1                         NA      iradjbmi rs9674537
[1] "LEAD INDEX"
[1] 15
[1] "SPLICING EVENT"
[1] "chr17:78378808:78392476:clu_29757_+:ENSG00000087157.19"
Harmonising fat_distr (fat_distr) and Outcome (Outcome)
Harmonising fat_distr (fat_distr) and Outcome (Outcome)
[1] 471
[1] 471
  iteration traits posterior_prob regional_prob candidate_snp
1         1   None             NA             1            NA
  posterior_explained_by_snp dropped_trait   lead_snp
1                         NA      iradjbmi rs16971107
[1] "SPLICING EVENT"
[1] "chr17:78382785:78392476:clu_29757_+:ENSG00000087157.19"
Harmonising fat_distr (fat_distr) and Outcome (Outcome)
Harmonising fat_distr (fat_distr) and Outcome (Outcome)
[1] 471
[1] 471
  iteration                                                           traits
1         1 iradjbmi, chr17:78382785:78392476:clu_29757_+:ENSG00000087157.19
  posterior_prob regional_prob candidate_snp posterior_explained_by_snp
1         0.7691             1     rs4969178                     0.9952
  dropped_trait   lead_snp
1            NA rs16971107
[1] "SPLICING EVENT"
[1] "chr17:78392665:78396308:clu_29758_+:ENSG00000087157.19"
Harmonising fat_distr (fat_distr) and Outcome (Outcome)
Harmonising fat_distr (fat_distr) and Outcome (Outcome)
[1] 471
[1] 471
  iteration traits posterior_prob regional_prob candidate_snp
1         1   None             NA        0.0083            NA
  posterior_explained_by_snp dropped_trait   lead_snp
1                         NA      iradjbmi rs16971107
[1] "SPLICING EVENT"
[1] "chr17:78392665:78398252:clu_29758_+:ENSG00000087157.19"
Harmonising fat_distr (fat_distr) and Outcome (Outcome)
Harmonising fat_distr (fat_distr) and Outcome (Outcome)
[1] 471
[1] 471
  iteration traits posterior_prob regional_prob candidate_snp
1         1   None             NA        0.0179            NA
  posterior_explained_by_snp dropped_trait   lead_snp
1                         NA      iradjbmi rs16971107
[1] "SPLICING EVENT"
[1] "chr17:78396385:78398252:clu_29758_+:ENSG00000087157.19"
Harmonising fat_distr (fat_distr) and Outcome (Outcome)
Harmonising fat_distr (fat_distr) and Outcome (Outcome)
[1] 471
[1] 471
  iteration traits posterior_prob regional_prob candidate_snp
1         1   None             NA        0.0171            NA
  posterior_explained_by_snp dropped_trait   lead_snp
1                         NA      iradjbmi rs16971107
[1] "SPLICING EVENT"
[1] "chr17:78399537:78400677:clu_29759_+:ENSG00000087157.19"
Harmonising fat_distr (fat_distr) and Outcome (Outcome)
Harmonising fat_distr (fat_distr) and Outcome (Outcome)
[1] 471
[1] 471
  iteration traits posterior_prob regional_prob candidate_snp
1         1   None             NA        0.3744            NA
  posterior_explained_by_snp dropped_trait   lead_snp
1                         NA      iradjbmi rs16971107
[1] "SPLICING EVENT"
[1] "chr17:78399537:78400735:clu_29759_+:ENSG00000087157.19"
Harmonising fat_distr (fat_distr) and Outcome (Outcome)
Harmonising fat_distr (fat_distr) and Outcome (Outcome)
[1] 471
[1] 471
  iteration traits posterior_prob regional_prob candidate_snp
1         1   None             NA        0.0504            NA
  posterior_explained_by_snp dropped_trait   lead_snp
1                         NA      iradjbmi rs16971107
[1] "SPLICING EVENT"
[1] "chr17:78399537:78403568:clu_29759_+:ENSG00000087157.19"
Harmonising fat_distr (fat_distr) and Outcome (Outcome)
Harmonising fat_distr (fat_distr) and Outcome (Outcome)
[1] 471
[1] 471
  iteration traits posterior_prob regional_prob candidate_snp
1         1   None             NA        0.0079            NA
  posterior_explained_by_snp dropped_trait   lead_snp
1                         NA      iradjbmi rs16971107
[1] "SPLICING EVENT"
[1] "chr17:78400855:78403568:clu_29759_+:ENSG00000087157.19"
Harmonising fat_distr (fat_distr) and Outcome (Outcome)
Harmonising fat_distr (fat_distr) and Outcome (Outcome)
[1] 471
[1] 471
  iteration traits posterior_prob regional_prob candidate_snp
1         1   None             NA        0.1108            NA
  posterior_explained_by_snp dropped_trait   lead_snp
1                         NA      iradjbmi rs16971107
[1] "SPLICING EVENT"
[1] "chr17:78403929:78414952:clu_29760_+:ENSG00000087157.19"
Harmonising fat_distr (fat_distr) and Outcome (Outcome)
Harmonising fat_distr (fat_distr) and Outcome (Outcome)
[1] 471
[1] 471
  iteration traits posterior_prob regional_prob candidate_snp
1         1   None             NA        0.0133            NA
  posterior_explained_by_snp dropped_trait   lead_snp
1                         NA      iradjbmi rs16971107
[1] "SPLICING EVENT"
[1] "chr17:78404089:78414879:clu_29760_+:ENSG00000087157.19"
Harmonising fat_distr (fat_distr) and Outcome (Outcome)
Harmonising fat_distr (fat_distr) and Outcome (Outcome)
[1] 471
[1] 471
  iteration traits posterior_prob regional_prob candidate_snp
1         1   None             NA        0.0063            NA
  posterior_explained_by_snp dropped_trait   lead_snp
1                         NA      iradjbmi rs16971107
[1] "SPLICING EVENT"
[1] "chr17:78404089:78414952:clu_29760_+:ENSG00000087157.19"
Harmonising fat_distr (fat_distr) and Outcome (Outcome)
Harmonising fat_distr (fat_distr) and Outcome (Outcome)
[1] 471
[1] 471
  iteration traits posterior_prob regional_prob candidate_snp
1         1   None             NA        0.0075            NA
  posterior_explained_by_snp dropped_trait   lead_snp
1                         NA      iradjbmi rs16971107
[1] "SPLICING EVENT"
[1] "chr17:78404089:78419546:clu_29760_+:ENSG00000087157.19"
Harmonising fat_distr (fat_distr) and Outcome (Outcome)
Harmonising fat_distr (fat_distr) and Outcome (Outcome)
[1] 471
[1] 471
  iteration traits posterior_prob regional_prob candidate_snp
1         1   None             NA        0.0147            NA
  posterior_explained_by_snp dropped_trait   lead_snp
1                         NA      iradjbmi rs16971107
[1] "SPLICING EVENT"
[1] "chr17:78415027:78419546:clu_29760_+:ENSG00000087157.19"
Harmonising fat_distr (fat_distr) and Outcome (Outcome)
Harmonising fat_distr (fat_distr) and Outcome (Outcome)
[1] 471
[1] 471
  iteration traits posterior_prob regional_prob candidate_snp
1         1   None             NA        0.0077            NA
  posterior_explained_by_snp dropped_trait   lead_snp
1                         NA      iradjbmi rs16971107
[1] "SPLICING EVENT"
[1] "chr17:78419675:78420214:clu_29761_+:ENSG00000087157.19"
Harmonising fat_distr (fat_distr) and Outcome (Outcome)
Harmonising fat_distr (fat_distr) and Outcome (Outcome)
[1] 471
[1] 471
  iteration traits posterior_prob regional_prob candidate_snp
1         1   None             NA        0.0095            NA
  posterior_explained_by_snp dropped_trait   lead_snp
1                         NA      iradjbmi rs16971107
[1] "SPLICING EVENT"
[1] "chr17:78419675:78424061:clu_29761_+:ENSG00000087157.19"
Harmonising fat_distr (fat_distr) and Outcome (Outcome)
Harmonising fat_distr (fat_distr) and Outcome (Outcome)
[1] 471
[1] 471
  iteration traits posterior_prob regional_prob candidate_snp
1         1   None             NA        0.0057            NA
  posterior_explained_by_snp dropped_trait   lead_snp
1                         NA      iradjbmi rs16971107
[1] "SPLICING EVENT"
[1] "chr17:78419725:78420214:clu_29761_+:ENSG00000087157.19"
Harmonising fat_distr (fat_distr) and Outcome (Outcome)
Harmonising fat_distr (fat_distr) and Outcome (Outcome)
[1] 471
[1] 471
  iteration traits posterior_prob regional_prob candidate_snp
1         1   None             NA        0.0076            NA
  posterior_explained_by_snp dropped_trait   lead_snp
1                         NA      iradjbmi rs16971107
[1] "SPLICING EVENT"
[1] "chr17:78419725:78424061:clu_29761_+:ENSG00000087157.19"
Harmonising fat_distr (fat_distr) and Outcome (Outcome)
Harmonising fat_distr (fat_distr) and Outcome (Outcome)
[1] 471
[1] 471
  iteration traits posterior_prob regional_prob candidate_snp
1         1   None             NA        0.0066            NA
  posterior_explained_by_snp dropped_trait   lead_snp
1                         NA      iradjbmi rs16971107
[1] "SPLICING EVENT"
[1] "chr17:78420323:78424061:clu_29761_+:ENSG00000087157.19"
Harmonising fat_distr (fat_distr) and Outcome (Outcome)
Harmonising fat_distr (fat_distr) and Outcome (Outcome)
[1] 471
[1] 471
  iteration traits posterior_prob regional_prob candidate_snp
1         1   None             NA        0.0077            NA
  posterior_explained_by_snp dropped_trait   lead_snp
1                         NA      iradjbmi rs16971107
[1] "SPLICING EVENT"
[1] "chr17:78423295:78424061:clu_29761_+:ENSG00000087157.19"
Harmonising fat_distr (fat_distr) and Outcome (Outcome)
Harmonising fat_distr (fat_distr) and Outcome (Outcome)
[1] 471
[1] 471
  iteration traits posterior_prob regional_prob candidate_snp
1         1   None             NA        0.0099            NA
  posterior_explained_by_snp dropped_trait   lead_snp
1                         NA      iradjbmi rs16971107
[1] "CHROMOSOME"
[1] 18
[1] "LEAD INDEX"
[1] 1
[1] "LEAD INDEX"
[1] 2
[1] "LEAD INDEX"
[1] 3
[1] "LEAD INDEX"
[1] 4
[1] "LEAD INDEX"
[1] 5
[1] "LEAD INDEX"
[1] 6
[1] "SPLICING EVENT"
[1] "chr18:23504447:23506970:clu_30187_+:ENSG00000141452.10"
Harmonising fat_distr (fat_distr) and Outcome (Outcome)
Harmonising fat_distr (fat_distr) and Outcome (Outcome)
[1] 341
[1] 341
  iteration traits posterior_prob regional_prob candidate_snp
1         1   None             NA         0.015            NA
  posterior_explained_by_snp dropped_trait  lead_snp
1                         NA      iradjbmi rs1623060
[1] "SPLICING EVENT"
[1] "chr18:23504447:23507985:clu_30187_+:ENSG00000141452.10"
Harmonising fat_distr (fat_distr) and Outcome (Outcome)
Harmonising fat_distr (fat_distr) and Outcome (Outcome)
[1] 341
[1] 341
  iteration traits posterior_prob regional_prob candidate_snp
1         1   None             NA        0.0202            NA
  posterior_explained_by_snp dropped_trait  lead_snp
1                         NA      iradjbmi rs1623060
[1] "SPLICING EVENT"
[1] "chr18:23504447:23509193:clu_30187_+:ENSG00000141452.10"
Harmonising fat_distr (fat_distr) and Outcome (Outcome)
Harmonising fat_distr (fat_distr) and Outcome (Outcome)
[1] 341
[1] 341
  iteration traits posterior_prob regional_prob candidate_snp
1         1   None             NA        0.0335            NA
  posterior_explained_by_snp dropped_trait  lead_snp
1                         NA      iradjbmi rs1623060
[1] "SPLICING EVENT"
[1] "chr18:23504447:23515856:clu_30187_+:ENSG00000141452.10"
Harmonising fat_distr (fat_distr) and Outcome (Outcome)
Harmonising fat_distr (fat_distr) and Outcome (Outcome)
[1] 341
[1] 341
  iteration traits posterior_prob regional_prob candidate_snp
1         1   None             NA         0.009            NA
  posterior_explained_by_snp dropped_trait  lead_snp
1                         NA      iradjbmi rs1623060
[1] "SPLICING EVENT"
[1] "chr18:23507054:23507985:clu_30187_+:ENSG00000141452.10"
Harmonising fat_distr (fat_distr) and Outcome (Outcome)
Harmonising fat_distr (fat_distr) and Outcome (Outcome)
[1] 341
[1] 341
  iteration traits posterior_prob regional_prob candidate_snp
1         1   None             NA        0.0204            NA
  posterior_explained_by_snp dropped_trait  lead_snp
1                         NA      iradjbmi rs1623060
[1] "SPLICING EVENT"
[1] "chr18:23508041:23509193:clu_30187_+:ENSG00000141452.10"
Harmonising fat_distr (fat_distr) and Outcome (Outcome)
Harmonising fat_distr (fat_distr) and Outcome (Outcome)
[1] 341
[1] 341
  iteration traits posterior_prob regional_prob candidate_snp
1         1   None             NA        0.0095            NA
  posterior_explained_by_snp dropped_trait  lead_snp
1                         NA      iradjbmi rs1623060
[1] "SPLICING EVENT"
[1] "chr18:23509279:23515856:clu_30187_+:ENSG00000141452.10"
Harmonising fat_distr (fat_distr) and Outcome (Outcome)
Harmonising fat_distr (fat_distr) and Outcome (Outcome)
[1] 341
[1] 341
  iteration traits posterior_prob regional_prob candidate_snp
1         1   None             NA         0.008            NA
  posterior_explained_by_snp dropped_trait  lead_snp
1                         NA      iradjbmi rs1623060
[1] "SPLICING EVENT"
[1] "chr18:23516423:23517195:clu_30188_+:ENSG00000141452.10"
Harmonising fat_distr (fat_distr) and Outcome (Outcome)
Harmonising fat_distr (fat_distr) and Outcome (Outcome)
[1] 341
[1] 341
  iteration traits posterior_prob regional_prob candidate_snp
1         1   None             NA        0.0077            NA
  posterior_explained_by_snp dropped_trait  lead_snp
1                         NA      iradjbmi rs1623060
[1] "SPLICING EVENT"
[1] "chr18:23516423:23518890:clu_30188_+:ENSG00000141452.10"
Harmonising fat_distr (fat_distr) and Outcome (Outcome)
Harmonising fat_distr (fat_distr) and Outcome (Outcome)
[1] 341
[1] 341
  iteration traits posterior_prob regional_prob candidate_snp
1         1   None             NA        0.0075            NA
  posterior_explained_by_snp dropped_trait  lead_snp
1                         NA      iradjbmi rs1623060
[1] "SPLICING EVENT"
[1] "chr18:23526765:23527795:clu_30189_+:ENSG00000141452.10"
Harmonising fat_distr (fat_distr) and Outcome (Outcome)
Harmonising fat_distr (fat_distr) and Outcome (Outcome)
[1] 341
[1] 341
  iteration traits posterior_prob regional_prob candidate_snp
1         1   None             NA        0.0077            NA
  posterior_explained_by_snp dropped_trait  lead_snp
1                         NA      iradjbmi rs1623060
[1] "SPLICING EVENT"
[1] "chr18:23527901:23529179:clu_30189_+:ENSG00000141452.10"
Harmonising fat_distr (fat_distr) and Outcome (Outcome)
Harmonising fat_distr (fat_distr) and Outcome (Outcome)
[1] 341
[1] 341
  iteration traits posterior_prob regional_prob candidate_snp
1         1   None             NA        0.0081            NA
  posterior_explained_by_snp dropped_trait  lead_snp
1                         NA      iradjbmi rs1623060
[1] "SPLICING EVENT"
[1] "chr18:23529298:23529635:clu_30190_+:ENSG00000141452.10"
Harmonising fat_distr (fat_distr) and Outcome (Outcome)
Harmonising fat_distr (fat_distr) and Outcome (Outcome)
[1] 341
[1] 341
  iteration traits posterior_prob regional_prob candidate_snp
1         1   None             NA         0.008            NA
  posterior_explained_by_snp dropped_trait  lead_snp
1                         NA      iradjbmi rs1623060
[1] "SPLICING EVENT"
[1] "chr18:23530132:23530207:clu_30191_+:ENSG00000141452.10"
Harmonising fat_distr (fat_distr) and Outcome (Outcome)
Harmonising fat_distr (fat_distr) and Outcome (Outcome)
[1] 341
[1] 341
  iteration traits posterior_prob regional_prob candidate_snp
1         1   None             NA        0.0071            NA
  posterior_explained_by_snp dropped_trait  lead_snp
1                         NA      iradjbmi rs1623060
[1] "SPLICING EVENT"
[1] "chr18:23530132:23530229:clu_30191_+:ENSG00000141452.10"
Harmonising fat_distr (fat_distr) and Outcome (Outcome)
Harmonising fat_distr (fat_distr) and Outcome (Outcome)
[1] 341
[1] 341
  iteration traits posterior_prob regional_prob candidate_snp
1         1   None             NA        0.0077            NA
  posterior_explained_by_snp dropped_trait  lead_snp
1                         NA      iradjbmi rs1623060
[1] "SPLICING EVENT"
[1] "chr18:23530297:23530387:clu_30192_+:ENSG00000141452.10"
Harmonising fat_distr (fat_distr) and Outcome (Outcome)
Harmonising fat_distr (fat_distr) and Outcome (Outcome)
[1] 341
[1] 341
  iteration traits posterior_prob regional_prob candidate_snp
1         1   None             NA        0.0077            NA
  posterior_explained_by_snp dropped_trait  lead_snp
1                         NA      iradjbmi rs1623060
[1] "SPLICING EVENT"
[1] "chr18:23530297:23530511:clu_30192_+:ENSG00000141452.10"
Harmonising fat_distr (fat_distr) and Outcome (Outcome)
Harmonising fat_distr (fat_distr) and Outcome (Outcome)
[1] 341
[1] 341
  iteration traits posterior_prob regional_prob candidate_snp
1         1   None             NA        0.0073            NA
  posterior_explained_by_snp dropped_trait  lead_snp
1                         NA      iradjbmi rs1623060
[1] "SPLICING EVENT"
[1] "chr18:23530612:23531020:clu_30193_+:ENSG00000141452.10"
Harmonising fat_distr (fat_distr) and Outcome (Outcome)
Harmonising fat_distr (fat_distr) and Outcome (Outcome)
[1] 341
[1] 341
  iteration traits posterior_prob regional_prob candidate_snp
1         1   None             NA        0.0086            NA
  posterior_explained_by_snp dropped_trait  lead_snp
1                         NA      iradjbmi rs1623060
[1] "SPLICING EVENT"
[1] "chr18:23530612:23531625:clu_30193_+:ENSG00000141452.10"
Harmonising fat_distr (fat_distr) and Outcome (Outcome)
Harmonising fat_distr (fat_distr) and Outcome (Outcome)
[1] 341
[1] 341
  iteration traits posterior_prob regional_prob candidate_snp
1         1   None             NA        0.0088            NA
  posterior_explained_by_snp dropped_trait  lead_snp
1                         NA      iradjbmi rs1623060
[1] "SPLICING EVENT"
[1] "chr18:23506642:23533355:clu_30722_-:ENSG00000141458.13"
Harmonising fat_distr (fat_distr) and Outcome (Outcome)
Harmonising fat_distr (fat_distr) and Outcome (Outcome)
[1] 341
[1] 341
  iteration traits posterior_prob regional_prob candidate_snp
1         1   None             NA        0.8809            NA
  posterior_explained_by_snp dropped_trait  lead_snp
1                         NA      iradjbmi rs1623060
[1] "SPLICING EVENT"
[1] "chr18:23522906:23533355:clu_30722_-:ENSG00000141458.13"
Harmonising fat_distr (fat_distr) and Outcome (Outcome)
Harmonising fat_distr (fat_distr) and Outcome (Outcome)
[1] 341
[1] 341
  iteration                                                           traits
1         1 iradjbmi, chr18:23522906:23533355:clu_30722_-:ENSG00000141458.13
  posterior_prob regional_prob candidate_snp posterior_explained_by_snp
1         0.9633        0.9995     rs1788817                     0.6795
  dropped_trait  lead_snp
1            NA rs1623060
[1] "SPLICING EVENT"
[1] "chr18:23532284:23533355:clu_30722_-:ENSG00000141458.13"
Harmonising fat_distr (fat_distr) and Outcome (Outcome)
Harmonising fat_distr (fat_distr) and Outcome (Outcome)
[1] 341
[1] 341
  iteration traits posterior_prob regional_prob candidate_snp
1         1   None             NA        0.1264            NA
  posterior_explained_by_snp dropped_trait  lead_snp
1                         NA      iradjbmi rs1623060
[1] "SPLICING EVENT"
[1] "chr18:23533517:23534446:clu_30723_-:ENSG00000141458.13"
Harmonising fat_distr (fat_distr) and Outcome (Outcome)
Harmonising fat_distr (fat_distr) and Outcome (Outcome)
[1] 341
[1] 341
  iteration traits posterior_prob regional_prob candidate_snp
1         1   None             NA        0.0122            NA
  posterior_explained_by_snp dropped_trait  lead_snp
1                         NA      iradjbmi rs1623060
[1] "SPLICING EVENT"
[1] "chr18:23534559:23535469:clu_30724_-:ENSG00000141458.13"
Harmonising fat_distr (fat_distr) and Outcome (Outcome)
Harmonising fat_distr (fat_distr) and Outcome (Outcome)
[1] 341
[1] 341
  iteration traits posterior_prob regional_prob candidate_snp
1         1   None             NA        0.3352            NA
  posterior_explained_by_snp dropped_trait  lead_snp
1                         NA      iradjbmi rs1623060
[1] "SPLICING EVENT"
[1] "chr18:23535675:23536673:clu_30725_-:ENSG00000141458.13"
Harmonising fat_distr (fat_distr) and Outcome (Outcome)
Harmonising fat_distr (fat_distr) and Outcome (Outcome)
[1] 341
[1] 341
  iteration traits posterior_prob regional_prob candidate_snp
1         1   None             NA        0.0077            NA
  posterior_explained_by_snp dropped_trait  lead_snp
1                         NA      iradjbmi rs1623060
[1] "SPLICING EVENT"
[1] "chr18:23535700:23536673:clu_30725_-:ENSG00000141458.13"
Harmonising fat_distr (fat_distr) and Outcome (Outcome)
Harmonising fat_distr (fat_distr) and Outcome (Outcome)
[1] 341
[1] 341
  iteration traits posterior_prob regional_prob candidate_snp
1         1   None             NA        0.0078            NA
  posterior_explained_by_snp dropped_trait  lead_snp
1                         NA      iradjbmi rs1623060
[1] "SPLICING EVENT"
[1] "chr18:23536876:23538542:clu_30726_-:ENSG00000141458.13"
Harmonising fat_distr (fat_distr) and Outcome (Outcome)
Harmonising fat_distr (fat_distr) and Outcome (Outcome)
[1] 341
[1] 341
  iteration traits posterior_prob regional_prob candidate_snp
1         1   None             NA        0.0088            NA
  posterior_explained_by_snp dropped_trait  lead_snp
1                         NA      iradjbmi rs1623060
[1] "SPLICING EVENT"
[1] "chr18:23538671:23539355:clu_30726_-:ENSG00000141458.13"
Harmonising fat_distr (fat_distr) and Outcome (Outcome)
Harmonising fat_distr (fat_distr) and Outcome (Outcome)
[1] 341
[1] 341
  iteration traits posterior_prob regional_prob candidate_snp
1         1   None             NA        0.0088            NA
  posterior_explained_by_snp dropped_trait  lead_snp
1                         NA      iradjbmi rs1623060
[1] "SPLICING EVENT"
[1] "chr18:23540001:23540448:clu_30728_-:ENSG00000141458.13"
Harmonising fat_distr (fat_distr) and Outcome (Outcome)
Harmonising fat_distr (fat_distr) and Outcome (Outcome)
[1] 341
[1] 341
  iteration traits posterior_prob regional_prob candidate_snp
1         1   None             NA        0.0527            NA
  posterior_explained_by_snp dropped_trait  lead_snp
1                         NA      iradjbmi rs1623060
[1] "SPLICING EVENT"
[1] "chr18:23540537:23541068:clu_30728_-:ENSG00000141458.13"
Harmonising fat_distr (fat_distr) and Outcome (Outcome)
Harmonising fat_distr (fat_distr) and Outcome (Outcome)
[1] 341
[1] 341
  iteration traits posterior_prob regional_prob candidate_snp
1         1   None             NA        0.0514            NA
  posterior_explained_by_snp dropped_trait  lead_snp
1                         NA      iradjbmi rs1623060
[1] "SPLICING EVENT"
[1] "chr18:23541433:23543455:clu_30729_-:ENSG00000141458.13"
Harmonising fat_distr (fat_distr) and Outcome (Outcome)
Harmonising fat_distr (fat_distr) and Outcome (Outcome)
[1] 341
[1] 341
  iteration traits posterior_prob regional_prob candidate_snp
1         1   None             NA        0.0114            NA
  posterior_explained_by_snp dropped_trait  lead_snp
1                         NA      iradjbmi rs1623060
[1] "SPLICING EVENT"
[1] "chr18:23543569:23544344:clu_30729_-:ENSG00000141458.13"
Harmonising fat_distr (fat_distr) and Outcome (Outcome)
Harmonising fat_distr (fat_distr) and Outcome (Outcome)
[1] 341
[1] 341
  iteration traits posterior_prob regional_prob candidate_snp
1         1   None             NA        0.0116            NA
  posterior_explained_by_snp dropped_trait  lead_snp
1                         NA      iradjbmi rs1623060
[1] "SPLICING EVENT"
[1] "chr18:23545149:23548006:clu_30730_-:ENSG00000141458.13"
Harmonising fat_distr (fat_distr) and Outcome (Outcome)
Harmonising fat_distr (fat_distr) and Outcome (Outcome)
[1] 341
[1] 341
  iteration traits posterior_prob regional_prob candidate_snp
1         1   None             NA        0.0076            NA
  posterior_explained_by_snp dropped_trait  lead_snp
1                         NA      iradjbmi rs1623060
[1] "SPLICING EVENT"
[1] "chr18:23548108:23551627:clu_30730_-:ENSG00000141458.13"
Harmonising fat_distr (fat_distr) and Outcome (Outcome)
Harmonising fat_distr (fat_distr) and Outcome (Outcome)
[1] 341
[1] 341
  iteration traits posterior_prob regional_prob candidate_snp
1         1   None             NA        0.0088            NA
  posterior_explained_by_snp dropped_trait  lead_snp
1                         NA      iradjbmi rs1623060
[1] "SPLICING EVENT"
[1] "chr18:23551727:23554758:clu_30730_-:ENSG00000141458.13"
Harmonising fat_distr (fat_distr) and Outcome (Outcome)
Harmonising fat_distr (fat_distr) and Outcome (Outcome)
[1] 341
[1] 341
  iteration traits posterior_prob regional_prob candidate_snp
1         1   None             NA        0.0194            NA
  posterior_explained_by_snp dropped_trait  lead_snp
1                         NA      iradjbmi rs1623060
[1] "SPLICING EVENT"
[1] "chr18:23556613:23557117:clu_30731_-:ENSG00000141458.13"
Harmonising fat_distr (fat_distr) and Outcome (Outcome)
Harmonising fat_distr (fat_distr) and Outcome (Outcome)
[1] 341
[1] 341
  iteration traits posterior_prob regional_prob candidate_snp
1         1   None             NA        0.0096            NA
  posterior_explained_by_snp dropped_trait  lead_snp
1                         NA      iradjbmi rs1623060
[1] "SPLICING EVENT"
[1] "chr18:23556664:23557117:clu_30731_-:ENSG00000141458.13"
Harmonising fat_distr (fat_distr) and Outcome (Outcome)
Harmonising fat_distr (fat_distr) and Outcome (Outcome)
[1] 341
[1] 341
  iteration traits posterior_prob regional_prob candidate_snp
1         1   None             NA         0.008            NA
  posterior_explained_by_snp dropped_trait  lead_snp
1                         NA      iradjbmi rs1623060
[1] "SPLICING EVENT"
[1] "chr18:23557190:23560231:clu_30732_-:ENSG00000141458.13"
Harmonising fat_distr (fat_distr) and Outcome (Outcome)
Harmonising fat_distr (fat_distr) and Outcome (Outcome)
[1] 341
[1] 341
  iteration traits posterior_prob regional_prob candidate_snp
1         1   None             NA        0.0288            NA
  posterior_explained_by_snp dropped_trait  lead_snp
1                         NA      iradjbmi rs1623060
[1] "SPLICING EVENT"
[1] "chr18:23560480:23561360:clu_30732_-:ENSG00000141458.13"
Harmonising fat_distr (fat_distr) and Outcome (Outcome)
Harmonising fat_distr (fat_distr) and Outcome (Outcome)
[1] 341
[1] 341
  iteration traits posterior_prob regional_prob candidate_snp
1         1   None             NA        0.0128            NA
  posterior_explained_by_snp dropped_trait  lead_snp
1                         NA      iradjbmi rs1623060
[1] "SPLICING EVENT"
[1] "chr18:23568998:23572074:clu_30733_-:ENSG00000141458.13"
Harmonising fat_distr (fat_distr) and Outcome (Outcome)
Harmonising fat_distr (fat_distr) and Outcome (Outcome)
[1] 341
[1] 341
  iteration traits posterior_prob regional_prob candidate_snp
1         1   None             NA        0.0081            NA
  posterior_explained_by_snp dropped_trait  lead_snp
1                         NA      iradjbmi rs1623060
[1] "SPLICING EVENT"
[1] "chr18:23572180:23573452:clu_30733_-:ENSG00000141458.13"
Harmonising fat_distr (fat_distr) and Outcome (Outcome)
Harmonising fat_distr (fat_distr) and Outcome (Outcome)
[1] 341
[1] 341
  iteration traits posterior_prob regional_prob candidate_snp
1         1   None             NA        0.0081            NA
  posterior_explained_by_snp dropped_trait  lead_snp
1                         NA      iradjbmi rs1623060
[1] "LEAD INDEX"
[1] 7
[1] "CHROMOSOME"
[1] 19
[1] "LEAD INDEX"
[1] 1
[1] "LEAD INDEX"
[1] 2
[1] "LEAD INDEX"
[1] 3
[1] "LEAD INDEX"
[1] 4
[1] "SPLICING EVENT"
[1] "chr19:7128951:7132158:clu_31466_-:ENSG00000171105.14"
Harmonising fat_distr (fat_distr) and Outcome (Outcome)
Harmonising fat_distr (fat_distr) and Outcome (Outcome)
[1] 442
[1] 442
  iteration traits posterior_prob regional_prob candidate_snp
1         1   None             NA        0.0185            NA
  posterior_explained_by_snp dropped_trait  lead_snp
1                         NA      iradjbmi rs8101064
[1] "SPLICING EVENT"
[1] "chr19:7128954:7132158:clu_31466_-:ENSG00000171105.14"
Harmonising fat_distr (fat_distr) and Outcome (Outcome)
Harmonising fat_distr (fat_distr) and Outcome (Outcome)
[1] 442
[1] 442
  iteration traits posterior_prob regional_prob candidate_snp
1         1   None             NA         0.021            NA
  posterior_explained_by_snp dropped_trait  lead_snp
1                         NA      iradjbmi rs8101064
[1] "SPLICING EVENT"
[1] "chr19:7132317:7141677:clu_31467_-:ENSG00000171105.14"
Harmonising fat_distr (fat_distr) and Outcome (Outcome)
Harmonising fat_distr (fat_distr) and Outcome (Outcome)
[1] 442
[1] 442
  iteration traits posterior_prob regional_prob candidate_snp
1         1   None             NA        0.0078            NA
  posterior_explained_by_snp dropped_trait  lead_snp
1                         NA      iradjbmi rs8101064
[1] "SPLICING EVENT"
[1] "chr19:7143090:7150497:clu_31468_-:ENSG00000171105.14"
Harmonising fat_distr (fat_distr) and Outcome (Outcome)
Harmonising fat_distr (fat_distr) and Outcome (Outcome)
[1] 442
[1] 442
  iteration traits posterior_prob regional_prob candidate_snp
1         1   None             NA        0.0087            NA
  posterior_explained_by_snp dropped_trait  lead_snp
1                         NA      iradjbmi rs8101064
[1] "SPLICING EVENT"
[1] "chr19:7143090:7152726:clu_31468_-:ENSG00000171105.14"
Harmonising fat_distr (fat_distr) and Outcome (Outcome)
Harmonising fat_distr (fat_distr) and Outcome (Outcome)
[1] 442
[1] 442
  iteration traits posterior_prob regional_prob candidate_snp
1         1   None             NA        0.0103            NA
  posterior_explained_by_snp dropped_trait  lead_snp
1                         NA      iradjbmi rs8101064
[1] "SPLICING EVENT"
[1] "chr19:7150532:7152726:clu_31468_-:ENSG00000171105.14"
Harmonising fat_distr (fat_distr) and Outcome (Outcome)
Harmonising fat_distr (fat_distr) and Outcome (Outcome)
[1] 442
[1] 442
  iteration traits posterior_prob regional_prob candidate_snp
1         1   None             NA        0.0124            NA
  posterior_explained_by_snp dropped_trait  lead_snp
1                         NA      iradjbmi rs8101064
[1] "SPLICING EVENT"
[1] "chr19:7152927:7163032:clu_31469_-:ENSG00000171105.14"
Harmonising fat_distr (fat_distr) and Outcome (Outcome)
Harmonising fat_distr (fat_distr) and Outcome (Outcome)
[1] 442
[1] 442
  iteration traits posterior_prob regional_prob candidate_snp
1         1   None             NA        0.0138            NA
  posterior_explained_by_snp dropped_trait  lead_snp
1                         NA      iradjbmi rs8101064
[1] "SPLICING EVENT"
[1] "chr19:7159645:7163032:clu_31469_-:ENSG00000171105.14"
Harmonising fat_distr (fat_distr) and Outcome (Outcome)
Harmonising fat_distr (fat_distr) and Outcome (Outcome)
[1] 442
[1] 442
  iteration traits posterior_prob regional_prob candidate_snp
1         1   None             NA        0.0122            NA
  posterior_explained_by_snp dropped_trait  lead_snp
1                         NA      iradjbmi rs8101064
[1] "SPLICING EVENT"
[1] "chr19:7168094:7170537:clu_31470_-:ENSG00000171105.14"
Harmonising fat_distr (fat_distr) and Outcome (Outcome)
Harmonising fat_distr (fat_distr) and Outcome (Outcome)
[1] 442
[1] 442
  iteration traits posterior_prob regional_prob candidate_snp
1         1   None             NA        0.0094            NA
  posterior_explained_by_snp dropped_trait  lead_snp
1                         NA      iradjbmi rs8101064
[1] "LEAD INDEX"
[1] 5
[1] "SPLICING EVENT"
[1] "chr19:7904068:7905808:clu_33499_+:ENSG00000076984.18"
Harmonising fat_distr (fat_distr) and Outcome (Outcome)
Harmonising fat_distr (fat_distr) and Outcome (Outcome)
[1] 439
[1] 439
  iteration traits posterior_prob regional_prob candidate_snp
1         1   None             NA        0.1911            NA
  posterior_explained_by_snp dropped_trait  lead_snp
1                         NA      iradjbmi rs4804833
[1] "SPLICING EVENT"
[1] "chr19:7904068:7909755:clu_33499_+:ENSG00000076984.18"
Harmonising fat_distr (fat_distr) and Outcome (Outcome)
Harmonising fat_distr (fat_distr) and Outcome (Outcome)
[1] 439
[1] 439
  iteration traits posterior_prob regional_prob candidate_snp
1         1   None             NA        0.0158            NA
  posterior_explained_by_snp dropped_trait  lead_snp
1                         NA      iradjbmi rs4804833
[1] "SPLICING EVENT"
[1] "chr19:7905855:7909755:clu_33499_+:ENSG00000076984.18"
Harmonising fat_distr (fat_distr) and Outcome (Outcome)
Harmonising fat_distr (fat_distr) and Outcome (Outcome)
[1] 439
[1] 439
  iteration traits posterior_prob regional_prob candidate_snp
1         1   None             NA        0.0098            NA
  posterior_explained_by_snp dropped_trait  lead_snp
1                         NA      iradjbmi rs4804833
[1] "SPLICING EVENT"
[1] "chr19:7909896:7910063:clu_33500_+:ENSG00000076984.18"
Harmonising fat_distr (fat_distr) and Outcome (Outcome)
Harmonising fat_distr (fat_distr) and Outcome (Outcome)
[1] 439
[1] 439
  iteration traits posterior_prob regional_prob candidate_snp
1         1   None             NA        0.0087            NA
  posterior_explained_by_snp dropped_trait  lead_snp
1                         NA      iradjbmi rs4804833
[1] "SPLICING EVENT"
[1] "chr19:7910129:7910260:clu_33500_+:ENSG00000076984.18"
Harmonising fat_distr (fat_distr) and Outcome (Outcome)
Harmonising fat_distr (fat_distr) and Outcome (Outcome)
[1] 439
[1] 439
  iteration traits posterior_prob regional_prob candidate_snp
1         1   None             NA        0.0086            NA
  posterior_explained_by_snp dropped_trait  lead_snp
1                         NA      iradjbmi rs4804833
[1] "SPLICING EVENT"
[1] "chr19:7911330:7911415:clu_33501_+:ENSG00000076984.18"
Harmonising fat_distr (fat_distr) and Outcome (Outcome)
Harmonising fat_distr (fat_distr) and Outcome (Outcome)
[1] 439
[1] 439
  iteration traits posterior_prob regional_prob candidate_snp
1         1   None             NA        0.0275            NA
  posterior_explained_by_snp dropped_trait  lead_snp
1                         NA      iradjbmi rs4804833
[1] "SPLICING EVENT"
[1] "chr19:7911330:7911436:clu_33501_+:ENSG00000076984.18"
Harmonising fat_distr (fat_distr) and Outcome (Outcome)
Harmonising fat_distr (fat_distr) and Outcome (Outcome)
[1] 439
[1] 439
  iteration traits posterior_prob regional_prob candidate_snp
1         1   None             NA        0.0082            NA
  posterior_explained_by_snp dropped_trait  lead_snp
1                         NA      iradjbmi rs4804833
[1] "SPLICING EVENT"
[1] "chr19:7911578:7912149:clu_33501_+:ENSG00000076984.18"
Harmonising fat_distr (fat_distr) and Outcome (Outcome)
Harmonising fat_distr (fat_distr) and Outcome (Outcome)
[1] 439
[1] 439
  iteration traits posterior_prob regional_prob candidate_snp
1         1   None             NA        0.0097            NA
  posterior_explained_by_snp dropped_trait  lead_snp
1                         NA      iradjbmi rs4804833
[1] "SPLICING EVENT"
[1] "chr19:7912194:7912297:clu_33502_+:ENSG00000076984.18"
Harmonising fat_distr (fat_distr) and Outcome (Outcome)
Harmonising fat_distr (fat_distr) and Outcome (Outcome)
[1] 439
[1] 439
  iteration traits posterior_prob regional_prob candidate_snp
1         1   None             NA        0.0172            NA
  posterior_explained_by_snp dropped_trait  lead_snp
1                         NA      iradjbmi rs4804833
[1] "LEAD INDEX"
[1] 6
[1] "LEAD INDEX"
[1] 7
[1] "LEAD INDEX"
[1] 8
[1] "SPLICING EVENT"
[1] "chr19:8526935:8527338:clu_31523_-:ENSG00000142347.19"
Harmonising fat_distr (fat_distr) and Outcome (Outcome)
Harmonising fat_distr (fat_distr) and Outcome (Outcome)
[1] 422
[1] 422
  iteration traits posterior_prob regional_prob candidate_snp
1         1   None             NA        0.1097            NA
  posterior_explained_by_snp dropped_trait  lead_snp
1                         NA      iradjbmi rs4804311
[1] "SPLICING EVENT"
[1] "chr19:8536396:8536499:clu_31524_-:ENSG00000142347.19"
Harmonising fat_distr (fat_distr) and Outcome (Outcome)
Harmonising fat_distr (fat_distr) and Outcome (Outcome)
[1] 422
[1] 422
  iteration traits posterior_prob regional_prob candidate_snp
1         1   None             NA        0.0148            NA
  posterior_explained_by_snp dropped_trait  lead_snp
1                         NA      iradjbmi rs4804311
[1] "SPLICING EVENT"
[1] "chr19:8536410:8536499:clu_31524_-:ENSG00000142347.19"
Harmonising fat_distr (fat_distr) and Outcome (Outcome)
Harmonising fat_distr (fat_distr) and Outcome (Outcome)
[1] 422
[1] 422
  iteration traits posterior_prob regional_prob candidate_snp
1         1   None             NA        0.0111            NA
  posterior_explained_by_snp dropped_trait  lead_snp
1                         NA      iradjbmi rs4804311
[1] "SPLICING EVENT"
[1] "chr19:8536597:8536949:clu_31525_-:ENSG00000142347.19"
Harmonising fat_distr (fat_distr) and Outcome (Outcome)
Harmonising fat_distr (fat_distr) and Outcome (Outcome)
[1] 422
[1] 422
  iteration traits posterior_prob regional_prob candidate_snp
1         1   None             NA        0.0153            NA
  posterior_explained_by_snp dropped_trait  lead_snp
1                         NA      iradjbmi rs4804311
[1] "SPLICING EVENT"
[1] "chr19:8536646:8536949:clu_31525_-:ENSG00000142347.19"
Harmonising fat_distr (fat_distr) and Outcome (Outcome)
Harmonising fat_distr (fat_distr) and Outcome (Outcome)
[1] 422
[1] 422
  iteration traits posterior_prob regional_prob candidate_snp
1         1   None             NA        0.0126            NA
  posterior_explained_by_snp dropped_trait  lead_snp
1                         NA      iradjbmi rs4804311
[1] "SPLICING EVENT"
[1] "chr19:8540028:8541906:clu_31526_-:ENSG00000142347.19"
Harmonising fat_distr (fat_distr) and Outcome (Outcome)
Harmonising fat_distr (fat_distr) and Outcome (Outcome)
[1] 422
[1] 422
  iteration traits posterior_prob regional_prob candidate_snp
1         1   None             NA        0.0118            NA
  posterior_explained_by_snp dropped_trait  lead_snp
1                         NA      iradjbmi rs4804311
[1] "SPLICING EVENT"
[1] "chr19:8540028:8541913:clu_31526_-:ENSG00000142347.19"
Harmonising fat_distr (fat_distr) and Outcome (Outcome)
Harmonising fat_distr (fat_distr) and Outcome (Outcome)
[1] 422
[1] 422
  iteration traits posterior_prob regional_prob candidate_snp
1         1   None             NA        0.0112            NA
  posterior_explained_by_snp dropped_trait  lead_snp
1                         NA      iradjbmi rs4804311
[1] "SPLICING EVENT"
[1] "chr19:8540028:8544297:clu_31526_-:ENSG00000142347.19"
Harmonising fat_distr (fat_distr) and Outcome (Outcome)
Harmonising fat_distr (fat_distr) and Outcome (Outcome)
[1] 422
[1] 422
  iteration traits posterior_prob regional_prob candidate_snp
1         1   None             NA        0.0104            NA
  posterior_explained_by_snp dropped_trait  lead_snp
1                         NA      iradjbmi rs4804311
[1] "SPLICING EVENT"
[1] "chr19:8541991:8544297:clu_31526_-:ENSG00000142347.19"
Harmonising fat_distr (fat_distr) and Outcome (Outcome)
Harmonising fat_distr (fat_distr) and Outcome (Outcome)
[1] 422
[1] 422
  iteration traits posterior_prob regional_prob candidate_snp
1         1   None             NA        0.0113            NA
  posterior_explained_by_snp dropped_trait  lead_snp
1                         NA      iradjbmi rs4804311
[1] "SPLICING EVENT"
[1] "chr19:8544464:8545650:clu_31527_-:ENSG00000142347.19"
Harmonising fat_distr (fat_distr) and Outcome (Outcome)
Harmonising fat_distr (fat_distr) and Outcome (Outcome)
[1] 422
[1] 422
  iteration traits posterior_prob regional_prob candidate_snp
1         1   None             NA        0.0131            NA
  posterior_explained_by_snp dropped_trait  lead_snp
1                         NA      iradjbmi rs4804311
[1] "SPLICING EVENT"
[1] "chr19:8545736:8548036:clu_31527_-:ENSG00000142347.19"
Harmonising fat_distr (fat_distr) and Outcome (Outcome)
Harmonising fat_distr (fat_distr) and Outcome (Outcome)
[1] 422
[1] 422
  iteration traits posterior_prob regional_prob candidate_snp
1         1   None             NA        0.0154            NA
  posterior_explained_by_snp dropped_trait  lead_snp
1                         NA      iradjbmi rs4804311
[1] "SPLICING EVENT"
[1] "chr19:8550356:8550562:clu_31528_-:ENSG00000142347.19"
Harmonising fat_distr (fat_distr) and Outcome (Outcome)
Harmonising fat_distr (fat_distr) and Outcome (Outcome)
[1] 422
[1] 422
  iteration traits posterior_prob regional_prob candidate_snp
1         1   None             NA        0.0107            NA
  posterior_explained_by_snp dropped_trait  lead_snp
1                         NA      iradjbmi rs4804311
[1] "SPLICING EVENT"
[1] "chr19:8550694:8551740:clu_31529_-:ENSG00000142347.19"
Harmonising fat_distr (fat_distr) and Outcome (Outcome)
Harmonising fat_distr (fat_distr) and Outcome (Outcome)
[1] 422
[1] 422
  iteration traits posterior_prob regional_prob candidate_snp
1         1   None             NA        0.0328            NA
  posterior_explained_by_snp dropped_trait  lead_snp
1                         NA      iradjbmi rs4804311
[1] "SPLICING EVENT"
[1] "chr19:8551874:8552033:clu_31530_-:ENSG00000142347.19"
Harmonising fat_distr (fat_distr) and Outcome (Outcome)
Harmonising fat_distr (fat_distr) and Outcome (Outcome)
[1] 422
[1] 422
  iteration traits posterior_prob regional_prob candidate_snp
1         1   None             NA        0.0176            NA
  posterior_explained_by_snp dropped_trait  lead_snp
1                         NA      iradjbmi rs4804311
[1] "LEAD INDEX"
[1] 9
[1] "LEAD INDEX"
[1] 10
[1] "LEAD INDEX"
[1] 11
[1] "LEAD INDEX"
[1] 12
[1] "LEAD INDEX"
[1] 13
[1] "LEAD INDEX"
[1] 14
[1] "LEAD INDEX"
[1] 15
[1] "LEAD INDEX"
[1] 16
[1] "SPLICING EVENT"
[1] "chr19:48720997:48721106:clu_32666_-:ENSG00000105538.10"
Harmonising fat_distr (fat_distr) and Outcome (Outcome)
Harmonising fat_distr (fat_distr) and Outcome (Outcome)
[1] 414
[1] 414
  iteration                                                           traits
1         1 iradjbmi, chr19:48720997:48721106:clu_32666_-:ENSG00000105538.10
  posterior_prob regional_prob candidate_snp posterior_explained_by_snp
1         0.5493        0.6033      rs632111                     0.2034
  dropped_trait lead_snp
1            NA rs485186
[1] "SPLICING EVENT"
[1] "chr19:48720997:48721854:clu_32666_-:ENSG00000105538.10"
Harmonising fat_distr (fat_distr) and Outcome (Outcome)
Harmonising fat_distr (fat_distr) and Outcome (Outcome)
[1] 414
[1] 414
  iteration                                                           traits
1         1 iradjbmi, chr19:48720997:48721854:clu_32666_-:ENSG00000105538.10
  posterior_prob regional_prob candidate_snp posterior_explained_by_snp
1         0.9755        0.9881      rs485186                     0.2336
  dropped_trait lead_snp
1            NA rs485186
[1] "SPLICING EVENT"
[1] "chr19:48721027:48721854:clu_32666_-:ENSG00000105538.10"
Harmonising fat_distr (fat_distr) and Outcome (Outcome)
Harmonising fat_distr (fat_distr) and Outcome (Outcome)
[1] 414
[1] 414
  iteration traits posterior_prob regional_prob candidate_snp
1         1   None             NA        0.0061            NA
  posterior_explained_by_snp dropped_trait lead_snp
1                         NA      iradjbmi rs485186
[1] "SPLICING EVENT"
[1] "chr19:48721259:48721854:clu_32666_-:ENSG00000105538.10"
Harmonising fat_distr (fat_distr) and Outcome (Outcome)
Harmonising fat_distr (fat_distr) and Outcome (Outcome)
[1] 414
[1] 414
  iteration                                                           traits
1         1 iradjbmi, chr19:48721259:48721854:clu_32666_-:ENSG00000105538.10
  posterior_prob regional_prob candidate_snp posterior_explained_by_snp
1         0.9796         0.992      rs633372                     0.3908
  dropped_trait lead_snp
1            NA rs485186
[1] "SPLICING EVENT"
[1] "chr19:48722001:48724327:clu_32667_-:ENSG00000105538.10"
Harmonising fat_distr (fat_distr) and Outcome (Outcome)
Harmonising fat_distr (fat_distr) and Outcome (Outcome)
[1] 414
[1] 414
  iteration traits posterior_prob regional_prob candidate_snp
1         1   None             NA        0.0492            NA
  posterior_explained_by_snp dropped_trait lead_snp
1                         NA      iradjbmi rs485186
[1] "SPLICING EVENT"
[1] "chr19:48722001:48724337:clu_32667_-:ENSG00000105538.10"
Harmonising fat_distr (fat_distr) and Outcome (Outcome)
Harmonising fat_distr (fat_distr) and Outcome (Outcome)
[1] 414
[1] 414
  iteration traits posterior_prob regional_prob candidate_snp
1         1   None             NA        0.0434            NA
  posterior_explained_by_snp dropped_trait lead_snp
1                         NA      iradjbmi rs485186
[1] "SPLICING EVENT"
[1] "chr19:48724509:48724711:clu_32668_-:ENSG00000105538.10"
Harmonising fat_distr (fat_distr) and Outcome (Outcome)
Harmonising fat_distr (fat_distr) and Outcome (Outcome)
[1] 414
[1] 414
  iteration traits posterior_prob regional_prob candidate_snp
1         1   None             NA        0.0057            NA
  posterior_explained_by_snp dropped_trait lead_snp
1                         NA      iradjbmi rs485186
[1] "SPLICING EVENT"
[1] "chr19:48724509:48724717:clu_32668_-:ENSG00000105538.10"
Harmonising fat_distr (fat_distr) and Outcome (Outcome)
Harmonising fat_distr (fat_distr) and Outcome (Outcome)
[1] 414
[1] 414
  iteration traits posterior_prob regional_prob candidate_snp
1         1   None             NA        0.0057            NA
  posterior_explained_by_snp dropped_trait lead_snp
1                         NA      iradjbmi rs485186
[1] "SPLICING EVENT"
[1] "chr19:48724960:48726785:clu_32669_-:ENSG00000105538.10"
Harmonising fat_distr (fat_distr) and Outcome (Outcome)
Harmonising fat_distr (fat_distr) and Outcome (Outcome)
[1] 414
[1] 414
  iteration traits posterior_prob regional_prob candidate_snp
1         1   None             NA        0.0059            NA
  posterior_explained_by_snp dropped_trait lead_snp
1                         NA      iradjbmi rs485186
[1] "SPLICING EVENT"
[1] "chr19:48724960:48727007:clu_32669_-:ENSG00000105538.10"
Harmonising fat_distr (fat_distr) and Outcome (Outcome)
Harmonising fat_distr (fat_distr) and Outcome (Outcome)
[1] 414
[1] 414
  iteration                                                           traits
1         1 iradjbmi, chr19:48724960:48727007:clu_32669_-:ENSG00000105538.10
  posterior_prob regional_prob candidate_snp posterior_explained_by_snp
1         0.6195        0.6348      rs485186                     0.3474
  dropped_trait lead_snp
1            NA rs485186
[1] "SPLICING EVENT"
[1] "chr19:48726888:48727007:clu_32669_-:ENSG00000105538.10"
Harmonising fat_distr (fat_distr) and Outcome (Outcome)
Harmonising fat_distr (fat_distr) and Outcome (Outcome)
[1] 414
[1] 414
  iteration traits posterior_prob regional_prob candidate_snp
1         1   None             NA        0.0061            NA
  posterior_explained_by_snp dropped_trait lead_snp
1                         NA      iradjbmi rs485186
[1] "SPLICING EVENT"
[1] "chr19:48727158:48727393:clu_32669_-:ENSG00000105538.10"
Harmonising fat_distr (fat_distr) and Outcome (Outcome)
Harmonising fat_distr (fat_distr) and Outcome (Outcome)
[1] 414
[1] 414
  iteration                                                           traits
1         1 iradjbmi, chr19:48727158:48727393:clu_32669_-:ENSG00000105538.10
  posterior_prob regional_prob candidate_snp posterior_explained_by_snp
1         0.5339        0.5557      rs485186                     0.2124
  dropped_trait lead_snp
1            NA rs485186
[1] "SPLICING EVENT"
[1] "chr19:48727430:48728937:clu_32669_-:ENSG00000105538.10"
Harmonising fat_distr (fat_distr) and Outcome (Outcome)
Harmonising fat_distr (fat_distr) and Outcome (Outcome)
[1] 414
[1] 414
  iteration traits posterior_prob regional_prob candidate_snp
1         1   None             NA        0.0069            NA
  posterior_explained_by_snp dropped_trait lead_snp
1                         NA      iradjbmi rs485186
[1] "SPLICING EVENT"
[1] "chr19:48729590:48735196:clu_32669_-:ENSG00000105538.10"
Harmonising fat_distr (fat_distr) and Outcome (Outcome)
Harmonising fat_distr (fat_distr) and Outcome (Outcome)
[1] 414
[1] 414
  iteration                                                           traits
1         1 iradjbmi, chr19:48729590:48735196:clu_32669_-:ENSG00000105538.10
  posterior_prob regional_prob candidate_snp posterior_explained_by_snp
1         0.8055        0.8214      rs485186                     0.2289
  dropped_trait lead_snp
1            NA rs485186
[1] "SPLICING EVENT"
[1] "chr19:48735551:48737884:clu_32670_-:ENSG00000105538.10"
Harmonising fat_distr (fat_distr) and Outcome (Outcome)
Harmonising fat_distr (fat_distr) and Outcome (Outcome)
[1] 414
[1] 414
  iteration traits posterior_prob regional_prob candidate_snp
1         1   None             NA        0.0047            NA
  posterior_explained_by_snp dropped_trait lead_snp
1                         NA      iradjbmi rs485186
[1] "SPLICING EVENT"
[1] "chr19:48735551:48738960:clu_32670_-:ENSG00000105538.10"
Harmonising fat_distr (fat_distr) and Outcome (Outcome)
Harmonising fat_distr (fat_distr) and Outcome (Outcome)
[1] 414
[1] 414
  iteration traits posterior_prob regional_prob candidate_snp
1         1   None             NA         0.004            NA
  posterior_explained_by_snp dropped_trait lead_snp
1                         NA      iradjbmi rs485186
[1] "SPLICING EVENT"
[1] "chr19:48738107:48738960:clu_32670_-:ENSG00000105538.10"
Harmonising fat_distr (fat_distr) and Outcome (Outcome)
Harmonising fat_distr (fat_distr) and Outcome (Outcome)
[1] 414
[1] 414
  iteration traits posterior_prob regional_prob candidate_snp
1         1   None             NA          0.02            NA
  posterior_explained_by_snp dropped_trait lead_snp
1                         NA      iradjbmi rs485186
[1] "LEAD INDEX"
[1] 17
[1] "CHROMOSOME"
[1] 20
[1] "LEAD INDEX"
[1] 1
[1] "SPLICING EVENT"
[1] "chr20:41340949:41341180:clu_40407_+:ENSG00000132793.12"
Harmonising fat_distr (fat_distr) and Outcome (Outcome)
Harmonising fat_distr (fat_distr) and Outcome (Outcome)
[1] 375
[1] 375
  iteration traits posterior_prob regional_prob candidate_snp
1         1   None             NA        0.0121            NA
  posterior_explained_by_snp dropped_trait  lead_snp
1                         NA      iradjbmi rs6102322
[1] "SPLICING EVENT"
[1] "chr20:41340949:41345796:clu_40407_+:ENSG00000132793.12"
Harmonising fat_distr (fat_distr) and Outcome (Outcome)
Harmonising fat_distr (fat_distr) and Outcome (Outcome)
[1] 375
[1] 375
  iteration traits posterior_prob regional_prob candidate_snp
1         1   None             NA        0.0158            NA
  posterior_explained_by_snp dropped_trait  lead_snp
1                         NA      iradjbmi rs6102322
[1] "SPLICING EVENT"
[1] "chr20:41341002:41341180:clu_40407_+:ENSG00000132793.12"
Harmonising fat_distr (fat_distr) and Outcome (Outcome)
Harmonising fat_distr (fat_distr) and Outcome (Outcome)
[1] 375
[1] 375
  iteration traits posterior_prob regional_prob candidate_snp
1         1   None             NA         0.019            NA
  posterior_explained_by_snp dropped_trait  lead_snp
1                         NA      iradjbmi rs6102322
[1] "SPLICING EVENT"
[1] "chr20:41341002:41345796:clu_40407_+:ENSG00000132793.12"
Harmonising fat_distr (fat_distr) and Outcome (Outcome)
Harmonising fat_distr (fat_distr) and Outcome (Outcome)
[1] 375
[1] 375
  iteration traits posterior_prob regional_prob candidate_snp
1         1   None             NA        0.0732            NA
  posterior_explained_by_snp dropped_trait  lead_snp
1                         NA      iradjbmi rs6102322
[1] "SPLICING EVENT"
[1] "chr20:41341309:41345796:clu_40407_+:ENSG00000132793.12"
Harmonising fat_distr (fat_distr) and Outcome (Outcome)
Harmonising fat_distr (fat_distr) and Outcome (Outcome)
[1] 375
[1] 375
  iteration traits posterior_prob regional_prob candidate_snp
1         1   None             NA        0.0338            NA
  posterior_explained_by_snp dropped_trait  lead_snp
1                         NA      iradjbmi rs6102322
[1] "SPLICING EVENT"
[1] "chr20:41345950:41347552:clu_40408_+:ENSG00000132793.12"
Harmonising fat_distr (fat_distr) and Outcome (Outcome)
Harmonising fat_distr (fat_distr) and Outcome (Outcome)
[1] 375
[1] 375
  iteration traits posterior_prob regional_prob candidate_snp
1         1   None             NA        0.0188            NA
  posterior_explained_by_snp dropped_trait  lead_snp
1                         NA      iradjbmi rs6102322
[1] "SPLICING EVENT"
[1] "chr20:41345995:41347552:clu_40408_+:ENSG00000132793.12"
Harmonising fat_distr (fat_distr) and Outcome (Outcome)
Harmonising fat_distr (fat_distr) and Outcome (Outcome)
[1] 375
[1] 375
  iteration traits posterior_prob regional_prob candidate_snp
1         1   None             NA        0.0122            NA
  posterior_explained_by_snp dropped_trait  lead_snp
1                         NA      iradjbmi rs6102322
[1] "SPLICING EVENT"
[1] "chr20:41348844:41349089:clu_40409_+:ENSG00000132793.12"
Harmonising fat_distr (fat_distr) and Outcome (Outcome)
Harmonising fat_distr (fat_distr) and Outcome (Outcome)
[1] 375
[1] 375
  iteration traits posterior_prob regional_prob candidate_snp
1         1   None             NA         0.017            NA
  posterior_explained_by_snp dropped_trait  lead_snp
1                         NA      iradjbmi rs6102322
[1] "SPLICING EVENT"
[1] "chr20:41348844:41349092:clu_40409_+:ENSG00000132793.12"
Harmonising fat_distr (fat_distr) and Outcome (Outcome)
Harmonising fat_distr (fat_distr) and Outcome (Outcome)
[1] 375
[1] 375
  iteration traits posterior_prob regional_prob candidate_snp
1         1   None             NA        0.0138            NA
  posterior_explained_by_snp dropped_trait  lead_snp
1                         NA      iradjbmi rs6102322
[1] "SPLICING EVENT"
[1] "chr20:41348887:41349089:clu_40409_+:ENSG00000132793.12"
Harmonising fat_distr (fat_distr) and Outcome (Outcome)
Harmonising fat_distr (fat_distr) and Outcome (Outcome)
[1] 375
[1] 375
  iteration traits posterior_prob regional_prob candidate_snp
1         1   None             NA        0.0133            NA
  posterior_explained_by_snp dropped_trait  lead_snp
1                         NA      iradjbmi rs6102322
[1] "SPLICING EVENT"
[1] "chr20:41348887:41349092:clu_40409_+:ENSG00000132793.12"
Harmonising fat_distr (fat_distr) and Outcome (Outcome)
Harmonising fat_distr (fat_distr) and Outcome (Outcome)
[1] 375
[1] 375
  iteration traits posterior_prob regional_prob candidate_snp
1         1   None             NA        0.0114            NA
  posterior_explained_by_snp dropped_trait  lead_snp
1                         NA      iradjbmi rs6102322
[1] "SPLICING EVENT"
[1] "chr20:41352220:41352338:clu_40410_+:ENSG00000132793.12"
Harmonising fat_distr (fat_distr) and Outcome (Outcome)
Harmonising fat_distr (fat_distr) and Outcome (Outcome)
[1] 375
[1] 375
  iteration traits posterior_prob regional_prob candidate_snp
1         1   None             NA         3e-04            NA
  posterior_explained_by_snp
1                         NA
                                           dropped_trait  lead_snp
1 chr20:41352220:41352338:clu_40410_+:ENSG00000132793.12 rs6102322
[1] "SPLICING EVENT"
[1] "chr20:41352220:41352606:clu_40410_+:ENSG00000132793.12"
Harmonising fat_distr (fat_distr) and Outcome (Outcome)
Harmonising fat_distr (fat_distr) and Outcome (Outcome)
[1] 375
[1] 375
  iteration traits posterior_prob regional_prob candidate_snp
1         1   None             NA         3e-04            NA
  posterior_explained_by_snp
1                         NA
                                           dropped_trait  lead_snp
1 chr20:41352220:41352606:clu_40410_+:ENSG00000132793.12 rs6102322
[1] "SPLICING EVENT"
[1] "chr20:41352220:41352608:clu_40410_+:ENSG00000132793.12"
Harmonising fat_distr (fat_distr) and Outcome (Outcome)
Harmonising fat_distr (fat_distr) and Outcome (Outcome)
[1] 375
[1] 375
  iteration traits posterior_prob regional_prob candidate_snp
1         1   None             NA         0.011            NA
  posterior_explained_by_snp dropped_trait  lead_snp
1                         NA      iradjbmi rs6102322
[1] "SPLICING EVENT"
[1] "chr20:41352220:41352638:clu_40410_+:ENSG00000132793.12"
Harmonising fat_distr (fat_distr) and Outcome (Outcome)
Harmonising fat_distr (fat_distr) and Outcome (Outcome)
[1] 375
[1] 375
  iteration traits posterior_prob regional_prob candidate_snp
1         1   None             NA        0.0104            NA
  posterior_explained_by_snp dropped_trait  lead_snp
1                         NA      iradjbmi rs6102322
[1] "SPLICING EVENT"
[1] "chr20:41352422:41352606:clu_40410_+:ENSG00000132793.12"
Harmonising fat_distr (fat_distr) and Outcome (Outcome)
Harmonising fat_distr (fat_distr) and Outcome (Outcome)
[1] 375
[1] 375
  iteration traits posterior_prob regional_prob candidate_snp
1         1   None             NA        0.0015            NA
  posterior_explained_by_snp
1                         NA
                                           dropped_trait  lead_snp
1 chr20:41352422:41352606:clu_40410_+:ENSG00000132793.12 rs6102322
[1] "SPLICING EVENT"
[1] "chr20:41354737:41354820:clu_40411_+:ENSG00000132793.12"
Harmonising fat_distr (fat_distr) and Outcome (Outcome)
Harmonising fat_distr (fat_distr) and Outcome (Outcome)
[1] 375
[1] 375
  iteration traits posterior_prob regional_prob candidate_snp
1         1   None             NA        0.0168            NA
  posterior_explained_by_snp dropped_trait  lead_snp
1                         NA      iradjbmi rs6102322
[1] "SPLICING EVENT"
[1] "chr20:41354737:41354825:clu_40411_+:ENSG00000132793.12"
Harmonising fat_distr (fat_distr) and Outcome (Outcome)
Harmonising fat_distr (fat_distr) and Outcome (Outcome)
[1] 375
[1] 375
  iteration traits posterior_prob regional_prob candidate_snp
1         1   None             NA        0.0145            NA
  posterior_explained_by_snp dropped_trait  lead_snp
1                         NA      iradjbmi rs6102322
[1] "SPLICING EVENT"
[1] "chr20:41356034:41357040:clu_40412_+:ENSG00000132793.12"
Harmonising fat_distr (fat_distr) and Outcome (Outcome)
Harmonising fat_distr (fat_distr) and Outcome (Outcome)
[1] 375
[1] 375
  iteration traits posterior_prob regional_prob candidate_snp
1         1   None             NA        0.0083            NA
  posterior_explained_by_snp dropped_trait  lead_snp
1                         NA      iradjbmi rs6102322
[1] "SPLICING EVENT"
[1] "chr20:41357153:41357361:clu_40413_+:ENSG00000132793.12"
Harmonising fat_distr (fat_distr) and Outcome (Outcome)
Harmonising fat_distr (fat_distr) and Outcome (Outcome)
[1] 375
[1] 375
  iteration traits posterior_prob regional_prob candidate_snp
1         1   None             NA        0.0142            NA
  posterior_explained_by_snp dropped_trait  lead_snp
1                         NA      iradjbmi rs6102322
[1] "SPLICING EVENT"
[1] "chr20:41357188:41357361:clu_40413_+:ENSG00000132793.12"
Harmonising fat_distr (fat_distr) and Outcome (Outcome)
Harmonising fat_distr (fat_distr) and Outcome (Outcome)
[1] 375
[1] 375
  iteration traits posterior_prob regional_prob candidate_snp
1         1   None             NA        0.0156            NA
  posterior_explained_by_snp dropped_trait  lead_snp
1                         NA      iradjbmi rs6102322
[1] "SPLICING EVENT"
[1] "chr20:41357447:41357600:clu_40414_+:ENSG00000132793.12"
Harmonising fat_distr (fat_distr) and Outcome (Outcome)
Harmonising fat_distr (fat_distr) and Outcome (Outcome)
[1] 375
[1] 375
  iteration traits posterior_prob regional_prob candidate_snp
1         1   None             NA        0.0114            NA
  posterior_explained_by_snp dropped_trait  lead_snp
1                         NA      iradjbmi rs6102322
[1] "SPLICING EVENT"
[1] "chr20:41357447:41357882:clu_40414_+:ENSG00000132793.12"
Harmonising fat_distr (fat_distr) and Outcome (Outcome)
Harmonising fat_distr (fat_distr) and Outcome (Outcome)
[1] 375
[1] 375
  iteration traits posterior_prob regional_prob candidate_snp
1         1   None             NA        0.0047            NA
  posterior_explained_by_snp
1                         NA
                                           dropped_trait  lead_snp
1 chr20:41357447:41357882:clu_40414_+:ENSG00000132793.12 rs6102322
[1] "SPLICING EVENT"
[1] "chr20:41357772:41357882:clu_40414_+:ENSG00000132793.12"
Harmonising fat_distr (fat_distr) and Outcome (Outcome)
Harmonising fat_distr (fat_distr) and Outcome (Outcome)
[1] 375
[1] 375
  iteration traits posterior_prob regional_prob candidate_snp
1         1   None             NA        0.0019            NA
  posterior_explained_by_snp
1                         NA
                                           dropped_trait  lead_snp
1 chr20:41357772:41357882:clu_40414_+:ENSG00000132793.12 rs6102322
[1] "SPLICING EVENT"
[1] "chr20:41357957:41358237:clu_40414_+:ENSG00000132793.12"
Harmonising fat_distr (fat_distr) and Outcome (Outcome)
Harmonising fat_distr (fat_distr) and Outcome (Outcome)
[1] 375
[1] 375
  iteration traits posterior_prob regional_prob candidate_snp
1         1   None             NA        0.0164            NA
  posterior_explained_by_snp dropped_trait  lead_snp
1                         NA      iradjbmi rs6102322
[1] "SPLICING EVENT"
[1] "chr20:41358034:41358237:clu_40414_+:ENSG00000132793.12"
Harmonising fat_distr (fat_distr) and Outcome (Outcome)
Harmonising fat_distr (fat_distr) and Outcome (Outcome)
[1] 375
[1] 375
  iteration traits posterior_prob regional_prob candidate_snp
1         1   None             NA        0.0124            NA
  posterior_explained_by_snp dropped_trait  lead_snp
1                         NA      iradjbmi rs6102322
[1] "LEAD INDEX"
[1] 2
[1] "SPLICING EVENT"
[1] "chr20:63736186:63737533:clu_40757_+:ENSG00000203896.10"
Harmonising fat_distr (fat_distr) and Outcome (Outcome)
Harmonising fat_distr (fat_distr) and Outcome (Outcome)
[1] 425
[1] 425
  iteration traits posterior_prob regional_prob candidate_snp
1         1   None             NA        0.0079            NA
  posterior_explained_by_snp dropped_trait  lead_snp
1                         NA      iradjbmi rs1151625
[1] "SPLICING EVENT"
[1] "chr20:63736712:63737533:clu_40757_+:ENSG00000203896.10"
Harmonising fat_distr (fat_distr) and Outcome (Outcome)
Harmonising fat_distr (fat_distr) and Outcome (Outcome)
[1] 425
[1] 425
  iteration traits posterior_prob regional_prob candidate_snp
1         1   None             NA        0.0068            NA
  posterior_explained_by_snp dropped_trait  lead_snp
1                         NA      iradjbmi rs1151625
[1] "SPLICING EVENT"
[1] "chr20:63737902:63737973:clu_40758_+:ENSG00000203896.10"
Harmonising fat_distr (fat_distr) and Outcome (Outcome)
Harmonising fat_distr (fat_distr) and Outcome (Outcome)
[1] 425
[1] 425
  iteration traits posterior_prob regional_prob candidate_snp
1         1   None             NA        0.0076            NA
  posterior_explained_by_snp dropped_trait  lead_snp
1                         NA      iradjbmi rs1151625
[1] "SPLICING EVENT"
[1] "chr20:63737902:63738008:clu_40758_+:ENSG00000203896.10"
Harmonising fat_distr (fat_distr) and Outcome (Outcome)
Harmonising fat_distr (fat_distr) and Outcome (Outcome)
[1] 425
[1] 425
  iteration traits posterior_prob regional_prob candidate_snp
1         1   None             NA        0.0079            NA
  posterior_explained_by_snp dropped_trait  lead_snp
1                         NA      iradjbmi rs1151625
[1] "SPLICING EVENT"
[1] "chr20:63738060:63738183:clu_40758_+:ENSG00000203896.10"
Harmonising fat_distr (fat_distr) and Outcome (Outcome)
Harmonising fat_distr (fat_distr) and Outcome (Outcome)
[1] 425
[1] 425
  iteration traits posterior_prob regional_prob candidate_snp
1         1   None             NA        0.0081            NA
  posterior_explained_by_snp dropped_trait  lead_snp
1                         NA      iradjbmi rs1151625
[1] "SPLICING EVENT"
[1] "chr20:63738499:63738598:clu_40759_+:ENSG00000203896.10"
Harmonising fat_distr (fat_distr) and Outcome (Outcome)
Harmonising fat_distr (fat_distr) and Outcome (Outcome)
[1] 425
[1] 425
  iteration traits posterior_prob regional_prob candidate_snp
1         1   None             NA        0.0093            NA
  posterior_explained_by_snp dropped_trait  lead_snp
1                         NA      iradjbmi rs1151625
[1] "SPLICING EVENT"
[1] "chr20:63740038:63740377:clu_40759_+:ENSG00000203896.10"
Harmonising fat_distr (fat_distr) and Outcome (Outcome)
Harmonising fat_distr (fat_distr) and Outcome (Outcome)
[1] 425
[1] 425
  iteration traits posterior_prob regional_prob candidate_snp
1         1   None             NA        0.0137            NA
  posterior_explained_by_snp dropped_trait  lead_snp
1                         NA      iradjbmi rs1151625
[1] "LEAD INDEX"
[1] 3
[1] "LEAD INDEX"
[1] 4
[1] "LEAD INDEX"
[1] 5
[1] "LEAD INDEX"
[1] 6
[1] "SPLICING EVENT"
[1] "chr20:45907904:45909516:clu_41344_-:ENSG00000100979.15"
Harmonising fat_distr (fat_distr) and Outcome (Outcome)
Harmonising fat_distr (fat_distr) and Outcome (Outcome)
[1] 502
[1] 502
  iteration traits posterior_prob regional_prob candidate_snp
1         1   None             NA        0.0153            NA
  posterior_explained_by_snp dropped_trait  lead_snp
1                         NA      iradjbmi rs4810479
[1] "SPLICING EVENT"
[1] "chr20:45907904:45909942:clu_41344_-:ENSG00000100979.15"
Harmonising fat_distr (fat_distr) and Outcome (Outcome)
Harmonising fat_distr (fat_distr) and Outcome (Outcome)
[1] 502
[1] 502
  iteration traits posterior_prob regional_prob candidate_snp
1         1   None             NA             1            NA
  posterior_explained_by_snp
1                         NA
                                           dropped_trait  lead_snp
1 chr20:45907904:45909942:clu_41344_-:ENSG00000100979.15 rs4810479
[1] "SPLICING EVENT"
[1] "chr20:45909671:45909942:clu_41344_-:ENSG00000100979.15"
Harmonising fat_distr (fat_distr) and Outcome (Outcome)
Harmonising fat_distr (fat_distr) and Outcome (Outcome)
[1] 502
[1] 502
  iteration traits posterior_prob regional_prob candidate_snp
1         1   None             NA        0.0541            NA
  posterior_explained_by_snp dropped_trait  lead_snp
1                         NA      iradjbmi rs4810479
[1] "LEAD INDEX"
[1] 7
[1] "LEAD INDEX"
[1] 8
[1] "LEAD INDEX"
[1] 9
[1] "SPLICING EVENT"
[1] "chr20:47005084:47016181:clu_40506_+:ENSG00000064655.19"
Harmonising fat_distr (fat_distr) and Outcome (Outcome)
Harmonising fat_distr (fat_distr) and Outcome (Outcome)
[1] 500
[1] 500
  iteration traits posterior_prob regional_prob candidate_snp
1         1   None             NA        0.0152            NA
  posterior_explained_by_snp dropped_trait  lead_snp
1                         NA      iradjbmi rs6066149
[1] "SPLICING EVENT"
[1] "chr20:47016297:47072185:clu_40506_+:ENSG00000064655.19"
Harmonising fat_distr (fat_distr) and Outcome (Outcome)
Harmonising fat_distr (fat_distr) and Outcome (Outcome)
[1] 500
[1] 500
  iteration traits posterior_prob regional_prob candidate_snp
1         1   None             NA        0.0088            NA
  posterior_explained_by_snp dropped_trait  lead_snp
1                         NA      iradjbmi rs6066149
[1] "SPLICING EVENT"
[1] "chr20:47016297:47089239:clu_40506_+:ENSG00000064655.19"
Harmonising fat_distr (fat_distr) and Outcome (Outcome)
Harmonising fat_distr (fat_distr) and Outcome (Outcome)
[1] 500
[1] 500
  iteration traits posterior_prob regional_prob candidate_snp
1         1   None             NA        0.0132            NA
  posterior_explained_by_snp dropped_trait  lead_snp
1                         NA      iradjbmi rs6066149
[1] "SPLICING EVENT"
[1] "chr20:47074335:47089239:clu_40506_+:ENSG00000064655.19"
Harmonising fat_distr (fat_distr) and Outcome (Outcome)
Harmonising fat_distr (fat_distr) and Outcome (Outcome)
[1] 500
[1] 500
  iteration traits posterior_prob regional_prob candidate_snp
1         1   None             NA        0.0157            NA
  posterior_explained_by_snp dropped_trait  lead_snp
1                         NA      iradjbmi rs6066149
[1] "SPLICING EVENT"
[1] "chr20:47097168:47143059:clu_40507_+:ENSG00000064655.19"
Harmonising fat_distr (fat_distr) and Outcome (Outcome)
Harmonising fat_distr (fat_distr) and Outcome (Outcome)
[1] 500
[1] 500
  iteration traits posterior_prob regional_prob candidate_snp
1         1   None             NA        0.0087            NA
  posterior_explained_by_snp dropped_trait  lead_snp
1                         NA      iradjbmi rs6066149
[1] "SPLICING EVENT"
[1] "chr20:47097168:47169139:clu_40507_+:ENSG00000064655.19"
Harmonising fat_distr (fat_distr) and Outcome (Outcome)
Harmonising fat_distr (fat_distr) and Outcome (Outcome)
[1] 500
[1] 500
  iteration traits posterior_prob regional_prob candidate_snp
1         1   None             NA         0.007            NA
  posterior_explained_by_snp dropped_trait  lead_snp
1                         NA      iradjbmi rs6066149
[1] "SPLICING EVENT"
[1] "chr20:47143148:47169139:clu_40507_+:ENSG00000064655.19"
Harmonising fat_distr (fat_distr) and Outcome (Outcome)
Harmonising fat_distr (fat_distr) and Outcome (Outcome)
[1] 500
[1] 500
  iteration traits posterior_prob regional_prob candidate_snp
1         1   None             NA        0.0096            NA
  posterior_explained_by_snp dropped_trait  lead_snp
1                         NA      iradjbmi rs6066149
[1] "SPLICING EVENT"
[1] "chr20:47172867:47179798:clu_40508_+:ENSG00000064655.19"
Harmonising fat_distr (fat_distr) and Outcome (Outcome)
Harmonising fat_distr (fat_distr) and Outcome (Outcome)
[1] 500
[1] 500
  iteration traits posterior_prob regional_prob candidate_snp
1         1   None             NA        0.0162            NA
  posterior_explained_by_snp dropped_trait  lead_snp
1                         NA      iradjbmi rs6066149
[1] "SPLICING EVENT"
[1] "chr20:47179912:47180815:clu_40508_+:ENSG00000064655.19"
Harmonising fat_distr (fat_distr) and Outcome (Outcome)
Harmonising fat_distr (fat_distr) and Outcome (Outcome)
[1] 500
[1] 500
  iteration traits posterior_prob regional_prob candidate_snp
1         1   None             NA        0.0095            NA
  posterior_explained_by_snp dropped_trait  lead_snp
1                         NA      iradjbmi rs6066149
[1] "SPLICING EVENT"
[1] "chr20:47180936:47183291:clu_40508_+:ENSG00000064655.19"
Harmonising fat_distr (fat_distr) and Outcome (Outcome)
Harmonising fat_distr (fat_distr) and Outcome (Outcome)
[1] 500
[1] 500
  iteration traits posterior_prob regional_prob candidate_snp
1         1   None             NA         0.018            NA
  posterior_explained_by_snp dropped_trait  lead_snp
1                         NA      iradjbmi rs6066149
[1] "LEAD INDEX"
[1] 10
[1] "SPLICING EVENT"
[1] "chr20:53256444:53487144:clu_40571_+:ENSG00000182463.16"
Harmonising fat_distr (fat_distr) and Outcome (Outcome)
Harmonising fat_distr (fat_distr) and Outcome (Outcome)
[1] 417
[1] 417
  iteration traits posterior_prob regional_prob candidate_snp
1         1   None             NA        0.0072            NA
  posterior_explained_by_snp dropped_trait  lead_snp
1                         NA      iradjbmi rs1033662
[1] "SPLICING EVENT"
[1] "chr20:53256571:53487144:clu_40571_+:ENSG00000182463.16"
Harmonising fat_distr (fat_distr) and Outcome (Outcome)
Harmonising fat_distr (fat_distr) and Outcome (Outcome)
[1] 417
[1] 417
  iteration traits posterior_prob regional_prob candidate_snp
1         1   None             NA        0.0075            NA
  posterior_explained_by_snp dropped_trait  lead_snp
1                         NA      iradjbmi rs1033662
[1] "SPLICING EVENT"
[1] "chr20:53487332:53490866:clu_40572_+:ENSG00000182463.16"
Harmonising fat_distr (fat_distr) and Outcome (Outcome)
Harmonising fat_distr (fat_distr) and Outcome (Outcome)
[1] 417
[1] 417
  iteration traits posterior_prob regional_prob candidate_snp
1         1   None             NA        0.0083            NA
  posterior_explained_by_snp dropped_trait  lead_snp
1                         NA      iradjbmi rs1033662
[1] "SPLICING EVENT"
[1] "chr20:53490947:53494874:clu_40572_+:ENSG00000182463.16"
Harmonising fat_distr (fat_distr) and Outcome (Outcome)
Harmonising fat_distr (fat_distr) and Outcome (Outcome)
[1] 417
[1] 417
  iteration traits posterior_prob regional_prob candidate_snp
1         1   None             NA          0.01            NA
  posterior_explained_by_snp dropped_trait  lead_snp
1                         NA      iradjbmi rs1033662
[1] "LEAD INDEX"
[1] 11
[1] "SPLICING EVENT"
[1] "chr20:57561635:57562071:clu_40597_+:ENSG00000124253.11"
Harmonising fat_distr (fat_distr) and Outcome (Outcome)
Harmonising fat_distr (fat_distr) and Outcome (Outcome)
[1] 651
[1] 651
  iteration traits posterior_prob regional_prob candidate_snp
1         1   None             NA        0.0193            NA
  posterior_explained_by_snp dropped_trait  lead_snp
1                         NA      iradjbmi rs8119374
[1] "SPLICING EVENT"
[1] "chr20:57561635:57562696:clu_40597_+:ENSG00000124253.11"
Harmonising fat_distr (fat_distr) and Outcome (Outcome)
Harmonising fat_distr (fat_distr) and Outcome (Outcome)
[1] 651
[1] 651
  iteration traits posterior_prob regional_prob candidate_snp
1         1   None             NA        0.0219            NA
  posterior_explained_by_snp dropped_trait  lead_snp
1                         NA      iradjbmi rs8119374
[1] "SPLICING EVENT"
[1] "chr20:57562252:57562696:clu_40597_+:ENSG00000124253.11"
Harmonising fat_distr (fat_distr) and Outcome (Outcome)
Harmonising fat_distr (fat_distr) and Outcome (Outcome)
[1] 651
[1] 651
  iteration traits posterior_prob regional_prob candidate_snp
1         1   None             NA        0.0174            NA
  posterior_explained_by_snp dropped_trait  lead_snp
1                         NA      iradjbmi rs8119374
[1] "SPLICING EVENT"
[1] "chr20:57564393:57564482:clu_40598_+:ENSG00000124253.11"
Harmonising fat_distr (fat_distr) and Outcome (Outcome)
Harmonising fat_distr (fat_distr) and Outcome (Outcome)
[1] 651
[1] 651
  iteration traits posterior_prob regional_prob candidate_snp
1         1   None             NA         0.073            NA
  posterior_explained_by_snp
1                         NA
                                           dropped_trait  lead_snp
1 chr20:57564393:57564482:clu_40598_+:ENSG00000124253.11 rs8119374
[1] "CHROMOSOME"
[1] 21
[1] "LEAD INDEX"
[1] 1
[1] "SPLICING EVENT"
[1] "chr21:41168575:41210523:clu_42244_+:ENSG00000182240.16"
Harmonising fat_distr (fat_distr) and Outcome (Outcome)
Harmonising fat_distr (fat_distr) and Outcome (Outcome)
[1] 623
[1] 623
  iteration traits posterior_prob regional_prob candidate_snp
1         1   None             NA        0.0059            NA
  posterior_explained_by_snp dropped_trait  lead_snp
1                         NA      iradjbmi rs2837996
[1] "SPLICING EVENT"
[1] "chr21:41168575:41226266:clu_42244_+:ENSG00000182240.16"
Harmonising fat_distr (fat_distr) and Outcome (Outcome)
Harmonising fat_distr (fat_distr) and Outcome (Outcome)
[1] 623
[1] 623
  iteration traits posterior_prob regional_prob candidate_snp
1         1   None             NA        0.0088            NA
  posterior_explained_by_snp dropped_trait  lead_snp
1                         NA      iradjbmi rs2837996
[1] "SPLICING EVENT"
[1] "chr21:41225695:41226266:clu_42244_+:ENSG00000182240.16"
Harmonising fat_distr (fat_distr) and Outcome (Outcome)
Harmonising fat_distr (fat_distr) and Outcome (Outcome)
[1] 623
[1] 623
  iteration traits posterior_prob regional_prob candidate_snp
1         1   None             NA        0.0103            NA
  posterior_explained_by_snp dropped_trait  lead_snp
1                         NA      iradjbmi rs2837996
[1] "SPLICING EVENT"
[1] "chr21:41226354:41237513:clu_42244_+:ENSG00000182240.16"
Harmonising fat_distr (fat_distr) and Outcome (Outcome)
Harmonising fat_distr (fat_distr) and Outcome (Outcome)
[1] 623
[1] 623
  iteration traits posterior_prob regional_prob candidate_snp
1         1   None             NA        0.0053            NA
  posterior_explained_by_snp dropped_trait  lead_snp
1                         NA      iradjbmi rs2837996
[1] "SPLICING EVENT"
[1] "chr21:41241939:41243376:clu_42245_+:ENSG00000182240.16"
Harmonising fat_distr (fat_distr) and Outcome (Outcome)
Harmonising fat_distr (fat_distr) and Outcome (Outcome)
[1] 623
[1] 623
  iteration traits posterior_prob regional_prob candidate_snp
1         1   None             NA        0.0073            NA
  posterior_explained_by_snp dropped_trait  lead_snp
1                         NA      iradjbmi rs2837996
[1] "SPLICING EVENT"
[1] "chr21:41241947:41243376:clu_42245_+:ENSG00000182240.16"
Harmonising fat_distr (fat_distr) and Outcome (Outcome)
Harmonising fat_distr (fat_distr) and Outcome (Outcome)
[1] 623
[1] 623
  iteration traits posterior_prob regional_prob candidate_snp
1         1   None             NA        0.0053            NA
  posterior_explained_by_snp dropped_trait  lead_snp
1                         NA      iradjbmi rs2837996
[1] "SPLICING EVENT"
[1] "chr21:41246063:41250752:clu_42246_+:ENSG00000182240.16"
Harmonising fat_distr (fat_distr) and Outcome (Outcome)
Harmonising fat_distr (fat_distr) and Outcome (Outcome)
[1] 623
[1] 623
  iteration traits posterior_prob regional_prob candidate_snp
1         1   None             NA         0.007            NA
  posterior_explained_by_snp dropped_trait  lead_snp
1                         NA      iradjbmi rs2837996
[1] "SPLICING EVENT"
[1] "chr21:41246063:41257158:clu_42246_+:ENSG00000182240.16"
Harmonising fat_distr (fat_distr) and Outcome (Outcome)
Harmonising fat_distr (fat_distr) and Outcome (Outcome)
[1] 623
[1] 623
  iteration traits posterior_prob regional_prob candidate_snp
1         1   None             NA        0.0027            NA
  posterior_explained_by_snp
1                         NA
                                           dropped_trait  lead_snp
1 chr21:41246063:41257158:clu_42246_+:ENSG00000182240.16 rs2837996
[1] "SPLICING EVENT"
[1] "chr21:41250901:41257158:clu_42246_+:ENSG00000182240.16"
Harmonising fat_distr (fat_distr) and Outcome (Outcome)
Harmonising fat_distr (fat_distr) and Outcome (Outcome)
[1] 623
[1] 623
  iteration traits posterior_prob regional_prob candidate_snp
1         1   None             NA        0.0337            NA
  posterior_explained_by_snp dropped_trait  lead_snp
1                         NA      iradjbmi rs2837996
[1] "SPLICING EVENT"
[1] "chr21:41250901:41275371:clu_42246_+:ENSG00000182240.16"
Harmonising fat_distr (fat_distr) and Outcome (Outcome)
Harmonising fat_distr (fat_distr) and Outcome (Outcome)
[1] 623
[1] 623
  iteration traits posterior_prob regional_prob candidate_snp
1         1   None             NA        0.0222            NA
  posterior_explained_by_snp dropped_trait  lead_snp
1                         NA      iradjbmi rs2837996
[1] "SPLICING EVENT"
[1] "chr21:41257326:41275371:clu_42246_+:ENSG00000182240.16"
Harmonising fat_distr (fat_distr) and Outcome (Outcome)
Harmonising fat_distr (fat_distr) and Outcome (Outcome)
[1] 623
[1] 623
  iteration traits posterior_prob regional_prob candidate_snp
1         1   None             NA        0.0104            NA
  posterior_explained_by_snp dropped_trait  lead_snp
1                         NA      iradjbmi rs2837996
[1] "LEAD INDEX"
[1] 2
[1] "SPLICING EVENT"
[1] "chr21:45502969:45503933:clu_41996_-:ENSG00000173638.19"
Harmonising fat_distr (fat_distr) and Outcome (Outcome)
Harmonising fat_distr (fat_distr) and Outcome (Outcome)
[1] 447
[1] 447
  iteration traits posterior_prob regional_prob candidate_snp
1         1   None             NA         8e-04            NA
  posterior_explained_by_snp
1                         NA
                                           dropped_trait  lead_snp
1 chr21:45502969:45503933:clu_41996_-:ENSG00000173638.19 rs9980531
[1] "SPLICING EVENT"
[1] "chr21:45515152:45525817:clu_41996_-:ENSG00000173638.19"
Harmonising fat_distr (fat_distr) and Outcome (Outcome)
Harmonising fat_distr (fat_distr) and Outcome (Outcome)
[1] 447
[1] 447
  iteration traits posterior_prob regional_prob candidate_snp
1         1   None             NA        0.0029            NA
  posterior_explained_by_snp
1                         NA
                                           dropped_trait  lead_snp
1 chr21:45515152:45525817:clu_41996_-:ENSG00000173638.19 rs9980531
[1] "SPLICING EVENT"
[1] "chr21:45516140:45525817:clu_41996_-:ENSG00000173638.19"
Harmonising fat_distr (fat_distr) and Outcome (Outcome)
Harmonising fat_distr (fat_distr) and Outcome (Outcome)
[1] 447
[1] 447
  iteration traits posterior_prob regional_prob candidate_snp
1         1   None             NA         8e-04            NA
  posterior_explained_by_snp
1                         NA
                                           dropped_trait  lead_snp
1 chr21:45516140:45525817:clu_41996_-:ENSG00000173638.19 rs9980531
[1] "SPLICING EVENT"
[1] "chr21:45525958:45530770:clu_41998_-:ENSG00000173638.19"
Harmonising fat_distr (fat_distr) and Outcome (Outcome)
Harmonising fat_distr (fat_distr) and Outcome (Outcome)
[1] 447
[1] 447
  iteration traits posterior_prob regional_prob candidate_snp
1         1   None             NA        0.0039            NA
  posterior_explained_by_snp dropped_trait  lead_snp
1                         NA      iradjbmi rs9980531
[1] "SPLICING EVENT"
[1] "chr21:45532148:45537767:clu_41999_-:ENSG00000173638.19"
Harmonising fat_distr (fat_distr) and Outcome (Outcome)
Harmonising fat_distr (fat_distr) and Outcome (Outcome)
[1] 447
[1] 447
  iteration traits posterior_prob regional_prob candidate_snp
1         1   None             NA        0.0092            NA
  posterior_explained_by_snp dropped_trait  lead_snp
1                         NA      iradjbmi rs9980531
[1] "SPLICING EVENT"
[1] "chr21:45532148:45537771:clu_41999_-:ENSG00000173638.19"
Harmonising fat_distr (fat_distr) and Outcome (Outcome)
Harmonising fat_distr (fat_distr) and Outcome (Outcome)
[1] 447
[1] 447
  iteration traits posterior_prob regional_prob candidate_snp
1         1   None             NA        0.0042            NA
  posterior_explained_by_snp dropped_trait  lead_snp
1                         NA      iradjbmi rs9980531
[1] "SPLICING EVENT"
[1] "chr21:45538008:45542368:clu_41999_-:ENSG00000173638.19"
Harmonising fat_distr (fat_distr) and Outcome (Outcome)
Harmonising fat_distr (fat_distr) and Outcome (Outcome)
[1] 447
[1] 447
  iteration traits posterior_prob regional_prob candidate_snp
1         1   None             NA        0.0069            NA
  posterior_explained_by_snp dropped_trait  lead_snp
1                         NA      iradjbmi rs9980531
[1] "CHROMOSOME"
[1] 22
[1] "LEAD INDEX"
[1] 1
[1] "SPLICING EVENT"
[1] "chr22:29043430:29044780:clu_42733_+:ENSG00000183579.16"
Harmonising fat_distr (fat_distr) and Outcome (Outcome)
Harmonising fat_distr (fat_distr) and Outcome (Outcome)
[1] 362
[1] 362
  iteration traits posterior_prob regional_prob candidate_snp
1         1   None             NA        0.0064            NA
  posterior_explained_by_snp dropped_trait  lead_snp
1                         NA      iradjbmi rs2294239
[1] "SPLICING EVENT"
[1] "chr22:29046883:29048389:clu_42733_+:ENSG00000183579.16"
Harmonising fat_distr (fat_distr) and Outcome (Outcome)
Harmonising fat_distr (fat_distr) and Outcome (Outcome)
[1] 362
[1] 362
  iteration traits posterior_prob regional_prob candidate_snp
1         1   None             NA        0.0056            NA
  posterior_explained_by_snp dropped_trait  lead_snp
1                         NA      iradjbmi rs2294239
[1] "LEAD INDEX"
[1] 2
[1] "SPLICING EVENT"
[1] "chr22:35648623:35656379:clu_42866_+:ENSG00000221963.6"
Harmonising fat_distr (fat_distr) and Outcome (Outcome)
Harmonising fat_distr (fat_distr) and Outcome (Outcome)
[1] 417
[1] 417
  iteration traits posterior_prob regional_prob candidate_snp
1         1   None             NA        0.0127            NA
  posterior_explained_by_snp dropped_trait  lead_snp
1                         NA      iradjbmi rs9610329
[1] "SPLICING EVENT"
[1] "chr22:35656475:35658615:clu_42866_+:ENSG00000221963.6"
Harmonising fat_distr (fat_distr) and Outcome (Outcome)
Harmonising fat_distr (fat_distr) and Outcome (Outcome)
[1] 417
[1] 417
  iteration traits posterior_prob regional_prob candidate_snp
1         1   None             NA        0.0084            NA
  posterior_explained_by_snp dropped_trait  lead_snp
1                         NA      iradjbmi rs9610329
[1] "SPLICING EVENT"
[1] "chr22:35667168:35667806:clu_42866_+:ENSG00000221963.6"
Harmonising fat_distr (fat_distr) and Outcome (Outcome)
Harmonising fat_distr (fat_distr) and Outcome (Outcome)
[1] 417
[1] 417
  iteration traits posterior_prob regional_prob candidate_snp
1         1   None             NA        0.0059            NA
  posterior_explained_by_snp dropped_trait  lead_snp
1                         NA      iradjbmi rs9610329
[1] "SPLICING EVENT"
[1] "chr22:35746561:35752613:clu_43670_-:ENSG00000100320.23"
Harmonising fat_distr (fat_distr) and Outcome (Outcome)
Harmonising fat_distr (fat_distr) and Outcome (Outcome)
[1] 417
[1] 417
  iteration traits posterior_prob regional_prob candidate_snp
1         1   None             NA        0.0134            NA
  posterior_explained_by_snp dropped_trait  lead_snp
1                         NA      iradjbmi rs9610329
[1] "SPLICING EVENT"
[1] "chr22:35746561:35756105:clu_43670_-:ENSG00000100320.23"
Harmonising fat_distr (fat_distr) and Outcome (Outcome)
Harmonising fat_distr (fat_distr) and Outcome (Outcome)
[1] 417
[1] 417
  iteration traits posterior_prob regional_prob candidate_snp
1         1   None             NA        0.0071            NA
  posterior_explained_by_snp dropped_trait  lead_snp
1                         NA      iradjbmi rs9610329
[1] "SPLICING EVENT"
[1] "chr22:35746561:35759888:clu_43670_-:ENSG00000100320.23"
Harmonising fat_distr (fat_distr) and Outcome (Outcome)
Harmonising fat_distr (fat_distr) and Outcome (Outcome)
[1] 417
[1] 417
  iteration traits posterior_prob regional_prob candidate_snp
1         1   None             NA        0.0069            NA
  posterior_explained_by_snp dropped_trait  lead_snp
1                         NA      iradjbmi rs9610329
[1] "SPLICING EVENT"
[1] "chr22:35752655:35756105:clu_43670_-:ENSG00000100320.23"
Harmonising fat_distr (fat_distr) and Outcome (Outcome)
Harmonising fat_distr (fat_distr) and Outcome (Outcome)
[1] 417
[1] 417
  iteration traits posterior_prob regional_prob candidate_snp
1         1   None             NA        0.1563            NA
  posterior_explained_by_snp dropped_trait  lead_snp
1                         NA      iradjbmi rs9610329
[1] "SPLICING EVENT"
[1] "chr22:35756144:35759888:clu_43670_-:ENSG00000100320.23"
Harmonising fat_distr (fat_distr) and Outcome (Outcome)
Harmonising fat_distr (fat_distr) and Outcome (Outcome)
[1] 417
[1] 417
  iteration traits posterior_prob regional_prob candidate_snp
1         1   None             NA        0.0073            NA
  posterior_explained_by_snp dropped_trait  lead_snp
1                         NA      iradjbmi rs9610329
[1] "SPLICING EVENT"
[1] "chr22:35760020:35761202:clu_43671_-:ENSG00000100320.23"
Harmonising fat_distr (fat_distr) and Outcome (Outcome)
Harmonising fat_distr (fat_distr) and Outcome (Outcome)
[1] 417
[1] 417
  iteration traits posterior_prob regional_prob candidate_snp
1         1   None             NA        0.0085            NA
  posterior_explained_by_snp dropped_trait  lead_snp
1                         NA      iradjbmi rs9610329
[1] "SPLICING EVENT"
[1] "chr22:35760032:35761202:clu_43671_-:ENSG00000100320.23"
Harmonising fat_distr (fat_distr) and Outcome (Outcome)
Harmonising fat_distr (fat_distr) and Outcome (Outcome)
[1] 417
[1] 417
  iteration traits posterior_prob regional_prob candidate_snp
1         1   None             NA        0.0095            NA
  posterior_explained_by_snp dropped_trait  lead_snp
1                         NA      iradjbmi rs9610329
[1] "SPLICING EVENT"
[1] "chr22:35778075:35781600:clu_43672_-:ENSG00000100320.23"
Harmonising fat_distr (fat_distr) and Outcome (Outcome)
Harmonising fat_distr (fat_distr) and Outcome (Outcome)
[1] 417
[1] 417
  iteration traits posterior_prob regional_prob candidate_snp
1         1   None             NA        0.0075            NA
  posterior_explained_by_snp dropped_trait  lead_snp
1                         NA      iradjbmi rs9610329
[1] "SPLICING EVENT"
[1] "chr22:35778078:35781600:clu_43672_-:ENSG00000100320.23"
Harmonising fat_distr (fat_distr) and Outcome (Outcome)
Harmonising fat_distr (fat_distr) and Outcome (Outcome)
[1] 417
[1] 417
  iteration traits posterior_prob regional_prob candidate_snp
1         1   None             NA        0.0078            NA
  posterior_explained_by_snp dropped_trait  lead_snp
1                         NA      iradjbmi rs9610329
[1] "SPLICING EVENT"
[1] "chr22:35781743:35809780:clu_43673_-:ENSG00000100320.23"
Harmonising fat_distr (fat_distr) and Outcome (Outcome)
Harmonising fat_distr (fat_distr) and Outcome (Outcome)
[1] 417
[1] 417
  iteration traits posterior_prob regional_prob candidate_snp
1         1   None             NA        0.0077            NA
  posterior_explained_by_snp dropped_trait  lead_snp
1                         NA      iradjbmi rs9610329
[1] "SPLICING EVENT"
[1] "chr22:35781746:35809780:clu_43673_-:ENSG00000100320.23"
Harmonising fat_distr (fat_distr) and Outcome (Outcome)
Harmonising fat_distr (fat_distr) and Outcome (Outcome)
[1] 417
[1] 417
  iteration traits posterior_prob regional_prob candidate_snp
1         1   None             NA        0.0075            NA
  posterior_explained_by_snp dropped_trait  lead_snp
1                         NA      iradjbmi rs9610329
[1] "SPLICING EVENT"
[1] "chr22:35810004:35840192:clu_43674_-:ENSG00000100320.23"
Harmonising fat_distr (fat_distr) and Outcome (Outcome)
Harmonising fat_distr (fat_distr) and Outcome (Outcome)
[1] 417
[1] 417
  iteration traits posterior_prob regional_prob candidate_snp
1         1   None             NA        0.0084            NA
  posterior_explained_by_snp dropped_trait  lead_snp
1                         NA      iradjbmi rs9610329
[1] "SPLICING EVENT"
[1] "chr22:35810004:35938847:clu_43674_-:ENSG00000100320.23"
Harmonising fat_distr (fat_distr) and Outcome (Outcome)
Harmonising fat_distr (fat_distr) and Outcome (Outcome)
[1] 417
[1] 417
  iteration traits posterior_prob regional_prob candidate_snp
1         1   None             NA        0.0082            NA
  posterior_explained_by_snp dropped_trait  lead_snp
1                         NA      iradjbmi rs9610329
[1] "SPLICING EVENT"
[1] "chr22:35838684:35840192:clu_43674_-:ENSG00000100320.23"
Harmonising fat_distr (fat_distr) and Outcome (Outcome)
Harmonising fat_distr (fat_distr) and Outcome (Outcome)
[1] 417
[1] 417
  iteration traits posterior_prob regional_prob candidate_snp
1         1   None             NA         0.008            NA
  posterior_explained_by_snp dropped_trait  lead_snp
1                         NA      iradjbmi rs9610329
[1] "SPLICING EVENT"
[1] "chr22:35938897:36028240:clu_43675_-:ENSG00000100320.23"
Harmonising fat_distr (fat_distr) and Outcome (Outcome)
Harmonising fat_distr (fat_distr) and Outcome (Outcome)
[1] 417
[1] 417
  iteration traits posterior_prob regional_prob candidate_snp
1         1   None             NA        0.0083            NA
  posterior_explained_by_snp dropped_trait  lead_snp
1                         NA      iradjbmi rs9610329
[1] "LEAD INDEX"
[1] 3
[1] "SPLICING EVENT"
[1] "chr22:38202212:38213823:clu_42952_+:ENSG00000185022.12"
Harmonising fat_distr (fat_distr) and Outcome (Outcome)
Harmonising fat_distr (fat_distr) and Outcome (Outcome)
[1] 330
[1] 330
  iteration                                                           traits
1         1 iradjbmi, chr22:38202212:38213823:clu_42952_+:ENSG00000185022.12
  posterior_prob regional_prob candidate_snp posterior_explained_by_snp
1         0.9907             1     rs4820325                     0.3358
  dropped_trait  lead_snp
1            NA rs4820325
[1] "SPLICING EVENT"
[1] "chr22:38202238:38213823:clu_42952_+:ENSG00000185022.12"
Harmonising fat_distr (fat_distr) and Outcome (Outcome)
Harmonising fat_distr (fat_distr) and Outcome (Outcome)
[1] 330
[1] 330
  iteration                                                           traits
1         1 iradjbmi, chr22:38202238:38213823:clu_42952_+:ENSG00000185022.12
  posterior_prob regional_prob candidate_snp posterior_explained_by_snp
1         0.9907             1     rs2267373                     0.3446
  dropped_trait  lead_snp
1            NA rs4820325
[1] "SPLICING EVENT"
[1] "chr22:38213889:38214420:clu_42953_+:ENSG00000185022.12"
Harmonising fat_distr (fat_distr) and Outcome (Outcome)
Harmonising fat_distr (fat_distr) and Outcome (Outcome)
[1] 330
[1] 330
  iteration traits posterior_prob regional_prob candidate_snp
1         1   None             NA        0.0188            NA
  posterior_explained_by_snp dropped_trait  lead_snp
1                         NA      iradjbmi rs4820325
[1] "SPLICING EVENT"
[1] "chr22:38112305:38112504:clu_43749_-:ENSG00000184381.20"
Harmonising fat_distr (fat_distr) and Outcome (Outcome)
Harmonising fat_distr (fat_distr) and Outcome (Outcome)
[1] 330
[1] 330
  iteration traits posterior_prob regional_prob candidate_snp
1         1   None             NA        0.0254            NA
  posterior_explained_by_snp dropped_trait  lead_snp
1                         NA      iradjbmi rs4820325
[1] "SPLICING EVENT"
[1] "chr22:38113654:38114434:clu_43750_-:ENSG00000184381.20"
Harmonising fat_distr (fat_distr) and Outcome (Outcome)
Harmonising fat_distr (fat_distr) and Outcome (Outcome)
[1] 330
[1] 330
  iteration traits posterior_prob regional_prob candidate_snp
1         1   None             NA        0.0079            NA
  posterior_explained_by_snp dropped_trait  lead_snp
1                         NA      iradjbmi rs4820325
[1] "SPLICING EVENT"
[1] "chr22:38113654:38115527:clu_43750_-:ENSG00000184381.20"
Harmonising fat_distr (fat_distr) and Outcome (Outcome)
Harmonising fat_distr (fat_distr) and Outcome (Outcome)
[1] 330
[1] 330
  iteration traits posterior_prob regional_prob candidate_snp
1         1   None             NA        0.0127            NA
  posterior_explained_by_snp dropped_trait  lead_snp
1                         NA      iradjbmi rs4820325
[1] "SPLICING EVENT"
[1] "chr22:38115681:38116075:clu_43751_-:ENSG00000184381.20"
Harmonising fat_distr (fat_distr) and Outcome (Outcome)
Harmonising fat_distr (fat_distr) and Outcome (Outcome)
[1] 330
[1] 330
  iteration traits posterior_prob regional_prob candidate_snp
1         1   None             NA        0.0104            NA
  posterior_explained_by_snp dropped_trait  lead_snp
1                         NA      iradjbmi rs4820325
[1] "SPLICING EVENT"
[1] "chr22:38115849:38116075:clu_43751_-:ENSG00000184381.20"
Harmonising fat_distr (fat_distr) and Outcome (Outcome)
Harmonising fat_distr (fat_distr) and Outcome (Outcome)
[1] 330
[1] 330
  iteration traits posterior_prob regional_prob candidate_snp
1         1   None             NA        0.0077            NA
  posterior_explained_by_snp dropped_trait  lead_snp
1                         NA      iradjbmi rs4820325
[1] "SPLICING EVENT"
[1] "chr22:38116211:38116320:clu_43752_-:ENSG00000184381.20"
Harmonising fat_distr (fat_distr) and Outcome (Outcome)
Harmonising fat_distr (fat_distr) and Outcome (Outcome)
[1] 330
[1] 330
  iteration traits posterior_prob regional_prob candidate_snp
1         1   None             NA        0.0208            NA
  posterior_explained_by_snp dropped_trait  lead_snp
1                         NA      iradjbmi rs4820325
[1] "SPLICING EVENT"
[1] "chr22:38116211:38120759:clu_43752_-:ENSG00000184381.20"
Harmonising fat_distr (fat_distr) and Outcome (Outcome)
Harmonising fat_distr (fat_distr) and Outcome (Outcome)
[1] 330
[1] 330
  iteration traits posterior_prob regional_prob candidate_snp
1         1   None             NA        0.3128            NA
  posterior_explained_by_snp dropped_trait  lead_snp
1                         NA      iradjbmi rs4820325
[1] "SPLICING EVENT"
[1] "chr22:38116410:38120759:clu_43752_-:ENSG00000184381.20"
Harmonising fat_distr (fat_distr) and Outcome (Outcome)
Harmonising fat_distr (fat_distr) and Outcome (Outcome)
[1] 330
[1] 330
  iteration traits posterior_prob regional_prob candidate_snp
1         1   None             NA        0.1216            NA
  posterior_explained_by_snp dropped_trait  lead_snp
1                         NA      iradjbmi rs4820325
[1] "SPLICING EVENT"
[1] "chr22:38119805:38120759:clu_43752_-:ENSG00000184381.20"
Harmonising fat_distr (fat_distr) and Outcome (Outcome)
Harmonising fat_distr (fat_distr) and Outcome (Outcome)
[1] 330
[1] 330
  iteration traits posterior_prob regional_prob candidate_snp
1         1   None             NA        0.0092            NA
  posterior_explained_by_snp dropped_trait  lead_snp
1                         NA      iradjbmi rs4820325
[1] "SPLICING EVENT"
[1] "chr22:38120909:38122200:clu_43753_-:ENSG00000184381.20"
Harmonising fat_distr (fat_distr) and Outcome (Outcome)
Harmonising fat_distr (fat_distr) and Outcome (Outcome)
[1] 330
[1] 330
  iteration traits posterior_prob regional_prob candidate_snp
1         1   None             NA        0.0332            NA
  posterior_explained_by_snp dropped_trait  lead_snp
1                         NA      iradjbmi rs4820325
[1] "SPLICING EVENT"
[1] "chr22:38120909:38123095:clu_43753_-:ENSG00000184381.20"
Harmonising fat_distr (fat_distr) and Outcome (Outcome)
Harmonising fat_distr (fat_distr) and Outcome (Outcome)
[1] 330
[1] 330
  iteration                                                           traits
1         1 iradjbmi, chr22:38120909:38123095:clu_43753_-:ENSG00000184381.20
  posterior_prob regional_prob candidate_snp posterior_explained_by_snp
1         0.7071        0.9332     rs2267373                     0.3063
  dropped_trait  lead_snp
1            NA rs4820325
[1] "SPLICING EVENT"
[1] "chr22:38122285:38123095:clu_43753_-:ENSG00000184381.20"
Harmonising fat_distr (fat_distr) and Outcome (Outcome)
Harmonising fat_distr (fat_distr) and Outcome (Outcome)
[1] 330
[1] 330
  iteration traits posterior_prob regional_prob candidate_snp
1         1   None             NA        0.0087            NA
  posterior_explained_by_snp dropped_trait  lead_snp
1                         NA      iradjbmi rs4820325
[1] "SPLICING EVENT"
[1] "chr22:38123258:38125639:clu_43753_-:ENSG00000184381.20"
Harmonising fat_distr (fat_distr) and Outcome (Outcome)
Harmonising fat_distr (fat_distr) and Outcome (Outcome)
[1] 330
[1] 330
  iteration traits posterior_prob regional_prob candidate_snp
1         1   None             NA        0.0272            NA
  posterior_explained_by_snp dropped_trait  lead_snp
1                         NA      iradjbmi rs4820325
[1] "SPLICING EVENT"
[1] "chr22:38123258:38126371:clu_43753_-:ENSG00000184381.20"
Harmonising fat_distr (fat_distr) and Outcome (Outcome)
Harmonising fat_distr (fat_distr) and Outcome (Outcome)
[1] 330
[1] 330
  iteration traits posterior_prob regional_prob candidate_snp
1         1   None             NA        0.0179            NA
  posterior_explained_by_snp dropped_trait  lead_snp
1                         NA      iradjbmi rs4820325
[1] "SPLICING EVENT"
[1] "chr22:38125691:38126371:clu_43753_-:ENSG00000184381.20"
Harmonising fat_distr (fat_distr) and Outcome (Outcome)
Harmonising fat_distr (fat_distr) and Outcome (Outcome)
[1] 330
[1] 330
  iteration                                                           traits
1         1 iradjbmi, chr22:38125691:38126371:clu_43753_-:ENSG00000184381.20
  posterior_prob regional_prob candidate_snp posterior_explained_by_snp
1         0.9553         0.981     rs2267373                     0.3297
  dropped_trait  lead_snp
1            NA rs4820325
[1] "SPLICING EVENT"
[1] "chr22:38126449:38126762:clu_43754_-:ENSG00000184381.20"
Harmonising fat_distr (fat_distr) and Outcome (Outcome)
Harmonising fat_distr (fat_distr) and Outcome (Outcome)
[1] 330
[1] 330
  iteration traits posterior_prob regional_prob candidate_snp
1         1   None             NA        0.1151            NA
  posterior_explained_by_snp dropped_trait  lead_snp
1                         NA      iradjbmi rs4820325
[1] "SPLICING EVENT"
[1] "chr22:38126449:38127407:clu_43754_-:ENSG00000184381.20"
Harmonising fat_distr (fat_distr) and Outcome (Outcome)
Harmonising fat_distr (fat_distr) and Outcome (Outcome)
[1] 330
[1] 330
  iteration traits posterior_prob regional_prob candidate_snp
1         1   None             NA        0.8902            NA
  posterior_explained_by_snp
1                         NA
                                           dropped_trait  lead_snp
1 chr22:38126449:38127407:clu_43754_-:ENSG00000184381.20 rs4820325
[1] "SPLICING EVENT"
[1] "chr22:38126449:38128269:clu_43754_-:ENSG00000184381.20"
Harmonising fat_distr (fat_distr) and Outcome (Outcome)
Harmonising fat_distr (fat_distr) and Outcome (Outcome)
[1] 330
[1] 330
  iteration traits posterior_prob regional_prob candidate_snp
1         1   None             NA        0.0182            NA
  posterior_explained_by_snp dropped_trait  lead_snp
1                         NA      iradjbmi rs4820325
[1] "SPLICING EVENT"
[1] "chr22:38126449:38129454:clu_43754_-:ENSG00000184381.20"
Harmonising fat_distr (fat_distr) and Outcome (Outcome)
Harmonising fat_distr (fat_distr) and Outcome (Outcome)
[1] 330
[1] 330
  iteration traits posterior_prob regional_prob candidate_snp
1         1   None             NA        0.4454            NA
  posterior_explained_by_snp dropped_trait  lead_snp
1                         NA      iradjbmi rs4820325
[1] "SPLICING EVENT"
[1] "chr22:38127458:38128269:clu_43754_-:ENSG00000184381.20"
Harmonising fat_distr (fat_distr) and Outcome (Outcome)
Harmonising fat_distr (fat_distr) and Outcome (Outcome)
[1] 330
[1] 330
  iteration traits posterior_prob regional_prob candidate_snp
1         1   None             NA        0.0097            NA
  posterior_explained_by_snp dropped_trait  lead_snp
1                         NA      iradjbmi rs4820325
[1] "SPLICING EVENT"
[1] "chr22:38128430:38129454:clu_43754_-:ENSG00000184381.20"
Harmonising fat_distr (fat_distr) and Outcome (Outcome)
Harmonising fat_distr (fat_distr) and Outcome (Outcome)
[1] 330
[1] 330
  iteration traits posterior_prob regional_prob candidate_snp
1         1   None             NA        0.0077            NA
  posterior_explained_by_snp dropped_trait  lead_snp
1                         NA      iradjbmi rs4820325
[1] "SPLICING EVENT"
[1] "chr22:38129562:38130075:clu_43755_-:ENSG00000184381.20"
Harmonising fat_distr (fat_distr) and Outcome (Outcome)
Harmonising fat_distr (fat_distr) and Outcome (Outcome)
[1] 330
[1] 330
  iteration traits posterior_prob regional_prob candidate_snp
1         1   None             NA        0.0109            NA
  posterior_explained_by_snp dropped_trait  lead_snp
1                         NA      iradjbmi rs4820325
[1] "SPLICING EVENT"
[1] "chr22:38129562:38132831:clu_43755_-:ENSG00000184381.20"
Harmonising fat_distr (fat_distr) and Outcome (Outcome)
Harmonising fat_distr (fat_distr) and Outcome (Outcome)
[1] 330
[1] 330
  iteration traits posterior_prob regional_prob candidate_snp
1         1   None             NA         0.008            NA
  posterior_explained_by_snp dropped_trait  lead_snp
1                         NA      iradjbmi rs4820325
[1] "SPLICING EVENT"
[1] "chr22:38130189:38132831:clu_43755_-:ENSG00000184381.20"
Harmonising fat_distr (fat_distr) and Outcome (Outcome)
Harmonising fat_distr (fat_distr) and Outcome (Outcome)
[1] 330
[1] 330
  iteration traits posterior_prob regional_prob candidate_snp
1         1   None             NA        0.0109            NA
  posterior_explained_by_snp dropped_trait  lead_snp
1                         NA      iradjbmi rs4820325
[1] "SPLICING EVENT"
[1] "chr22:38143288:38144896:clu_43756_-:ENSG00000184381.20"
Harmonising fat_distr (fat_distr) and Outcome (Outcome)
Harmonising fat_distr (fat_distr) and Outcome (Outcome)
[1] 330
[1] 330
  iteration traits posterior_prob regional_prob candidate_snp
1         1   None             NA        0.1465            NA
  posterior_explained_by_snp dropped_trait  lead_snp
1                         NA      iradjbmi rs4820325
[1] "SPLICING EVENT"
[1] "chr22:38143288:38145438:clu_43756_-:ENSG00000184381.20"
Harmonising fat_distr (fat_distr) and Outcome (Outcome)
Harmonising fat_distr (fat_distr) and Outcome (Outcome)
[1] 330
[1] 330
  iteration                                                           traits
1         1 iradjbmi, chr22:38143288:38145438:clu_43756_-:ENSG00000184381.20
  posterior_prob regional_prob candidate_snp posterior_explained_by_snp
1         0.7642        0.9981     rs6001027                     0.2863
  dropped_trait  lead_snp
1            NA rs4820325
[1] "SPLICING EVENT"
[1] "chr22:38144978:38145438:clu_43756_-:ENSG00000184381.20"
Harmonising fat_distr (fat_distr) and Outcome (Outcome)
Harmonising fat_distr (fat_distr) and Outcome (Outcome)
[1] 330
[1] 330
  iteration                                                           traits
1         1 iradjbmi, chr22:38144978:38145438:clu_43756_-:ENSG00000184381.20
  posterior_prob regional_prob candidate_snp posterior_explained_by_snp
1          0.768        0.9679     rs6001027                     0.2229
  dropped_trait  lead_snp
1            NA rs4820325
[1] "SPLICING EVENT"
[1] "chr22:38169471:38181784:clu_43757_-:ENSG00000184381.20"
Harmonising fat_distr (fat_distr) and Outcome (Outcome)
Harmonising fat_distr (fat_distr) and Outcome (Outcome)
[1] 330
[1] 330
  iteration traits posterior_prob regional_prob candidate_snp
1         1   None             NA         0.017            NA
  posterior_explained_by_snp dropped_trait  lead_snp
1                         NA      iradjbmi rs4820325
[1] "SPLICING EVENT"
[1] "chr22:38169471:38192033:clu_43757_-:ENSG00000184381.20"
Harmonising fat_distr (fat_distr) and Outcome (Outcome)
Harmonising fat_distr (fat_distr) and Outcome (Outcome)
[1] 330
[1] 330
  iteration traits posterior_prob regional_prob candidate_snp
1         1   None             NA        0.0158            NA
  posterior_explained_by_snp dropped_trait  lead_snp
1                         NA      iradjbmi rs4820325
[1] "LEAD INDEX"
[1] 4
[1] "SPLICING EVENT"
[1] "chr22:38656750:38656956:clu_42955_+:ENSG00000100211.11"
Harmonising fat_distr (fat_distr) and Outcome (Outcome)
Harmonising fat_distr (fat_distr) and Outcome (Outcome)
[1] 361
[1] 361
  iteration traits posterior_prob regional_prob candidate_snp
1         1   None             NA        0.0096            NA
  posterior_explained_by_snp dropped_trait  lead_snp
1                         NA      iradjbmi rs4821815
[1] "SPLICING EVENT"
[1] "chr22:38656750:38665546:clu_42955_+:ENSG00000100211.11"
Harmonising fat_distr (fat_distr) and Outcome (Outcome)
Harmonising fat_distr (fat_distr) and Outcome (Outcome)
[1] 361
[1] 361
  iteration traits posterior_prob regional_prob candidate_snp
1         1   None             NA        0.0112            NA
  posterior_explained_by_snp dropped_trait  lead_snp
1                         NA      iradjbmi rs4821815
[1] "SPLICING EVENT"
[1] "chr22:38656750:38668017:clu_42955_+:ENSG00000100211.11"
Harmonising fat_distr (fat_distr) and Outcome (Outcome)
Harmonising fat_distr (fat_distr) and Outcome (Outcome)
[1] 361
[1] 361
  iteration traits posterior_prob regional_prob candidate_snp
1         1   None             NA        0.0136            NA
  posterior_explained_by_snp dropped_trait  lead_snp
1                         NA      iradjbmi rs4821815
[1] "SPLICING EVENT"
[1] "chr22:38656750:38670884:clu_42955_+:ENSG00000100211.11"
Harmonising fat_distr (fat_distr) and Outcome (Outcome)
Harmonising fat_distr (fat_distr) and Outcome (Outcome)
[1] 361
[1] 361
  iteration traits posterior_prob regional_prob candidate_snp
1         1   None             NA        0.0074            NA
  posterior_explained_by_snp dropped_trait  lead_snp
1                         NA      iradjbmi rs4821815
[1] "SPLICING EVENT"
[1] "chr22:38657143:38668017:clu_42955_+:ENSG00000100211.11"
Harmonising fat_distr (fat_distr) and Outcome (Outcome)
Harmonising fat_distr (fat_distr) and Outcome (Outcome)
[1] 361
[1] 361
  iteration traits posterior_prob regional_prob candidate_snp
1         1   None             NA        0.0089            NA
  posterior_explained_by_snp dropped_trait  lead_snp
1                         NA      iradjbmi rs4821815
[1] "SPLICING EVENT"
[1] "chr22:38665685:38668017:clu_42955_+:ENSG00000100211.11"
Harmonising fat_distr (fat_distr) and Outcome (Outcome)
Harmonising fat_distr (fat_distr) and Outcome (Outcome)
[1] 361
[1] 361
  iteration traits posterior_prob regional_prob candidate_snp
1         1   None             NA        0.0075            NA
  posterior_explained_by_snp dropped_trait  lead_snp
1                         NA      iradjbmi rs4821815
[1] "SPLICING EVENT"
[1] "chr22:38668132:38670767:clu_42955_+:ENSG00000100211.11"
Harmonising fat_distr (fat_distr) and Outcome (Outcome)
Harmonising fat_distr (fat_distr) and Outcome (Outcome)
[1] 361
[1] 361
  iteration traits posterior_prob regional_prob candidate_snp
1         1   None             NA             1            NA
  posterior_explained_by_snp dropped_trait  lead_snp
1                         NA      iradjbmi rs4821815
[1] "SPLICING EVENT"
[1] "chr22:38668132:38670884:clu_42955_+:ENSG00000100211.11"
Harmonising fat_distr (fat_distr) and Outcome (Outcome)
Harmonising fat_distr (fat_distr) and Outcome (Outcome)
[1] 361
[1] 361
  iteration traits posterior_prob regional_prob candidate_snp
1         1   None             NA        0.7069            NA
  posterior_explained_by_snp
1                         NA
                                           dropped_trait  lead_snp
1 chr22:38668132:38670884:clu_42955_+:ENSG00000100211.11 rs4821815
[1] "SPLICING EVENT"
[1] "chr22:38670989:38671070:clu_42956_+:ENSG00000100211.11"
Harmonising fat_distr (fat_distr) and Outcome (Outcome)
Harmonising fat_distr (fat_distr) and Outcome (Outcome)
[1] 361
[1] 361
  iteration traits posterior_prob regional_prob candidate_snp
1         1   None             NA        0.0099            NA
  posterior_explained_by_snp dropped_trait  lead_snp
1                         NA      iradjbmi rs4821815
[1] "SPLICING EVENT"
[1] "chr22:38670989:38671076:clu_42956_+:ENSG00000100211.11"
Harmonising fat_distr (fat_distr) and Outcome (Outcome)
Harmonising fat_distr (fat_distr) and Outcome (Outcome)
[1] 361
[1] 361
  iteration traits posterior_prob regional_prob candidate_snp
1         1   None             NA        0.0099            NA
  posterior_explained_by_snp dropped_trait  lead_snp
1                         NA      iradjbmi rs4821815
[1] "SPLICING EVENT"
[1] "chr22:38670989:38673159:clu_42956_+:ENSG00000100211.11"
Harmonising fat_distr (fat_distr) and Outcome (Outcome)
Harmonising fat_distr (fat_distr) and Outcome (Outcome)
[1] 361
[1] 361
  iteration traits posterior_prob regional_prob candidate_snp
1         1   None             NA        0.9995            NA
  posterior_explained_by_snp
1                         NA
                                           dropped_trait  lead_snp
1 chr22:38670989:38673159:clu_42956_+:ENSG00000100211.11 rs4821815
[1] "SPLICING EVENT"
[1] "chr22:38671188:38673159:clu_42956_+:ENSG00000100211.11"
Harmonising fat_distr (fat_distr) and Outcome (Outcome)
Harmonising fat_distr (fat_distr) and Outcome (Outcome)
[1] 361
[1] 361
  iteration traits posterior_prob regional_prob candidate_snp
1         1   None             NA        0.2042            NA
  posterior_explained_by_snp dropped_trait  lead_snp
1                         NA      iradjbmi rs4821815
[1] "SPLICING EVENT"
[1] "chr22:38682095:38682323:clu_42957_+:ENSG00000100216.6"
Harmonising fat_distr (fat_distr) and Outcome (Outcome)
Harmonising fat_distr (fat_distr) and Outcome (Outcome)
[1] 361
[1] 361
  iteration traits posterior_prob regional_prob candidate_snp
1         1   None             NA        0.0068            NA
  posterior_explained_by_snp dropped_trait  lead_snp
1                         NA      iradjbmi rs4821815
[1] "SPLICING EVENT"
[1] "chr22:38689129:38689296:clu_43778_-:ENSG00000100221.11"
Harmonising fat_distr (fat_distr) and Outcome (Outcome)
Harmonising fat_distr (fat_distr) and Outcome (Outcome)
[1] 361
[1] 361
  iteration traits posterior_prob regional_prob candidate_snp
1         1   None             NA        0.0076            NA
  posterior_explained_by_snp dropped_trait  lead_snp
1                         NA      iradjbmi rs4821815
[1] "SPLICING EVENT"
[1] "chr22:38689424:38699803:clu_43778_-:ENSG00000100221.11"
Harmonising fat_distr (fat_distr) and Outcome (Outcome)
Harmonising fat_distr (fat_distr) and Outcome (Outcome)
[1] 361
[1] 361
  iteration traits posterior_prob regional_prob candidate_snp
1         1   None             NA        0.0101            NA
  posterior_explained_by_snp dropped_trait  lead_snp
1                         NA      iradjbmi rs4821815
[1] "SPLICING EVENT"
[1] "chr22:38700618:38700800:clu_43780_-:ENSG00000100221.11"
Harmonising fat_distr (fat_distr) and Outcome (Outcome)
Harmonising fat_distr (fat_distr) and Outcome (Outcome)
[1] 361
[1] 361
  iteration traits posterior_prob regional_prob candidate_snp
1         1   None             NA        0.0091            NA
  posterior_explained_by_snp dropped_trait  lead_snp
1                         NA      iradjbmi rs4821815
[1] "SPLICING EVENT"
[1] "chr22:38700618:38700904:clu_43780_-:ENSG00000100221.11"
Harmonising fat_distr (fat_distr) and Outcome (Outcome)
Harmonising fat_distr (fat_distr) and Outcome (Outcome)
[1] 361
[1] 361
  iteration traits posterior_prob regional_prob candidate_snp
1         1   None             NA        0.0091            NA
  posterior_explained_by_snp dropped_trait  lead_snp
1                         NA      iradjbmi rs4821815
