── Attaching core tidyverse packages ──────────────────────── tidyverse 2.0.0 ──
✔ dplyr     1.1.3     ✔ readr     2.1.4
✔ forcats   1.0.0     ✔ stringr   1.5.0
✔ ggplot2   3.5.1     ✔ tibble    3.2.1
✔ lubridate 1.9.3     ✔ tidyr     1.3.0
✔ purrr     1.0.2     
── Conflicts ────────────────────────────────────────── tidyverse_conflicts() ──
✖ dplyr::between()     masks data.table::between()
✖ dplyr::filter()      masks stats::filter()
✖ dplyr::first()       masks data.table::first()
✖ lubridate::hour()    masks data.table::hour()
✖ lubridate::isoweek() masks data.table::isoweek()
✖ dplyr::lag()         masks stats::lag()
✖ dplyr::last()        masks data.table::last()
✖ lubridate::mday()    masks data.table::mday()
✖ lubridate::minute()  masks data.table::minute()
✖ lubridate::month()   masks data.table::month()
✖ lubridate::quarter() masks data.table::quarter()
✖ lubridate::second()  masks data.table::second()
✖ purrr::transpose()   masks data.table::transpose()
✖ lubridate::wday()    masks data.table::wday()
✖ lubridate::week()    masks data.table::week()
✖ lubridate::yday()    masks data.table::yday()
✖ lubridate::year()    masks data.table::year()
ℹ Use the conflicted package (<http://conflicted.r-lib.org/>) to force all conflicts to become errors
TwoSampleMR version 0.5.7 
[>] New: Option to use non-European LD reference panels for clumping etc
[>] Some studies temporarily quarantined to verify effect allele
[>] See news(package='TwoSampleMR') and https://gwas.mrcieu.ac.uk for further details


Warning:
You are running an old version of the TwoSampleMR package.
This version:   0.5.7
Latest version: 0.7.9
Please consider updating using remotes::install_github('MRCIEU/TwoSampleMR')
Warning messages:
1: replacing previous import ‘Matrix::tcrossprod’ by ‘Rmpfr::tcrossprod’ when loading ‘hyprcoloc’ 
2: replacing previous import ‘Matrix::crossprod’ by ‘Rmpfr::crossprod’ when loading ‘hyprcoloc’ 
3: replacing previous import ‘Matrix::.__C__atomicVector’ by ‘Rmpfr::.__C__atomicVector’ when loading ‘hyprcoloc’ 
Loading required package: stats4
Loading required package: BiocGenerics

Attaching package: ‘BiocGenerics’

The following objects are masked from ‘package:lubridate’:

    intersect, setdiff, union

The following objects are masked from ‘package:dplyr’:

    combine, intersect, setdiff, union

The following objects are masked from ‘package:stats’:

    IQR, mad, sd, var, xtabs

The following objects are masked from ‘package:base’:

    anyDuplicated, aperm, append, as.data.frame, basename, cbind,
    colnames, dirname, do.call, duplicated, eval, evalq, Filter, Find,
    get, grep, grepl, intersect, is.unsorted, lapply, Map, mapply,
    match, mget, order, paste, pmax, pmax.int, pmin, pmin.int,
    Position, rank, rbind, Reduce, rownames, sapply, setdiff, sort,
    table, tapply, union, unique, unsplit, which.max, which.min

Loading required package: S4Vectors

Attaching package: ‘S4Vectors’

The following objects are masked from ‘package:lubridate’:

    second, second<-

The following objects are masked from ‘package:dplyr’:

    first, rename

The following object is masked from ‘package:tidyr’:

    expand

The following objects are masked from ‘package:data.table’:

    first, second

The following object is masked from ‘package:utils’:

    findMatches

The following objects are masked from ‘package:base’:

    expand.grid, I, unname

Loading required package: IRanges

Attaching package: ‘IRanges’

The following object is masked from ‘package:TwoSampleMR’:

    trim

The following object is masked from ‘package:lubridate’:

    %within%

The following objects are masked from ‘package:dplyr’:

    collapse, desc, slice

The following object is masked from ‘package:purrr’:

    reduce

The following object is masked from ‘package:data.table’:

    shift

Loading required package: GenomeInfoDb
New names:
• `` -> `...2`
• `` -> `...3`
• `` -> `...4`
• `` -> `...5`
• `` -> `...6`
• `` -> `...7`
• `` -> `...8`
• `` -> `...9`
• `` -> `...10`
• `` -> `...11`
• `` -> `...12`
• `` -> `...13`
• `` -> `...14`
• `` -> `...15`
• `` -> `...16`
• `` -> `...17`
• `` -> `...18`
• `` -> `...19`
• `` -> `...20`
• `` -> `...21`
• `` -> `...22`
• `` -> `...23`
• `` -> `...24`
• `` -> `...25`
• `` -> `...26`
• `` -> `...27`
• `` -> `...28`
• `` -> `...29`
• `` -> `...30`
• `` -> `...31`
• `` -> `...32`
• `` -> `...33`
• `` -> `...34`
• `` -> `...35`
• `` -> `...36`
• `` -> `...37`
• `` -> `...38`
• `` -> `...39`
• `` -> `...40`
• `` -> `...41`
• `` -> `...42`
• `` -> `...43`
• `` -> `...44`
[1] 282
[1] 282
[1] "CHROMOSOME"
[1] 1
[1] "LEAD INDEX"
[1] 1
[1] "LEAD INDEX"
[1] 2
[1] "LEAD INDEX"
[1] 3
[1] "SPLICING EVENT"
[1] "chr1:205719673:205720501:clu_2864_-:ENSG00000069275.13"
Harmonising fat_distr (fat_distr) and Outcome (Outcome)
Harmonising fat_distr (fat_distr) and Outcome (Outcome)
[1] 419
[1] 419
  iteration traits posterior_prob regional_prob candidate_snp
1         1   None             NA        0.0269            NA
  posterior_explained_by_snp dropped_trait lead_snp
1                         NA      iradjbmi rs823114
[1] "SPLICING EVENT"
[1] "chr1:205719676:205720501:clu_2864_-:ENSG00000069275.13"
Harmonising fat_distr (fat_distr) and Outcome (Outcome)
Harmonising fat_distr (fat_distr) and Outcome (Outcome)
[1] 419
[1] 419
  iteration traits posterior_prob regional_prob candidate_snp
1         1   None             NA        0.0319            NA
  posterior_explained_by_snp dropped_trait lead_snp
1                         NA      iradjbmi rs823114
[1] "LEAD INDEX"
[1] 4
[1] "SPLICING EVENT"
[1] "chr1:26787806:26790759:clu_4025_+:ENSG00000060642.12"
Harmonising fat_distr (fat_distr) and Outcome (Outcome)
Harmonising fat_distr (fat_distr) and Outcome (Outcome)
[1] 297
[1] 297
  iteration traits posterior_prob regional_prob candidate_snp
1         1   None             NA        0.0542            NA
  posterior_explained_by_snp dropped_trait   lead_snp
1                         NA      iradjbmi rs12742115
[1] "SPLICING EVENT"
[1] "chr1:26787989:26790759:clu_4025_+:ENSG00000060642.12"
Harmonising fat_distr (fat_distr) and Outcome (Outcome)
Harmonising fat_distr (fat_distr) and Outcome (Outcome)
[1] 297
[1] 297
  iteration traits posterior_prob regional_prob candidate_snp
1         1   None             NA        0.0027            NA
  posterior_explained_by_snp
1                         NA
                                         dropped_trait   lead_snp
1 chr1:26787989:26790759:clu_4025_+:ENSG00000060642.12 rs12742115
[1] "SPLICING EVENT"
[1] "chr1:26788268:26790759:clu_4025_+:ENSG00000060642.12"
Harmonising fat_distr (fat_distr) and Outcome (Outcome)
Harmonising fat_distr (fat_distr) and Outcome (Outcome)
[1] 297
[1] 297
  iteration traits posterior_prob regional_prob candidate_snp
1         1   None             NA         0.697            NA
  posterior_explained_by_snp
1                         NA
                                         dropped_trait   lead_snp
1 chr1:26788268:26790759:clu_4025_+:ENSG00000060642.12 rs12742115
[1] "SPLICING EVENT"
[1] "chr1:26795234:26797563:clu_4027_+:ENSG00000060642.12"
Harmonising fat_distr (fat_distr) and Outcome (Outcome)
Harmonising fat_distr (fat_distr) and Outcome (Outcome)
[1] 297
[1] 297
  iteration traits posterior_prob regional_prob candidate_snp
1         1   None             NA        0.1374            NA
  posterior_explained_by_snp dropped_trait   lead_snp
1                         NA      iradjbmi rs12742115
[1] "SPLICING EVENT"
[1] "chr1:26827139:26832447:clu_4027_+:ENSG00000060642.12"
Harmonising fat_distr (fat_distr) and Outcome (Outcome)
Harmonising fat_distr (fat_distr) and Outcome (Outcome)
[1] 297
[1] 297
  iteration traits posterior_prob regional_prob candidate_snp
1         1   None             NA        0.1472            NA
  posterior_explained_by_snp dropped_trait   lead_snp
1                         NA      iradjbmi rs12742115
[1] "SPLICING EVENT"
[1] "chr1:26924166:26934249:clu_4033_+:ENSG00000090273.14"
Harmonising fat_distr (fat_distr) and Outcome (Outcome)
Harmonising fat_distr (fat_distr) and Outcome (Outcome)
[1] 297
[1] 297
  iteration                                                         traits
1         1 iradjbmi, chr1:26924166:26934249:clu_4033_+:ENSG00000090273.14
  posterior_prob regional_prob candidate_snp posterior_explained_by_snp
1         0.8451        0.9573    rs17162387                      0.661
  dropped_trait   lead_snp
1            NA rs12742115
[1] "SPLICING EVENT"
[1] "chr1:26924166:26941457:clu_4033_+:ENSG00000090273.14"
Harmonising fat_distr (fat_distr) and Outcome (Outcome)
Harmonising fat_distr (fat_distr) and Outcome (Outcome)
[1] 297
[1] 297
  iteration                                                         traits
1         1 iradjbmi, chr1:26924166:26941457:clu_4033_+:ENSG00000090273.14
  posterior_prob regional_prob candidate_snp posterior_explained_by_snp
1         0.7388        0.8553    rs17162387                     0.5847
  dropped_trait   lead_snp
1            NA rs12742115
[1] "SPLICING EVENT"
[1] "chr1:26934419:26941457:clu_4033_+:ENSG00000090273.14"
Harmonising fat_distr (fat_distr) and Outcome (Outcome)
Harmonising fat_distr (fat_distr) and Outcome (Outcome)
[1] 297
[1] 297
  iteration traits posterior_prob regional_prob candidate_snp
1         1   None             NA        0.0327            NA
  posterior_explained_by_snp dropped_trait   lead_snp
1                         NA      iradjbmi rs12742115
[1] "SPLICING EVENT"
[1] "chr1:26941818:26942660:clu_4034_+:ENSG00000090273.14"
Harmonising fat_distr (fat_distr) and Outcome (Outcome)
Harmonising fat_distr (fat_distr) and Outcome (Outcome)
[1] 297
[1] 297
  iteration traits posterior_prob regional_prob candidate_snp
1         1   None             NA         0.013            NA
  posterior_explained_by_snp dropped_trait   lead_snp
1                         NA      iradjbmi rs12742115
[1] "SPLICING EVENT"
[1] "chr1:26943065:26945390:clu_4034_+:ENSG00000090273.14"
Harmonising fat_distr (fat_distr) and Outcome (Outcome)
Harmonising fat_distr (fat_distr) and Outcome (Outcome)
[1] 297
[1] 297
  iteration traits posterior_prob regional_prob candidate_snp
1         1   None             NA        0.0109            NA
  posterior_explained_by_snp dropped_trait   lead_snp
1                         NA      iradjbmi rs12742115
[1] "LEAD INDEX"
[1] 5
[1] "SPLICING EVENT"
[1] "chr1:39561122:39561685:clu_995_-:ENSG00000090621.15"
Harmonising fat_distr (fat_distr) and Outcome (Outcome)
Harmonising fat_distr (fat_distr) and Outcome (Outcome)
[1] 356
[1] 356
  iteration traits posterior_prob regional_prob candidate_snp
1         1   None             NA        0.0119            NA
  posterior_explained_by_snp dropped_trait   lead_snp
1                         NA      iradjbmi rs16826069
[1] "SPLICING EVENT"
[1] "chr1:39561122:39561728:clu_995_-:ENSG00000090621.15"
Harmonising fat_distr (fat_distr) and Outcome (Outcome)
Harmonising fat_distr (fat_distr) and Outcome (Outcome)
[1] 356
[1] 356
  iteration traits posterior_prob regional_prob candidate_snp
1         1   None             NA        0.0128            NA
  posterior_explained_by_snp dropped_trait   lead_snp
1                         NA      iradjbmi rs16826069
[1] "SPLICING EVENT"
[1] "chr1:39563741:39563836:clu_996_-:ENSG00000090621.15"
Harmonising fat_distr (fat_distr) and Outcome (Outcome)
Harmonising fat_distr (fat_distr) and Outcome (Outcome)
[1] 356
[1] 356
  iteration traits posterior_prob regional_prob candidate_snp
1         1   None             NA         0.007            NA
  posterior_explained_by_snp dropped_trait   lead_snp
1                         NA      iradjbmi rs16826069
[1] "SPLICING EVENT"
[1] "chr1:39563741:39564423:clu_996_-:ENSG00000090621.15"
Harmonising fat_distr (fat_distr) and Outcome (Outcome)
Harmonising fat_distr (fat_distr) and Outcome (Outcome)
[1] 356
[1] 356
  iteration traits posterior_prob regional_prob candidate_snp
1         1   None             NA        0.0053            NA
  posterior_explained_by_snp dropped_trait   lead_snp
1                         NA      iradjbmi rs16826069
[1] "SPLICING EVENT"
[1] "chr1:39563741:39564471:clu_996_-:ENSG00000090621.15"
Harmonising fat_distr (fat_distr) and Outcome (Outcome)
Harmonising fat_distr (fat_distr) and Outcome (Outcome)
[1] 356
[1] 356
  iteration traits posterior_prob regional_prob candidate_snp
1         1   None             NA        0.0099            NA
  posterior_explained_by_snp dropped_trait   lead_snp
1                         NA      iradjbmi rs16826069
[1] "SPLICING EVENT"
[1] "chr1:39563922:39564423:clu_996_-:ENSG00000090621.15"
Harmonising fat_distr (fat_distr) and Outcome (Outcome)
Harmonising fat_distr (fat_distr) and Outcome (Outcome)
[1] 356
[1] 356
  iteration traits posterior_prob regional_prob candidate_snp
1         1   None             NA        0.0105            NA
  posterior_explained_by_snp dropped_trait   lead_snp
1                         NA      iradjbmi rs16826069
[1] "SPLICING EVENT"
[1] "chr1:39563922:39564471:clu_996_-:ENSG00000090621.15"
Harmonising fat_distr (fat_distr) and Outcome (Outcome)
Harmonising fat_distr (fat_distr) and Outcome (Outcome)
[1] 356
[1] 356
  iteration traits posterior_prob regional_prob candidate_snp
1         1   None             NA        0.0072            NA
  posterior_explained_by_snp dropped_trait   lead_snp
1                         NA      iradjbmi rs16826069
[1] "SPLICING EVENT"
[1] "chr1:39564542:39564686:clu_997_-:ENSG00000090621.15"
Harmonising fat_distr (fat_distr) and Outcome (Outcome)
Harmonising fat_distr (fat_distr) and Outcome (Outcome)
[1] 356
[1] 356
  iteration traits posterior_prob regional_prob candidate_snp
1         1   None             NA        0.0076            NA
  posterior_explained_by_snp dropped_trait   lead_snp
1                         NA      iradjbmi rs16826069
[1] "SPLICING EVENT"
[1] "chr1:39564542:39564701:clu_997_-:ENSG00000090621.15"
Harmonising fat_distr (fat_distr) and Outcome (Outcome)
Harmonising fat_distr (fat_distr) and Outcome (Outcome)
[1] 356
[1] 356
  iteration traits posterior_prob regional_prob candidate_snp
1         1   None             NA        0.0082            NA
  posterior_explained_by_snp dropped_trait   lead_snp
1                         NA      iradjbmi rs16826069
[1] "SPLICING EVENT"
[1] "chr1:39564542:39565106:clu_997_-:ENSG00000090621.15"
Harmonising fat_distr (fat_distr) and Outcome (Outcome)
Harmonising fat_distr (fat_distr) and Outcome (Outcome)
[1] 356
[1] 356
  iteration traits posterior_prob regional_prob candidate_snp
1         1   None             NA         0.006            NA
  posterior_explained_by_snp dropped_trait   lead_snp
1                         NA      iradjbmi rs16826069
[1] "SPLICING EVENT"
[1] "chr1:39564773:39565106:clu_997_-:ENSG00000090621.15"
Harmonising fat_distr (fat_distr) and Outcome (Outcome)
Harmonising fat_distr (fat_distr) and Outcome (Outcome)
[1] 356
[1] 356
  iteration traits posterior_prob regional_prob candidate_snp
1         1   None             NA        0.0078            NA
  posterior_explained_by_snp dropped_trait   lead_snp
1                         NA      iradjbmi rs16826069
[1] "SPLICING EVENT"
[1] "chr1:39570002:39571097:clu_998_-:ENSG00000090621.15"
Harmonising fat_distr (fat_distr) and Outcome (Outcome)
Harmonising fat_distr (fat_distr) and Outcome (Outcome)
[1] 356
[1] 356
  iteration                                                        traits
1         1 iradjbmi, chr1:39570002:39571097:clu_998_-:ENSG00000090621.15
  posterior_prob regional_prob candidate_snp posterior_explained_by_snp
1         0.6751             1     rs3754346                     0.5813
  dropped_trait   lead_snp
1            NA rs16826069
[1] "SPLICING EVENT"
[1] "chr1:39570002:39571234:clu_998_-:ENSG00000090621.15"
Harmonising fat_distr (fat_distr) and Outcome (Outcome)
Harmonising fat_distr (fat_distr) and Outcome (Outcome)
[1] 356
[1] 356
  iteration                                                        traits
1         1 iradjbmi, chr1:39570002:39571234:clu_998_-:ENSG00000090621.15
  posterior_prob regional_prob candidate_snp posterior_explained_by_snp
1         0.7932             1     rs3754346                     0.5715
  dropped_trait   lead_snp
1            NA rs16826069
[1] "LEAD INDEX"
[1] 6
[1] "SPLICING EVENT"
[1] "chr1:39844640:39847220:clu_1005_-:ENSG00000043514.17"
Harmonising fat_distr (fat_distr) and Outcome (Outcome)
Harmonising fat_distr (fat_distr) and Outcome (Outcome)
[1] 381
[1] 381
  iteration traits posterior_prob regional_prob candidate_snp
1         1   None             NA        0.0669            NA
  posterior_explained_by_snp dropped_trait  lead_snp
1                         NA      iradjbmi rs7542907
[1] "SPLICING EVENT"
[1] "chr1:39847297:39847548:clu_1005_-:ENSG00000043514.17"
Harmonising fat_distr (fat_distr) and Outcome (Outcome)
Harmonising fat_distr (fat_distr) and Outcome (Outcome)
[1] 381
[1] 381
  iteration traits posterior_prob regional_prob candidate_snp
1         1   None             NA        0.0096            NA
  posterior_explained_by_snp dropped_trait  lead_snp
1                         NA      iradjbmi rs7542907
[1] "SPLICING EVENT"
[1] "chr1:39847660:39847986:clu_1005_-:ENSG00000043514.17"
Harmonising fat_distr (fat_distr) and Outcome (Outcome)
Harmonising fat_distr (fat_distr) and Outcome (Outcome)
[1] 381
[1] 381
  iteration traits posterior_prob regional_prob candidate_snp
1         1   None             NA        0.0189            NA
  posterior_explained_by_snp dropped_trait  lead_snp
1                         NA      iradjbmi rs7542907
[1] "SPLICING EVENT"
[1] "chr1:39847747:39847986:clu_1005_-:ENSG00000043514.17"
Harmonising fat_distr (fat_distr) and Outcome (Outcome)
Harmonising fat_distr (fat_distr) and Outcome (Outcome)
[1] 381
[1] 381
  iteration traits posterior_prob regional_prob candidate_snp
1         1   None             NA        0.0083            NA
  posterior_explained_by_snp dropped_trait  lead_snp
1                         NA      iradjbmi rs7542907
[1] "SPLICING EVENT"
[1] "chr1:39848097:39850119:clu_1006_-:ENSG00000043514.17"
Harmonising fat_distr (fat_distr) and Outcome (Outcome)
Harmonising fat_distr (fat_distr) and Outcome (Outcome)
[1] 381
[1] 381
  iteration traits posterior_prob regional_prob candidate_snp
1         1   None             NA        0.1756            NA
  posterior_explained_by_snp dropped_trait  lead_snp
1                         NA      iradjbmi rs7542907
[1] "SPLICING EVENT"
[1] "chr1:39848097:39850123:clu_1006_-:ENSG00000043514.17"
Harmonising fat_distr (fat_distr) and Outcome (Outcome)
Harmonising fat_distr (fat_distr) and Outcome (Outcome)
[1] 381
[1] 381
  iteration traits posterior_prob regional_prob candidate_snp
1         1   None             NA        0.0173            NA
  posterior_explained_by_snp dropped_trait  lead_snp
1                         NA      iradjbmi rs7542907
[1] "SPLICING EVENT"
[1] "chr1:39850261:39852731:clu_1006_-:ENSG00000043514.17"
Harmonising fat_distr (fat_distr) and Outcome (Outcome)
Harmonising fat_distr (fat_distr) and Outcome (Outcome)
[1] 381
[1] 381
  iteration traits posterior_prob regional_prob candidate_snp
1         1   None             NA        0.0023            NA
  posterior_explained_by_snp
1                         NA
                                         dropped_trait  lead_snp
1 chr1:39850261:39852731:clu_1006_-:ENSG00000043514.17 rs7542907
[1] "SPLICING EVENT"
[1] "chr1:39850261:39853970:clu_1006_-:ENSG00000043514.17"
Harmonising fat_distr (fat_distr) and Outcome (Outcome)
Harmonising fat_distr (fat_distr) and Outcome (Outcome)
[1] 381
[1] 381
  iteration traits posterior_prob regional_prob candidate_snp
1         1   None             NA        0.0196            NA
  posterior_explained_by_snp dropped_trait  lead_snp
1                         NA      iradjbmi rs7542907
[1] "SPLICING EVENT"
[1] "chr1:39850261:39883318:clu_1006_-:ENSG00000043514.17"
Harmonising fat_distr (fat_distr) and Outcome (Outcome)
Harmonising fat_distr (fat_distr) and Outcome (Outcome)
[1] 381
[1] 381
  iteration traits posterior_prob regional_prob candidate_snp
1         1   None             NA        0.0072            NA
  posterior_explained_by_snp dropped_trait  lead_snp
1                         NA      iradjbmi rs7542907
[1] "SPLICING EVENT"
[1] "chr1:39852876:39853970:clu_1006_-:ENSG00000043514.17"
Harmonising fat_distr (fat_distr) and Outcome (Outcome)
Harmonising fat_distr (fat_distr) and Outcome (Outcome)
[1] 381
[1] 381
  iteration traits posterior_prob regional_prob candidate_snp
1         1   None             NA         0.008            NA
  posterior_explained_by_snp dropped_trait  lead_snp
1                         NA      iradjbmi rs7542907
[1] "SPLICING EVENT"
[1] "chr1:39857417:39883318:clu_1006_-:ENSG00000043514.17"
Harmonising fat_distr (fat_distr) and Outcome (Outcome)
Harmonising fat_distr (fat_distr) and Outcome (Outcome)
[1] 381
[1] 381
  iteration traits posterior_prob regional_prob candidate_snp
1         1   None             NA        0.0085            NA
  posterior_explained_by_snp dropped_trait  lead_snp
1                         NA      iradjbmi rs7542907
[1] "LEAD INDEX"
[1] 7
[1] "SPLICING EVENT"
[1] "chr1:50969899:50970358:clu_4534_+:ENSG00000123080.12"
Harmonising fat_distr (fat_distr) and Outcome (Outcome)
Harmonising fat_distr (fat_distr) and Outcome (Outcome)
[1] 200
[1] 200
  iteration traits posterior_prob regional_prob candidate_snp
1         1   None             NA        0.0088            NA
  posterior_explained_by_snp dropped_trait   lead_snp
1                         NA      iradjbmi rs12088739
[1] "SPLICING EVENT"
[1] "chr1:50970497:50973893:clu_4534_+:ENSG00000123080.12"
Harmonising fat_distr (fat_distr) and Outcome (Outcome)
Harmonising fat_distr (fat_distr) and Outcome (Outcome)
[1] 200
[1] 200
  iteration traits posterior_prob regional_prob candidate_snp
1         1   None             NA        0.0091            NA
  posterior_explained_by_snp dropped_trait   lead_snp
1                         NA      iradjbmi rs12088739
[1] "LEAD INDEX"
[1] 8
[1] "LEAD INDEX"
[1] 9
[1] "LEAD INDEX"
[1] 10
[1] "LEAD INDEX"
[1] 11
[1] "SPLICING EVENT"
[1] "chr1:149909890:149910570:clu_2014_-:ENSG00000159164.10"
Harmonising fat_distr (fat_distr) and Outcome (Outcome)
Harmonising fat_distr (fat_distr) and Outcome (Outcome)
[1] 131
[1] 131
  iteration traits posterior_prob regional_prob candidate_snp
1         1   None             NA        0.0151            NA
  posterior_explained_by_snp dropped_trait   lead_snp
1                         NA      iradjbmi rs17643644
[1] "SPLICING EVENT"
[1] "chr1:149910703:149910826:clu_2014_-:ENSG00000159164.10"
Harmonising fat_distr (fat_distr) and Outcome (Outcome)
Harmonising fat_distr (fat_distr) and Outcome (Outcome)
[1] 131
[1] 131
  iteration traits posterior_prob regional_prob candidate_snp
1         1   None             NA        0.0202            NA
  posterior_explained_by_snp dropped_trait   lead_snp
1                         NA      iradjbmi rs17643644
[1] "LEAD INDEX"
[1] 12
[1] "SPLICING EVENT"
[1] "chr1:150814236:150816259:clu_2040_-:ENSG00000143437.21"
Harmonising fat_distr (fat_distr) and Outcome (Outcome)
Harmonising fat_distr (fat_distr) and Outcome (Outcome)
[1] 293
[1] 293
  iteration traits posterior_prob regional_prob candidate_snp
1         1   None             NA        0.0102            NA
  posterior_explained_by_snp dropped_trait  lead_snp
1                         NA      iradjbmi rs2055975
[1] "SPLICING EVENT"
[1] "chr1:150814239:150816259:clu_2040_-:ENSG00000143437.21"
Harmonising fat_distr (fat_distr) and Outcome (Outcome)
Harmonising fat_distr (fat_distr) and Outcome (Outcome)
[1] 293
[1] 293
  iteration traits posterior_prob regional_prob candidate_snp
1         1   None             NA        0.0104            NA
  posterior_explained_by_snp dropped_trait  lead_snp
1                         NA      iradjbmi rs2055975
[1] "SPLICING EVENT"
[1] "chr1:150816406:150816788:clu_2041_-:ENSG00000143437.21"
Harmonising fat_distr (fat_distr) and Outcome (Outcome)
Harmonising fat_distr (fat_distr) and Outcome (Outcome)
[1] 293
[1] 293
  iteration traits posterior_prob regional_prob candidate_snp
1         1   None             NA         0.008            NA
  posterior_explained_by_snp dropped_trait  lead_snp
1                         NA      iradjbmi rs2055975
[1] "SPLICING EVENT"
[1] "chr1:150816890:150817082:clu_2041_-:ENSG00000143437.21"
Harmonising fat_distr (fat_distr) and Outcome (Outcome)
Harmonising fat_distr (fat_distr) and Outcome (Outcome)
[1] 293
[1] 293
  iteration traits posterior_prob regional_prob candidate_snp
1         1   None             NA         0.009            NA
  posterior_explained_by_snp dropped_trait  lead_snp
1                         NA      iradjbmi rs2055975
[1] "SPLICING EVENT"
[1] "chr1:150817433:150817920:clu_2042_-:ENSG00000143437.21"
Harmonising fat_distr (fat_distr) and Outcome (Outcome)
Harmonising fat_distr (fat_distr) and Outcome (Outcome)
[1] 293
[1] 293
  iteration traits posterior_prob regional_prob candidate_snp
1         1   None             NA        0.0064            NA
  posterior_explained_by_snp dropped_trait  lead_snp
1                         NA      iradjbmi rs2055975
[1] "SPLICING EVENT"
[1] "chr1:150817433:150823194:clu_2042_-:ENSG00000143437.21"
Harmonising fat_distr (fat_distr) and Outcome (Outcome)
Harmonising fat_distr (fat_distr) and Outcome (Outcome)
[1] 293
[1] 293
  iteration traits posterior_prob regional_prob candidate_snp
1         1   None             NA        0.0069            NA
  posterior_explained_by_snp dropped_trait  lead_snp
1                         NA      iradjbmi rs2055975
[1] "SPLICING EVENT"
[1] "chr1:150818030:150823194:clu_2042_-:ENSG00000143437.21"
Harmonising fat_distr (fat_distr) and Outcome (Outcome)
Harmonising fat_distr (fat_distr) and Outcome (Outcome)
[1] 293
[1] 293
  iteration traits posterior_prob regional_prob candidate_snp
1         1   None             NA        0.0125            NA
  posterior_explained_by_snp dropped_trait  lead_snp
1                         NA      iradjbmi rs2055975
[1] "SPLICING EVENT"
[1] "chr1:150823345:150826543:clu_2042_-:ENSG00000143437.21"
Harmonising fat_distr (fat_distr) and Outcome (Outcome)
Harmonising fat_distr (fat_distr) and Outcome (Outcome)
[1] 293
[1] 293
  iteration traits posterior_prob regional_prob candidate_snp
1         1   None             NA         0.006            NA
  posterior_explained_by_snp dropped_trait  lead_snp
1                         NA      iradjbmi rs2055975
[1] "SPLICING EVENT"
[1] "chr1:150829965:150831818:clu_2043_-:ENSG00000143437.21"
Harmonising fat_distr (fat_distr) and Outcome (Outcome)
Harmonising fat_distr (fat_distr) and Outcome (Outcome)
[1] 293
[1] 293
  iteration traits posterior_prob regional_prob candidate_snp
1         1   None             NA        0.0099            NA
  posterior_explained_by_snp dropped_trait  lead_snp
1                         NA      iradjbmi rs2055975
[1] "SPLICING EVENT"
[1] "chr1:150829980:150831818:clu_2043_-:ENSG00000143437.21"
Harmonising fat_distr (fat_distr) and Outcome (Outcome)
Harmonising fat_distr (fat_distr) and Outcome (Outcome)
[1] 293
[1] 293
  iteration traits posterior_prob regional_prob candidate_snp
1         1   None             NA        0.0099            NA
  posterior_explained_by_snp dropped_trait  lead_snp
1                         NA      iradjbmi rs2055975
[1] "SPLICING EVENT"
[1] "chr1:150832399:150834538:clu_2046_-:ENSG00000143437.21"
Harmonising fat_distr (fat_distr) and Outcome (Outcome)
Harmonising fat_distr (fat_distr) and Outcome (Outcome)
[1] 293
[1] 293
  iteration traits posterior_prob regional_prob candidate_snp
1         1   None             NA        0.0074            NA
  posterior_explained_by_snp dropped_trait  lead_snp
1                         NA      iradjbmi rs2055975
[1] "SPLICING EVENT"
[1] "chr1:150834640:150836280:clu_2046_-:ENSG00000143437.21"
Harmonising fat_distr (fat_distr) and Outcome (Outcome)
Harmonising fat_distr (fat_distr) and Outcome (Outcome)
[1] 293
[1] 293
  iteration traits posterior_prob regional_prob candidate_snp
1         1   None             NA        0.0073            NA
  posterior_explained_by_snp dropped_trait  lead_snp
1                         NA      iradjbmi rs2055975
[1] "SPLICING EVENT"
[1] "chr1:150839654:150842424:clu_2044_-:ENSG00000143437.21"
Harmonising fat_distr (fat_distr) and Outcome (Outcome)
Harmonising fat_distr (fat_distr) and Outcome (Outcome)
[1] 293
[1] 293
  iteration traits posterior_prob regional_prob candidate_snp
1         1   None             NA        0.0061            NA
  posterior_explained_by_snp dropped_trait  lead_snp
1                         NA      iradjbmi rs2055975
[1] "SPLICING EVENT"
[1] "chr1:150839654:150846263:clu_2044_-:ENSG00000143437.21"
Harmonising fat_distr (fat_distr) and Outcome (Outcome)
Harmonising fat_distr (fat_distr) and Outcome (Outcome)
[1] 293
[1] 293
  iteration traits posterior_prob regional_prob candidate_snp
1         1   None             NA        0.3442            NA
  posterior_explained_by_snp dropped_trait  lead_snp
1                         NA      iradjbmi rs2055975
[1] "SPLICING EVENT"
[1] "chr1:150842468:150846263:clu_2044_-:ENSG00000143437.21"
Harmonising fat_distr (fat_distr) and Outcome (Outcome)
Harmonising fat_distr (fat_distr) and Outcome (Outcome)
[1] 293
[1] 293
  iteration traits posterior_prob regional_prob candidate_snp
1         1   None             NA        0.0132            NA
  posterior_explained_by_snp dropped_trait  lead_snp
1                         NA      iradjbmi rs2055975
[1] "SPLICING EVENT"
[1] "chr1:150858460:150861247:clu_2047_-:ENSG00000143437.21"
Harmonising fat_distr (fat_distr) and Outcome (Outcome)
Harmonising fat_distr (fat_distr) and Outcome (Outcome)
[1] 293
[1] 293
  iteration traits posterior_prob regional_prob candidate_snp
1         1   None             NA        0.0056            NA
  posterior_explained_by_snp dropped_trait  lead_snp
1                         NA      iradjbmi rs2055975
[1] "SPLICING EVENT"
[1] "chr1:150858460:150861361:clu_2047_-:ENSG00000143437.21"
Harmonising fat_distr (fat_distr) and Outcome (Outcome)
Harmonising fat_distr (fat_distr) and Outcome (Outcome)
[1] 293
[1] 293
  iteration traits posterior_prob regional_prob candidate_snp
1         1   None             NA        0.1964            NA
  posterior_explained_by_snp dropped_trait  lead_snp
1                         NA      iradjbmi rs2055975
[1] "SPLICING EVENT"
[1] "chr1:150858460:150876543:clu_2047_-:ENSG00000143437.21"
Harmonising fat_distr (fat_distr) and Outcome (Outcome)
Harmonising fat_distr (fat_distr) and Outcome (Outcome)
[1] 293
[1] 293
  iteration traits posterior_prob regional_prob candidate_snp
1         1   None             NA        0.1333            NA
  posterior_explained_by_snp dropped_trait  lead_snp
1                         NA      iradjbmi rs2055975
[1] "SPLICING EVENT"
[1] "chr1:150861395:150876543:clu_2047_-:ENSG00000143437.21"
Harmonising fat_distr (fat_distr) and Outcome (Outcome)
Harmonising fat_distr (fat_distr) and Outcome (Outcome)
[1] 293
[1] 293
  iteration traits posterior_prob regional_prob candidate_snp
1         1   None             NA        0.0167            NA
  posterior_explained_by_snp dropped_trait  lead_snp
1                         NA      iradjbmi rs2055975
[1] "LEAD INDEX"
[1] 13
[1] "SPLICING EVENT"
[1] "chr1:153949384:153951260:clu_2143_-:ENSG00000160741.17"
Harmonising fat_distr (fat_distr) and Outcome (Outcome)
Harmonising fat_distr (fat_distr) and Outcome (Outcome)
[1] 312
[1] 312
  iteration traits posterior_prob regional_prob candidate_snp
1         1   None             NA         0.011            NA
  posterior_explained_by_snp dropped_trait   lead_snp
1                         NA      iradjbmi rs11264886
[1] "SPLICING EVENT"
[1] "chr1:153949384:153952018:clu_2143_-:ENSG00000160741.17"
Harmonising fat_distr (fat_distr) and Outcome (Outcome)
Harmonising fat_distr (fat_distr) and Outcome (Outcome)
[1] 312
[1] 312
  iteration traits posterior_prob regional_prob candidate_snp
1         1   None             NA        0.0134            NA
  posterior_explained_by_snp dropped_trait   lead_snp
1                         NA      iradjbmi rs11264886
[1] "SPLICING EVENT"
[1] "chr1:153951666:153952018:clu_2143_-:ENSG00000160741.17"
Harmonising fat_distr (fat_distr) and Outcome (Outcome)
Harmonising fat_distr (fat_distr) and Outcome (Outcome)
[1] 312
[1] 312
  iteration traits posterior_prob regional_prob candidate_snp
1         1   None             NA        0.0075            NA
  posterior_explained_by_snp dropped_trait   lead_snp
1                         NA      iradjbmi rs11264886
[1] "SPLICING EVENT"
[1] "chr1:153952240:153952805:clu_2144_-:ENSG00000160741.17"
Harmonising fat_distr (fat_distr) and Outcome (Outcome)
Harmonising fat_distr (fat_distr) and Outcome (Outcome)
[1] 312
[1] 312
  iteration traits posterior_prob regional_prob candidate_snp
1         1   None             NA        0.0063            NA
  posterior_explained_by_snp dropped_trait   lead_snp
1                         NA      iradjbmi rs11264886
[1] "SPLICING EVENT"
[1] "chr1:153952635:153952805:clu_2144_-:ENSG00000160741.17"
Harmonising fat_distr (fat_distr) and Outcome (Outcome)
Harmonising fat_distr (fat_distr) and Outcome (Outcome)
[1] 312
[1] 312
  iteration traits posterior_prob regional_prob candidate_snp
1         1   None             NA        0.0062            NA
  posterior_explained_by_snp dropped_trait   lead_snp
1                         NA      iradjbmi rs11264886
[1] "SPLICING EVENT"
[1] "chr1:153952650:153952805:clu_2144_-:ENSG00000160741.17"
Harmonising fat_distr (fat_distr) and Outcome (Outcome)
Harmonising fat_distr (fat_distr) and Outcome (Outcome)
[1] 312
[1] 312
  iteration traits posterior_prob regional_prob candidate_snp
1         1   None             NA        0.0061            NA
  posterior_explained_by_snp dropped_trait   lead_snp
1                         NA      iradjbmi rs11264886
[1] "SPLICING EVENT"
[1] "chr1:153952834:153953266:clu_2145_-:ENSG00000160741.17"
Harmonising fat_distr (fat_distr) and Outcome (Outcome)
Harmonising fat_distr (fat_distr) and Outcome (Outcome)
[1] 312
[1] 312
  iteration                                                           traits
1         1 iradjbmi, chr1:153952834:153953266:clu_2145_-:ENSG00000160741.17
  posterior_prob regional_prob candidate_snp posterior_explained_by_snp
1         0.5966        0.8537    rs12043350                     0.1269
  dropped_trait   lead_snp
1            NA rs11264886
[1] "SPLICING EVENT"
[1] "chr1:153952834:153953538:clu_2145_-:ENSG00000160741.17"
Harmonising fat_distr (fat_distr) and Outcome (Outcome)
Harmonising fat_distr (fat_distr) and Outcome (Outcome)
[1] 312
[1] 312
  iteration traits posterior_prob regional_prob candidate_snp
1         1   None             NA        0.0372            NA
  posterior_explained_by_snp dropped_trait   lead_snp
1                         NA      iradjbmi rs11264886
[1] "SPLICING EVENT"
[1] "chr1:153953369:153953538:clu_2145_-:ENSG00000160741.17"
Harmonising fat_distr (fat_distr) and Outcome (Outcome)
Harmonising fat_distr (fat_distr) and Outcome (Outcome)
[1] 312
[1] 312
  iteration                                                           traits
1         1 iradjbmi, chr1:153953369:153953538:clu_2145_-:ENSG00000160741.17
  posterior_prob regional_prob candidate_snp posterior_explained_by_snp
1         0.6316        0.8687     rs4595397                      0.131
  dropped_trait   lead_snp
1            NA rs11264886
[1] "SPLICING EVENT"
[1] "chr1:153962747:153963059:clu_2146_-:ENSG00000143570.19"
Harmonising fat_distr (fat_distr) and Outcome (Outcome)
Harmonising fat_distr (fat_distr) and Outcome (Outcome)
[1] 312
[1] 312
  iteration traits posterior_prob regional_prob candidate_snp
1         1   None             NA        0.1028            NA
  posterior_explained_by_snp
1                         NA
                                           dropped_trait   lead_snp
1 chr1:153962747:153963059:clu_2146_-:ENSG00000143570.19 rs11264886
[1] "SPLICING EVENT"
[1] "chr1:153962747:153963177:clu_2146_-:ENSG00000143570.19"
Harmonising fat_distr (fat_distr) and Outcome (Outcome)
Harmonising fat_distr (fat_distr) and Outcome (Outcome)
[1] 312
[1] 312
  iteration traits posterior_prob regional_prob candidate_snp
1         1   None             NA         0.104            NA
  posterior_explained_by_snp
1                         NA
                                           dropped_trait   lead_snp
1 chr1:153962747:153963177:clu_2146_-:ENSG00000143570.19 rs11264886
[1] "SPLICING EVENT"
[1] "chr1:153962747:153963495:clu_2146_-:ENSG00000143570.19"
Harmonising fat_distr (fat_distr) and Outcome (Outcome)
Harmonising fat_distr (fat_distr) and Outcome (Outcome)
[1] 312
[1] 312
  iteration traits posterior_prob regional_prob candidate_snp
1         1   None             NA        0.0072            NA
  posterior_explained_by_snp dropped_trait   lead_snp
1                         NA      iradjbmi rs11264886
[1] "SPLICING EVENT"
[1] "chr1:153967762:153968522:clu_5546_+:ENSG00000143578.16"
Harmonising fat_distr (fat_distr) and Outcome (Outcome)
Harmonising fat_distr (fat_distr) and Outcome (Outcome)
[1] 312
[1] 312
  iteration traits posterior_prob regional_prob candidate_snp
1         1   None             NA        0.0342            NA
  posterior_explained_by_snp dropped_trait   lead_snp
1                         NA      iradjbmi rs11264886
[1] "SPLICING EVENT"
[1] "chr1:153967884:153968522:clu_5546_+:ENSG00000143578.16"
Harmonising fat_distr (fat_distr) and Outcome (Outcome)
Harmonising fat_distr (fat_distr) and Outcome (Outcome)
[1] 312
[1] 312
  iteration traits posterior_prob regional_prob candidate_snp
1         1   None             NA        0.0093            NA
  posterior_explained_by_snp dropped_trait   lead_snp
1                         NA      iradjbmi rs11264886
[1] "SPLICING EVENT"
[1] "chr1:153968164:153968522:clu_5546_+:ENSG00000143578.16"
Harmonising fat_distr (fat_distr) and Outcome (Outcome)
Harmonising fat_distr (fat_distr) and Outcome (Outcome)
[1] 312
[1] 312
  iteration traits posterior_prob regional_prob candidate_snp
1         1   None             NA        0.0259            NA
  posterior_explained_by_snp dropped_trait   lead_snp
1                         NA      iradjbmi rs11264886
[1] "SPLICING EVENT"
[1] "chr1:153968184:153968522:clu_5546_+:ENSG00000143578.16"
Harmonising fat_distr (fat_distr) and Outcome (Outcome)
Harmonising fat_distr (fat_distr) and Outcome (Outcome)
[1] 312
[1] 312
  iteration traits posterior_prob regional_prob candidate_snp
1         1   None             NA        0.0186            NA
  posterior_explained_by_snp dropped_trait   lead_snp
1                         NA      iradjbmi rs11264886
[1] "SPLICING EVENT"
[1] "chr1:153968639:153968930:clu_5547_+:ENSG00000143578.16"
Harmonising fat_distr (fat_distr) and Outcome (Outcome)
Harmonising fat_distr (fat_distr) and Outcome (Outcome)
[1] 312
[1] 312
  iteration traits posterior_prob regional_prob candidate_snp
1         1   None             NA        0.0224            NA
  posterior_explained_by_snp dropped_trait   lead_snp
1                         NA      iradjbmi rs11264886
[1] "SPLICING EVENT"
[1] "chr1:153968699:153968930:clu_5547_+:ENSG00000143578.16"
Harmonising fat_distr (fat_distr) and Outcome (Outcome)
Harmonising fat_distr (fat_distr) and Outcome (Outcome)
[1] 312
[1] 312
  iteration traits posterior_prob regional_prob candidate_snp
1         1   None             NA        0.0073            NA
  posterior_explained_by_snp dropped_trait   lead_snp
1                         NA      iradjbmi rs11264886
[1] "SPLICING EVENT"
[1] "chr1:153969176:153969334:clu_5547_+:ENSG00000143578.16"
Harmonising fat_distr (fat_distr) and Outcome (Outcome)
Harmonising fat_distr (fat_distr) and Outcome (Outcome)
[1] 312
[1] 312
  iteration traits posterior_prob regional_prob candidate_snp
1         1   None             NA        0.0101            NA
  posterior_explained_by_snp dropped_trait   lead_snp
1                         NA      iradjbmi rs11264886
[1] "SPLICING EVENT"
[1] "chr1:153969455:153972744:clu_5548_+:ENSG00000143578.16"
Harmonising fat_distr (fat_distr) and Outcome (Outcome)
Harmonising fat_distr (fat_distr) and Outcome (Outcome)
[1] 312
[1] 312
  iteration                                                           traits
1         1 iradjbmi, chr1:153969455:153972744:clu_5548_+:ENSG00000143578.16
  posterior_prob regional_prob candidate_snp posterior_explained_by_snp
1         0.7098        0.9019    rs12403956                     0.4132
  dropped_trait   lead_snp
1            NA rs11264886
[1] "SPLICING EVENT"
[1] "chr1:153973263:153973380:clu_5550_+:ENSG00000143578.16"
Harmonising fat_distr (fat_distr) and Outcome (Outcome)
Harmonising fat_distr (fat_distr) and Outcome (Outcome)
[1] 312
[1] 312
  iteration traits posterior_prob regional_prob candidate_snp
1         1   None             NA        0.0079            NA
  posterior_explained_by_snp dropped_trait   lead_snp
1                         NA      iradjbmi rs11264886
[1] "SPLICING EVENT"
[1] "chr1:153973464:153973620:clu_5550_+:ENSG00000143578.16"
Harmonising fat_distr (fat_distr) and Outcome (Outcome)
Harmonising fat_distr (fat_distr) and Outcome (Outcome)
[1] 312
[1] 312
  iteration traits posterior_prob regional_prob candidate_snp
1         1   None             NA        0.0083            NA
  posterior_explained_by_snp dropped_trait   lead_snp
1                         NA      iradjbmi rs11264886
[1] "SPLICING EVENT"
[1] "chr1:153982436:153982535:clu_2149_-:ENSG00000143545.10"
Harmonising fat_distr (fat_distr) and Outcome (Outcome)
Harmonising fat_distr (fat_distr) and Outcome (Outcome)
[1] 312
[1] 312
  iteration traits posterior_prob regional_prob candidate_snp
1         1   None             NA        0.0075            NA
  posterior_explained_by_snp dropped_trait   lead_snp
1                         NA      iradjbmi rs11264886
[1] "SPLICING EVENT"
[1] "chr1:153982444:153982535:clu_2149_-:ENSG00000143545.10"
Harmonising fat_distr (fat_distr) and Outcome (Outcome)
Harmonising fat_distr (fat_distr) and Outcome (Outcome)
[1] 312
[1] 312
  iteration traits posterior_prob regional_prob candidate_snp
1         1   None             NA        0.0079            NA
  posterior_explained_by_snp dropped_trait   lead_snp
1                         NA      iradjbmi rs11264886
[1] "SPLICING EVENT"
[1] "chr1:153982808:153983219:clu_2150_-:ENSG00000143545.10"
Harmonising fat_distr (fat_distr) and Outcome (Outcome)
Harmonising fat_distr (fat_distr) and Outcome (Outcome)
[1] 312
[1] 312
  iteration traits posterior_prob regional_prob candidate_snp
1         1   None             NA        0.0085            NA
  posterior_explained_by_snp dropped_trait   lead_snp
1                         NA      iradjbmi rs11264886
[1] "SPLICING EVENT"
[1] "chr1:153983296:153983521:clu_2150_-:ENSG00000143545.10"
Harmonising fat_distr (fat_distr) and Outcome (Outcome)
Harmonising fat_distr (fat_distr) and Outcome (Outcome)
[1] 312
[1] 312
  iteration traits posterior_prob regional_prob candidate_snp
1         1   None             NA        0.0085            NA
  posterior_explained_by_snp dropped_trait   lead_snp
1                         NA      iradjbmi rs11264886
[1] "SPLICING EVENT"
[1] "chr1:154212624:154213893:clu_2161_-:ENSG00000143612.21"
Harmonising fat_distr (fat_distr) and Outcome (Outcome)
Harmonising fat_distr (fat_distr) and Outcome (Outcome)
[1] 312
[1] 312
  iteration traits posterior_prob regional_prob candidate_snp
1         1   None             NA        0.0061            NA
  posterior_explained_by_snp dropped_trait   lead_snp
1                         NA      iradjbmi rs11264886
[1] "SPLICING EVENT"
[1] "chr1:154212624:154214457:clu_2161_-:ENSG00000143612.21"
Harmonising fat_distr (fat_distr) and Outcome (Outcome)
Harmonising fat_distr (fat_distr) and Outcome (Outcome)
[1] 312
[1] 312
  iteration                                                           traits
1         1 iradjbmi, chr1:154212624:154214457:clu_2161_-:ENSG00000143612.21
  posterior_prob regional_prob candidate_snp posterior_explained_by_snp
1         0.9111        0.9729    rs12026475                     0.9976
  dropped_trait   lead_snp
1            NA rs11264886
[1] "SPLICING EVENT"
[1] "chr1:154213946:154214457:clu_2161_-:ENSG00000143612.21"
Harmonising fat_distr (fat_distr) and Outcome (Outcome)
Harmonising fat_distr (fat_distr) and Outcome (Outcome)
[1] 312
[1] 312
  iteration traits posterior_prob regional_prob candidate_snp
1         1   None             NA        0.0049            NA
  posterior_explained_by_snp dropped_trait   lead_snp
1                         NA      iradjbmi rs11264886
[1] "SPLICING EVENT"
[1] "chr1:154214574:154219836:clu_2161_-:ENSG00000143612.21"
Harmonising fat_distr (fat_distr) and Outcome (Outcome)
Harmonising fat_distr (fat_distr) and Outcome (Outcome)
[1] 312
[1] 312
  iteration                                                           traits
1         1 iradjbmi, chr1:154214574:154219836:clu_2161_-:ENSG00000143612.21
  posterior_prob regional_prob candidate_snp posterior_explained_by_snp
1         0.9271        0.9777    rs11264886                     0.2228
  dropped_trait   lead_snp
1            NA rs11264886
[1] "SPLICING EVENT"
[1] "chr1:154214574:154220342:clu_2161_-:ENSG00000143612.21"
Harmonising fat_distr (fat_distr) and Outcome (Outcome)
Harmonising fat_distr (fat_distr) and Outcome (Outcome)
[1] 312
[1] 312
  iteration                                                           traits
1         1 iradjbmi, chr1:154214574:154220342:clu_2161_-:ENSG00000143612.21
  posterior_prob regional_prob candidate_snp posterior_explained_by_snp
1         0.8935        0.9674    rs12026475                     0.6759
  dropped_trait   lead_snp
1            NA rs11264886
[1] "SPLICING EVENT"
[1] "chr1:154219937:154220342:clu_2161_-:ENSG00000143612.21"
Harmonising fat_distr (fat_distr) and Outcome (Outcome)
Harmonising fat_distr (fat_distr) and Outcome (Outcome)
[1] 312
[1] 312
  iteration                                                           traits
1         1 iradjbmi, chr1:154219937:154220342:clu_2161_-:ENSG00000143612.21
  posterior_prob regional_prob candidate_snp posterior_explained_by_snp
1         0.8401        0.9499     rs9803857                     0.5914
  dropped_trait   lead_snp
1            NA rs11264886
[1] "LEAD INDEX"
[1] 14
[1] "SPLICING EVENT"
[1] "chr1:172142213:172144365:clu_2541_-:ENSG00000230630.5"
Harmonising fat_distr (fat_distr) and Outcome (Outcome)
Harmonising fat_distr (fat_distr) and Outcome (Outcome)
[1] 380
[1] 380
  iteration traits posterior_prob regional_prob candidate_snp
1         1   None             NA        0.0582            NA
  posterior_explained_by_snp dropped_trait  lead_snp
1                         NA      iradjbmi rs9425592
[1] "SPLICING EVENT"
[1] "chr1:172142233:172144365:clu_2541_-:ENSG00000230630.5"
Harmonising fat_distr (fat_distr) and Outcome (Outcome)
Harmonising fat_distr (fat_distr) and Outcome (Outcome)
[1] 380
[1] 380
  iteration traits posterior_prob regional_prob candidate_snp
1         1   None             NA        0.1277            NA
  posterior_explained_by_snp dropped_trait  lead_snp
1                         NA      iradjbmi rs9425592
[1] "SPLICING EVENT"
[1] "chr1:172370311:172376554:clu_2543_-:ENSG00000135845.10"
Harmonising fat_distr (fat_distr) and Outcome (Outcome)
Harmonising fat_distr (fat_distr) and Outcome (Outcome)
[1] 380
[1] 380
  iteration traits posterior_prob regional_prob candidate_snp
1         1   None             NA        0.0843            NA
  posterior_explained_by_snp
1                         NA
                                           dropped_trait  lead_snp
1 chr1:172370311:172376554:clu_2543_-:ENSG00000135845.10 rs9425592
[1] "SPLICING EVENT"
[1] "chr1:172394410:172397164:clu_2543_-:ENSG00000135845.10"
Harmonising fat_distr (fat_distr) and Outcome (Outcome)
Harmonising fat_distr (fat_distr) and Outcome (Outcome)
[1] 380
[1] 380
  iteration traits posterior_prob regional_prob candidate_snp
1         1   None             NA        0.0436            NA
  posterior_explained_by_snp dropped_trait  lead_snp
1                         NA      iradjbmi rs9425592
[1] "SPLICING EVENT"
[1] "chr1:172394410:172399819:clu_2543_-:ENSG00000135845.10"
Harmonising fat_distr (fat_distr) and Outcome (Outcome)
Harmonising fat_distr (fat_distr) and Outcome (Outcome)
[1] 380
[1] 380
  iteration traits posterior_prob regional_prob candidate_snp
1         1   None             NA        0.0758            NA
  posterior_explained_by_snp
1                         NA
                                           dropped_trait  lead_snp
1 chr1:172394410:172399819:clu_2543_-:ENSG00000135845.10 rs9425592
[1] "SPLICING EVENT"
[1] "chr1:172399916:172415294:clu_2543_-:ENSG00000135845.10"
Harmonising fat_distr (fat_distr) and Outcome (Outcome)
Harmonising fat_distr (fat_distr) and Outcome (Outcome)
[1] 380
[1] 380
  iteration traits posterior_prob regional_prob candidate_snp
1         1   None             NA        0.0174            NA
  posterior_explained_by_snp dropped_trait  lead_snp
1                         NA      iradjbmi rs9425592
[1] "SPLICING EVENT"
[1] "chr1:172399916:172443988:clu_2543_-:ENSG00000135845.10"
Harmonising fat_distr (fat_distr) and Outcome (Outcome)
Harmonising fat_distr (fat_distr) and Outcome (Outcome)
[1] 380
[1] 380
  iteration traits posterior_prob regional_prob candidate_snp
1         1   None             NA        0.0087            NA
  posterior_explained_by_snp dropped_trait  lead_snp
1                         NA      iradjbmi rs9425592
[1] "SPLICING EVENT"
[1] "chr1:172415374:172443988:clu_2543_-:ENSG00000135845.10"
Harmonising fat_distr (fat_distr) and Outcome (Outcome)
Harmonising fat_distr (fat_distr) and Outcome (Outcome)
[1] 380
[1] 380
  iteration traits posterior_prob regional_prob candidate_snp
1         1   None             NA        0.0075            NA
  posterior_explained_by_snp dropped_trait  lead_snp
1                         NA      iradjbmi rs9425592
[1] "SPLICING EVENT"
[1] "chr1:172442830:172443988:clu_2543_-:ENSG00000135845.10"
Harmonising fat_distr (fat_distr) and Outcome (Outcome)
Harmonising fat_distr (fat_distr) and Outcome (Outcome)
[1] 380
[1] 380
  iteration traits posterior_prob regional_prob candidate_snp
1         1   None             NA        0.0096            NA
  posterior_explained_by_snp dropped_trait  lead_snp
1                         NA      iradjbmi rs9425592
[1] "LEAD INDEX"
[1] 15
[1] "LEAD INDEX"
[1] 16
[1] "SPLICING EVENT"
[1] "chr1:203627219:203682742:clu_6304_+:ENSG00000058668.15"
Harmonising fat_distr (fat_distr) and Outcome (Outcome)
Harmonising fat_distr (fat_distr) and Outcome (Outcome)
[1] 454
[1] 454
  iteration traits posterior_prob regional_prob candidate_snp
1         1   None             NA        0.0085            NA
  posterior_explained_by_snp dropped_trait  lead_snp
1                         NA      iradjbmi rs6670438
[1] "SPLICING EVENT"
[1] "chr1:203700923:203702044:clu_6306_+:ENSG00000058668.15"
Harmonising fat_distr (fat_distr) and Outcome (Outcome)
Harmonising fat_distr (fat_distr) and Outcome (Outcome)
[1] 454
[1] 454
  iteration traits posterior_prob regional_prob candidate_snp
1         1   None             NA        0.0053            NA
  posterior_explained_by_snp dropped_trait  lead_snp
1                         NA      iradjbmi rs6670438
[1] "SPLICING EVENT"
[1] "chr1:203703813:203707009:clu_6307_+:ENSG00000058668.15"
Harmonising fat_distr (fat_distr) and Outcome (Outcome)
Harmonising fat_distr (fat_distr) and Outcome (Outcome)
[1] 454
[1] 454
  iteration traits posterior_prob regional_prob candidate_snp
1         1   None             NA         0.006            NA
  posterior_explained_by_snp dropped_trait  lead_snp
1                         NA      iradjbmi rs6670438
[1] "SPLICING EVENT"
[1] "chr1:203703813:203707862:clu_6307_+:ENSG00000058668.15"
Harmonising fat_distr (fat_distr) and Outcome (Outcome)
Harmonising fat_distr (fat_distr) and Outcome (Outcome)
[1] 454
[1] 454
  iteration traits posterior_prob regional_prob candidate_snp
1         1   None             NA        0.0052            NA
  posterior_explained_by_snp dropped_trait  lead_snp
1                         NA      iradjbmi rs6670438
[1] "SPLICING EVENT"
[1] "chr1:203707223:203707862:clu_6307_+:ENSG00000058668.15"
Harmonising fat_distr (fat_distr) and Outcome (Outcome)
Harmonising fat_distr (fat_distr) and Outcome (Outcome)
[1] 454
[1] 454
  iteration traits posterior_prob regional_prob candidate_snp
1         1   None             NA         0.006            NA
  posterior_explained_by_snp dropped_trait  lead_snp
1                         NA      iradjbmi rs6670438
[1] "SPLICING EVENT"
[1] "chr1:203712139:203712707:clu_6308_+:ENSG00000058668.15"
Harmonising fat_distr (fat_distr) and Outcome (Outcome)
Harmonising fat_distr (fat_distr) and Outcome (Outcome)
[1] 454
[1] 454
  iteration traits posterior_prob regional_prob candidate_snp
1         1   None             NA        0.0055            NA
  posterior_explained_by_snp dropped_trait  lead_snp
1                         NA      iradjbmi rs6670438
[1] "SPLICING EVENT"
[1] "chr1:203712139:203713165:clu_6308_+:ENSG00000058668.15"
Harmonising fat_distr (fat_distr) and Outcome (Outcome)
Harmonising fat_distr (fat_distr) and Outcome (Outcome)
[1] 454
[1] 454
  iteration traits posterior_prob regional_prob candidate_snp
1         1   None             NA        0.0074            NA
  posterior_explained_by_snp dropped_trait  lead_snp
1                         NA      iradjbmi rs6670438
[1] "SPLICING EVENT"
[1] "chr1:203712139:203714171:clu_6308_+:ENSG00000058668.15"
Harmonising fat_distr (fat_distr) and Outcome (Outcome)
Harmonising fat_distr (fat_distr) and Outcome (Outcome)
[1] 454
[1] 454
  iteration traits posterior_prob regional_prob candidate_snp
1         1   None             NA        0.0054            NA
  posterior_explained_by_snp dropped_trait  lead_snp
1                         NA      iradjbmi rs6670438
[1] "SPLICING EVENT"
[1] "chr1:203712904:203713165:clu_6308_+:ENSG00000058668.15"
Harmonising fat_distr (fat_distr) and Outcome (Outcome)
Harmonising fat_distr (fat_distr) and Outcome (Outcome)
[1] 454
[1] 454
  iteration traits posterior_prob regional_prob candidate_snp
1         1   None             NA        0.0058            NA
  posterior_explained_by_snp dropped_trait  lead_snp
1                         NA      iradjbmi rs6670438
[1] "SPLICING EVENT"
[1] "chr1:203713252:203714171:clu_6308_+:ENSG00000058668.15"
Harmonising fat_distr (fat_distr) and Outcome (Outcome)
Harmonising fat_distr (fat_distr) and Outcome (Outcome)
[1] 454
[1] 454
  iteration traits posterior_prob regional_prob candidate_snp
1         1   None             NA        0.0076            NA
  posterior_explained_by_snp dropped_trait  lead_snp
1                         NA      iradjbmi rs6670438
[1] "SPLICING EVENT"
[1] "chr1:203722689:203723881:clu_6309_+:ENSG00000058668.15"
Harmonising fat_distr (fat_distr) and Outcome (Outcome)
Harmonising fat_distr (fat_distr) and Outcome (Outcome)
[1] 454
[1] 454
  iteration traits posterior_prob regional_prob candidate_snp
1         1   None             NA        0.0119            NA
  posterior_explained_by_snp dropped_trait  lead_snp
1                         NA      iradjbmi rs6670438
[1] "SPLICING EVENT"
[1] "chr1:203722689:203727395:clu_6309_+:ENSG00000058668.15"
Harmonising fat_distr (fat_distr) and Outcome (Outcome)
Harmonising fat_distr (fat_distr) and Outcome (Outcome)
[1] 454
[1] 454
  iteration traits posterior_prob regional_prob candidate_snp
1         1   None             NA        0.0596            NA
  posterior_explained_by_snp dropped_trait  lead_snp
1                         NA      iradjbmi rs6670438
[1] "SPLICING EVENT"
[1] "chr1:203723988:203727395:clu_6309_+:ENSG00000058668.15"
Harmonising fat_distr (fat_distr) and Outcome (Outcome)
Harmonising fat_distr (fat_distr) and Outcome (Outcome)
[1] 454
[1] 454
  iteration traits posterior_prob regional_prob candidate_snp
1         1   None             NA        0.0302            NA
  posterior_explained_by_snp dropped_trait  lead_snp
1                         NA      iradjbmi rs6670438
[1] "SPLICING EVENT"
[1] "chr1:203727571:203733223:clu_6310_+:ENSG00000058668.15"
Harmonising fat_distr (fat_distr) and Outcome (Outcome)
Harmonising fat_distr (fat_distr) and Outcome (Outcome)
[1] 454
[1] 454
  iteration traits posterior_prob regional_prob candidate_snp
1         1   None             NA        0.0054            NA
  posterior_explained_by_snp dropped_trait  lead_snp
1                         NA      iradjbmi rs6670438
[1] "SPLICING EVENT"
[1] "chr1:203727571:203739546:clu_6310_+:ENSG00000058668.15"
Harmonising fat_distr (fat_distr) and Outcome (Outcome)
Harmonising fat_distr (fat_distr) and Outcome (Outcome)
[1] 454
[1] 454
  iteration traits posterior_prob regional_prob candidate_snp
1         1   None             NA        0.0034            NA
  posterior_explained_by_snp dropped_trait  lead_snp
1                         NA      iradjbmi rs6670438
[1] "SPLICING EVENT"
[1] "chr1:203733400:203739546:clu_6310_+:ENSG00000058668.15"
Harmonising fat_distr (fat_distr) and Outcome (Outcome)
Harmonising fat_distr (fat_distr) and Outcome (Outcome)
[1] 454
[1] 454
  iteration traits posterior_prob regional_prob candidate_snp
1         1   None             NA        0.0035            NA
  posterior_explained_by_snp dropped_trait  lead_snp
1                         NA      iradjbmi rs6670438
[1] "LEAD INDEX"
[1] 17
[1] "SPLICING EVENT"
[1] "chr1:205088815:205094873:clu_2843_-:ENSG00000117222.14"
Harmonising fat_distr (fat_distr) and Outcome (Outcome)
Harmonising fat_distr (fat_distr) and Outcome (Outcome)
[1] 591
[1] 591
  iteration traits posterior_prob regional_prob candidate_snp
1         1   None             NA        0.0134            NA
  posterior_explained_by_snp dropped_trait   lead_snp
1                         NA      iradjbmi rs11240358
[1] "SPLICING EVENT"
[1] "chr1:205088815:205094987:clu_2843_-:ENSG00000117222.14"
Harmonising fat_distr (fat_distr) and Outcome (Outcome)
Harmonising fat_distr (fat_distr) and Outcome (Outcome)
[1] 591
[1] 591
  iteration traits posterior_prob regional_prob candidate_snp
1         1   None             NA        0.0173            NA
  posterior_explained_by_snp dropped_trait   lead_snp
1                         NA      iradjbmi rs11240358
[1] "SPLICING EVENT"
[1] "chr1:205096852:205097326:clu_2844_-:ENSG00000117222.14"
Harmonising fat_distr (fat_distr) and Outcome (Outcome)
Harmonising fat_distr (fat_distr) and Outcome (Outcome)
[1] 591
[1] 591
  iteration traits posterior_prob regional_prob candidate_snp
1         1   None             NA        0.0098            NA
  posterior_explained_by_snp dropped_trait   lead_snp
1                         NA      iradjbmi rs11240358
[1] "SPLICING EVENT"
[1] "chr1:205096911:205097326:clu_2844_-:ENSG00000117222.14"
Harmonising fat_distr (fat_distr) and Outcome (Outcome)
Harmonising fat_distr (fat_distr) and Outcome (Outcome)
[1] 591
[1] 591
  iteration traits posterior_prob regional_prob candidate_snp
1         1   None             NA        0.0106            NA
  posterior_explained_by_snp dropped_trait   lead_snp
1                         NA      iradjbmi rs11240358
[1] "SPLICING EVENT"
[1] "chr1:205097395:205098989:clu_2845_-:ENSG00000117222.14"
Harmonising fat_distr (fat_distr) and Outcome (Outcome)
Harmonising fat_distr (fat_distr) and Outcome (Outcome)
[1] 591
[1] 591
  iteration traits posterior_prob regional_prob candidate_snp
1         1   None             NA        0.0322            NA
  posterior_explained_by_snp dropped_trait   lead_snp
1                         NA      iradjbmi rs11240358
[1] "SPLICING EVENT"
[1] "chr1:205099106:205099741:clu_2845_-:ENSG00000117222.14"
Harmonising fat_distr (fat_distr) and Outcome (Outcome)
Harmonising fat_distr (fat_distr) and Outcome (Outcome)
[1] 591
[1] 591
  iteration traits posterior_prob regional_prob candidate_snp
1         1   None             NA        0.0276            NA
  posterior_explained_by_snp dropped_trait   lead_snp
1                         NA      iradjbmi rs11240358
[1] "SPLICING EVENT"
[1] "chr1:205103963:205105028:clu_2847_-:ENSG00000117222.14"
Harmonising fat_distr (fat_distr) and Outcome (Outcome)
Harmonising fat_distr (fat_distr) and Outcome (Outcome)
[1] 591
[1] 591
  iteration traits posterior_prob regional_prob candidate_snp
1         1   None             NA        0.0112            NA
  posterior_explained_by_snp dropped_trait   lead_snp
1                         NA      iradjbmi rs11240358
[1] "SPLICING EVENT"
[1] "chr1:205104019:205105028:clu_2847_-:ENSG00000117222.14"
Harmonising fat_distr (fat_distr) and Outcome (Outcome)
Harmonising fat_distr (fat_distr) and Outcome (Outcome)
[1] 591
[1] 591
  iteration traits posterior_prob regional_prob candidate_snp
1         1   None             NA        0.0117            NA
  posterior_explained_by_snp dropped_trait   lead_snp
1                         NA      iradjbmi rs11240358
[1] "SPLICING EVENT"
[1] "chr1:205114961:205115858:clu_2848_-:ENSG00000117222.14"
Harmonising fat_distr (fat_distr) and Outcome (Outcome)
Harmonising fat_distr (fat_distr) and Outcome (Outcome)
[1] 591
[1] 591
  iteration traits posterior_prob regional_prob candidate_snp
1         1   None             NA        0.0139            NA
  posterior_explained_by_snp dropped_trait   lead_snp
1                         NA      iradjbmi rs11240358
[1] "SPLICING EVENT"
[1] "chr1:205115883:205121855:clu_2848_-:ENSG00000117222.14"
Harmonising fat_distr (fat_distr) and Outcome (Outcome)
Harmonising fat_distr (fat_distr) and Outcome (Outcome)
[1] 591
[1] 591
  iteration traits posterior_prob regional_prob candidate_snp
1         1   None             NA        0.0119            NA
  posterior_explained_by_snp dropped_trait   lead_snp
1                         NA      iradjbmi rs11240358
[1] "SPLICING EVENT"
[1] "chr1:205147745:205148205:clu_2849_-:ENSG00000133059.17"
Harmonising fat_distr (fat_distr) and Outcome (Outcome)
Harmonising fat_distr (fat_distr) and Outcome (Outcome)
[1] 591
[1] 591
  iteration traits posterior_prob regional_prob candidate_snp
1         1   None             NA        0.0098            NA
  posterior_explained_by_snp dropped_trait   lead_snp
1                         NA      iradjbmi rs11240358
[1] "SPLICING EVENT"
[1] "chr1:205147745:205150680:clu_2849_-:ENSG00000133059.17"
Harmonising fat_distr (fat_distr) and Outcome (Outcome)
Harmonising fat_distr (fat_distr) and Outcome (Outcome)
[1] 591
[1] 591
  iteration traits posterior_prob regional_prob candidate_snp
1         1   None             NA        0.0167            NA
  posterior_explained_by_snp dropped_trait   lead_snp
1                         NA      iradjbmi rs11240358
[1] "SPLICING EVENT"
[1] "chr1:205148339:205150680:clu_2849_-:ENSG00000133059.17"
Harmonising fat_distr (fat_distr) and Outcome (Outcome)
Harmonising fat_distr (fat_distr) and Outcome (Outcome)
[1] 591
[1] 591
  iteration traits posterior_prob regional_prob candidate_snp
1         1   None             NA        0.0121            NA
  posterior_explained_by_snp dropped_trait   lead_snp
1                         NA      iradjbmi rs11240358
[1] "SPLICING EVENT"
[1] "chr1:205150794:205157273:clu_2849_-:ENSG00000133059.17"
Harmonising fat_distr (fat_distr) and Outcome (Outcome)
Harmonising fat_distr (fat_distr) and Outcome (Outcome)
[1] 591
[1] 591
  iteration traits posterior_prob regional_prob candidate_snp
1         1   None             NA        0.0097            NA
  posterior_explained_by_snp dropped_trait   lead_snp
1                         NA      iradjbmi rs11240358
[1] "SPLICING EVENT"
[1] "chr1:205157386:205159547:clu_2850_-:ENSG00000133059.17"
Harmonising fat_distr (fat_distr) and Outcome (Outcome)
Harmonising fat_distr (fat_distr) and Outcome (Outcome)
[1] 591
[1] 591
  iteration traits posterior_prob regional_prob candidate_snp
1         1   None             NA        0.0123            NA
  posterior_explained_by_snp dropped_trait   lead_snp
1                         NA      iradjbmi rs11240358
[1] "SPLICING EVENT"
[1] "chr1:205159679:205160114:clu_2850_-:ENSG00000133059.17"
Harmonising fat_distr (fat_distr) and Outcome (Outcome)
Harmonising fat_distr (fat_distr) and Outcome (Outcome)
[1] 591
[1] 591
  iteration traits posterior_prob regional_prob candidate_snp
1         1   None             NA        0.0124            NA
  posterior_explained_by_snp dropped_trait   lead_snp
1                         NA      iradjbmi rs11240358
[1] "SPLICING EVENT"
[1] "chr1:205160270:205161258:clu_2850_-:ENSG00000133059.17"
Harmonising fat_distr (fat_distr) and Outcome (Outcome)
Harmonising fat_distr (fat_distr) and Outcome (Outcome)
[1] 591
[1] 591
  iteration traits posterior_prob regional_prob candidate_snp
1         1   None             NA        0.0126            NA
  posterior_explained_by_snp dropped_trait   lead_snp
1                         NA      iradjbmi rs11240358
[1] "SPLICING EVENT"
[1] "chr1:205163006:205163723:clu_2851_-:ENSG00000133059.17"
Harmonising fat_distr (fat_distr) and Outcome (Outcome)
Harmonising fat_distr (fat_distr) and Outcome (Outcome)
[1] 591
[1] 591
  iteration traits posterior_prob regional_prob candidate_snp
1         1   None             NA        0.0103            NA
  posterior_explained_by_snp dropped_trait   lead_snp
1                         NA      iradjbmi rs11240358
[1] "SPLICING EVENT"
[1] "chr1:205163955:205169163:clu_2851_-:ENSG00000133059.17"
Harmonising fat_distr (fat_distr) and Outcome (Outcome)
Harmonising fat_distr (fat_distr) and Outcome (Outcome)
[1] 591
[1] 591
  iteration traits posterior_prob regional_prob candidate_snp
1         1   None             NA        0.0096            NA
  posterior_explained_by_snp dropped_trait   lead_snp
1                         NA      iradjbmi rs11240358
[1] "SPLICING EVENT"
[1] "chr1:205169832:205187418:clu_2852_-:ENSG00000133059.17"
Harmonising fat_distr (fat_distr) and Outcome (Outcome)
Harmonising fat_distr (fat_distr) and Outcome (Outcome)
[1] 591
[1] 591
  iteration traits posterior_prob regional_prob candidate_snp
1         1   None             NA        0.0121            NA
  posterior_explained_by_snp dropped_trait   lead_snp
1                         NA      iradjbmi rs11240358
[1] "SPLICING EVENT"
[1] "chr1:205187806:205211271:clu_2852_-:ENSG00000133059.17"
Harmonising fat_distr (fat_distr) and Outcome (Outcome)
Harmonising fat_distr (fat_distr) and Outcome (Outcome)
[1] 591
[1] 591
  iteration traits posterior_prob regional_prob candidate_snp
1         1   None             NA        0.0125            NA
  posterior_explained_by_snp dropped_trait   lead_snp
1                         NA      iradjbmi rs11240358
[1] "SPLICING EVENT"
[1] "chr1:205304513:205305199:clu_2853_-:ENSG00000163545.11"
Harmonising fat_distr (fat_distr) and Outcome (Outcome)
Harmonising fat_distr (fat_distr) and Outcome (Outcome)
[1] 591
[1] 591
  iteration traits posterior_prob regional_prob candidate_snp
1         1   None             NA        0.0116            NA
  posterior_explained_by_snp dropped_trait   lead_snp
1                         NA      iradjbmi rs11240358
[1] "SPLICING EVENT"
[1] "chr1:205305331:205306188:clu_2853_-:ENSG00000163545.11"
Harmonising fat_distr (fat_distr) and Outcome (Outcome)
Harmonising fat_distr (fat_distr) and Outcome (Outcome)
[1] 591
[1] 591
  iteration traits posterior_prob regional_prob candidate_snp
1         1   None             NA         0.014            NA
  posterior_explained_by_snp dropped_trait   lead_snp
1                         NA      iradjbmi rs11240358
[1] "LEAD INDEX"
[1] 18
[1] "SPLICING EVENT"
[1] "chr1:219410267:219411718:clu_2976_-:ENSG00000228536.3"
Harmonising fat_distr (fat_distr) and Outcome (Outcome)
Harmonising fat_distr (fat_distr) and Outcome (Outcome)
[1] 428
[1] 428
  iteration traits posterior_prob regional_prob candidate_snp
1         1   None             NA        0.4518            NA
  posterior_explained_by_snp dropped_trait   lead_snp
1                         NA      iradjbmi rs12025363
[1] "SPLICING EVENT"
[1] "chr1:219411939:219427270:clu_2977_-:ENSG00000228536.3"
Harmonising fat_distr (fat_distr) and Outcome (Outcome)
Harmonising fat_distr (fat_distr) and Outcome (Outcome)
[1] 428
[1] 428
  iteration traits posterior_prob regional_prob candidate_snp
1         1   None             NA        0.1538            NA
  posterior_explained_by_snp dropped_trait   lead_snp
1                         NA      iradjbmi rs12025363
[1] "SPLICING EVENT"
[1] "chr1:219435413:219437056:clu_2977_-:ENSG00000228536.3"
Harmonising fat_distr (fat_distr) and Outcome (Outcome)
Harmonising fat_distr (fat_distr) and Outcome (Outcome)
[1] 428
[1] 428
  iteration traits posterior_prob regional_prob candidate_snp
1         1   None             NA        0.0075            NA
  posterior_explained_by_snp dropped_trait   lead_snp
1                         NA      iradjbmi rs12025363
[1] "SPLICING EVENT"
[1] "chr1:219435413:219449030:clu_2977_-:ENSG00000228536.3"
Harmonising fat_distr (fat_distr) and Outcome (Outcome)
Harmonising fat_distr (fat_distr) and Outcome (Outcome)
[1] 428
[1] 428
  iteration                                                          traits
1         1 iradjbmi, chr1:219435413:219449030:clu_2977_-:ENSG00000228536.3
  posterior_prob regional_prob candidate_snp posterior_explained_by_snp
1         0.9735        0.9978    rs12025363                     0.4488
  dropped_trait   lead_snp
1            NA rs12025363
[1] "SPLICING EVENT"
[1] "chr1:219435413:219458858:clu_2977_-:ENSG00000228536.3"
Harmonising fat_distr (fat_distr) and Outcome (Outcome)
Harmonising fat_distr (fat_distr) and Outcome (Outcome)
[1] 428
[1] 428
  iteration traits posterior_prob regional_prob candidate_snp
1         1   None             NA        0.0294            NA
  posterior_explained_by_snp dropped_trait   lead_snp
1                         NA      iradjbmi rs12025363
[1] "SPLICING EVENT"
[1] "chr1:219445038:219449030:clu_2977_-:ENSG00000228536.3"
Harmonising fat_distr (fat_distr) and Outcome (Outcome)
Harmonising fat_distr (fat_distr) and Outcome (Outcome)
[1] 428
[1] 428
  iteration                                                          traits
1         1 iradjbmi, chr1:219445038:219449030:clu_2977_-:ENSG00000228536.3
  posterior_prob regional_prob candidate_snp posterior_explained_by_snp
1           0.55        0.6206     rs2785998                     0.3294
  dropped_trait   lead_snp
1            NA rs12025363
[1] "SPLICING EVENT"
[1] "chr1:219449233:219450081:clu_2977_-:ENSG00000228536.3"
Harmonising fat_distr (fat_distr) and Outcome (Outcome)
Harmonising fat_distr (fat_distr) and Outcome (Outcome)
[1] 428
[1] 428
  iteration                                                          traits
1         1 iradjbmi, chr1:219449233:219450081:clu_2977_-:ENSG00000228536.3
  posterior_prob regional_prob candidate_snp posterior_explained_by_snp
1         0.9031             1     rs1538748                     0.9979
  dropped_trait   lead_snp
1            NA rs12025363
[1] "SPLICING EVENT"
[1] "chr1:219449233:219458858:clu_2977_-:ENSG00000228536.3"
Harmonising fat_distr (fat_distr) and Outcome (Outcome)
Harmonising fat_distr (fat_distr) and Outcome (Outcome)
[1] 428
[1] 428
  iteration                                                          traits
1         1 iradjbmi, chr1:219449233:219458858:clu_2977_-:ENSG00000228536.3
  posterior_prob regional_prob candidate_snp posterior_explained_by_snp
1         0.9029             1     rs1538748                          1
  dropped_trait   lead_snp
1            NA rs12025363
[1] "SPLICING EVENT"
[1] "chr1:219450280:219458858:clu_2977_-:ENSG00000228536.3"
Harmonising fat_distr (fat_distr) and Outcome (Outcome)
Harmonising fat_distr (fat_distr) and Outcome (Outcome)
[1] 428
[1] 428
  iteration                                                          traits
1         1 iradjbmi, chr1:219450280:219458858:clu_2977_-:ENSG00000228536.3
  posterior_prob regional_prob candidate_snp posterior_explained_by_snp
1         0.9155             1     rs1538748                     0.8104
  dropped_trait   lead_snp
1            NA rs12025363
[1] "LEAD INDEX"
[1] 19
[1] "LEAD INDEX"
[1] 20
[1] "LEAD INDEX"
[1] 21
[1] "LEAD INDEX"
[1] 22
[1] "LEAD INDEX"
[1] 23
[1] "CHROMOSOME"
[1] 2
[1] "LEAD INDEX"
[1] 1
[1] "LEAD INDEX"
[1] 2
[1] "LEAD INDEX"
[1] 3
[1] "LEAD INDEX"
[1] 4
[1] "LEAD INDEX"
[1] 5
[1] "LEAD INDEX"
[1] 6
[1] "LEAD INDEX"
[1] 7
[1] "LEAD INDEX"
[1] 8
[1] "LEAD INDEX"
[1] 9
[1] "LEAD INDEX"
[1] 10
[1] "SPLICING EVENT"
[1] "chr2:48723696:48725676:clu_36211_-:ENSG00000138039.15"
Harmonising fat_distr (fat_distr) and Outcome (Outcome)
Harmonising fat_distr (fat_distr) and Outcome (Outcome)
[1] 520
[1] 520
  iteration traits posterior_prob regional_prob candidate_snp
1         1   None             NA        0.0223            NA
  posterior_explained_by_snp dropped_trait   lead_snp
1                         NA      iradjbmi rs17326656
[1] "SPLICING EVENT"
[1] "chr2:48725750:48729153:clu_36211_-:ENSG00000138039.15"
Harmonising fat_distr (fat_distr) and Outcome (Outcome)
Harmonising fat_distr (fat_distr) and Outcome (Outcome)
[1] 520
[1] 520
  iteration traits posterior_prob regional_prob candidate_snp
1         1   None             NA        0.0077            NA
  posterior_explained_by_snp dropped_trait   lead_snp
1                         NA      iradjbmi rs17326656
[1] "SPLICING EVENT"
[1] "chr2:48729227:48731227:clu_36211_-:ENSG00000138039.15"
Harmonising fat_distr (fat_distr) and Outcome (Outcome)
Harmonising fat_distr (fat_distr) and Outcome (Outcome)
[1] 520
[1] 520
  iteration traits posterior_prob regional_prob candidate_snp
1         1   None             NA        0.0198            NA
  posterior_explained_by_snp dropped_trait   lead_snp
1                         NA      iradjbmi rs17326656
[1] "LEAD INDEX"
[1] 11
[1] "SPLICING EVENT"
[1] "chr2:65048212:65055530:clu_36344_-:ENSG00000237638.3"
Harmonising fat_distr (fat_distr) and Outcome (Outcome)
Harmonising fat_distr (fat_distr) and Outcome (Outcome)
[1] 401
[1] 401
  iteration traits posterior_prob regional_prob candidate_snp
1         1   None             NA        0.2081            NA
  posterior_explained_by_snp dropped_trait  lead_snp
1                         NA      iradjbmi rs2252867
[1] "SPLICING EVENT"
[1] "chr2:65048212:65055915:clu_36344_-:ENSG00000237638.3"
Harmonising fat_distr (fat_distr) and Outcome (Outcome)
Harmonising fat_distr (fat_distr) and Outcome (Outcome)
[1] 401
[1] 401
  iteration traits posterior_prob regional_prob candidate_snp
1         1   None             NA             1            NA
  posterior_explained_by_snp
1                         NA
                                         dropped_trait  lead_snp
1 chr2:65048212:65055915:clu_36344_-:ENSG00000237638.3 rs2252867
[1] "SPLICING EVENT"
[1] "chr2:65056524:65069399:clu_38676_+:ENSG00000011523.14"
Harmonising fat_distr (fat_distr) and Outcome (Outcome)
Harmonising fat_distr (fat_distr) and Outcome (Outcome)
[1] 401
[1] 401
  iteration traits posterior_prob regional_prob candidate_snp
1         1   None             NA        0.3814            NA
  posterior_explained_by_snp dropped_trait  lead_snp
1                         NA      iradjbmi rs2252867
[1] "SPLICING EVENT"
[1] "chr2:65056524:65071454:clu_38676_+:ENSG00000011523.14"
Harmonising fat_distr (fat_distr) and Outcome (Outcome)
Harmonising fat_distr (fat_distr) and Outcome (Outcome)
[1] 401
[1] 401
  iteration traits posterior_prob regional_prob candidate_snp
1         1   None             NA             1            NA
  posterior_explained_by_snp dropped_trait  lead_snp
1                         NA      iradjbmi rs2252867
[1] "SPLICING EVENT"
[1] "chr2:65056528:65069399:clu_38676_+:ENSG00000011523.14"
Harmonising fat_distr (fat_distr) and Outcome (Outcome)
Harmonising fat_distr (fat_distr) and Outcome (Outcome)
[1] 401
[1] 401
  iteration traits posterior_prob regional_prob candidate_snp
1         1   None             NA        0.0067            NA
  posterior_explained_by_snp dropped_trait  lead_snp
1                         NA      iradjbmi rs2252867
[1] "SPLICING EVENT"
[1] "chr2:65056528:65071454:clu_38676_+:ENSG00000011523.14"
Harmonising fat_distr (fat_distr) and Outcome (Outcome)
Harmonising fat_distr (fat_distr) and Outcome (Outcome)
[1] 401
[1] 401
  iteration traits posterior_prob regional_prob candidate_snp
1         1   None             NA        0.9999            NA
  posterior_explained_by_snp
1                         NA
                                          dropped_trait  lead_snp
1 chr2:65056528:65071454:clu_38676_+:ENSG00000011523.14 rs2252867
[1] "SPLICING EVENT"
[1] "chr2:65069801:65071454:clu_38676_+:ENSG00000011523.14"
Harmonising fat_distr (fat_distr) and Outcome (Outcome)
Harmonising fat_distr (fat_distr) and Outcome (Outcome)
[1] 401
[1] 401
  iteration traits posterior_prob regional_prob candidate_snp
1         1   None             NA        0.1029            NA
  posterior_explained_by_snp dropped_trait  lead_snp
1                         NA      iradjbmi rs2252867
[1] "SPLICING EVENT"
[1] "chr2:65072980:65074282:clu_38678_+:ENSG00000011523.14"
Harmonising fat_distr (fat_distr) and Outcome (Outcome)
Harmonising fat_distr (fat_distr) and Outcome (Outcome)
[1] 401
[1] 401
  iteration traits posterior_prob regional_prob candidate_snp
1         1   None             NA        0.0062            NA
  posterior_explained_by_snp dropped_trait  lead_snp
1                         NA      iradjbmi rs2252867
[1] "SPLICING EVENT"
[1] "chr2:65074149:65074282:clu_38678_+:ENSG00000011523.14"
Harmonising fat_distr (fat_distr) and Outcome (Outcome)
Harmonising fat_distr (fat_distr) and Outcome (Outcome)
[1] 401
[1] 401
  iteration traits posterior_prob regional_prob candidate_snp
1         1   None             NA        0.0054            NA
  posterior_explained_by_snp dropped_trait  lead_snp
1                         NA      iradjbmi rs2252867
[1] "SPLICING EVENT"
[1] "chr2:65074404:65077868:clu_38679_+:ENSG00000011523.14"
Harmonising fat_distr (fat_distr) and Outcome (Outcome)
Harmonising fat_distr (fat_distr) and Outcome (Outcome)
[1] 401
[1] 401
  iteration traits posterior_prob regional_prob candidate_snp
1         1   None             NA        0.0144            NA
  posterior_explained_by_snp dropped_trait  lead_snp
1                         NA      iradjbmi rs2252867
[1] "SPLICING EVENT"
[1] "chr2:65074404:65082536:clu_38679_+:ENSG00000011523.14"
Harmonising fat_distr (fat_distr) and Outcome (Outcome)
Harmonising fat_distr (fat_distr) and Outcome (Outcome)
[1] 401
[1] 401
  iteration traits posterior_prob regional_prob candidate_snp
1         1   None             NA        0.0097            NA
  posterior_explained_by_snp dropped_trait  lead_snp
1                         NA      iradjbmi rs2252867
[1] "SPLICING EVENT"
[1] "chr2:65077964:65082536:clu_38679_+:ENSG00000011523.14"
Harmonising fat_distr (fat_distr) and Outcome (Outcome)
Harmonising fat_distr (fat_distr) and Outcome (Outcome)
[1] 401
[1] 401
  iteration traits posterior_prob regional_prob candidate_snp
1         1   None             NA        0.0089            NA
  posterior_explained_by_snp dropped_trait  lead_snp
1                         NA      iradjbmi rs2252867
[1] "SPLICING EVENT"
[1] "chr2:65082709:65083639:clu_38679_+:ENSG00000011523.14"
Harmonising fat_distr (fat_distr) and Outcome (Outcome)
Harmonising fat_distr (fat_distr) and Outcome (Outcome)
[1] 401
[1] 401
  iteration traits posterior_prob regional_prob candidate_snp
1         1   None             NA        0.0075            NA
  posterior_explained_by_snp dropped_trait  lead_snp
1                         NA      iradjbmi rs2252867
[1] "LEAD INDEX"
[1] 12
[1] "LEAD INDEX"
[1] 13
[1] "LEAD INDEX"
[1] 14
[1] "LEAD INDEX"
[1] 15
[1] "SPLICING EVENT"
[1] "chr2:164493182:164494431:clu_37209_-:ENSG00000115290.10"
Harmonising fat_distr (fat_distr) and Outcome (Outcome)
Harmonising fat_distr (fat_distr) and Outcome (Outcome)
[1] 337
[1] 337
  iteration traits posterior_prob regional_prob candidate_snp
1         1   None             NA        0.0372            NA
  posterior_explained_by_snp dropped_trait   lead_snp
1                         NA      iradjbmi rs13027837
[1] "SPLICING EVENT"
[1] "chr2:164494524:164497008:clu_37209_-:ENSG00000115290.10"
Harmonising fat_distr (fat_distr) and Outcome (Outcome)
Harmonising fat_distr (fat_distr) and Outcome (Outcome)
[1] 337
[1] 337
  iteration traits posterior_prob regional_prob candidate_snp
1         1   None             NA         0.022            NA
  posterior_explained_by_snp dropped_trait   lead_snp
1                         NA      iradjbmi rs13027837
[1] "SPLICING EVENT"
[1] "chr2:164522117:164525004:clu_37212_-:ENSG00000115290.10"
Harmonising fat_distr (fat_distr) and Outcome (Outcome)
Harmonising fat_distr (fat_distr) and Outcome (Outcome)
[1] 337
[1] 337
  iteration traits posterior_prob regional_prob candidate_snp
1         1   None             NA         0.038            NA
  posterior_explained_by_snp dropped_trait   lead_snp
1                         NA      iradjbmi rs13027837
[1] "SPLICING EVENT"
[1] "chr2:164525078:164527014:clu_37212_-:ENSG00000115290.10"
Harmonising fat_distr (fat_distr) and Outcome (Outcome)
Harmonising fat_distr (fat_distr) and Outcome (Outcome)
[1] 337
[1] 337
  iteration traits posterior_prob regional_prob candidate_snp
1         1   None             NA        0.0227            NA
  posterior_explained_by_snp dropped_trait   lead_snp
1                         NA      iradjbmi rs13027837
[1] "SPLICING EVENT"
[1] "chr2:164547816:164568315:clu_37213_-:ENSG00000115290.10"
Harmonising fat_distr (fat_distr) and Outcome (Outcome)
Harmonising fat_distr (fat_distr) and Outcome (Outcome)
[1] 337
[1] 337
  iteration traits posterior_prob regional_prob candidate_snp
1         1   None             NA        0.0146            NA
  posterior_explained_by_snp dropped_trait   lead_snp
1                         NA      iradjbmi rs13027837
[1] "SPLICING EVENT"
[1] "chr2:164547816:164619687:clu_37213_-:ENSG00000115290.10"
Harmonising fat_distr (fat_distr) and Outcome (Outcome)
Harmonising fat_distr (fat_distr) and Outcome (Outcome)
[1] 337
[1] 337
  iteration traits posterior_prob regional_prob candidate_snp
1         1   None             NA        0.0146            NA
  posterior_explained_by_snp dropped_trait   lead_snp
1                         NA      iradjbmi rs13027837
[1] "LEAD INDEX"
[1] 16
[1] "SPLICING EVENT"
[1] "chr2:164493182:164494431:clu_37209_-:ENSG00000115290.10"
Harmonising fat_distr (fat_distr) and Outcome (Outcome)
Harmonising fat_distr (fat_distr) and Outcome (Outcome)
[1] 345
[1] 345
  iteration traits posterior_prob regional_prob candidate_snp
1         1   None             NA        0.0372            NA
  posterior_explained_by_snp dropped_trait  lead_snp
1                         NA      iradjbmi rs1128249
[1] "SPLICING EVENT"
[1] "chr2:164494524:164497008:clu_37209_-:ENSG00000115290.10"
Harmonising fat_distr (fat_distr) and Outcome (Outcome)
Harmonising fat_distr (fat_distr) and Outcome (Outcome)
[1] 345
[1] 345
  iteration traits posterior_prob regional_prob candidate_snp
1         1   None             NA         0.022            NA
  posterior_explained_by_snp dropped_trait  lead_snp
1                         NA      iradjbmi rs1128249
[1] "SPLICING EVENT"
[1] "chr2:164522117:164525004:clu_37212_-:ENSG00000115290.10"
Harmonising fat_distr (fat_distr) and Outcome (Outcome)
Harmonising fat_distr (fat_distr) and Outcome (Outcome)
[1] 345
[1] 345
  iteration traits posterior_prob regional_prob candidate_snp
1         1   None             NA         0.038            NA
  posterior_explained_by_snp dropped_trait  lead_snp
1                         NA      iradjbmi rs1128249
[1] "SPLICING EVENT"
[1] "chr2:164525078:164527014:clu_37212_-:ENSG00000115290.10"
Harmonising fat_distr (fat_distr) and Outcome (Outcome)
Harmonising fat_distr (fat_distr) and Outcome (Outcome)
[1] 345
[1] 345
  iteration traits posterior_prob regional_prob candidate_snp
1         1   None             NA        0.0227            NA
  posterior_explained_by_snp dropped_trait  lead_snp
1                         NA      iradjbmi rs1128249
[1] "SPLICING EVENT"
[1] "chr2:164547816:164568315:clu_37213_-:ENSG00000115290.10"
Harmonising fat_distr (fat_distr) and Outcome (Outcome)
Harmonising fat_distr (fat_distr) and Outcome (Outcome)
[1] 345
[1] 345
  iteration traits posterior_prob regional_prob candidate_snp
1         1   None             NA        0.0146            NA
  posterior_explained_by_snp dropped_trait  lead_snp
1                         NA      iradjbmi rs1128249
[1] "SPLICING EVENT"
[1] "chr2:164547816:164619687:clu_37213_-:ENSG00000115290.10"
Harmonising fat_distr (fat_distr) and Outcome (Outcome)
Harmonising fat_distr (fat_distr) and Outcome (Outcome)
[1] 345
[1] 345
  iteration traits posterior_prob regional_prob candidate_snp
1         1   None             NA        0.0146            NA
  posterior_explained_by_snp dropped_trait  lead_snp
1                         NA      iradjbmi rs1128249
[1] "SPLICING EVENT"
[1] "chr2:164686032:164692221:clu_37214_-:ENSG00000082438.18"
Harmonising fat_distr (fat_distr) and Outcome (Outcome)
Harmonising fat_distr (fat_distr) and Outcome (Outcome)
[1] 345
[1] 345
  iteration traits posterior_prob regional_prob candidate_snp
1         1   None             NA        0.5642            NA
  posterior_explained_by_snp dropped_trait  lead_snp
1                         NA      iradjbmi rs1128249
[1] "SPLICING EVENT"
[1] "chr2:164695833:164699405:clu_37215_-:ENSG00000082438.18"
Harmonising fat_distr (fat_distr) and Outcome (Outcome)
Harmonising fat_distr (fat_distr) and Outcome (Outcome)
[1] 345
[1] 345
  iteration traits posterior_prob regional_prob candidate_snp
1         1   None             NA        0.2044            NA
  posterior_explained_by_snp dropped_trait  lead_snp
1                         NA      iradjbmi rs1128249
[1] "SPLICING EVENT"
[1] "chr2:164695836:164699405:clu_37215_-:ENSG00000082438.18"
Harmonising fat_distr (fat_distr) and Outcome (Outcome)
Harmonising fat_distr (fat_distr) and Outcome (Outcome)
[1] 345
[1] 345
  iteration traits posterior_prob regional_prob candidate_snp
1         1   None             NA        0.1954            NA
  posterior_explained_by_snp dropped_trait  lead_snp
1                         NA      iradjbmi rs1128249
[1] "SPLICING EVENT"
[1] "chr2:164700756:164703104:clu_37216_-:ENSG00000082438.18"
Harmonising fat_distr (fat_distr) and Outcome (Outcome)
Harmonising fat_distr (fat_distr) and Outcome (Outcome)
[1] 345
[1] 345
  iteration traits posterior_prob regional_prob candidate_snp
1         1   None             NA             1            NA
  posterior_explained_by_snp dropped_trait  lead_snp
1                         NA      iradjbmi rs1128249
[1] "SPLICING EVENT"
[1] "chr2:164700756:164704444:clu_37216_-:ENSG00000082438.18"
Harmonising fat_distr (fat_distr) and Outcome (Outcome)
Harmonising fat_distr (fat_distr) and Outcome (Outcome)
[1] 345
[1] 345
  iteration traits posterior_prob regional_prob candidate_snp
1         1   None             NA             1            NA
  posterior_explained_by_snp dropped_trait  lead_snp
1                         NA      iradjbmi rs1128249
[1] "SPLICING EVENT"
[1] "chr2:164705105:164718205:clu_37217_-:ENSG00000082438.18"
Harmonising fat_distr (fat_distr) and Outcome (Outcome)
Harmonising fat_distr (fat_distr) and Outcome (Outcome)
[1] 345
[1] 345
  iteration traits posterior_prob regional_prob candidate_snp
1         1   None             NA        0.0066            NA
  posterior_explained_by_snp dropped_trait  lead_snp
1                         NA      iradjbmi rs1128249
[1] "SPLICING EVENT"
[1] "chr2:164705105:164722075:clu_37217_-:ENSG00000082438.18"
Harmonising fat_distr (fat_distr) and Outcome (Outcome)
Harmonising fat_distr (fat_distr) and Outcome (Outcome)
[1] 345
[1] 345
  iteration traits posterior_prob regional_prob candidate_snp
1         1   None             NA         0.007            NA
  posterior_explained_by_snp dropped_trait  lead_snp
1                         NA      iradjbmi rs1128249
[1] "SPLICING EVENT"
[1] "chr2:164722522:164727106:clu_37218_-:ENSG00000082438.18"
Harmonising fat_distr (fat_distr) and Outcome (Outcome)
Harmonising fat_distr (fat_distr) and Outcome (Outcome)
[1] 345
[1] 345
  iteration traits posterior_prob regional_prob candidate_snp
1         1   None             NA        0.0477            NA
  posterior_explained_by_snp dropped_trait  lead_snp
1                         NA      iradjbmi rs1128249
[1] "SPLICING EVENT"
[1] "chr2:164722522:164727969:clu_37218_-:ENSG00000082438.18"
Harmonising fat_distr (fat_distr) and Outcome (Outcome)
Harmonising fat_distr (fat_distr) and Outcome (Outcome)
[1] 345
[1] 345
  iteration traits posterior_prob regional_prob candidate_snp
1         1   None             NA         0.931            NA
  posterior_explained_by_snp
1                         NA
                                            dropped_trait  lead_snp
1 chr2:164722522:164727969:clu_37218_-:ENSG00000082438.18 rs1128249
[1] "SPLICING EVENT"
[1] "chr2:164727144:164727969:clu_37218_-:ENSG00000082438.18"
Harmonising fat_distr (fat_distr) and Outcome (Outcome)
Harmonising fat_distr (fat_distr) and Outcome (Outcome)
[1] 345
[1] 345
  iteration traits posterior_prob regional_prob candidate_snp
1         1   None             NA        0.0658            NA
  posterior_explained_by_snp dropped_trait  lead_snp
1                         NA      iradjbmi rs1128249
[1] "SPLICING EVENT"
[1] "chr2:164743875:164779655:clu_37219_-:ENSG00000082438.18"
Harmonising fat_distr (fat_distr) and Outcome (Outcome)
Harmonising fat_distr (fat_distr) and Outcome (Outcome)
[1] 345
[1] 345
  iteration traits posterior_prob regional_prob candidate_snp
1         1   None             NA        0.0304            NA
  posterior_explained_by_snp dropped_trait  lead_snp
1                         NA      iradjbmi rs1128249
[1] "SPLICING EVENT"
[1] "chr2:164743875:164841156:clu_37219_-:ENSG00000082438.18"
Harmonising fat_distr (fat_distr) and Outcome (Outcome)
Harmonising fat_distr (fat_distr) and Outcome (Outcome)
[1] 345
[1] 345
  iteration traits posterior_prob regional_prob candidate_snp
1         1   None             NA        0.0168            NA
  posterior_explained_by_snp dropped_trait  lead_snp
1                         NA      iradjbmi rs1128249
[1] "SPLICING EVENT"
[1] "chr2:164779785:164841156:clu_37219_-:ENSG00000082438.18"
Harmonising fat_distr (fat_distr) and Outcome (Outcome)
Harmonising fat_distr (fat_distr) and Outcome (Outcome)
[1] 345
[1] 345
  iteration traits posterior_prob regional_prob candidate_snp
1         1   None             NA        0.0072            NA
  posterior_explained_by_snp dropped_trait  lead_snp
1                         NA      iradjbmi rs1128249
[1] "LEAD INDEX"
[1] 17
[1] "SPLICING EVENT"
[1] "chr2:218659743:218660037:clu_40109_+:ENSG00000074582.15"
Harmonising fat_distr (fat_distr) and Outcome (Outcome)
Harmonising fat_distr (fat_distr) and Outcome (Outcome)
[1] 367
[1] 367
  iteration traits posterior_prob regional_prob candidate_snp
1         1   None             NA        0.0145            NA
  posterior_explained_by_snp dropped_trait  lead_snp
1                         NA      iradjbmi rs4674343
[1] "SPLICING EVENT"
[1] "chr2:218659743:218660939:clu_40109_+:ENSG00000074582.15"
Harmonising fat_distr (fat_distr) and Outcome (Outcome)
Harmonising fat_distr (fat_distr) and Outcome (Outcome)
[1] 367
[1] 367
  iteration traits posterior_prob regional_prob candidate_snp
1         1   None             NA         0.008            NA
  posterior_explained_by_snp dropped_trait  lead_snp
1                         NA      iradjbmi rs4674343
[1] "SPLICING EVENT"
[1] "chr2:218659743:218661406:clu_40109_+:ENSG00000074582.15"
Harmonising fat_distr (fat_distr) and Outcome (Outcome)
Harmonising fat_distr (fat_distr) and Outcome (Outcome)
[1] 367
[1] 367
  iteration traits posterior_prob regional_prob candidate_snp
1         1   None             NA        0.0402            NA
  posterior_explained_by_snp dropped_trait  lead_snp
1                         NA      iradjbmi rs4674343
[1] "SPLICING EVENT"
[1] "chr2:218659743:218661759:clu_40109_+:ENSG00000074582.15"
Harmonising fat_distr (fat_distr) and Outcome (Outcome)
Harmonising fat_distr (fat_distr) and Outcome (Outcome)
[1] 367
[1] 367
  iteration traits posterior_prob regional_prob candidate_snp
1         1   None             NA        0.0433            NA
  posterior_explained_by_snp dropped_trait  lead_snp
1                         NA      iradjbmi rs4674343
[1] "SPLICING EVENT"
[1] "chr2:218659800:218660307:clu_40109_+:ENSG00000074582.15"
Harmonising fat_distr (fat_distr) and Outcome (Outcome)
Harmonising fat_distr (fat_distr) and Outcome (Outcome)
[1] 367
[1] 367
  iteration traits posterior_prob regional_prob candidate_snp
1         1   None             NA        0.0075            NA
  posterior_explained_by_snp dropped_trait  lead_snp
1                         NA      iradjbmi rs4674343
[1] "SPLICING EVENT"
[1] "chr2:218660166:218660939:clu_40109_+:ENSG00000074582.15"
Harmonising fat_distr (fat_distr) and Outcome (Outcome)
Harmonising fat_distr (fat_distr) and Outcome (Outcome)
[1] 367
[1] 367
  iteration traits posterior_prob regional_prob candidate_snp
1         1   None             NA         0.007            NA
  posterior_explained_by_snp dropped_trait  lead_snp
1                         NA      iradjbmi rs4674343
[1] "SPLICING EVENT"
[1] "chr2:218660421:218660939:clu_40109_+:ENSG00000074582.15"
Harmonising fat_distr (fat_distr) and Outcome (Outcome)
Harmonising fat_distr (fat_distr) and Outcome (Outcome)
[1] 367
[1] 367
  iteration                                                            traits
1         1 iradjbmi, chr2:218660421:218660939:clu_40109_+:ENSG00000074582.15
  posterior_prob regional_prob candidate_snp posterior_explained_by_snp
1         0.8304        0.9999     rs2278530                     0.3159
  dropped_trait  lead_snp
1            NA rs4674343
[1] "SPLICING EVENT"
[1] "chr2:218660482:218660939:clu_40109_+:ENSG00000074582.15"
Harmonising fat_distr (fat_distr) and Outcome (Outcome)
Harmonising fat_distr (fat_distr) and Outcome (Outcome)
[1] 367
[1] 367
  iteration                                                            traits
1         1 iradjbmi, chr2:218660482:218660939:clu_40109_+:ENSG00000074582.15
  posterior_prob regional_prob candidate_snp posterior_explained_by_snp
1         0.7103        0.9808      rs524902                     0.0479
  dropped_trait  lead_snp
1            NA rs4674343
[1] "SPLICING EVENT"
[1] "chr2:218661307:218661406:clu_40109_+:ENSG00000074582.15"
Harmonising fat_distr (fat_distr) and Outcome (Outcome)
Harmonising fat_distr (fat_distr) and Outcome (Outcome)
[1] 367
[1] 367
  iteration traits posterior_prob regional_prob candidate_snp
1         1   None             NA        0.0475            NA
  posterior_explained_by_snp dropped_trait  lead_snp
1                         NA      iradjbmi rs4674343
[1] "SPLICING EVENT"
[1] "chr2:218661520:218661759:clu_40109_+:ENSG00000074582.15"
Harmonising fat_distr (fat_distr) and Outcome (Outcome)
Harmonising fat_distr (fat_distr) and Outcome (Outcome)
[1] 367
[1] 367
  iteration traits posterior_prob regional_prob candidate_snp
1         1   None             NA        0.1296            NA
  posterior_explained_by_snp dropped_trait  lead_snp
1                         NA      iradjbmi rs4674343
[1] "SPLICING EVENT"
[1] "chr2:218661545:218661759:clu_40109_+:ENSG00000074582.15"
Harmonising fat_distr (fat_distr) and Outcome (Outcome)
Harmonising fat_distr (fat_distr) and Outcome (Outcome)
[1] 367
[1] 367
  iteration traits posterior_prob regional_prob candidate_snp
1         1   None             NA        0.0087            NA
  posterior_explained_by_snp dropped_trait  lead_snp
1                         NA      iradjbmi rs4674343
[1] "SPLICING EVENT"
[1] "chr2:218662260:218662510:clu_40110_+:ENSG00000074582.15"
Harmonising fat_distr (fat_distr) and Outcome (Outcome)
Harmonising fat_distr (fat_distr) and Outcome (Outcome)
[1] 367
[1] 367
  iteration traits posterior_prob regional_prob candidate_snp
1         1   None             NA        0.0133            NA
  posterior_explained_by_snp dropped_trait  lead_snp
1                         NA      iradjbmi rs4674343
[1] "SPLICING EVENT"
[1] "chr2:218662260:218662515:clu_40110_+:ENSG00000074582.15"
Harmonising fat_distr (fat_distr) and Outcome (Outcome)
Harmonising fat_distr (fat_distr) and Outcome (Outcome)
[1] 367
[1] 367
  iteration traits posterior_prob regional_prob candidate_snp
1         1   None             NA        0.0114            NA
  posterior_explained_by_snp dropped_trait  lead_snp
1                         NA      iradjbmi rs4674343
[1] "SPLICING EVENT"
[1] "chr2:218663000:218663134:clu_40111_+:ENSG00000074582.15"
Harmonising fat_distr (fat_distr) and Outcome (Outcome)
Harmonising fat_distr (fat_distr) and Outcome (Outcome)
[1] 367
[1] 367
  iteration traits posterior_prob regional_prob candidate_snp
1         1   None             NA        0.0764            NA
  posterior_explained_by_snp dropped_trait  lead_snp
1                         NA      iradjbmi rs4674343
[1] "SPLICING EVENT"
[1] "chr2:218782437:218809577:clu_40134_+:ENSG00000135929.9"
Harmonising fat_distr (fat_distr) and Outcome (Outcome)
Harmonising fat_distr (fat_distr) and Outcome (Outcome)
[1] 367
[1] 367
  iteration traits posterior_prob regional_prob candidate_snp
1         1   None             NA        0.0103            NA
  posterior_explained_by_snp dropped_trait  lead_snp
1                         NA      iradjbmi rs4674343
[1] "SPLICING EVENT"
[1] "chr2:218782437:218812222:clu_40134_+:ENSG00000135929.9"
Harmonising fat_distr (fat_distr) and Outcome (Outcome)
Harmonising fat_distr (fat_distr) and Outcome (Outcome)
[1] 367
[1] 367
  iteration traits posterior_prob regional_prob candidate_snp
1         1   None             NA        0.1044            NA
  posterior_explained_by_snp dropped_trait  lead_snp
1                         NA      iradjbmi rs4674343
[1] "SPLICING EVENT"
[1] "chr2:218809767:218812222:clu_40134_+:ENSG00000135929.9"
Harmonising fat_distr (fat_distr) and Outcome (Outcome)
Harmonising fat_distr (fat_distr) and Outcome (Outcome)
[1] 367
[1] 367
  iteration traits posterior_prob regional_prob candidate_snp
1         1   None             NA        0.0087            NA
  posterior_explained_by_snp dropped_trait  lead_snp
1                         NA      iradjbmi rs4674343
[1] "SPLICING EVENT"
[1] "chr2:218812421:218812552:clu_40136_+:ENSG00000135929.9"
Harmonising fat_distr (fat_distr) and Outcome (Outcome)
Harmonising fat_distr (fat_distr) and Outcome (Outcome)
[1] 367
[1] 367
  iteration traits posterior_prob regional_prob candidate_snp
1         1   None             NA        0.0126            NA
  posterior_explained_by_snp dropped_trait  lead_snp
1                         NA      iradjbmi rs4674343
[1] "LEAD INDEX"
[1] 18
[1] "SPLICING EVENT"
[1] "chr2:226736250:226794989:clu_37825_-:ENSG00000169047.6"
Harmonising fat_distr (fat_distr) and Outcome (Outcome)
Harmonising fat_distr (fat_distr) and Outcome (Outcome)
[1] 359
[1] 359
  iteration traits posterior_prob regional_prob candidate_snp
1         1   None             NA        0.0073            NA
  posterior_explained_by_snp dropped_trait  lead_snp
1                         NA      iradjbmi rs2943646
[1] "SPLICING EVENT"
[1] "chr2:226792385:226794989:clu_37825_-:ENSG00000169047.6"
Harmonising fat_distr (fat_distr) and Outcome (Outcome)
Harmonising fat_distr (fat_distr) and Outcome (Outcome)
[1] 359
[1] 359
  iteration traits posterior_prob regional_prob candidate_snp
1         1   None             NA        0.0123            NA
  posterior_explained_by_snp dropped_trait  lead_snp
1                         NA      iradjbmi rs2943646
[1] "SPLICING EVENT"
[1] "chr2:226808637:226809226:clu_40239_+:ENSG00000272622.2"
Harmonising fat_distr (fat_distr) and Outcome (Outcome)
Harmonising fat_distr (fat_distr) and Outcome (Outcome)
[1] 359
[1] 359
  iteration traits posterior_prob regional_prob candidate_snp
1         1   None             NA        0.0142            NA
  posterior_explained_by_snp dropped_trait  lead_snp
1                         NA      iradjbmi rs2943646
[1] "SPLICING EVENT"
[1] "chr2:226808637:226810912:clu_40239_+:ENSG00000272622.2"
Harmonising fat_distr (fat_distr) and Outcome (Outcome)
Harmonising fat_distr (fat_distr) and Outcome (Outcome)
[1] 359
[1] 359
  iteration traits posterior_prob regional_prob candidate_snp
1         1   None             NA        0.0079            NA
  posterior_explained_by_snp dropped_trait  lead_snp
1                         NA      iradjbmi rs2943646
[1] "LEAD INDEX"
[1] 19
[1] "LEAD INDEX"
[1] 20
[1] "CHROMOSOME"
[1] 3
[1] "LEAD INDEX"
[1] 1
[1] "LEAD INDEX"
[1] 2
[1] "LEAD INDEX"
[1] 3
[1] "LEAD INDEX"
[1] 4
[1] "LEAD INDEX"
[1] 5
[1] "LEAD INDEX"
[1] 6
[1] "LEAD INDEX"
[1] 7
[1] "LEAD INDEX"
[1] 8
[1] "SPLICING EVENT"
[1] "chr3:15601770:15635424:clu_47117_+:ENSG00000169814.16"
Harmonising fat_distr (fat_distr) and Outcome (Outcome)
Harmonising fat_distr (fat_distr) and Outcome (Outcome)
[1] 386
[1] 386
  iteration traits posterior_prob regional_prob candidate_snp
1         1   None             NA        0.0076            NA
  posterior_explained_by_snp dropped_trait  lead_snp
1                         NA      iradjbmi rs2455853
[1] "SPLICING EVENT"
[1] "chr3:15601894:15635424:clu_47117_+:ENSG00000169814.16"
Harmonising fat_distr (fat_distr) and Outcome (Outcome)
Harmonising fat_distr (fat_distr) and Outcome (Outcome)
[1] 386
[1] 386
  iteration traits posterior_prob regional_prob candidate_snp
1         1   None             NA        0.0138            NA
  posterior_explained_by_snp dropped_trait  lead_snp
1                         NA      iradjbmi rs2455853
[1] "SPLICING EVENT"
[1] "chr3:15602310:15635424:clu_47117_+:ENSG00000169814.16"
Harmonising fat_distr (fat_distr) and Outcome (Outcome)
Harmonising fat_distr (fat_distr) and Outcome (Outcome)
[1] 386
[1] 386
  iteration traits posterior_prob regional_prob candidate_snp
1         1   None             NA        0.0108            NA
  posterior_explained_by_snp dropped_trait  lead_snp
1                         NA      iradjbmi rs2455853
[1] "SPLICING EVENT"
[1] "chr3:15632866:15635424:clu_47117_+:ENSG00000169814.16"
Harmonising fat_distr (fat_distr) and Outcome (Outcome)
Harmonising fat_distr (fat_distr) and Outcome (Outcome)
[1] 386
[1] 386
  iteration traits posterior_prob regional_prob candidate_snp
1         1   None             NA        0.2667            NA
  posterior_explained_by_snp dropped_trait  lead_snp
1                         NA      iradjbmi rs2455853
[1] "SPLICING EVENT"
[1] "chr3:15635688:15641908:clu_47118_+:ENSG00000169814.16"
Harmonising fat_distr (fat_distr) and Outcome (Outcome)
Harmonising fat_distr (fat_distr) and Outcome (Outcome)
[1] 386
[1] 386
  iteration traits posterior_prob regional_prob candidate_snp
1         1   None             NA        0.1842            NA
  posterior_explained_by_snp dropped_trait  lead_snp
1                         NA      iradjbmi rs2455853
[1] "SPLICING EVENT"
[1] "chr3:15642057:15644316:clu_47119_+:ENSG00000169814.16"
Harmonising fat_distr (fat_distr) and Outcome (Outcome)
Harmonising fat_distr (fat_distr) and Outcome (Outcome)
[1] 386
[1] 386
  iteration traits posterior_prob regional_prob candidate_snp
1         1   None             NA        0.0076            NA
  posterior_explained_by_snp dropped_trait  lead_snp
1                         NA      iradjbmi rs2455853
[1] "LEAD INDEX"
[1] 9
[1] "SPLICING EVENT"
[1] "chr3:24143706:24146675:clu_45054_-:ENSG00000151090.20"
Harmonising fat_distr (fat_distr) and Outcome (Outcome)
Harmonising fat_distr (fat_distr) and Outcome (Outcome)
[1] 504
[1] 504
  iteration traits posterior_prob regional_prob candidate_snp
1         1   None             NA        0.0121            NA
  posterior_explained_by_snp dropped_trait  lead_snp
1                         NA      iradjbmi rs2044756
[1] "SPLICING EVENT"
[1] "chr3:24146822:24152390:clu_45054_-:ENSG00000151090.20"
Harmonising fat_distr (fat_distr) and Outcome (Outcome)
Harmonising fat_distr (fat_distr) and Outcome (Outcome)
[1] 504
[1] 504
  iteration traits posterior_prob regional_prob candidate_snp
1         1   None             NA        0.0119            NA
  posterior_explained_by_snp dropped_trait  lead_snp
1                         NA      iradjbmi rs2044756
[1] "SPLICING EVENT"
[1] "chr3:24190334:24228938:clu_45056_-:ENSG00000151090.20"
Harmonising fat_distr (fat_distr) and Outcome (Outcome)
Harmonising fat_distr (fat_distr) and Outcome (Outcome)
[1] 504
[1] 504
  iteration traits posterior_prob regional_prob candidate_snp
1         1   None             NA        0.0077            NA
  posterior_explained_by_snp dropped_trait  lead_snp
1                         NA      iradjbmi rs2044756
[1] "SPLICING EVENT"
[1] "chr3:24229001:24297226:clu_45056_-:ENSG00000151090.20"
Harmonising fat_distr (fat_distr) and Outcome (Outcome)
Harmonising fat_distr (fat_distr) and Outcome (Outcome)
[1] 504
[1] 504
  iteration traits posterior_prob regional_prob candidate_snp
1         1   None             NA        0.0076            NA
  posterior_explained_by_snp dropped_trait  lead_snp
1                         NA      iradjbmi rs2044756
[1] "SPLICING EVENT"
[1] "chr3:24229001:24318358:clu_45056_-:ENSG00000151090.20"
Harmonising fat_distr (fat_distr) and Outcome (Outcome)
Harmonising fat_distr (fat_distr) and Outcome (Outcome)
[1] 504
[1] 504
  iteration traits posterior_prob regional_prob candidate_snp
1         1   None             NA        0.0083            NA
  posterior_explained_by_snp dropped_trait  lead_snp
1                         NA      iradjbmi rs2044756
[1] "SPLICING EVENT"
[1] "chr3:24229001:24337300:clu_45056_-:ENSG00000151090.20"
Harmonising fat_distr (fat_distr) and Outcome (Outcome)
Harmonising fat_distr (fat_distr) and Outcome (Outcome)
[1] 504
[1] 504
  iteration traits posterior_prob regional_prob candidate_snp
1         1   None             NA        0.0079            NA
  posterior_explained_by_snp dropped_trait  lead_snp
1                         NA      iradjbmi rs2044756
[1] "SPLICING EVENT"
[1] "chr3:24297371:24337300:clu_45056_-:ENSG00000151090.20"
Harmonising fat_distr (fat_distr) and Outcome (Outcome)
Harmonising fat_distr (fat_distr) and Outcome (Outcome)
[1] 504
[1] 504
  iteration traits posterior_prob regional_prob candidate_snp
1         1   None             NA        0.0095            NA
  posterior_explained_by_snp dropped_trait  lead_snp
1                         NA      iradjbmi rs2044756
[1] "SPLICING EVENT"
[1] "chr3:24318494:24337300:clu_45056_-:ENSG00000151090.20"
Harmonising fat_distr (fat_distr) and Outcome (Outcome)
Harmonising fat_distr (fat_distr) and Outcome (Outcome)
[1] 504
[1] 504
  iteration traits posterior_prob regional_prob candidate_snp
1         1   None             NA        0.0074            NA
  posterior_explained_by_snp dropped_trait  lead_snp
1                         NA      iradjbmi rs2044756
[1] "SPLICING EVENT"
[1] "chr3:24337371:24494652:clu_45057_-:ENSG00000151090.20"
Harmonising fat_distr (fat_distr) and Outcome (Outcome)
Harmonising fat_distr (fat_distr) and Outcome (Outcome)
[1] 504
[1] 504
  iteration traits posterior_prob regional_prob candidate_snp
1         1   None             NA        0.0088            NA
  posterior_explained_by_snp dropped_trait  lead_snp
1                         NA      iradjbmi rs2044756
[1] "SPLICING EVENT"
[1] "chr3:24337371:24494687:clu_45057_-:ENSG00000151090.20"
Harmonising fat_distr (fat_distr) and Outcome (Outcome)
Harmonising fat_distr (fat_distr) and Outcome (Outcome)
[1] 504
[1] 504
  iteration traits posterior_prob regional_prob candidate_snp
1         1   None             NA        0.0113            NA
  posterior_explained_by_snp dropped_trait  lead_snp
1                         NA      iradjbmi rs2044756
[1] "SPLICING EVENT"
[1] "chr3:24337371:24494795:clu_45057_-:ENSG00000151090.20"
Harmonising fat_distr (fat_distr) and Outcome (Outcome)
Harmonising fat_distr (fat_distr) and Outcome (Outcome)
[1] 504
[1] 504
  iteration traits posterior_prob regional_prob candidate_snp
1         1   None             NA        0.0075            NA
  posterior_explained_by_snp dropped_trait  lead_snp
1                         NA      iradjbmi rs2044756
[1] "LEAD INDEX"
[1] 10
[1] "SPLICING EVENT"
[1] "chr3:49470433:49510419:clu_47529_+:ENSG00000173402.12"
Harmonising fat_distr (fat_distr) and Outcome (Outcome)
Harmonising fat_distr (fat_distr) and Outcome (Outcome)
[1] 240
[1] 240
  iteration traits posterior_prob regional_prob candidate_snp
1         1   None             NA        0.0084            NA
  posterior_explained_by_snp dropped_trait   lead_snp
1                         NA      iradjbmi rs13316065
[1] "SPLICING EVENT"
[1] "chr3:49487415:49488626:clu_47529_+:ENSG00000173402.12"
Harmonising fat_distr (fat_distr) and Outcome (Outcome)
Harmonising fat_distr (fat_distr) and Outcome (Outcome)
[1] 240
[1] 240
  iteration traits posterior_prob regional_prob candidate_snp
1         1   None             NA        0.0124            NA
  posterior_explained_by_snp dropped_trait   lead_snp
1                         NA      iradjbmi rs13316065
[1] "SPLICING EVENT"
[1] "chr3:49488745:49510419:clu_47529_+:ENSG00000173402.12"
Harmonising fat_distr (fat_distr) and Outcome (Outcome)
Harmonising fat_distr (fat_distr) and Outcome (Outcome)
[1] 240
[1] 240
  iteration traits posterior_prob regional_prob candidate_snp
1         1   None             NA        0.0067            NA
  posterior_explained_by_snp dropped_trait   lead_snp
1                         NA      iradjbmi rs13316065
[1] "SPLICING EVENT"
[1] "chr3:49689606:49691130:clu_47536_+:ENSG00000164068.16"
Harmonising fat_distr (fat_distr) and Outcome (Outcome)
Harmonising fat_distr (fat_distr) and Outcome (Outcome)
[1] 240
[1] 240
  iteration traits posterior_prob regional_prob candidate_snp
1         1   None             NA        0.0074            NA
  posterior_explained_by_snp dropped_trait   lead_snp
1                         NA      iradjbmi rs13316065
[1] "SPLICING EVENT"
[1] "chr3:49689822:49691130:clu_47536_+:ENSG00000164068.16"
Harmonising fat_distr (fat_distr) and Outcome (Outcome)
Harmonising fat_distr (fat_distr) and Outcome (Outcome)
[1] 240
[1] 240
  iteration traits posterior_prob regional_prob candidate_snp
1         1   None             NA         0.007            NA
  posterior_explained_by_snp dropped_trait   lead_snp
1                         NA      iradjbmi rs13316065
[1] "SPLICING EVENT"
[1] "chr3:49691509:49697143:clu_47538_+:ENSG00000164068.16"
Harmonising fat_distr (fat_distr) and Outcome (Outcome)
Harmonising fat_distr (fat_distr) and Outcome (Outcome)
[1] 240
[1] 240
  iteration traits posterior_prob regional_prob candidate_snp
1         1   None             NA        0.0187            NA
  posterior_explained_by_snp dropped_trait   lead_snp
1                         NA      iradjbmi rs13316065
[1] "SPLICING EVENT"
[1] "chr3:49697222:49697363:clu_47538_+:ENSG00000164068.16"
Harmonising fat_distr (fat_distr) and Outcome (Outcome)
Harmonising fat_distr (fat_distr) and Outcome (Outcome)
[1] 240
[1] 240
  iteration traits posterior_prob regional_prob candidate_snp
1         1   None             NA        0.0193            NA
  posterior_explained_by_snp dropped_trait   lead_snp
1                         NA      iradjbmi rs13316065
[1] "SPLICING EVENT"
[1] "chr3:49697939:49698052:clu_47539_+:ENSG00000164068.16"
Harmonising fat_distr (fat_distr) and Outcome (Outcome)
Harmonising fat_distr (fat_distr) and Outcome (Outcome)
[1] 240
[1] 240
  iteration traits posterior_prob regional_prob candidate_snp
1         1   None             NA        0.0151            NA
  posterior_explained_by_snp dropped_trait   lead_snp
1                         NA      iradjbmi rs13316065
[1] "SPLICING EVENT"
[1] "chr3:49698526:49698755:clu_47541_+:ENSG00000164068.16"
Harmonising fat_distr (fat_distr) and Outcome (Outcome)
Harmonising fat_distr (fat_distr) and Outcome (Outcome)
[1] 240
[1] 240
  iteration traits posterior_prob regional_prob candidate_snp
1         1   None             NA        0.1275            NA
  posterior_explained_by_snp dropped_trait   lead_snp
1                         NA      iradjbmi rs13316065
[1] "SPLICING EVENT"
[1] "chr3:49698822:49698980:clu_47541_+:ENSG00000164068.16"
Harmonising fat_distr (fat_distr) and Outcome (Outcome)
Harmonising fat_distr (fat_distr) and Outcome (Outcome)
[1] 240
[1] 240
  iteration traits posterior_prob regional_prob candidate_snp
1         1   None             NA        0.0172            NA
  posterior_explained_by_snp dropped_trait   lead_snp
1                         NA      iradjbmi rs13316065
[1] "SPLICING EVENT"
[1] "chr3:49699772:49700227:clu_47542_+:ENSG00000164068.16"
Harmonising fat_distr (fat_distr) and Outcome (Outcome)
Harmonising fat_distr (fat_distr) and Outcome (Outcome)
[1] 240
[1] 240
  iteration traits posterior_prob regional_prob candidate_snp
1         1   None             NA        0.0085            NA
  posterior_explained_by_snp dropped_trait   lead_snp
1                         NA      iradjbmi rs13316065
[1] "SPLICING EVENT"
[1] "chr3:49700352:49700472:clu_47542_+:ENSG00000164068.16"
Harmonising fat_distr (fat_distr) and Outcome (Outcome)
Harmonising fat_distr (fat_distr) and Outcome (Outcome)
[1] 240
[1] 240
  iteration traits posterior_prob regional_prob candidate_snp
1         1   None             NA        0.0122            NA
  posterior_explained_by_snp dropped_trait   lead_snp
1                         NA      iradjbmi rs13316065
[1] "SPLICING EVENT"
[1] "chr3:49700564:49700636:clu_47542_+:ENSG00000164068.16"
Harmonising fat_distr (fat_distr) and Outcome (Outcome)
Harmonising fat_distr (fat_distr) and Outcome (Outcome)
[1] 240
[1] 240
  iteration traits posterior_prob regional_prob candidate_snp
1         1   None             NA         0.008            NA
  posterior_explained_by_snp dropped_trait   lead_snp
1                         NA      iradjbmi rs13316065
[1] "SPLICING EVENT"
[1] "chr3:49700709:49701491:clu_47543_+:ENSG00000164068.16"
Harmonising fat_distr (fat_distr) and Outcome (Outcome)
Harmonising fat_distr (fat_distr) and Outcome (Outcome)
[1] 240
[1] 240
  iteration                                                          traits
1         1 iradjbmi, chr3:49700709:49701491:clu_47543_+:ENSG00000164068.16
  posterior_prob regional_prob candidate_snp posterior_explained_by_snp
1         0.9747        0.9999    rs35210174                     0.9765
  dropped_trait   lead_snp
1            NA rs13316065
[1] "SPLICING EVENT"
[1] "chr3:49704756:49704984:clu_47545_+:ENSG00000164068.16"
Harmonising fat_distr (fat_distr) and Outcome (Outcome)
Harmonising fat_distr (fat_distr) and Outcome (Outcome)
[1] 240
[1] 240
  iteration traits posterior_prob regional_prob candidate_snp
1         1   None             NA        0.0124            NA
  posterior_explained_by_snp dropped_trait   lead_snp
1                         NA      iradjbmi rs13316065
[1] "SPLICING EVENT"
[1] "chr3:49705182:49705534:clu_47546_+:ENSG00000164068.16"
Harmonising fat_distr (fat_distr) and Outcome (Outcome)
Harmonising fat_distr (fat_distr) and Outcome (Outcome)
[1] 240
[1] 240
  iteration traits posterior_prob regional_prob candidate_snp
1         1   None             NA        0.0074            NA
  posterior_explained_by_snp dropped_trait   lead_snp
1                         NA      iradjbmi rs13316065
[1] "SPLICING EVENT"
[1] "chr3:49705186:49705534:clu_47546_+:ENSG00000164068.16"
Harmonising fat_distr (fat_distr) and Outcome (Outcome)
Harmonising fat_distr (fat_distr) and Outcome (Outcome)
[1] 240
[1] 240
  iteration traits posterior_prob regional_prob candidate_snp
1         1   None             NA        0.0074            NA
  posterior_explained_by_snp dropped_trait   lead_snp
1                         NA      iradjbmi rs13316065
[1] "SPLICING EVENT"
[1] "chr3:49712656:49713513:clu_47547_+:ENSG00000164068.16"
Harmonising fat_distr (fat_distr) and Outcome (Outcome)
Harmonising fat_distr (fat_distr) and Outcome (Outcome)
[1] 240
[1] 240
  iteration traits posterior_prob regional_prob candidate_snp
1         1   None             NA         0.975            NA
  posterior_explained_by_snp
1                         NA
                                          dropped_trait   lead_snp
1 chr3:49712656:49713513:clu_47547_+:ENSG00000164068.16 rs13316065
[1] "SPLICING EVENT"
[1] "chr3:49712892:49713513:clu_47547_+:ENSG00000164068.16"
Harmonising fat_distr (fat_distr) and Outcome (Outcome)
Harmonising fat_distr (fat_distr) and Outcome (Outcome)
[1] 240
[1] 240
  iteration traits posterior_prob regional_prob candidate_snp
1         1   None             NA        0.9898            NA
  posterior_explained_by_snp
1                         NA
                                          dropped_trait   lead_snp
1 chr3:49712892:49713513:clu_47547_+:ENSG00000164068.16 rs13316065
[1] "SPLICING EVENT"
[1] "chr3:49713587:49713738:clu_47548_+:ENSG00000164068.16"
Harmonising fat_distr (fat_distr) and Outcome (Outcome)
Harmonising fat_distr (fat_distr) and Outcome (Outcome)
[1] 240
[1] 240
  iteration traits posterior_prob regional_prob candidate_snp
1         1   None             NA        0.0082            NA
  posterior_explained_by_snp dropped_trait   lead_snp
1                         NA      iradjbmi rs13316065
[1] "SPLICING EVENT"
[1] "chr3:49713587:49713910:clu_47548_+:ENSG00000164068.16"
Harmonising fat_distr (fat_distr) and Outcome (Outcome)
Harmonising fat_distr (fat_distr) and Outcome (Outcome)
[1] 240
[1] 240
  iteration traits posterior_prob regional_prob candidate_snp
1         1   None             NA        0.0065            NA
  posterior_explained_by_snp dropped_trait   lead_snp
1                         NA      iradjbmi rs13316065
[1] "SPLICING EVENT"
[1] "chr3:49713825:49713910:clu_47548_+:ENSG00000164068.16"
Harmonising fat_distr (fat_distr) and Outcome (Outcome)
Harmonising fat_distr (fat_distr) and Outcome (Outcome)
[1] 240
[1] 240
  iteration traits posterior_prob regional_prob candidate_snp
1         1   None             NA        0.0078            NA
  posterior_explained_by_snp dropped_trait   lead_snp
1                         NA      iradjbmi rs13316065
[1] "SPLICING EVENT"
[1] "chr3:49714174:49715575:clu_47550_+:ENSG00000164068.16"
Harmonising fat_distr (fat_distr) and Outcome (Outcome)
Harmonising fat_distr (fat_distr) and Outcome (Outcome)
[1] 240
[1] 240
  iteration traits posterior_prob regional_prob candidate_snp
1         1   None             NA        0.9936            NA
  posterior_explained_by_snp
1                         NA
                                          dropped_trait   lead_snp
1 chr3:49714174:49715575:clu_47550_+:ENSG00000164068.16 rs13316065
[1] "SPLICING EVENT"
[1] "chr3:49716457:49720511:clu_47552_+:ENSG00000164068.16"
Harmonising fat_distr (fat_distr) and Outcome (Outcome)
Harmonising fat_distr (fat_distr) and Outcome (Outcome)
[1] 240
[1] 240
  iteration traits posterior_prob regional_prob candidate_snp
1         1   None             NA        0.0388            NA
  posterior_explained_by_snp dropped_trait   lead_snp
1                         NA      iradjbmi rs13316065
[1] "SPLICING EVENT"
[1] "chr3:49716477:49720511:clu_47552_+:ENSG00000164068.16"
Harmonising fat_distr (fat_distr) and Outcome (Outcome)
Harmonising fat_distr (fat_distr) and Outcome (Outcome)
[1] 240
[1] 240
  iteration traits posterior_prob regional_prob candidate_snp
1         1   None             NA        0.0098            NA
  posterior_explained_by_snp dropped_trait   lead_snp
1                         NA      iradjbmi rs13316065
[1] "SPLICING EVENT"
[1] "chr3:49720653:49720800:clu_47552_+:ENSG00000164068.16"
Harmonising fat_distr (fat_distr) and Outcome (Outcome)
Harmonising fat_distr (fat_distr) and Outcome (Outcome)
[1] 240
[1] 240
  iteration traits posterior_prob regional_prob candidate_snp
1         1   None             NA        0.0082            NA
  posterior_explained_by_snp dropped_trait   lead_snp
1                         NA      iradjbmi rs13316065
[1] "SPLICING EVENT"
[1] "chr3:49805997:49806073:clu_45481_-:ENSG00000182179.13"
Harmonising fat_distr (fat_distr) and Outcome (Outcome)
Harmonising fat_distr (fat_distr) and Outcome (Outcome)
[1] 240
[1] 240
  iteration traits posterior_prob regional_prob candidate_snp
1         1   None             NA        0.0076            NA
  posterior_explained_by_snp dropped_trait   lead_snp
1                         NA      iradjbmi rs13316065
[1] "SPLICING EVENT"
[1] "chr3:49807927:49808020:clu_45482_-:ENSG00000182179.13"
Harmonising fat_distr (fat_distr) and Outcome (Outcome)
Harmonising fat_distr (fat_distr) and Outcome (Outcome)
[1] 240
[1] 240
  iteration traits posterior_prob regional_prob candidate_snp
1         1   None             NA        0.0078            NA
  posterior_explained_by_snp dropped_trait   lead_snp
1                         NA      iradjbmi rs13316065
[1] "SPLICING EVENT"
[1] "chr3:49809159:49809390:clu_45483_-:ENSG00000182179.13"
Harmonising fat_distr (fat_distr) and Outcome (Outcome)
Harmonising fat_distr (fat_distr) and Outcome (Outcome)
[1] 240
[1] 240
  iteration traits posterior_prob regional_prob candidate_snp
1         1   None             NA        0.0066            NA
  posterior_explained_by_snp dropped_trait   lead_snp
1                         NA      iradjbmi rs13316065
[1] "SPLICING EVENT"
[1] "chr3:49809159:49809542:clu_45483_-:ENSG00000182179.13"
Harmonising fat_distr (fat_distr) and Outcome (Outcome)
Harmonising fat_distr (fat_distr) and Outcome (Outcome)
[1] 240
[1] 240
  iteration traits posterior_prob regional_prob candidate_snp
1         1   None             NA        0.0047            NA
  posterior_explained_by_snp dropped_trait   lead_snp
1                         NA      iradjbmi rs13316065
[1] "SPLICING EVENT"
[1] "chr3:49809159:49809650:clu_45483_-:ENSG00000182179.13"
Harmonising fat_distr (fat_distr) and Outcome (Outcome)
Harmonising fat_distr (fat_distr) and Outcome (Outcome)
[1] 240
[1] 240
  iteration traits posterior_prob regional_prob candidate_snp
1         1   None             NA        0.0085            NA
  posterior_explained_by_snp dropped_trait   lead_snp
1                         NA      iradjbmi rs13316065
[1] "SPLICING EVENT"
[1] "chr3:49809464:49809542:clu_45483_-:ENSG00000182179.13"
Harmonising fat_distr (fat_distr) and Outcome (Outcome)
Harmonising fat_distr (fat_distr) and Outcome (Outcome)
[1] 240
[1] 240
  iteration traits posterior_prob regional_prob candidate_snp
1         1   None             NA        0.0067            NA
  posterior_explained_by_snp dropped_trait   lead_snp
1                         NA      iradjbmi rs13316065
[1] "SPLICING EVENT"
[1] "chr3:49810183:49810263:clu_45484_-:ENSG00000182179.13"
Harmonising fat_distr (fat_distr) and Outcome (Outcome)
Harmonising fat_distr (fat_distr) and Outcome (Outcome)
[1] 240
[1] 240
  iteration traits posterior_prob regional_prob candidate_snp
1         1   None             NA        0.1028            NA
  posterior_explained_by_snp dropped_trait   lead_snp
1                         NA      iradjbmi rs13316065
[1] "SPLICING EVENT"
[1] "chr3:49810183:49810372:clu_45484_-:ENSG00000182179.13"
Harmonising fat_distr (fat_distr) and Outcome (Outcome)
Harmonising fat_distr (fat_distr) and Outcome (Outcome)
[1] 240
[1] 240
  iteration traits posterior_prob regional_prob candidate_snp
1         1   None             NA         0.135            NA
  posterior_explained_by_snp dropped_trait   lead_snp
1                         NA      iradjbmi rs13316065
[1] "SPLICING EVENT"
[1] "chr3:49810532:49810752:clu_45485_-:ENSG00000182179.13"
Harmonising fat_distr (fat_distr) and Outcome (Outcome)
Harmonising fat_distr (fat_distr) and Outcome (Outcome)
[1] 240
[1] 240
  iteration                                                          traits
1         1 iradjbmi, chr3:49810532:49810752:clu_45485_-:ENSG00000182179.13
  posterior_prob regional_prob candidate_snp posterior_explained_by_snp
1         0.8996        0.9278     rs2291542                     0.1703
  dropped_trait   lead_snp
1            NA rs13316065
[1] "SPLICING EVENT"
[1] "chr3:49810543:49810752:clu_45485_-:ENSG00000182179.13"
Harmonising fat_distr (fat_distr) and Outcome (Outcome)
Harmonising fat_distr (fat_distr) and Outcome (Outcome)
[1] 240
[1] 240
  iteration traits posterior_prob regional_prob candidate_snp
1         1   None             NA        0.0429            NA
  posterior_explained_by_snp dropped_trait   lead_snp
1                         NA      iradjbmi rs13316065
[1] "SPLICING EVENT"
[1] "chr3:49810672:49810752:clu_45485_-:ENSG00000182179.13"
Harmonising fat_distr (fat_distr) and Outcome (Outcome)
Harmonising fat_distr (fat_distr) and Outcome (Outcome)
[1] 240
[1] 240
  iteration                                                          traits
1         1 iradjbmi, chr3:49810672:49810752:clu_45485_-:ENSG00000182179.13
  posterior_prob regional_prob candidate_snp posterior_explained_by_snp
1         0.9499        0.9784     rs2291542                     0.1246
  dropped_trait   lead_snp
1            NA rs13316065
[1] "SPLICING EVENT"
[1] "chr3:49811080:49811273:clu_45486_-:ENSG00000182179.13"
Harmonising fat_distr (fat_distr) and Outcome (Outcome)
Harmonising fat_distr (fat_distr) and Outcome (Outcome)
[1] 240
[1] 240
  iteration traits posterior_prob regional_prob candidate_snp
1         1   None             NA        0.0126            NA
  posterior_explained_by_snp dropped_trait   lead_snp
1                         NA      iradjbmi rs13316065
[1] "SPLICING EVENT"
[1] "chr3:49811091:49811273:clu_45486_-:ENSG00000182179.13"
Harmonising fat_distr (fat_distr) and Outcome (Outcome)
Harmonising fat_distr (fat_distr) and Outcome (Outcome)
[1] 240
[1] 240
  iteration traits posterior_prob regional_prob candidate_snp
1         1   None             NA        0.0141            NA
  posterior_explained_by_snp dropped_trait   lead_snp
1                         NA      iradjbmi rs13316065
[1] "SPLICING EVENT"
[1] "chr3:49811455:49811870:clu_45487_-:ENSG00000182179.13"
Harmonising fat_distr (fat_distr) and Outcome (Outcome)
Harmonising fat_distr (fat_distr) and Outcome (Outcome)
[1] 240
[1] 240
  iteration traits posterior_prob regional_prob candidate_snp
1         1   None             NA        0.0106            NA
  posterior_explained_by_snp dropped_trait   lead_snp
1                         NA      iradjbmi rs13316065
[1] "SPLICING EVENT"
[1] "chr3:49811469:49811870:clu_45487_-:ENSG00000182179.13"
Harmonising fat_distr (fat_distr) and Outcome (Outcome)
Harmonising fat_distr (fat_distr) and Outcome (Outcome)
[1] 240
[1] 240
  iteration traits posterior_prob regional_prob candidate_snp
1         1   None             NA        0.0104            NA
  posterior_explained_by_snp dropped_trait   lead_snp
1                         NA      iradjbmi rs13316065
[1] "SPLICING EVENT"
[1] "chr3:49812543:49812648:clu_45488_-:ENSG00000182179.13"
Harmonising fat_distr (fat_distr) and Outcome (Outcome)
Harmonising fat_distr (fat_distr) and Outcome (Outcome)
[1] 240
[1] 240
  iteration traits posterior_prob regional_prob candidate_snp
1         1   None             NA        0.0075            NA
  posterior_explained_by_snp dropped_trait   lead_snp
1                         NA      iradjbmi rs13316065
[1] "SPLICING EVENT"
[1] "chr3:49812543:49813062:clu_45488_-:ENSG00000182179.13"
Harmonising fat_distr (fat_distr) and Outcome (Outcome)
Harmonising fat_distr (fat_distr) and Outcome (Outcome)
[1] 240
[1] 240
  iteration traits posterior_prob regional_prob candidate_snp
1         1   None             NA         0.006            NA
  posterior_explained_by_snp dropped_trait   lead_snp
1                         NA      iradjbmi rs13316065
[1] "SPLICING EVENT"
[1] "chr3:49812738:49813062:clu_45488_-:ENSG00000182179.13"
Harmonising fat_distr (fat_distr) and Outcome (Outcome)
Harmonising fat_distr (fat_distr) and Outcome (Outcome)
[1] 240
[1] 240
  iteration traits posterior_prob regional_prob candidate_snp
1         1   None             NA        0.0072            NA
  posterior_explained_by_snp dropped_trait   lead_snp
1                         NA      iradjbmi rs13316065
[1] "SPLICING EVENT"
[1] "chr3:49813383:49813479:clu_45489_-:ENSG00000182179.13"
Harmonising fat_distr (fat_distr) and Outcome (Outcome)
Harmonising fat_distr (fat_distr) and Outcome (Outcome)
[1] 240
[1] 240
  iteration traits posterior_prob regional_prob candidate_snp
1         1   None             NA        0.0075            NA
  posterior_explained_by_snp dropped_trait   lead_snp
1                         NA      iradjbmi rs13316065
[1] "SPLICING EVENT"
[1] "chr3:49813647:49813732:clu_45490_-:ENSG00000182179.13"
Harmonising fat_distr (fat_distr) and Outcome (Outcome)
Harmonising fat_distr (fat_distr) and Outcome (Outcome)
[1] 240
[1] 240
  iteration traits posterior_prob regional_prob candidate_snp
1         1   None             NA        0.0122            NA
  posterior_explained_by_snp dropped_trait   lead_snp
1                         NA      iradjbmi rs13316065
[1] "LEAD INDEX"
[1] 11
[1] "SPLICING EVENT"
[1] "chr3:52287876:52290304:clu_47642_+:ENSG00000168237.18"
Harmonising fat_distr (fat_distr) and Outcome (Outcome)
Harmonising fat_distr (fat_distr) and Outcome (Outcome)
[1] 337
[1] 337
  iteration traits posterior_prob regional_prob candidate_snp
1         1   None             NA        0.0097            NA
  posterior_explained_by_snp dropped_trait   lead_snp
1                         NA      iradjbmi rs17052061
[1] "SPLICING EVENT"
[1] "chr3:52287876:52290960:clu_47642_+:ENSG00000168237.18"
Harmonising fat_distr (fat_distr) and Outcome (Outcome)
Harmonising fat_distr (fat_distr) and Outcome (Outcome)
[1] 337
[1] 337
  iteration traits posterior_prob regional_prob candidate_snp
1         1   None             NA        0.1332            NA
  posterior_explained_by_snp dropped_trait   lead_snp
1                         NA      iradjbmi rs17052061
[1] "SPLICING EVENT"
[1] "chr3:52290719:52290960:clu_47642_+:ENSG00000168237.18"
Harmonising fat_distr (fat_distr) and Outcome (Outcome)
Harmonising fat_distr (fat_distr) and Outcome (Outcome)
[1] 337
[1] 337
  iteration traits posterior_prob regional_prob candidate_snp
1         1   None             NA        0.0541            NA
  posterior_explained_by_snp dropped_trait   lead_snp
1                         NA      iradjbmi rs17052061
[1] "SPLICING EVENT"
[1] "chr3:52291111:52291747:clu_47643_+:ENSG00000168237.18"
Harmonising fat_distr (fat_distr) and Outcome (Outcome)
Harmonising fat_distr (fat_distr) and Outcome (Outcome)
[1] 337
[1] 337
  iteration traits posterior_prob regional_prob candidate_snp
1         1   None             NA        0.0874            NA
  posterior_explained_by_snp dropped_trait   lead_snp
1                         NA      iradjbmi rs17052061
[1] "SPLICING EVENT"
[1] "chr3:52291111:52292260:clu_47643_+:ENSG00000168237.18"
Harmonising fat_distr (fat_distr) and Outcome (Outcome)
Harmonising fat_distr (fat_distr) and Outcome (Outcome)
[1] 337
[1] 337
  iteration traits posterior_prob regional_prob candidate_snp
1         1   None             NA        0.0399            NA
  posterior_explained_by_snp dropped_trait   lead_snp
1                         NA      iradjbmi rs17052061
[1] "SPLICING EVENT"
[1] "chr3:52291111:52316455:clu_47643_+:ENSG00000168237.18"
Harmonising fat_distr (fat_distr) and Outcome (Outcome)
Harmonising fat_distr (fat_distr) and Outcome (Outcome)
[1] 337
[1] 337
  iteration traits posterior_prob regional_prob candidate_snp
1         1   None             NA        0.1666            NA
  posterior_explained_by_snp dropped_trait   lead_snp
1                         NA      iradjbmi rs17052061
[1] "SPLICING EVENT"
[1] "chr3:52291922:52292260:clu_47643_+:ENSG00000168237.18"
Harmonising fat_distr (fat_distr) and Outcome (Outcome)
Harmonising fat_distr (fat_distr) and Outcome (Outcome)
[1] 337
[1] 337
  iteration traits posterior_prob regional_prob candidate_snp
1         1   None             NA         0.017            NA
  posterior_explained_by_snp dropped_trait   lead_snp
1                         NA      iradjbmi rs17052061
[1] "SPLICING EVENT"
[1] "chr3:52292569:52293046:clu_47643_+:ENSG00000168237.18"
Harmonising fat_distr (fat_distr) and Outcome (Outcome)
Harmonising fat_distr (fat_distr) and Outcome (Outcome)
[1] 337
[1] 337
  iteration traits posterior_prob regional_prob candidate_snp
1         1   None             NA        0.0157            NA
  posterior_explained_by_snp dropped_trait   lead_snp
1                         NA      iradjbmi rs17052061
[1] "SPLICING EVENT"
[1] "chr3:52293174:52293307:clu_47643_+:ENSG00000168237.18"
Harmonising fat_distr (fat_distr) and Outcome (Outcome)
Harmonising fat_distr (fat_distr) and Outcome (Outcome)
[1] 337
[1] 337
  iteration traits posterior_prob regional_prob candidate_snp
1         1   None             NA        0.0085            NA
  posterior_explained_by_snp dropped_trait   lead_snp
1                         NA      iradjbmi rs17052061
[1] "SPLICING EVENT"
[1] "chr3:52293192:52293307:clu_47643_+:ENSG00000168237.18"
Harmonising fat_distr (fat_distr) and Outcome (Outcome)
Harmonising fat_distr (fat_distr) and Outcome (Outcome)
[1] 337
[1] 337
  iteration traits posterior_prob regional_prob candidate_snp
1         1   None             NA        0.0084            NA
  posterior_explained_by_snp dropped_trait   lead_snp
1                         NA      iradjbmi rs17052061
[1] "SPLICING EVENT"
[1] "chr3:52316034:52316455:clu_47643_+:ENSG00000168237.18"
Harmonising fat_distr (fat_distr) and Outcome (Outcome)
Harmonising fat_distr (fat_distr) and Outcome (Outcome)
[1] 337
[1] 337
  iteration traits posterior_prob regional_prob candidate_snp
1         1   None             NA        0.0074            NA
  posterior_explained_by_snp dropped_trait   lead_snp
1                         NA      iradjbmi rs17052061
[1] "SPLICING EVENT"
[1] "chr3:52322775:52323808:clu_47643_+:ENSG00000168237.18"
Harmonising fat_distr (fat_distr) and Outcome (Outcome)
Harmonising fat_distr (fat_distr) and Outcome (Outcome)
[1] 337
[1] 337
  iteration traits posterior_prob regional_prob candidate_snp
1         1   None             NA        0.0126            NA
  posterior_explained_by_snp dropped_trait   lead_snp
1                         NA      iradjbmi rs17052061
[1] "SPLICING EVENT"
[1] "chr3:52322775:52326140:clu_47643_+:ENSG00000168237.18"
Harmonising fat_distr (fat_distr) and Outcome (Outcome)
Harmonising fat_distr (fat_distr) and Outcome (Outcome)
[1] 337
[1] 337
  iteration traits posterior_prob regional_prob candidate_snp
1         1   None             NA        0.0106            NA
  posterior_explained_by_snp dropped_trait   lead_snp
1                         NA      iradjbmi rs17052061
[1] "SPLICING EVENT"
[1] "chr3:52323880:52326140:clu_47643_+:ENSG00000168237.18"
Harmonising fat_distr (fat_distr) and Outcome (Outcome)
Harmonising fat_distr (fat_distr) and Outcome (Outcome)
[1] 337
[1] 337
  iteration traits posterior_prob regional_prob candidate_snp
1         1   None             NA        0.0076            NA
  posterior_explained_by_snp dropped_trait   lead_snp
1                         NA      iradjbmi rs17052061
[1] "SPLICING EVENT"
[1] "chr3:52411247:52412811:clu_47676_+:ENSG00000010318.22"
Harmonising fat_distr (fat_distr) and Outcome (Outcome)
Harmonising fat_distr (fat_distr) and Outcome (Outcome)
[1] 337
[1] 337
  iteration traits posterior_prob regional_prob candidate_snp
1         1   None             NA        0.0093            NA
  posterior_explained_by_snp dropped_trait   lead_snp
1                         NA      iradjbmi rs17052061
[1] "SPLICING EVENT"
[1] "chr3:52411339:52412811:clu_47676_+:ENSG00000010318.22"
Harmonising fat_distr (fat_distr) and Outcome (Outcome)
Harmonising fat_distr (fat_distr) and Outcome (Outcome)
[1] 337
[1] 337
  iteration traits posterior_prob regional_prob candidate_snp
1         1   None             NA        0.0087            NA
  posterior_explained_by_snp dropped_trait   lead_snp
1                         NA      iradjbmi rs17052061
[1] "SPLICING EVENT"
[1] "chr3:52412920:52413996:clu_47677_+:ENSG00000010318.22"
Harmonising fat_distr (fat_distr) and Outcome (Outcome)
Harmonising fat_distr (fat_distr) and Outcome (Outcome)
[1] 337
[1] 337
  iteration traits posterior_prob regional_prob candidate_snp
1         1   None             NA        0.0103            NA
  posterior_explained_by_snp dropped_trait   lead_snp
1                         NA      iradjbmi rs17052061
[1] "SPLICING EVENT"
[1] "chr3:52414048:52414496:clu_47677_+:ENSG00000010318.22"
Harmonising fat_distr (fat_distr) and Outcome (Outcome)
Harmonising fat_distr (fat_distr) and Outcome (Outcome)
[1] 337
[1] 337
  iteration traits posterior_prob regional_prob candidate_snp
1         1   None             NA        0.0115            NA
  posterior_explained_by_snp dropped_trait   lead_snp
1                         NA      iradjbmi rs17052061
[1] "SPLICING EVENT"
[1] "chr3:52414587:52414728:clu_47678_+:ENSG00000010318.22"
Harmonising fat_distr (fat_distr) and Outcome (Outcome)
Harmonising fat_distr (fat_distr) and Outcome (Outcome)
[1] 337
[1] 337
  iteration traits posterior_prob regional_prob candidate_snp
1         1   None             NA        0.0102            NA
  posterior_explained_by_snp dropped_trait   lead_snp
1                         NA      iradjbmi rs17052061
[1] "SPLICING EVENT"
[1] "chr3:52414587:52419833:clu_47678_+:ENSG00000010318.22"
Harmonising fat_distr (fat_distr) and Outcome (Outcome)
Harmonising fat_distr (fat_distr) and Outcome (Outcome)
[1] 337
[1] 337
  iteration traits posterior_prob regional_prob candidate_snp
1         1   None             NA        0.0103            NA
  posterior_explained_by_snp dropped_trait   lead_snp
1                         NA      iradjbmi rs17052061
[1] "SPLICING EVENT"
[1] "chr3:52419934:52420311:clu_47679_+:ENSG00000010318.22"
Harmonising fat_distr (fat_distr) and Outcome (Outcome)
Harmonising fat_distr (fat_distr) and Outcome (Outcome)
[1] 337
[1] 337
  iteration traits posterior_prob regional_prob candidate_snp
1         1   None             NA        0.0112            NA
  posterior_explained_by_snp dropped_trait   lead_snp
1                         NA      iradjbmi rs17052061
[1] "SPLICING EVENT"
[1] "chr3:52420435:52420903:clu_47679_+:ENSG00000010318.22"
Harmonising fat_distr (fat_distr) and Outcome (Outcome)
Harmonising fat_distr (fat_distr) and Outcome (Outcome)
[1] 337
[1] 337
  iteration traits posterior_prob regional_prob candidate_snp
1         1   None             NA        0.0087            NA
  posterior_explained_by_snp dropped_trait   lead_snp
1                         NA      iradjbmi rs17052061
[1] "SPLICING EVENT"
[1] "chr3:52421062:52421648:clu_47679_+:ENSG00000010318.22"
Harmonising fat_distr (fat_distr) and Outcome (Outcome)
Harmonising fat_distr (fat_distr) and Outcome (Outcome)
[1] 337
[1] 337
  iteration traits posterior_prob regional_prob candidate_snp
1         1   None             NA        0.0093            NA
  posterior_explained_by_snp dropped_trait   lead_snp
1                         NA      iradjbmi rs17052061
[1] "SPLICING EVENT"
[1] "chr3:52421754:52422222:clu_47680_+:ENSG00000010318.22"
Harmonising fat_distr (fat_distr) and Outcome (Outcome)
Harmonising fat_distr (fat_distr) and Outcome (Outcome)
[1] 337
[1] 337
  iteration traits posterior_prob regional_prob candidate_snp
1         1   None             NA        0.0098            NA
  posterior_explained_by_snp dropped_trait   lead_snp
1                         NA      iradjbmi rs17052061
[1] "SPLICING EVENT"
[1] "chr3:52421754:52422760:clu_47680_+:ENSG00000010318.22"
Harmonising fat_distr (fat_distr) and Outcome (Outcome)
Harmonising fat_distr (fat_distr) and Outcome (Outcome)
[1] 337
[1] 337
  iteration traits posterior_prob regional_prob candidate_snp
1         1   None             NA        0.0084            NA
  posterior_explained_by_snp dropped_trait   lead_snp
1                         NA      iradjbmi rs17052061
[1] "SPLICING EVENT"
[1] "chr3:52421754:52423091:clu_47680_+:ENSG00000010318.22"
Harmonising fat_distr (fat_distr) and Outcome (Outcome)
Harmonising fat_distr (fat_distr) and Outcome (Outcome)
[1] 337
[1] 337
  iteration                                                          traits
1         1 iradjbmi, chr3:52421754:52423091:clu_47680_+:ENSG00000010318.22
  posterior_prob regional_prob candidate_snp posterior_explained_by_snp
1         0.8868        0.9892     rs2335640                     0.1315
  dropped_trait   lead_snp
1            NA rs17052061
[1] "SPLICING EVENT"
[1] "chr3:52422338:52422760:clu_47680_+:ENSG00000010318.22"
Harmonising fat_distr (fat_distr) and Outcome (Outcome)
Harmonising fat_distr (fat_distr) and Outcome (Outcome)
[1] 337
[1] 337
  iteration traits posterior_prob regional_prob candidate_snp
1         1   None             NA        0.0104            NA
  posterior_explained_by_snp dropped_trait   lead_snp
1                         NA      iradjbmi rs17052061
[1] "SPLICING EVENT"
[1] "chr3:52422881:52423091:clu_47680_+:ENSG00000010318.22"
Harmonising fat_distr (fat_distr) and Outcome (Outcome)
Harmonising fat_distr (fat_distr) and Outcome (Outcome)
[1] 337
[1] 337
  iteration traits posterior_prob regional_prob candidate_snp
1         1   None             NA         0.143            NA
  posterior_explained_by_snp dropped_trait   lead_snp
1                         NA      iradjbmi rs17052061
[1] "SPLICING EVENT"
[1] "chr3:52436073:52437527:clu_45581_-:ENSG00000010319.7"
Harmonising fat_distr (fat_distr) and Outcome (Outcome)
Harmonising fat_distr (fat_distr) and Outcome (Outcome)
[1] 337
[1] 337
  iteration traits posterior_prob regional_prob candidate_snp
1         1   None             NA        0.0166            NA
  posterior_explained_by_snp dropped_trait   lead_snp
1                         NA      iradjbmi rs17052061
[1] "SPLICING EVENT"
[1] "chr3:52436073:52437971:clu_45581_-:ENSG00000010319.7"
Harmonising fat_distr (fat_distr) and Outcome (Outcome)
Harmonising fat_distr (fat_distr) and Outcome (Outcome)
[1] 337
[1] 337
  iteration traits posterior_prob regional_prob candidate_snp
1         1   None             NA        0.0088            NA
  posterior_explained_by_snp dropped_trait   lead_snp
1                         NA      iradjbmi rs17052061
[1] "SPLICING EVENT"
[1] "chr3:52437666:52437971:clu_45581_-:ENSG00000010319.7"
Harmonising fat_distr (fat_distr) and Outcome (Outcome)
Harmonising fat_distr (fat_distr) and Outcome (Outcome)
[1] 337
[1] 337
  iteration traits posterior_prob regional_prob candidate_snp
1         1   None             NA        0.0204            NA
  posterior_explained_by_snp dropped_trait   lead_snp
1                         NA      iradjbmi rs17052061
[1] "SPLICING EVENT"
[1] "chr3:52438199:52438745:clu_45582_-:ENSG00000010319.7"
Harmonising fat_distr (fat_distr) and Outcome (Outcome)
Harmonising fat_distr (fat_distr) and Outcome (Outcome)
[1] 337
[1] 337
  iteration traits posterior_prob regional_prob candidate_snp
1         1   None             NA        0.0142            NA
  posterior_explained_by_snp dropped_trait   lead_snp
1                         NA      iradjbmi rs17052061
[1] "SPLICING EVENT"
[1] "chr3:52438199:52438920:clu_45582_-:ENSG00000010319.7"
Harmonising fat_distr (fat_distr) and Outcome (Outcome)
Harmonising fat_distr (fat_distr) and Outcome (Outcome)
[1] 337
[1] 337
  iteration traits posterior_prob regional_prob candidate_snp
1         1   None             NA        0.0112            NA
  posterior_explained_by_snp dropped_trait   lead_snp
1                         NA      iradjbmi rs17052061
[1] "SPLICING EVENT"
[1] "chr3:52439736:52439867:clu_45583_-:ENSG00000010319.7"
Harmonising fat_distr (fat_distr) and Outcome (Outcome)
Harmonising fat_distr (fat_distr) and Outcome (Outcome)
[1] 337
[1] 337
  iteration traits posterior_prob regional_prob candidate_snp
1         1   None             NA        0.0106            NA
  posterior_explained_by_snp dropped_trait   lead_snp
1                         NA      iradjbmi rs17052061
[1] "SPLICING EVENT"
[1] "chr3:52439771:52439867:clu_45583_-:ENSG00000010319.7"
Harmonising fat_distr (fat_distr) and Outcome (Outcome)
Harmonising fat_distr (fat_distr) and Outcome (Outcome)
[1] 337
[1] 337
  iteration traits posterior_prob regional_prob candidate_snp
1         1   None             NA        0.0119            NA
  posterior_explained_by_snp dropped_trait   lead_snp
1                         NA      iradjbmi rs17052061
[1] "SPLICING EVENT"
[1] "chr3:52440098:52440377:clu_45584_-:ENSG00000010319.7"
Harmonising fat_distr (fat_distr) and Outcome (Outcome)
Harmonising fat_distr (fat_distr) and Outcome (Outcome)
[1] 337
[1] 337
  iteration traits posterior_prob regional_prob candidate_snp
1         1   None             NA        0.0166            NA
  posterior_explained_by_snp dropped_trait   lead_snp
1                         NA      iradjbmi rs17052061
[1] "SPLICING EVENT"
[1] "chr3:52440098:52440754:clu_45584_-:ENSG00000010319.7"
Harmonising fat_distr (fat_distr) and Outcome (Outcome)
Harmonising fat_distr (fat_distr) and Outcome (Outcome)
[1] 337
[1] 337
  iteration traits posterior_prob regional_prob candidate_snp
1         1   None             NA        0.0203            NA
  posterior_explained_by_snp dropped_trait   lead_snp
1                         NA      iradjbmi rs17052061
[1] "SPLICING EVENT"
[1] "chr3:52440521:52440754:clu_45584_-:ENSG00000010319.7"
Harmonising fat_distr (fat_distr) and Outcome (Outcome)
Harmonising fat_distr (fat_distr) and Outcome (Outcome)
[1] 337
[1] 337
  iteration traits posterior_prob regional_prob candidate_snp
1         1   None             NA        0.0089            NA
  posterior_explained_by_snp dropped_trait   lead_snp
1                         NA      iradjbmi rs17052061
[1] "SPLICING EVENT"
[1] "chr3:52441690:52441819:clu_45587_-:ENSG00000010319.7"
Harmonising fat_distr (fat_distr) and Outcome (Outcome)
Harmonising fat_distr (fat_distr) and Outcome (Outcome)
[1] 337
[1] 337
  iteration traits posterior_prob regional_prob candidate_snp
1         1   None             NA        0.0106            NA
  posterior_explained_by_snp dropped_trait   lead_snp
1                         NA      iradjbmi rs17052061
[1] "SPLICING EVENT"
[1] "chr3:52441690:52442185:clu_45587_-:ENSG00000010319.7"
Harmonising fat_distr (fat_distr) and Outcome (Outcome)
Harmonising fat_distr (fat_distr) and Outcome (Outcome)
[1] 337
[1] 337
  iteration traits posterior_prob regional_prob candidate_snp
1         1   None             NA        0.0144            NA
  posterior_explained_by_snp dropped_trait   lead_snp
1                         NA      iradjbmi rs17052061
[1] "SPLICING EVENT"
[1] "chr3:52441909:52442185:clu_45587_-:ENSG00000010319.7"
Harmonising fat_distr (fat_distr) and Outcome (Outcome)
Harmonising fat_distr (fat_distr) and Outcome (Outcome)
[1] 337
[1] 337
  iteration traits posterior_prob regional_prob candidate_snp
1         1   None             NA        0.0152            NA
  posterior_explained_by_snp dropped_trait   lead_snp
1                         NA      iradjbmi rs17052061
[1] "SPLICING EVENT"
[1] "chr3:52442300:52442559:clu_45588_-:ENSG00000010319.7"
Harmonising fat_distr (fat_distr) and Outcome (Outcome)
Harmonising fat_distr (fat_distr) and Outcome (Outcome)
[1] 337
[1] 337
  iteration traits posterior_prob regional_prob candidate_snp
1         1   None             NA        0.0258            NA
  posterior_explained_by_snp dropped_trait   lead_snp
1                         NA      iradjbmi rs17052061
[1] "SPLICING EVENT"
[1] "chr3:52442304:52442559:clu_45588_-:ENSG00000010319.7"
Harmonising fat_distr (fat_distr) and Outcome (Outcome)
Harmonising fat_distr (fat_distr) and Outcome (Outcome)
[1] 337
[1] 337
  iteration                                                         traits
1         1 iradjbmi, chr3:52442304:52442559:clu_45588_-:ENSG00000010319.7
  posterior_prob regional_prob candidate_snp posterior_explained_by_snp
1         0.5869        0.7409     rs2016575                     0.1988
  dropped_trait   lead_snp
1            NA rs17052061
[1] "SPLICING EVENT"
[1] "chr3:52442304:52442747:clu_45588_-:ENSG00000010319.7"
Harmonising fat_distr (fat_distr) and Outcome (Outcome)
Harmonising fat_distr (fat_distr) and Outcome (Outcome)
[1] 337
[1] 337
  iteration                                                         traits
1         1 iradjbmi, chr3:52442304:52442747:clu_45588_-:ENSG00000010319.7
  posterior_prob regional_prob candidate_snp posterior_explained_by_snp
1         0.7789        0.8266     rs2016575                     0.2733
  dropped_trait   lead_snp
1            NA rs17052061
[1] "SPLICING EVENT"
[1] "chr3:52442304:52444913:clu_45588_-:ENSG00000010319.7"
Harmonising fat_distr (fat_distr) and Outcome (Outcome)
Harmonising fat_distr (fat_distr) and Outcome (Outcome)
[1] 337
[1] 337
  iteration traits posterior_prob regional_prob candidate_snp
1         1   None             NA        0.0102            NA
  posterior_explained_by_snp dropped_trait   lead_snp
1                         NA      iradjbmi rs17052061
[1] "SPLICING EVENT"
[1] "chr3:52442621:52442747:clu_45588_-:ENSG00000010319.7"
Harmonising fat_distr (fat_distr) and Outcome (Outcome)
Harmonising fat_distr (fat_distr) and Outcome (Outcome)
[1] 337
[1] 337
  iteration traits posterior_prob regional_prob candidate_snp
1         1   None             NA        0.0125            NA
  posterior_explained_by_snp dropped_trait   lead_snp
1                         NA      iradjbmi rs17052061
[1] "SPLICING EVENT"
[1] "chr3:52442863:52444913:clu_45588_-:ENSG00000010319.7"
Harmonising fat_distr (fat_distr) and Outcome (Outcome)
Harmonising fat_distr (fat_distr) and Outcome (Outcome)
[1] 337
[1] 337
  iteration traits posterior_prob regional_prob candidate_snp
1         1   None             NA        0.0119            NA
  posterior_explained_by_snp dropped_trait   lead_snp
1                         NA      iradjbmi rs17052061
[1] "SPLICING EVENT"
[1] "chr3:52442907:52443016:clu_45588_-:ENSG00000010319.7"
Harmonising fat_distr (fat_distr) and Outcome (Outcome)
Harmonising fat_distr (fat_distr) and Outcome (Outcome)
[1] 337
[1] 337
  iteration                                                         traits
1         1 iradjbmi, chr3:52442907:52443016:clu_45588_-:ENSG00000010319.7
  posterior_prob regional_prob candidate_snp posterior_explained_by_snp
1         0.9339             1     rs2016575                          1
  dropped_trait   lead_snp
1            NA rs17052061
[1] "SPLICING EVENT"
[1] "chr3:52442907:52444913:clu_45588_-:ENSG00000010319.7"
Harmonising fat_distr (fat_distr) and Outcome (Outcome)
Harmonising fat_distr (fat_distr) and Outcome (Outcome)
[1] 337
[1] 337
  iteration                                                         traits
1         1 iradjbmi, chr3:52442907:52444913:clu_45588_-:ENSG00000010319.7
  posterior_prob regional_prob candidate_snp posterior_explained_by_snp
1          0.938             1     rs2016575                     0.7648
  dropped_trait   lead_snp
1            NA rs17052061
[1] "SPLICING EVENT"
[1] "chr3:52443069:52444913:clu_45588_-:ENSG00000010319.7"
Harmonising fat_distr (fat_distr) and Outcome (Outcome)
Harmonising fat_distr (fat_distr) and Outcome (Outcome)
[1] 337
[1] 337
  iteration                                                         traits
1         1 iradjbmi, chr3:52443069:52444913:clu_45588_-:ENSG00000010319.7
  posterior_prob regional_prob candidate_snp posterior_explained_by_snp
1         0.9339             1     rs2016575                          1
  dropped_trait   lead_snp
1            NA rs17052061
[1] "SPLICING EVENT"
[1] "chr3:52458844:52470859:clu_47681_+:ENSG00000010322.16"
Harmonising fat_distr (fat_distr) and Outcome (Outcome)
Harmonising fat_distr (fat_distr) and Outcome (Outcome)
[1] 337
[1] 337
  iteration traits posterior_prob regional_prob candidate_snp
1         1   None             NA        0.0081            NA
  posterior_explained_by_snp dropped_trait   lead_snp
1                         NA      iradjbmi rs17052061
[1] "SPLICING EVENT"
[1] "chr3:52470907:52471291:clu_47682_+:ENSG00000010322.16"
Harmonising fat_distr (fat_distr) and Outcome (Outcome)
Harmonising fat_distr (fat_distr) and Outcome (Outcome)
[1] 337
[1] 337
  iteration traits posterior_prob regional_prob candidate_snp
1         1   None             NA        0.9999            NA
  posterior_explained_by_snp dropped_trait   lead_snp
1                         NA      iradjbmi rs17052061
[1] "SPLICING EVENT"
[1] "chr3:52470907:52471814:clu_47682_+:ENSG00000010322.16"
Harmonising fat_distr (fat_distr) and Outcome (Outcome)
Harmonising fat_distr (fat_distr) and Outcome (Outcome)
[1] 337
[1] 337
  iteration traits posterior_prob regional_prob candidate_snp
1         1   None             NA        0.9999            NA
  posterior_explained_by_snp dropped_trait   lead_snp
1                         NA      iradjbmi rs17052061
[1] "SPLICING EVENT"
[1] "chr3:52473829:52474139:clu_47683_+:ENSG00000010322.16"
Harmonising fat_distr (fat_distr) and Outcome (Outcome)
Harmonising fat_distr (fat_distr) and Outcome (Outcome)
[1] 337
[1] 337
  iteration traits posterior_prob regional_prob candidate_snp
1         1   None             NA        0.0104            NA
  posterior_explained_by_snp dropped_trait   lead_snp
1                         NA      iradjbmi rs17052061
[1] "SPLICING EVENT"
[1] "chr3:52473829:52476447:clu_47683_+:ENSG00000010322.16"
Harmonising fat_distr (fat_distr) and Outcome (Outcome)
Harmonising fat_distr (fat_distr) and Outcome (Outcome)
[1] 337
[1] 337
  iteration traits posterior_prob regional_prob candidate_snp
1         1   None             NA        0.0113            NA
  posterior_explained_by_snp dropped_trait   lead_snp
1                         NA      iradjbmi rs17052061
[1] "SPLICING EVENT"
[1] "chr3:52473829:52477574:clu_47683_+:ENSG00000010322.16"
Harmonising fat_distr (fat_distr) and Outcome (Outcome)
Harmonising fat_distr (fat_distr) and Outcome (Outcome)
[1] 337
[1] 337
  iteration traits posterior_prob regional_prob candidate_snp
1         1   None             NA        0.0298            NA
  posterior_explained_by_snp dropped_trait   lead_snp
1                         NA      iradjbmi rs17052061
[1] "SPLICING EVENT"
[1] "chr3:52476599:52477574:clu_47683_+:ENSG00000010322.16"
Harmonising fat_distr (fat_distr) and Outcome (Outcome)
Harmonising fat_distr (fat_distr) and Outcome (Outcome)
[1] 337
[1] 337
  iteration traits posterior_prob regional_prob candidate_snp
1         1   None             NA        0.0126            NA
  posterior_explained_by_snp dropped_trait   lead_snp
1                         NA      iradjbmi rs17052061
[1] "SPLICING EVENT"
[1] "chr3:52477642:52478097:clu_47684_+:ENSG00000010322.16"
Harmonising fat_distr (fat_distr) and Outcome (Outcome)
Harmonising fat_distr (fat_distr) and Outcome (Outcome)
[1] 337
[1] 337
  iteration traits posterior_prob regional_prob candidate_snp
1         1   None             NA         0.013            NA
  posterior_explained_by_snp dropped_trait   lead_snp
1                         NA      iradjbmi rs17052061
[1] "SPLICING EVENT"
[1] "chr3:52477642:52478155:clu_47684_+:ENSG00000010322.16"
Harmonising fat_distr (fat_distr) and Outcome (Outcome)
Harmonising fat_distr (fat_distr) and Outcome (Outcome)
[1] 337
[1] 337
  iteration traits posterior_prob regional_prob candidate_snp
1         1   None             NA        0.0111            NA
  posterior_explained_by_snp dropped_trait   lead_snp
1                         NA      iradjbmi rs17052061
[1] "SPLICING EVENT"
[1] "chr3:52478282:52478373:clu_47685_+:ENSG00000010322.16"
Harmonising fat_distr (fat_distr) and Outcome (Outcome)
Harmonising fat_distr (fat_distr) and Outcome (Outcome)
[1] 337
[1] 337
  iteration traits posterior_prob regional_prob candidate_snp
1         1   None             NA        0.0319            NA
  posterior_explained_by_snp dropped_trait   lead_snp
1                         NA      iradjbmi rs17052061
[1] "SPLICING EVENT"
[1] "chr3:52478282:52478375:clu_47685_+:ENSG00000010322.16"
Harmonising fat_distr (fat_distr) and Outcome (Outcome)
Harmonising fat_distr (fat_distr) and Outcome (Outcome)
[1] 337
[1] 337
  iteration traits posterior_prob regional_prob candidate_snp
1         1   None             NA        0.0269            NA
  posterior_explained_by_snp dropped_trait   lead_snp
1                         NA      iradjbmi rs17052061
[1] "SPLICING EVENT"
[1] "chr3:52478282:52478449:clu_47685_+:ENSG00000010322.16"
Harmonising fat_distr (fat_distr) and Outcome (Outcome)
Harmonising fat_distr (fat_distr) and Outcome (Outcome)
[1] 337
[1] 337
  iteration traits posterior_prob regional_prob candidate_snp
1         1   None             NA        0.0153            NA
  posterior_explained_by_snp dropped_trait   lead_snp
1                         NA      iradjbmi rs17052061
[1] "SPLICING EVENT"
[1] "chr3:52478577:52479749:clu_47686_+:ENSG00000010322.16"
Harmonising fat_distr (fat_distr) and Outcome (Outcome)
Harmonising fat_distr (fat_distr) and Outcome (Outcome)
[1] 337
[1] 337
  iteration traits posterior_prob regional_prob candidate_snp
1         1   None             NA        0.0298            NA
  posterior_explained_by_snp dropped_trait   lead_snp
1                         NA      iradjbmi rs17052061
[1] "SPLICING EVENT"
[1] "chr3:52479058:52479749:clu_47686_+:ENSG00000010322.16"
Harmonising fat_distr (fat_distr) and Outcome (Outcome)
Harmonising fat_distr (fat_distr) and Outcome (Outcome)
[1] 337
[1] 337
  iteration traits posterior_prob regional_prob candidate_snp
1         1   None             NA         0.028            NA
  posterior_explained_by_snp dropped_trait   lead_snp
1                         NA      iradjbmi rs17052061
[1] "SPLICING EVENT"
[1] "chr3:52480295:52480879:clu_47690_+:ENSG00000010322.16"
Harmonising fat_distr (fat_distr) and Outcome (Outcome)
Harmonising fat_distr (fat_distr) and Outcome (Outcome)
[1] 337
[1] 337
  iteration traits posterior_prob regional_prob candidate_snp
1         1   None             NA          0.01            NA
  posterior_explained_by_snp dropped_trait   lead_snp
1                         NA      iradjbmi rs17052061
[1] "SPLICING EVENT"
[1] "chr3:52480295:52482642:clu_47690_+:ENSG00000010322.16"
Harmonising fat_distr (fat_distr) and Outcome (Outcome)
Harmonising fat_distr (fat_distr) and Outcome (Outcome)
[1] 337
[1] 337
  iteration traits posterior_prob regional_prob candidate_snp
1         1   None             NA        0.0327            NA
  posterior_explained_by_snp dropped_trait   lead_snp
1                         NA      iradjbmi rs17052061
[1] "SPLICING EVENT"
[1] "chr3:52480295:52484513:clu_47690_+:ENSG00000010322.16"
Harmonising fat_distr (fat_distr) and Outcome (Outcome)
Harmonising fat_distr (fat_distr) and Outcome (Outcome)
[1] 337
[1] 337
  iteration traits posterior_prob regional_prob candidate_snp
1         1   None             NA        0.0092            NA
  posterior_explained_by_snp dropped_trait   lead_snp
1                         NA      iradjbmi rs17052061
[1] "SPLICING EVENT"
[1] "chr3:52480303:52480879:clu_47690_+:ENSG00000010322.16"
Harmonising fat_distr (fat_distr) and Outcome (Outcome)
Harmonising fat_distr (fat_distr) and Outcome (Outcome)
[1] 337
[1] 337
  iteration traits posterior_prob regional_prob candidate_snp
1         1   None             NA        0.0113            NA
  posterior_explained_by_snp dropped_trait   lead_snp
1                         NA      iradjbmi rs17052061
[1] "SPLICING EVENT"
[1] "chr3:52482767:52484513:clu_47690_+:ENSG00000010322.16"
Harmonising fat_distr (fat_distr) and Outcome (Outcome)
Harmonising fat_distr (fat_distr) and Outcome (Outcome)
[1] 337
[1] 337
  iteration traits posterior_prob regional_prob candidate_snp
1         1   None             NA        0.1758            NA
  posterior_explained_by_snp dropped_trait   lead_snp
1                         NA      iradjbmi rs17052061
[1] "SPLICING EVENT"
[1] "chr3:52484637:52485778:clu_47691_+:ENSG00000010322.16"
Harmonising fat_distr (fat_distr) and Outcome (Outcome)
Harmonising fat_distr (fat_distr) and Outcome (Outcome)
[1] 337
[1] 337
  iteration traits posterior_prob regional_prob candidate_snp
1         1   None             NA        0.0095            NA
  posterior_explained_by_snp dropped_trait   lead_snp
1                         NA      iradjbmi rs17052061
[1] "SPLICING EVENT"
[1] "chr3:52484637:52485782:clu_47691_+:ENSG00000010322.16"
Harmonising fat_distr (fat_distr) and Outcome (Outcome)
Harmonising fat_distr (fat_distr) and Outcome (Outcome)
[1] 337
[1] 337
  iteration traits posterior_prob regional_prob candidate_snp
1         1   None             NA        0.0093            NA
  posterior_explained_by_snp dropped_trait   lead_snp
1                         NA      iradjbmi rs17052061
[1] "SPLICING EVENT"
[1] "chr3:52485827:52486470:clu_47693_+:ENSG00000010322.16"
Harmonising fat_distr (fat_distr) and Outcome (Outcome)
Harmonising fat_distr (fat_distr) and Outcome (Outcome)
[1] 337
[1] 337
  iteration traits posterior_prob regional_prob candidate_snp
1         1   None             NA        0.9687            NA
  posterior_explained_by_snp dropped_trait   lead_snp
1                         NA      iradjbmi rs17052061
[1] "SPLICING EVENT"
[1] "chr3:52485827:52487196:clu_47693_+:ENSG00000010322.16"
Harmonising fat_distr (fat_distr) and Outcome (Outcome)
Harmonising fat_distr (fat_distr) and Outcome (Outcome)
[1] 337
[1] 337
  iteration traits posterior_prob regional_prob candidate_snp
1         1   None             NA        0.4052            NA
  posterior_explained_by_snp dropped_trait   lead_snp
1                         NA      iradjbmi rs17052061
[1] "SPLICING EVENT"
[1] "chr3:52486552:52487196:clu_47693_+:ENSG00000010322.16"
Harmonising fat_distr (fat_distr) and Outcome (Outcome)
Harmonising fat_distr (fat_distr) and Outcome (Outcome)
[1] 337
[1] 337
  iteration traits posterior_prob regional_prob candidate_snp
1         1   None             NA        0.3943            NA
  posterior_explained_by_snp dropped_trait   lead_snp
1                         NA      iradjbmi rs17052061
[1] "SPLICING EVENT"
[1] "chr3:52489678:52490075:clu_47692_+:ENSG00000010322.16"
Harmonising fat_distr (fat_distr) and Outcome (Outcome)
Harmonising fat_distr (fat_distr) and Outcome (Outcome)
[1] 337
[1] 337
  iteration traits posterior_prob regional_prob candidate_snp
1         1   None             NA        0.0123            NA
  posterior_explained_by_snp dropped_trait   lead_snp
1                         NA      iradjbmi rs17052061
[1] "SPLICING EVENT"
[1] "chr3:52489678:52490705:clu_47692_+:ENSG00000010322.16"
Harmonising fat_distr (fat_distr) and Outcome (Outcome)
Harmonising fat_distr (fat_distr) and Outcome (Outcome)
[1] 337
[1] 337
  iteration traits posterior_prob regional_prob candidate_snp
1         1   None             NA        0.0064            NA
  posterior_explained_by_snp dropped_trait   lead_snp
1                         NA      iradjbmi rs17052061
[1] "SPLICING EVENT"
[1] "chr3:52489678:52491352:clu_47692_+:ENSG00000010322.16"
Harmonising fat_distr (fat_distr) and Outcome (Outcome)
Harmonising fat_distr (fat_distr) and Outcome (Outcome)
[1] 337
[1] 337
  iteration traits posterior_prob regional_prob candidate_snp
1         1   None             NA        0.0716            NA
  posterior_explained_by_snp dropped_trait   lead_snp
1                         NA      iradjbmi rs17052061
[1] "SPLICING EVENT"
[1] "chr3:52490231:52490705:clu_47692_+:ENSG00000010322.16"
Harmonising fat_distr (fat_distr) and Outcome (Outcome)
Harmonising fat_distr (fat_distr) and Outcome (Outcome)
[1] 337
[1] 337
  iteration traits posterior_prob regional_prob candidate_snp
1         1   None             NA        0.0088            NA
  posterior_explained_by_snp dropped_trait   lead_snp
1                         NA      iradjbmi rs17052061
[1] "SPLICING EVENT"
[1] "chr3:52490231:52491352:clu_47692_+:ENSG00000010322.16"
Harmonising fat_distr (fat_distr) and Outcome (Outcome)
Harmonising fat_distr (fat_distr) and Outcome (Outcome)
[1] 337
[1] 337
  iteration traits posterior_prob regional_prob candidate_snp
1         1   None             NA        0.0635            NA
  posterior_explained_by_snp dropped_trait   lead_snp
1                         NA      iradjbmi rs17052061
[1] "SPLICING EVENT"
[1] "chr3:52490833:52491352:clu_47692_+:ENSG00000010322.16"
Harmonising fat_distr (fat_distr) and Outcome (Outcome)
Harmonising fat_distr (fat_distr) and Outcome (Outcome)
[1] 337
[1] 337
  iteration traits posterior_prob regional_prob candidate_snp
1         1   None             NA        0.0119            NA
  posterior_explained_by_snp dropped_trait   lead_snp
1                         NA      iradjbmi rs17052061
[1] "SPLICING EVENT"
[1] "chr3:52491513:52491872:clu_47695_+:ENSG00000010322.16"
Harmonising fat_distr (fat_distr) and Outcome (Outcome)
Harmonising fat_distr (fat_distr) and Outcome (Outcome)
[1] 337
[1] 337
  iteration traits posterior_prob regional_prob candidate_snp
1         1   None             NA          0.01            NA
  posterior_explained_by_snp dropped_trait   lead_snp
1                         NA      iradjbmi rs17052061
[1] "SPLICING EVENT"
[1] "chr3:52491513:52491877:clu_47695_+:ENSG00000010322.16"
Harmonising fat_distr (fat_distr) and Outcome (Outcome)
Harmonising fat_distr (fat_distr) and Outcome (Outcome)
[1] 337
[1] 337
  iteration traits posterior_prob regional_prob candidate_snp
1         1   None             NA        0.0097            NA
  posterior_explained_by_snp dropped_trait   lead_snp
1                         NA      iradjbmi rs17052061
[1] "LEAD INDEX"
[1] 12
[1] "LEAD INDEX"
[1] 13
[1] "SPLICING EVENT"
[1] "chr3:136152738:136194972:clu_46281_-:ENSG00000174579.4"
Harmonising fat_distr (fat_distr) and Outcome (Outcome)
Harmonising fat_distr (fat_distr) and Outcome (Outcome)
[1] 274
[1] 274
  iteration traits posterior_prob regional_prob candidate_snp
1         1   None             NA        0.0231            NA
  posterior_explained_by_snp dropped_trait lead_snp
1                         NA      iradjbmi rs645040
[1] "LEAD INDEX"
[1] 14
[1] "CHROMOSOME"
[1] 4
[1] "LEAD INDEX"
[1] 1
[1] "LEAD INDEX"
[1] 2
[1] "LEAD INDEX"
[1] 3
[1] "SPLICING EVENT"
[1] "chr4:961578:961688:clu_50243_-:ENSG00000145214.14"
Harmonising fat_distr (fat_distr) and Outcome (Outcome)
Harmonising fat_distr (fat_distr) and Outcome (Outcome)
[1] 391
[1] 391
  iteration traits posterior_prob regional_prob candidate_snp
1         1   None             NA        0.0091            NA
  posterior_explained_by_snp dropped_trait   lead_snp
1                         NA      iradjbmi rs11724804
[1] "SPLICING EVENT"
[1] "chr4:961834:961982:clu_50243_-:ENSG00000145214.14"
Harmonising fat_distr (fat_distr) and Outcome (Outcome)
Harmonising fat_distr (fat_distr) and Outcome (Outcome)
[1] 391
[1] 391
  iteration traits posterior_prob regional_prob candidate_snp
1         1   None             NA        0.0107            NA
  posterior_explained_by_snp dropped_trait   lead_snp
1                         NA      iradjbmi rs11724804
[1] "SPLICING EVENT"
[1] "chr4:962613:962772:clu_50244_-:ENSG00000145214.14"
Harmonising fat_distr (fat_distr) and Outcome (Outcome)
Harmonising fat_distr (fat_distr) and Outcome (Outcome)
[1] 391
[1] 391
  iteration traits posterior_prob regional_prob candidate_snp
1         1   None             NA         0.007            NA
  posterior_explained_by_snp dropped_trait   lead_snp
1                         NA      iradjbmi rs11724804
[1] "SPLICING EVENT"
[1] "chr4:962613:963139:clu_50244_-:ENSG00000145214.14"
Harmonising fat_distr (fat_distr) and Outcome (Outcome)
Harmonising fat_distr (fat_distr) and Outcome (Outcome)
[1] 391
[1] 391
  iteration traits posterior_prob regional_prob candidate_snp
1         1   None             NA        0.0078            NA
  posterior_explained_by_snp dropped_trait   lead_snp
1                         NA      iradjbmi rs11724804
[1] "SPLICING EVENT"
[1] "chr4:962920:963139:clu_50244_-:ENSG00000145214.14"
Harmonising fat_distr (fat_distr) and Outcome (Outcome)
Harmonising fat_distr (fat_distr) and Outcome (Outcome)
[1] 391
[1] 391
  iteration traits posterior_prob regional_prob candidate_snp
1         1   None             NA        0.0073            NA
  posterior_explained_by_snp dropped_trait   lead_snp
1                         NA      iradjbmi rs11724804
[1] "SPLICING EVENT"
[1] "chr4:963290:965176:clu_50245_-:ENSG00000145214.14"
Harmonising fat_distr (fat_distr) and Outcome (Outcome)
Harmonising fat_distr (fat_distr) and Outcome (Outcome)
[1] 391
[1] 391
  iteration traits posterior_prob regional_prob candidate_snp
1         1   None             NA        0.0671            NA
  posterior_explained_by_snp dropped_trait   lead_snp
1                         NA      iradjbmi rs11724804
[1] "SPLICING EVENT"
[1] "chr4:965291:965491:clu_50246_-:ENSG00000145214.14"
Harmonising fat_distr (fat_distr) and Outcome (Outcome)
Harmonising fat_distr (fat_distr) and Outcome (Outcome)
[1] 391
[1] 391
  iteration traits posterior_prob regional_prob candidate_snp
1         1   None             NA        0.0112            NA
  posterior_explained_by_snp dropped_trait   lead_snp
1                         NA      iradjbmi rs11724804
[1] "SPLICING EVENT"
[1] "chr4:965529:965928:clu_50246_-:ENSG00000145214.14"
Harmonising fat_distr (fat_distr) and Outcome (Outcome)
Harmonising fat_distr (fat_distr) and Outcome (Outcome)
[1] 391
[1] 391
  iteration traits posterior_prob regional_prob candidate_snp
1         1   None             NA        0.0198            NA
  posterior_explained_by_snp dropped_trait   lead_snp
1                         NA      iradjbmi rs11724804
[1] "SPLICING EVENT"
[1] "chr4:965529:966064:clu_50246_-:ENSG00000145214.14"
Harmonising fat_distr (fat_distr) and Outcome (Outcome)
Harmonising fat_distr (fat_distr) and Outcome (Outcome)
[1] 391
[1] 391
  iteration traits posterior_prob regional_prob candidate_snp
1         1   None             NA        0.0884            NA
  posterior_explained_by_snp dropped_trait   lead_snp
1                         NA      iradjbmi rs11724804
[1] "SPLICING EVENT"
[1] "chr4:966078:966466:clu_50246_-:ENSG00000145214.14"
Harmonising fat_distr (fat_distr) and Outcome (Outcome)
Harmonising fat_distr (fat_distr) and Outcome (Outcome)
[1] 391
[1] 391
  iteration traits posterior_prob regional_prob candidate_snp
1         1   None             NA         0.011            NA
  posterior_explained_by_snp dropped_trait   lead_snp
1                         NA      iradjbmi rs11724804
[1] "SPLICING EVENT"
[1] "chr4:968564:968811:clu_50252_-:ENSG00000145214.14"
Harmonising fat_distr (fat_distr) and Outcome (Outcome)
Harmonising fat_distr (fat_distr) and Outcome (Outcome)
[1] 391
[1] 391
  iteration traits posterior_prob regional_prob candidate_snp
1         1   None             NA        0.0287            NA
  posterior_explained_by_snp dropped_trait   lead_snp
1                         NA      iradjbmi rs11724804
[1] "SPLICING EVENT"
[1] "chr4:968910:970993:clu_50252_-:ENSG00000145214.14"
Harmonising fat_distr (fat_distr) and Outcome (Outcome)
Harmonising fat_distr (fat_distr) and Outcome (Outcome)
[1] 391
[1] 391
  iteration traits posterior_prob regional_prob candidate_snp
1         1   None             NA        0.0457            NA
  posterior_explained_by_snp dropped_trait   lead_snp
1                         NA      iradjbmi rs11724804
[1] "SPLICING EVENT"
[1] "chr4:971072:973212:clu_50252_-:ENSG00000145214.14"
Harmonising fat_distr (fat_distr) and Outcome (Outcome)
Harmonising fat_distr (fat_distr) and Outcome (Outcome)
[1] 391
[1] 391
  iteration traits posterior_prob regional_prob candidate_snp
1         1   None             NA        0.0137            NA
  posterior_explained_by_snp dropped_trait   lead_snp
1                         NA      iradjbmi rs11724804
[1] "SPLICING EVENT"
[1] "chr4:987242:987809:clu_48861_+:ENSG00000127415.13"
Harmonising fat_distr (fat_distr) and Outcome (Outcome)
Harmonising fat_distr (fat_distr) and Outcome (Outcome)
[1] 391
[1] 391
  iteration traits posterior_prob regional_prob candidate_snp
1         1   None             NA        0.1698            NA
  posterior_explained_by_snp dropped_trait   lead_snp
1                         NA      iradjbmi rs11724804
[1] "SPLICING EVENT"
[1] "chr4:987242:1000612:clu_48861_+:ENSG00000127415.13"
Harmonising fat_distr (fat_distr) and Outcome (Outcome)
Harmonising fat_distr (fat_distr) and Outcome (Outcome)
[1] 391
[1] 391
  iteration                                                       traits
1         1 iradjbmi, chr4:987242:1000612:clu_48861_+:ENSG00000127415.13
  posterior_prob regional_prob candidate_snp posterior_explained_by_snp
1         0.5534        0.5783     rs1051613                      0.499
  dropped_trait   lead_snp
1            NA rs11724804
[1] "SPLICING EVENT"
[1] "chr4:987911:1000612:clu_48861_+:ENSG00000127415.13"
Harmonising fat_distr (fat_distr) and Outcome (Outcome)
Harmonising fat_distr (fat_distr) and Outcome (Outcome)
[1] 391
[1] 391
  iteration traits posterior_prob regional_prob candidate_snp
1         1   None             NA        0.0073            NA
  posterior_explained_by_snp dropped_trait   lead_snp
1                         NA      iradjbmi rs11724804
[1] "SPLICING EVENT"
[1] "chr4:987949:989231:clu_48861_+:ENSG00000127415.13"
Harmonising fat_distr (fat_distr) and Outcome (Outcome)
Harmonising fat_distr (fat_distr) and Outcome (Outcome)
[1] 391
[1] 391
  iteration traits posterior_prob regional_prob candidate_snp
1         1   None             NA        0.1249            NA
  posterior_explained_by_snp                                     dropped_trait
1                         NA chr4:987949:989231:clu_48861_+:ENSG00000127415.13
    lead_snp
1 rs11724804
[1] "SPLICING EVENT"
[1] "chr4:987949:1000612:clu_48861_+:ENSG00000127415.13"
Harmonising fat_distr (fat_distr) and Outcome (Outcome)
Harmonising fat_distr (fat_distr) and Outcome (Outcome)
[1] 391
[1] 391
  iteration traits posterior_prob regional_prob candidate_snp
1         1   None             NA        0.1239            NA
  posterior_explained_by_snp                                      dropped_trait
1                         NA chr4:987949:1000612:clu_48861_+:ENSG00000127415.13
    lead_snp
1 rs11724804
[1] "SPLICING EVENT"
[1] "chr4:991940:1000612:clu_48861_+:ENSG00000127415.13"
Harmonising fat_distr (fat_distr) and Outcome (Outcome)
Harmonising fat_distr (fat_distr) and Outcome (Outcome)
[1] 391
[1] 391
  iteration traits posterior_prob regional_prob candidate_snp
1         1   None             NA        0.1253            NA
  posterior_explained_by_snp                                      dropped_trait
1                         NA chr4:991940:1000612:clu_48861_+:ENSG00000127415.13
    lead_snp
1 rs11724804
[1] "SPLICING EVENT"
[1] "chr4:992230:1000612:clu_48861_+:ENSG00000127415.13"
Harmonising fat_distr (fat_distr) and Outcome (Outcome)
Harmonising fat_distr (fat_distr) and Outcome (Outcome)
[1] 391
[1] 391
  iteration traits posterior_prob regional_prob candidate_snp
1         1   None             NA        0.0098            NA
  posterior_explained_by_snp dropped_trait   lead_snp
1                         NA      iradjbmi rs11724804
[1] "SPLICING EVENT"
[1] "chr4:1000064:1000612:clu_48861_+:ENSG00000127415.13"
Harmonising fat_distr (fat_distr) and Outcome (Outcome)
Harmonising fat_distr (fat_distr) and Outcome (Outcome)
[1] 391
[1] 391
  iteration traits posterior_prob regional_prob candidate_snp
1         1   None             NA        0.0143            NA
  posterior_explained_by_snp
1                         NA
                                        dropped_trait   lead_snp
1 chr4:1000064:1000612:clu_48861_+:ENSG00000127415.13 rs11724804
[1] "SPLICING EVENT"
[1] "chr4:1000697:1000882:clu_48862_+:ENSG00000127415.13"
Harmonising fat_distr (fat_distr) and Outcome (Outcome)
Harmonising fat_distr (fat_distr) and Outcome (Outcome)
[1] 391
[1] 391
  iteration traits posterior_prob regional_prob candidate_snp
1         1   None             NA        0.0147            NA
  posterior_explained_by_snp
1                         NA
                                        dropped_trait   lead_snp
1 chr4:1000697:1000882:clu_48862_+:ENSG00000127415.13 rs11724804
[1] "SPLICING EVENT"
[1] "chr4:1000989:1001285:clu_48862_+:ENSG00000127415.13"
Harmonising fat_distr (fat_distr) and Outcome (Outcome)
Harmonising fat_distr (fat_distr) and Outcome (Outcome)
[1] 391
[1] 391
  iteration traits posterior_prob regional_prob candidate_snp
1         1   None             NA        0.5485            NA
  posterior_explained_by_snp dropped_trait   lead_snp
1                         NA      iradjbmi rs11724804
[1] "SPLICING EVENT"
[1] "chr4:1000989:1001468:clu_48862_+:ENSG00000127415.13"
Harmonising fat_distr (fat_distr) and Outcome (Outcome)
Harmonising fat_distr (fat_distr) and Outcome (Outcome)
[1] 391
[1] 391
  iteration traits posterior_prob regional_prob candidate_snp
1         1   None             NA        0.0148            NA
  posterior_explained_by_snp
1                         NA
                                        dropped_trait   lead_snp
1 chr4:1000989:1001468:clu_48862_+:ENSG00000127415.13 rs11724804
[1] "SPLICING EVENT"
[1] "chr4:1001563:1001646:clu_48863_+:ENSG00000127415.13"
Harmonising fat_distr (fat_distr) and Outcome (Outcome)
Harmonising fat_distr (fat_distr) and Outcome (Outcome)
[1] 391
[1] 391
  iteration traits posterior_prob regional_prob candidate_snp
1         1   None             NA        0.0082            NA
  posterior_explained_by_snp dropped_trait   lead_snp
1                         NA      iradjbmi rs11724804
[1] "SPLICING EVENT"
[1] "chr4:1001563:1001651:clu_48863_+:ENSG00000127415.13"
Harmonising fat_distr (fat_distr) and Outcome (Outcome)
Harmonising fat_distr (fat_distr) and Outcome (Outcome)
[1] 391
[1] 391
  iteration traits posterior_prob regional_prob candidate_snp
1         1   None             NA        0.0144            NA
  posterior_explained_by_snp
1                         NA
                                        dropped_trait   lead_snp
1 chr4:1001563:1001651:clu_48863_+:ENSG00000127415.13 rs11724804
[1] "SPLICING EVENT"
[1] "chr4:1001563:1001679:clu_48863_+:ENSG00000127415.13"
Harmonising fat_distr (fat_distr) and Outcome (Outcome)
Harmonising fat_distr (fat_distr) and Outcome (Outcome)
[1] 391
[1] 391
  iteration traits posterior_prob regional_prob candidate_snp
1         1   None             NA        0.0139            NA
  posterior_explained_by_snp
1                         NA
                                        dropped_trait   lead_snp
1 chr4:1001563:1001679:clu_48863_+:ENSG00000127415.13 rs11724804
[1] "SPLICING EVENT"
[1] "chr4:1001881:1001982:clu_48864_+:ENSG00000127415.13"
Harmonising fat_distr (fat_distr) and Outcome (Outcome)
Harmonising fat_distr (fat_distr) and Outcome (Outcome)
[1] 391
[1] 391
  iteration traits posterior_prob regional_prob candidate_snp
1         1   None             NA        0.0104            NA
  posterior_explained_by_snp dropped_trait   lead_snp
1                         NA      iradjbmi rs11724804
[1] "SPLICING EVENT"
[1] "chr4:1001881:1001993:clu_48864_+:ENSG00000127415.13"
Harmonising fat_distr (fat_distr) and Outcome (Outcome)
Harmonising fat_distr (fat_distr) and Outcome (Outcome)
[1] 391
[1] 391
  iteration traits posterior_prob regional_prob candidate_snp
1         1   None             NA         0.028            NA
  posterior_explained_by_snp dropped_trait   lead_snp
1                         NA      iradjbmi rs11724804
[1] "SPLICING EVENT"
[1] "chr4:1002161:1002269:clu_48865_+:ENSG00000127415.13"
Harmonising fat_distr (fat_distr) and Outcome (Outcome)
Harmonising fat_distr (fat_distr) and Outcome (Outcome)
[1] 391
[1] 391
  iteration traits posterior_prob regional_prob candidate_snp
1         1   None             NA        0.0531            NA
  posterior_explained_by_snp dropped_trait   lead_snp
1                         NA      iradjbmi rs11724804
[1] "SPLICING EVENT"
[1] "chr4:1002485:1002732:clu_48865_+:ENSG00000127415.13"
Harmonising fat_distr (fat_distr) and Outcome (Outcome)
Harmonising fat_distr (fat_distr) and Outcome (Outcome)
[1] 391
[1] 391
  iteration traits posterior_prob regional_prob candidate_snp
1         1   None             NA        0.0316            NA
  posterior_explained_by_snp dropped_trait   lead_snp
1                         NA      iradjbmi rs11724804
[1] "SPLICING EVENT"
[1] "chr4:1003157:1003345:clu_48868_+:ENSG00000127415.13"
Harmonising fat_distr (fat_distr) and Outcome (Outcome)
Harmonising fat_distr (fat_distr) and Outcome (Outcome)
[1] 391
[1] 391
  iteration traits posterior_prob regional_prob candidate_snp
1         1   None             NA        0.0076            NA
  posterior_explained_by_snp dropped_trait   lead_snp
1                         NA      iradjbmi rs11724804
[1] "SPLICING EVENT"
[1] "chr4:1003470:1003549:clu_48868_+:ENSG00000127415.13"
Harmonising fat_distr (fat_distr) and Outcome (Outcome)
Harmonising fat_distr (fat_distr) and Outcome (Outcome)
[1] 391
[1] 391
  iteration traits posterior_prob regional_prob candidate_snp
1         1   None             NA        0.0078            NA
  posterior_explained_by_snp dropped_trait   lead_snp
1                         NA      iradjbmi rs11724804
[1] "SPLICING EVENT"
[1] "chr4:1003625:1004012:clu_48869_+:ENSG00000127415.13"
Harmonising fat_distr (fat_distr) and Outcome (Outcome)
Harmonising fat_distr (fat_distr) and Outcome (Outcome)
[1] 391
[1] 391
  iteration traits posterior_prob regional_prob candidate_snp
1         1   None             NA        0.0164            NA
  posterior_explained_by_snp
1                         NA
                                        dropped_trait   lead_snp
1 chr4:1003625:1004012:clu_48869_+:ENSG00000127415.13 rs11724804
[1] "SPLICING EVENT"
[1] "chr4:1003629:1004012:clu_48869_+:ENSG00000127415.13"
Harmonising fat_distr (fat_distr) and Outcome (Outcome)
Harmonising fat_distr (fat_distr) and Outcome (Outcome)
[1] 391
[1] 391
  iteration traits posterior_prob regional_prob candidate_snp
1         1   None             NA        0.0157            NA
  posterior_explained_by_snp
1                         NA
                                        dropped_trait   lead_snp
1 chr4:1003629:1004012:clu_48869_+:ENSG00000127415.13 rs11724804
[1] "SPLICING EVENT"
[1] "chr4:1004112:1004260:clu_48870_+:ENSG00000127415.13"
Harmonising fat_distr (fat_distr) and Outcome (Outcome)
Harmonising fat_distr (fat_distr) and Outcome (Outcome)
[1] 391
[1] 391
  iteration traits posterior_prob regional_prob candidate_snp
1         1   None             NA        0.0085            NA
  posterior_explained_by_snp dropped_trait   lead_snp
1                         NA      iradjbmi rs11724804
[1] "LEAD INDEX"
[1] 4
[1] "LEAD INDEX"
[1] 5
[1] "SPLICING EVENT"
[1] "chr4:3293099:3316070:clu_48979_+:ENSG00000159788.20"
Harmonising fat_distr (fat_distr) and Outcome (Outcome)
Harmonising fat_distr (fat_distr) and Outcome (Outcome)
[1] 327
[1] 327
  iteration traits posterior_prob regional_prob candidate_snp
1         1   None             NA        0.0129            NA
  posterior_explained_by_snp dropped_trait   lead_snp
1                         NA      iradjbmi rs10027926
[1] "SPLICING EVENT"
[1] "chr4:3293099:3342937:clu_48979_+:ENSG00000159788.20"
Harmonising fat_distr (fat_distr) and Outcome (Outcome)
Harmonising fat_distr (fat_distr) and Outcome (Outcome)
[1] 327
[1] 327
  iteration traits posterior_prob regional_prob candidate_snp
1         1   None             NA        0.0181            NA
  posterior_explained_by_snp dropped_trait   lead_snp
1                         NA      iradjbmi rs10027926
[1] "SPLICING EVENT"
[1] "chr4:3318051:3342937:clu_48979_+:ENSG00000159788.20"
Harmonising fat_distr (fat_distr) and Outcome (Outcome)
Harmonising fat_distr (fat_distr) and Outcome (Outcome)
[1] 327
[1] 327
  iteration traits posterior_prob regional_prob candidate_snp
1         1   None             NA        0.0132            NA
  posterior_explained_by_snp dropped_trait   lead_snp
1                         NA      iradjbmi rs10027926
[1] "SPLICING EVENT"
[1] "chr4:3343053:3378170:clu_48980_+:ENSG00000159788.20"
Harmonising fat_distr (fat_distr) and Outcome (Outcome)
Harmonising fat_distr (fat_distr) and Outcome (Outcome)
[1] 327
[1] 327
  iteration traits posterior_prob regional_prob candidate_snp
1         1   None             NA        0.0135            NA
  posterior_explained_by_snp dropped_trait   lead_snp
1                         NA      iradjbmi rs10027926
[1] "SPLICING EVENT"
[1] "chr4:3343053:3386416:clu_48980_+:ENSG00000159788.20"
Harmonising fat_distr (fat_distr) and Outcome (Outcome)
Harmonising fat_distr (fat_distr) and Outcome (Outcome)
[1] 327
[1] 327
  iteration traits posterior_prob regional_prob candidate_snp
1         1   None             NA        0.0163            NA
  posterior_explained_by_snp dropped_trait   lead_snp
1                         NA      iradjbmi rs10027926
[1] "SPLICING EVENT"
[1] "chr4:3343053:3414072:clu_48980_+:ENSG00000159788.20"
Harmonising fat_distr (fat_distr) and Outcome (Outcome)
Harmonising fat_distr (fat_distr) and Outcome (Outcome)
[1] 327
[1] 327
  iteration traits posterior_prob regional_prob candidate_snp
1         1   None             NA        0.0159            NA
  posterior_explained_by_snp dropped_trait   lead_snp
1                         NA      iradjbmi rs10027926
[1] "SPLICING EVENT"
[1] "chr4:3386437:3414072:clu_48980_+:ENSG00000159788.20"
Harmonising fat_distr (fat_distr) and Outcome (Outcome)
Harmonising fat_distr (fat_distr) and Outcome (Outcome)
[1] 327
[1] 327
  iteration traits posterior_prob regional_prob candidate_snp
1         1   None             NA        0.0133            NA
  posterior_explained_by_snp dropped_trait   lead_snp
1                         NA      iradjbmi rs10027926
[1] "SPLICING EVENT"
[1] "chr4:3414844:3415978:clu_48984_+:ENSG00000159788.20"
Harmonising fat_distr (fat_distr) and Outcome (Outcome)
Harmonising fat_distr (fat_distr) and Outcome (Outcome)
[1] 327
[1] 327
  iteration traits posterior_prob regional_prob candidate_snp
1         1   None             NA        0.0114            NA
  posterior_explained_by_snp dropped_trait   lead_snp
1                         NA      iradjbmi rs10027926
[1] "SPLICING EVENT"
[1] "chr4:3417092:3417370:clu_48981_+:ENSG00000159788.20"
Harmonising fat_distr (fat_distr) and Outcome (Outcome)
Harmonising fat_distr (fat_distr) and Outcome (Outcome)
[1] 327
[1] 327
  iteration traits posterior_prob regional_prob candidate_snp
1         1   None             NA        0.0101            NA
  posterior_explained_by_snp dropped_trait   lead_snp
1                         NA      iradjbmi rs10027926
[1] "SPLICING EVENT"
[1] "chr4:3417092:3417388:clu_48981_+:ENSG00000159788.20"
Harmonising fat_distr (fat_distr) and Outcome (Outcome)
Harmonising fat_distr (fat_distr) and Outcome (Outcome)
[1] 327
[1] 327
  iteration traits posterior_prob regional_prob candidate_snp
1         1   None             NA        0.0102            NA
  posterior_explained_by_snp dropped_trait   lead_snp
1                         NA      iradjbmi rs10027926
[1] "SPLICING EVENT"
[1] "chr4:3417541:3420642:clu_48982_+:ENSG00000159788.20"
Harmonising fat_distr (fat_distr) and Outcome (Outcome)
Harmonising fat_distr (fat_distr) and Outcome (Outcome)
[1] 327
[1] 327
  iteration traits posterior_prob regional_prob candidate_snp
1         1   None             NA        0.0109            NA
  posterior_explained_by_snp dropped_trait   lead_snp
1                         NA      iradjbmi rs10027926
[1] "SPLICING EVENT"
[1] "chr4:3420718:3422376:clu_48982_+:ENSG00000159788.20"
Harmonising fat_distr (fat_distr) and Outcome (Outcome)
Harmonising fat_distr (fat_distr) and Outcome (Outcome)
[1] 327
[1] 327
  iteration traits posterior_prob regional_prob candidate_snp
1         1   None             NA        0.0122            NA
  posterior_explained_by_snp dropped_trait   lead_snp
1                         NA      iradjbmi rs10027926
[1] "SPLICING EVENT"
[1] "chr4:3423641:3425464:clu_48983_+:ENSG00000159788.20"
Harmonising fat_distr (fat_distr) and Outcome (Outcome)
Harmonising fat_distr (fat_distr) and Outcome (Outcome)
[1] 327
[1] 327
  iteration traits posterior_prob regional_prob candidate_snp
1         1   None             NA        0.0144            NA
  posterior_explained_by_snp dropped_trait   lead_snp
1                         NA      iradjbmi rs10027926
[1] "SPLICING EVENT"
[1] "chr4:3425560:3428090:clu_48986_+:ENSG00000159788.20"
Harmonising fat_distr (fat_distr) and Outcome (Outcome)
Harmonising fat_distr (fat_distr) and Outcome (Outcome)
[1] 327
[1] 327
  iteration traits posterior_prob regional_prob candidate_snp
1         1   None             NA         0.014            NA
  posterior_explained_by_snp dropped_trait   lead_snp
1                         NA      iradjbmi rs10027926
[1] "SPLICING EVENT"
[1] "chr4:3428169:3428558:clu_48987_+:ENSG00000159788.20"
Harmonising fat_distr (fat_distr) and Outcome (Outcome)
Harmonising fat_distr (fat_distr) and Outcome (Outcome)
[1] 327
[1] 327
  iteration traits posterior_prob regional_prob candidate_snp
1         1   None             NA        0.0102            NA
  posterior_explained_by_snp dropped_trait   lead_snp
1                         NA      iradjbmi rs10027926
[1] "SPLICING EVENT"
[1] "chr4:3428169:3430407:clu_48987_+:ENSG00000159788.20"
Harmonising fat_distr (fat_distr) and Outcome (Outcome)
Harmonising fat_distr (fat_distr) and Outcome (Outcome)
[1] 327
[1] 327
  iteration traits posterior_prob regional_prob candidate_snp
1         1   None             NA         0.023            NA
  posterior_explained_by_snp dropped_trait   lead_snp
1                         NA      iradjbmi rs10027926
[1] "SPLICING EVENT"
[1] "chr4:3428711:3430407:clu_48987_+:ENSG00000159788.20"
Harmonising fat_distr (fat_distr) and Outcome (Outcome)
Harmonising fat_distr (fat_distr) and Outcome (Outcome)
[1] 327
[1] 327
  iteration traits posterior_prob regional_prob candidate_snp
1         1   None             NA        0.1544            NA
  posterior_explained_by_snp dropped_trait   lead_snp
1                         NA      iradjbmi rs10027926
[1] "SPLICING EVENT"
[1] "chr4:3430955:3439455:clu_48987_+:ENSG00000159788.20"
Harmonising fat_distr (fat_distr) and Outcome (Outcome)
Harmonising fat_distr (fat_distr) and Outcome (Outcome)
[1] 327
[1] 327
  iteration traits posterior_prob regional_prob candidate_snp
1         1   None             NA        0.9332            NA
  posterior_explained_by_snp dropped_trait   lead_snp
1                         NA      iradjbmi rs10027926
[1] "LEAD INDEX"
[1] 6
[1] "SPLICING EVENT"
[1] "chr4:4860368:4862701:clu_49002_+:ENSG00000163132.8"
Harmonising fat_distr (fat_distr) and Outcome (Outcome)
Harmonising fat_distr (fat_distr) and Outcome (Outcome)
[1] 573
[1] 573
  iteration traits posterior_prob regional_prob candidate_snp
1         1   None             NA        0.0052            NA
  posterior_explained_by_snp dropped_trait  lead_snp
1                         NA      iradjbmi rs4450871
[1] "LEAD INDEX"
[1] 7
[1] "SPLICING EVENT"
[1] "chr4:17804756:17805107:clu_50481_-:ENSG00000163257.11"
Harmonising fat_distr (fat_distr) and Outcome (Outcome)
Harmonising fat_distr (fat_distr) and Outcome (Outcome)
[1] 302
[1] 302
  iteration traits posterior_prob regional_prob candidate_snp
1         1   None             NA        0.0166            NA
  posterior_explained_by_snp dropped_trait  lead_snp
1                         NA      iradjbmi rs7694806
[1] "SPLICING EVENT"
[1] "chr4:17804756:17810447:clu_50481_-:ENSG00000163257.11"
Harmonising fat_distr (fat_distr) and Outcome (Outcome)
Harmonising fat_distr (fat_distr) and Outcome (Outcome)
[1] 302
[1] 302
  iteration traits posterior_prob regional_prob candidate_snp
1         1   None             NA        0.0082            NA
  posterior_explained_by_snp dropped_trait  lead_snp
1                         NA      iradjbmi rs7694806
[1] "SPLICING EVENT"
[1] "chr4:17804771:17805107:clu_50481_-:ENSG00000163257.11"
Harmonising fat_distr (fat_distr) and Outcome (Outcome)
Harmonising fat_distr (fat_distr) and Outcome (Outcome)
[1] 302
[1] 302
  iteration traits posterior_prob regional_prob candidate_snp
1         1   None             NA        0.0084            NA
  posterior_explained_by_snp dropped_trait  lead_snp
1                         NA      iradjbmi rs7694806
[1] "SPLICING EVENT"
[1] "chr4:17804771:17810447:clu_50481_-:ENSG00000163257.11"
Harmonising fat_distr (fat_distr) and Outcome (Outcome)
Harmonising fat_distr (fat_distr) and Outcome (Outcome)
[1] 302
[1] 302
  iteration traits posterior_prob regional_prob candidate_snp
1         1   None             NA        0.0083            NA
  posterior_explained_by_snp dropped_trait  lead_snp
1                         NA      iradjbmi rs7694806
[1] "SPLICING EVENT"
[1] "chr4:17805225:17810447:clu_50481_-:ENSG00000163257.11"
Harmonising fat_distr (fat_distr) and Outcome (Outcome)
Harmonising fat_distr (fat_distr) and Outcome (Outcome)
[1] 302
[1] 302
  iteration traits posterior_prob regional_prob candidate_snp
1         1   None             NA         0.016            NA
  posterior_explained_by_snp dropped_trait  lead_snp
1                         NA      iradjbmi rs7694806
[1] "SPLICING EVENT"
[1] "chr4:17809692:17810447:clu_50481_-:ENSG00000163257.11"
Harmonising fat_distr (fat_distr) and Outcome (Outcome)
Harmonising fat_distr (fat_distr) and Outcome (Outcome)
[1] 302
[1] 302
  iteration traits posterior_prob regional_prob candidate_snp
1         1   None             NA        0.0125            NA
  posterior_explained_by_snp dropped_trait  lead_snp
1                         NA      iradjbmi rs7694806
[1] "LEAD INDEX"
[1] 8
[1] "LEAD INDEX"
[1] 9
[1] "LEAD INDEX"
[1] 10
[1] "SPLICING EVENT"
[1] "chr4:88728659:88731327:clu_50940_-:ENSG00000138640.15"
Harmonising fat_distr (fat_distr) and Outcome (Outcome)
Harmonising fat_distr (fat_distr) and Outcome (Outcome)
[1] 413
[1] 413
  iteration traits posterior_prob regional_prob candidate_snp
1         1   None             NA        0.0063            NA
  posterior_explained_by_snp dropped_trait  lead_snp
1                         NA      iradjbmi rs9991328
[1] "SPLICING EVENT"
[1] "chr4:88732198:88737472:clu_50941_-:ENSG00000138640.15"
Harmonising fat_distr (fat_distr) and Outcome (Outcome)
Harmonising fat_distr (fat_distr) and Outcome (Outcome)
[1] 413
[1] 413
  iteration traits posterior_prob regional_prob candidate_snp
1         1   None             NA        0.0087            NA
  posterior_explained_by_snp dropped_trait  lead_snp
1                         NA      iradjbmi rs9991328
[1] "SPLICING EVENT"
[1] "chr4:88732198:88739030:clu_50941_-:ENSG00000138640.15"
Harmonising fat_distr (fat_distr) and Outcome (Outcome)
Harmonising fat_distr (fat_distr) and Outcome (Outcome)
[1] 413
[1] 413
  iteration traits posterior_prob regional_prob candidate_snp
1         1   None             NA         0.108            NA
  posterior_explained_by_snp dropped_trait  lead_snp
1                         NA      iradjbmi rs9991328
[1] "SPLICING EVENT"
[1] "chr4:88737555:88739030:clu_50941_-:ENSG00000138640.15"
Harmonising fat_distr (fat_distr) and Outcome (Outcome)
Harmonising fat_distr (fat_distr) and Outcome (Outcome)
[1] 413
[1] 413
  iteration traits posterior_prob regional_prob candidate_snp
1         1   None             NA        0.0158            NA
  posterior_explained_by_snp dropped_trait  lead_snp
1                         NA      iradjbmi rs9991328
[1] "SPLICING EVENT"
[1] "chr4:88767595:88767983:clu_50942_-:ENSG00000138640.15"
Harmonising fat_distr (fat_distr) and Outcome (Outcome)
Harmonising fat_distr (fat_distr) and Outcome (Outcome)
[1] 413
[1] 413
  iteration traits posterior_prob regional_prob candidate_snp
1         1   None             NA        0.0131            NA
  posterior_explained_by_snp dropped_trait  lead_snp
1                         NA      iradjbmi rs9991328
[1] "SPLICING EVENT"
[1] "chr4:88767595:88781165:clu_50942_-:ENSG00000138640.15"
Harmonising fat_distr (fat_distr) and Outcome (Outcome)
Harmonising fat_distr (fat_distr) and Outcome (Outcome)
[1] 413
[1] 413
  iteration traits posterior_prob regional_prob candidate_snp
1         1   None             NA        0.0168            NA
  posterior_explained_by_snp dropped_trait  lead_snp
1                         NA      iradjbmi rs9991328
[1] "SPLICING EVENT"
[1] "chr4:88768059:88781165:clu_50942_-:ENSG00000138640.15"
Harmonising fat_distr (fat_distr) and Outcome (Outcome)
Harmonising fat_distr (fat_distr) and Outcome (Outcome)
[1] 413
[1] 413
  iteration traits posterior_prob regional_prob candidate_snp
1         1   None             NA         0.018            NA
  posterior_explained_by_snp dropped_trait  lead_snp
1                         NA      iradjbmi rs9991328
[1] "SPLICING EVENT"
[1] "chr4:88787932:88790586:clu_50943_-:ENSG00000138640.15"
Harmonising fat_distr (fat_distr) and Outcome (Outcome)
Harmonising fat_distr (fat_distr) and Outcome (Outcome)
[1] 413
[1] 413
  iteration traits posterior_prob regional_prob candidate_snp
1         1   None             NA        0.0065            NA
  posterior_explained_by_snp dropped_trait  lead_snp
1                         NA      iradjbmi rs9991328
[1] "SPLICING EVENT"
[1] "chr4:88790627:88805011:clu_50943_-:ENSG00000138640.15"
Harmonising fat_distr (fat_distr) and Outcome (Outcome)
Harmonising fat_distr (fat_distr) and Outcome (Outcome)
[1] 413
[1] 413
  iteration traits posterior_prob regional_prob candidate_snp
1         1   None             NA        0.0413            NA
  posterior_explained_by_snp dropped_trait  lead_snp
1                         NA      iradjbmi rs9991328
[1] "SPLICING EVENT"
[1] "chr4:88790627:88822976:clu_50943_-:ENSG00000138640.15"
Harmonising fat_distr (fat_distr) and Outcome (Outcome)
Harmonising fat_distr (fat_distr) and Outcome (Outcome)
[1] 413
[1] 413
  iteration traits posterior_prob regional_prob candidate_snp
1         1   None             NA        0.0713            NA
  posterior_explained_by_snp dropped_trait  lead_snp
1                         NA      iradjbmi rs9991328
[1] "SPLICING EVENT"
[1] "chr4:88805052:88822976:clu_50943_-:ENSG00000138640.15"
Harmonising fat_distr (fat_distr) and Outcome (Outcome)
Harmonising fat_distr (fat_distr) and Outcome (Outcome)
[1] 413
[1] 413
  iteration traits posterior_prob regional_prob candidate_snp
1         1   None             NA        0.0082            NA
  posterior_explained_by_snp dropped_trait  lead_snp
1                         NA      iradjbmi rs9991328
[1] "SPLICING EVENT"
[1] "chr4:88805052:88851020:clu_50943_-:ENSG00000138640.15"
Harmonising fat_distr (fat_distr) and Outcome (Outcome)
Harmonising fat_distr (fat_distr) and Outcome (Outcome)
[1] 413
[1] 413
  iteration traits posterior_prob regional_prob candidate_snp
1         1   None             NA        0.0321            NA
  posterior_explained_by_snp dropped_trait  lead_snp
1                         NA      iradjbmi rs9991328
[1] "SPLICING EVENT"
[1] "chr4:88938241:88990973:clu_50944_-:ENSG00000138640.15"
Harmonising fat_distr (fat_distr) and Outcome (Outcome)
Harmonising fat_distr (fat_distr) and Outcome (Outcome)
[1] 413
[1] 413
  iteration traits posterior_prob regional_prob candidate_snp
1         1   None             NA        0.0128            NA
  posterior_explained_by_snp dropped_trait  lead_snp
1                         NA      iradjbmi rs9991328
[1] "SPLICING EVENT"
[1] "chr4:88938241:89020460:clu_50944_-:ENSG00000138640.15"
Harmonising fat_distr (fat_distr) and Outcome (Outcome)
Harmonising fat_distr (fat_distr) and Outcome (Outcome)
[1] 413
[1] 413
  iteration traits posterior_prob regional_prob candidate_snp
1         1   None             NA        0.0067            NA
  posterior_explained_by_snp dropped_trait  lead_snp
1                         NA      iradjbmi rs9991328
[1] "SPLICING EVENT"
[1] "chr4:88991150:89020460:clu_50944_-:ENSG00000138640.15"
Harmonising fat_distr (fat_distr) and Outcome (Outcome)
Harmonising fat_distr (fat_distr) and Outcome (Outcome)
[1] 413
[1] 413
  iteration traits posterior_prob regional_prob candidate_snp
1         1   None             NA        0.0075            NA
  posterior_explained_by_snp dropped_trait  lead_snp
1                         NA      iradjbmi rs9991328
[1] "LEAD INDEX"
[1] 11
[1] "SPLICING EVENT"
[1] "chr4:156763206:156767773:clu_51348_-:ENSG00000145431.11"
Harmonising fat_distr (fat_distr) and Outcome (Outcome)
Harmonising fat_distr (fat_distr) and Outcome (Outcome)
[1] 372
[1] 372
  iteration traits posterior_prob regional_prob candidate_snp
1         1   None             NA        0.0168            NA
  posterior_explained_by_snp dropped_trait  lead_snp
1                         NA      iradjbmi rs1425486
[1] "SPLICING EVENT"
[1] "chr4:156767990:156772686:clu_51349_-:ENSG00000145431.11"
Harmonising fat_distr (fat_distr) and Outcome (Outcome)
Harmonising fat_distr (fat_distr) and Outcome (Outcome)
[1] 372
[1] 372
  iteration traits posterior_prob regional_prob candidate_snp
1         1   None             NA        0.0094            NA
  posterior_explained_by_snp dropped_trait  lead_snp
1                         NA      iradjbmi rs1425486
[1] "SPLICING EVENT"
[1] "chr4:156850416:156861429:clu_51350_-:ENSG00000145431.11"
Harmonising fat_distr (fat_distr) and Outcome (Outcome)
Harmonising fat_distr (fat_distr) and Outcome (Outcome)
[1] 372
[1] 372
  iteration traits posterior_prob regional_prob candidate_snp
1         1   None             NA        0.0131            NA
  posterior_explained_by_snp dropped_trait  lead_snp
1                         NA      iradjbmi rs1425486
[1] "SPLICING EVENT"
[1] "chr4:156850416:156970786:clu_51350_-:ENSG00000145431.11"
Harmonising fat_distr (fat_distr) and Outcome (Outcome)
Harmonising fat_distr (fat_distr) and Outcome (Outcome)
[1] 372
[1] 372
  iteration traits posterior_prob regional_prob candidate_snp
1         1   None             NA        0.0107            NA
  posterior_explained_by_snp dropped_trait  lead_snp
1                         NA      iradjbmi rs1425486
[1] "SPLICING EVENT"
[1] "chr4:156861489:156970786:clu_51350_-:ENSG00000145431.11"
Harmonising fat_distr (fat_distr) and Outcome (Outcome)
Harmonising fat_distr (fat_distr) and Outcome (Outcome)
[1] 372
[1] 372
  iteration traits posterior_prob regional_prob candidate_snp
1         1   None             NA        0.0078            NA
  posterior_explained_by_snp dropped_trait  lead_snp
1                         NA      iradjbmi rs1425486
[1] "CHROMOSOME"
[1] 5
[1] "LEAD INDEX"
[1] 1
[1] "LEAD INDEX"
[1] 2
[1] "SPLICING EVENT"
[1] "chr5:58455414:58455539:clu_53523_-:ENSG00000145632.15"
Harmonising fat_distr (fat_distr) and Outcome (Outcome)
Harmonising fat_distr (fat_distr) and Outcome (Outcome)
[1] 490
[1] 490
  iteration traits posterior_prob regional_prob candidate_snp
1         1   None             NA        0.0064            NA
  posterior_explained_by_snp dropped_trait lead_snp
1                         NA      iradjbmi rs151913
[1] "LEAD INDEX"
[1] 3
[1] "SPLICING EVENT"
[1] "chr5:127941220:127956804:clu_53932_-:ENSG00000245937.9"
Harmonising fat_distr (fat_distr) and Outcome (Outcome)
Harmonising fat_distr (fat_distr) and Outcome (Outcome)
[1] 352
[1] 352
  iteration traits posterior_prob regional_prob candidate_snp
1         1   None             NA        0.0083            NA
  posterior_explained_by_snp dropped_trait   lead_snp
1                         NA      iradjbmi rs17764730
[1] "SPLICING EVENT"
[1] "chr5:127956921:127966163:clu_53932_-:ENSG00000245937.9"
Harmonising fat_distr (fat_distr) and Outcome (Outcome)
Harmonising fat_distr (fat_distr) and Outcome (Outcome)
[1] 352
[1] 352
  iteration traits posterior_prob regional_prob candidate_snp
1         1   None             NA        0.0093            NA
  posterior_explained_by_snp dropped_trait   lead_snp
1                         NA      iradjbmi rs17764730
[1] "SPLICING EVENT"
[1] "chr5:127956921:128061144:clu_53932_-:ENSG00000245937.9"
Harmonising fat_distr (fat_distr) and Outcome (Outcome)
Harmonising fat_distr (fat_distr) and Outcome (Outcome)
[1] 352
[1] 352
  iteration traits posterior_prob regional_prob candidate_snp
1         1   None             NA        0.0052            NA
  posterior_explained_by_snp dropped_trait   lead_snp
1                         NA      iradjbmi rs17764730
[1] "SPLICING EVENT"
[1] "chr5:127966928:128061144:clu_53932_-:ENSG00000245937.9"
Harmonising fat_distr (fat_distr) and Outcome (Outcome)
Harmonising fat_distr (fat_distr) and Outcome (Outcome)
[1] 352
[1] 352
  iteration traits posterior_prob regional_prob candidate_snp
1         1   None             NA         7e-04            NA
  posterior_explained_by_snp
1                         NA
                                           dropped_trait   lead_snp
1 chr5:127966928:128061144:clu_53932_-:ENSG00000245937.9 rs17764730
[1] "SPLICING EVENT"
[1] "chr5:128024298:128061144:clu_53932_-:ENSG00000245937.9"
Harmonising fat_distr (fat_distr) and Outcome (Outcome)
Harmonising fat_distr (fat_distr) and Outcome (Outcome)
[1] 352
[1] 352
  iteration traits posterior_prob regional_prob candidate_snp
1         1   None             NA        0.0086            NA
  posterior_explained_by_snp dropped_trait   lead_snp
1                         NA      iradjbmi rs17764730
[1] "SPLICING EVENT"
[1] "chr5:128061244:128076947:clu_53932_-:ENSG00000245937.9"
Harmonising fat_distr (fat_distr) and Outcome (Outcome)
Harmonising fat_distr (fat_distr) and Outcome (Outcome)
[1] 352
[1] 352
  iteration traits posterior_prob regional_prob candidate_snp
1         1   None             NA        0.0074            NA
  posterior_explained_by_snp dropped_trait   lead_snp
1                         NA      iradjbmi rs17764730
[1] "SPLICING EVENT"
[1] "chr5:128061244:128081973:clu_53932_-:ENSG00000245937.9"
Harmonising fat_distr (fat_distr) and Outcome (Outcome)
Harmonising fat_distr (fat_distr) and Outcome (Outcome)
[1] 352
[1] 352
  iteration traits posterior_prob regional_prob candidate_snp
1         1   None             NA        0.0066            NA
  posterior_explained_by_snp dropped_trait   lead_snp
1                         NA      iradjbmi rs17764730
[1] "SPLICING EVENT"
[1] "chr5:128061244:128082735:clu_53932_-:ENSG00000245937.9"
Harmonising fat_distr (fat_distr) and Outcome (Outcome)
Harmonising fat_distr (fat_distr) and Outcome (Outcome)
[1] 352
[1] 352
  iteration traits posterior_prob regional_prob candidate_snp
1         1   None             NA         0.007            NA
  posterior_explained_by_snp dropped_trait   lead_snp
1                         NA      iradjbmi rs17764730
[1] "SPLICING EVENT"
[1] "chr5:128061244:128082970:clu_53932_-:ENSG00000245937.9"
Harmonising fat_distr (fat_distr) and Outcome (Outcome)
Harmonising fat_distr (fat_distr) and Outcome (Outcome)
[1] 352
[1] 352
  iteration traits posterior_prob regional_prob candidate_snp
1         1   None             NA        0.0076            NA
  posterior_explained_by_snp dropped_trait   lead_snp
1                         NA      iradjbmi rs17764730
[1] "SPLICING EVENT"
[1] "chr5:128138724:128138824:clu_52502_+:ENSG00000064651.14"
Harmonising fat_distr (fat_distr) and Outcome (Outcome)
Harmonising fat_distr (fat_distr) and Outcome (Outcome)
[1] 352
[1] 352
  iteration traits posterior_prob regional_prob candidate_snp
1         1   None             NA        0.0086            NA
  posterior_explained_by_snp dropped_trait   lead_snp
1                         NA      iradjbmi rs17764730
[1] "SPLICING EVENT"
[1] "chr5:128138908:128141830:clu_52502_+:ENSG00000064651.14"
Harmonising fat_distr (fat_distr) and Outcome (Outcome)
Harmonising fat_distr (fat_distr) and Outcome (Outcome)
[1] 352
[1] 352
  iteration traits posterior_prob regional_prob candidate_snp
1         1   None             NA        0.0084            NA
  posterior_explained_by_snp dropped_trait   lead_snp
1                         NA      iradjbmi rs17764730
[1] "SPLICING EVENT"
[1] "chr5:128141981:128147622:clu_52503_+:ENSG00000064651.14"
Harmonising fat_distr (fat_distr) and Outcome (Outcome)
Harmonising fat_distr (fat_distr) and Outcome (Outcome)
[1] 352
[1] 352
  iteration traits posterior_prob regional_prob candidate_snp
1         1   None             NA        0.0099            NA
  posterior_explained_by_snp dropped_trait   lead_snp
1                         NA      iradjbmi rs17764730
[1] "SPLICING EVENT"
[1] "chr5:128147729:128148754:clu_52503_+:ENSG00000064651.14"
Harmonising fat_distr (fat_distr) and Outcome (Outcome)
Harmonising fat_distr (fat_distr) and Outcome (Outcome)
[1] 352
[1] 352
  iteration traits posterior_prob regional_prob candidate_snp
1         1   None             NA        0.0089            NA
  posterior_explained_by_snp dropped_trait   lead_snp
1                         NA      iradjbmi rs17764730
[1] "SPLICING EVENT"
[1] "chr5:128174666:128177105:clu_52505_+:ENSG00000064651.14"
Harmonising fat_distr (fat_distr) and Outcome (Outcome)
Harmonising fat_distr (fat_distr) and Outcome (Outcome)
[1] 352
[1] 352
  iteration traits posterior_prob regional_prob candidate_snp
1         1   None             NA         0.011            NA
  posterior_explained_by_snp dropped_trait   lead_snp
1                         NA      iradjbmi rs17764730
[1] "SPLICING EVENT"
[1] "chr5:128177152:128178567:clu_52505_+:ENSG00000064651.14"
Harmonising fat_distr (fat_distr) and Outcome (Outcome)
Harmonising fat_distr (fat_distr) and Outcome (Outcome)
[1] 352
[1] 352
  iteration traits posterior_prob regional_prob candidate_snp
1         1   None             NA        0.0081            NA
  posterior_explained_by_snp dropped_trait   lead_snp
1                         NA      iradjbmi rs17764730
[1] "SPLICING EVENT"
[1] "chr5:128184501:128184789:clu_52506_+:ENSG00000064651.14"
Harmonising fat_distr (fat_distr) and Outcome (Outcome)
Harmonising fat_distr (fat_distr) and Outcome (Outcome)
[1] 352
[1] 352
  iteration traits posterior_prob regional_prob candidate_snp
1         1   None             NA        0.0054            NA
  posterior_explained_by_snp dropped_trait   lead_snp
1                         NA      iradjbmi rs17764730
[1] "LEAD INDEX"
[1] 4
[1] "SPLICING EVENT"
[1] "chr5:132257827:132262609:clu_52519_+:ENSG00000131435.13"
Harmonising fat_distr (fat_distr) and Outcome (Outcome)
Harmonising fat_distr (fat_distr) and Outcome (Outcome)
[1] 395
[1] 395
  iteration traits posterior_prob regional_prob candidate_snp
1         1   None             NA         0.008            NA
  posterior_explained_by_snp dropped_trait   lead_snp
1                         NA      iradjbmi rs10479001
[1] "SPLICING EVENT"
[1] "chr5:132262760:132266464:clu_52519_+:ENSG00000131435.13"
Harmonising fat_distr (fat_distr) and Outcome (Outcome)
Harmonising fat_distr (fat_distr) and Outcome (Outcome)
[1] 395
[1] 395
  iteration traits posterior_prob regional_prob candidate_snp
1         1   None             NA        0.0097            NA
  posterior_explained_by_snp dropped_trait   lead_snp
1                         NA      iradjbmi rs10479001
[1] "SPLICING EVENT"
[1] "chr5:132266545:132270915:clu_52519_+:ENSG00000131435.13"
Harmonising fat_distr (fat_distr) and Outcome (Outcome)
Harmonising fat_distr (fat_distr) and Outcome (Outcome)
[1] 395
[1] 395
  iteration traits posterior_prob regional_prob candidate_snp
1         1   None             NA         0.007            NA
  posterior_explained_by_snp dropped_trait   lead_snp
1                         NA      iradjbmi rs10479001
[1] "SPLICING EVENT"
[1] "chr5:132271466:132271791:clu_52520_+:ENSG00000131435.13"
Harmonising fat_distr (fat_distr) and Outcome (Outcome)
Harmonising fat_distr (fat_distr) and Outcome (Outcome)
[1] 395
[1] 395
  iteration                                                            traits
1         1 iradjbmi, chr5:132271466:132271791:clu_52520_+:ENSG00000131435.13
  posterior_prob regional_prob candidate_snp posterior_explained_by_snp
1         0.9713        0.9808    rs10479001                          1
  dropped_trait   lead_snp
1            NA rs10479001
[1] "SPLICING EVENT"
[1] "chr5:132271466:132272025:clu_52520_+:ENSG00000131435.13"
Harmonising fat_distr (fat_distr) and Outcome (Outcome)
Harmonising fat_distr (fat_distr) and Outcome (Outcome)
[1] 395
[1] 395
  iteration traits posterior_prob regional_prob candidate_snp
1         1   None             NA        0.0816            NA
  posterior_explained_by_snp dropped_trait   lead_snp
1                         NA      iradjbmi rs10479001
[1] "SPLICING EVENT"
[1] "chr5:132271908:132272025:clu_52520_+:ENSG00000131435.13"
Harmonising fat_distr (fat_distr) and Outcome (Outcome)
Harmonising fat_distr (fat_distr) and Outcome (Outcome)
[1] 395
[1] 395
  iteration                                                            traits
1         1 iradjbmi, chr5:132271908:132272025:clu_52520_+:ENSG00000131435.13
  posterior_prob regional_prob candidate_snp posterior_explained_by_snp
1         0.9713        0.9808    rs10479001                          1
  dropped_trait   lead_snp
1            NA rs10479001
[1] "LEAD INDEX"
[1] 5
[1] "LEAD INDEX"
[1] 6
[1] "LEAD INDEX"
[1] 7
[1] "LEAD INDEX"
[1] 8
[1] "LEAD INDEX"
[1] 9
[1] "SPLICING EVENT"
[1] "chr5:56909743:56911169:clu_51888_+:ENSG00000155542.12"
Harmonising fat_distr (fat_distr) and Outcome (Outcome)
Harmonising fat_distr (fat_distr) and Outcome (Outcome)
[1] 494
[1] 494
  iteration traits posterior_prob regional_prob candidate_snp
1         1   None             NA        0.0098            NA
  posterior_explained_by_snp dropped_trait lead_snp
1                         NA      iradjbmi rs702691
[1] "SPLICING EVENT"
[1] "chr5:56909743:56913011:clu_51888_+:ENSG00000155542.12"
Harmonising fat_distr (fat_distr) and Outcome (Outcome)
Harmonising fat_distr (fat_distr) and Outcome (Outcome)
[1] 494
[1] 494
  iteration traits posterior_prob regional_prob candidate_snp
1         1   None             NA        0.0081            NA
  posterior_explained_by_snp dropped_trait lead_snp
1                         NA      iradjbmi rs702691
[1] "SPLICING EVENT"
[1] "chr5:56911536:56913011:clu_51888_+:ENSG00000155542.12"
Harmonising fat_distr (fat_distr) and Outcome (Outcome)
Harmonising fat_distr (fat_distr) and Outcome (Outcome)
[1] 494
[1] 494
  iteration traits posterior_prob regional_prob candidate_snp
1         1   None             NA        0.0084            NA
  posterior_explained_by_snp dropped_trait lead_snp
1                         NA      iradjbmi rs702691
[1] "SPLICING EVENT"
[1] "chr5:56914966:56916815:clu_51890_+:ENSG00000155542.12"
Harmonising fat_distr (fat_distr) and Outcome (Outcome)
Harmonising fat_distr (fat_distr) and Outcome (Outcome)
[1] 494
[1] 494
  iteration traits posterior_prob regional_prob candidate_snp
1         1   None             NA        0.0204            NA
  posterior_explained_by_snp dropped_trait lead_snp
1                         NA      iradjbmi rs702691
[1] "LEAD INDEX"
[1] 10
[1] "LEAD INDEX"
[1] 11
[1] "LEAD INDEX"
[1] 12
[1] "LEAD INDEX"
[1] 13
[1] "SPLICING EVENT"
[1] "chr5:113027482:113028934:clu_53862_-:ENSG00000171444.18"
Harmonising fat_distr (fat_distr) and Outcome (Outcome)
Harmonising fat_distr (fat_distr) and Outcome (Outcome)
[1] 464
[1] 464
  iteration traits posterior_prob regional_prob candidate_snp
1         1   None             NA        0.0057            NA
  posterior_explained_by_snp dropped_trait  lead_snp
1                         NA      iradjbmi rs7732198
[1] "SPLICING EVENT"
[1] "chr5:113029056:113043530:clu_53863_-:ENSG00000171444.18"
Harmonising fat_distr (fat_distr) and Outcome (Outcome)
Harmonising fat_distr (fat_distr) and Outcome (Outcome)
[1] 464
[1] 464
  iteration                                                            traits
1         1 iradjbmi, chr5:113029056:113043530:clu_53863_-:ENSG00000171444.18
  posterior_prob regional_prob candidate_snp posterior_explained_by_snp
1         0.5767        0.6089     rs4309965                     0.2972
  dropped_trait  lead_snp
1            NA rs7732198
[1] "SPLICING EVENT"
[1] "chr5:113043630:113049093:clu_53863_-:ENSG00000171444.18"
Harmonising fat_distr (fat_distr) and Outcome (Outcome)
Harmonising fat_distr (fat_distr) and Outcome (Outcome)
[1] 464
[1] 464
  iteration                                                            traits
1         1 iradjbmi, chr5:113043630:113049093:clu_53863_-:ENSG00000171444.18
  posterior_prob regional_prob candidate_snp posterior_explained_by_snp
1         0.9561        0.9829     rs6877769                     0.4499
  dropped_trait  lead_snp
1            NA rs7732198
[1] "LEAD INDEX"
[1] 14
[1] "SPLICING EVENT"
[1] "chr5:119268907:119392816:clu_52442_+:ENSG00000145779.8"
Harmonising fat_distr (fat_distr) and Outcome (Outcome)
Harmonising fat_distr (fat_distr) and Outcome (Outcome)
[1] 338
[1] 338
  iteration traits posterior_prob regional_prob candidate_snp
1         1   None             NA          0.01            NA
  posterior_explained_by_snp dropped_trait  lead_snp
1                         NA      iradjbmi rs1045241
[1] "SPLICING EVENT"
[1] "chr5:119356121:119392816:clu_52442_+:ENSG00000145779.8"
Harmonising fat_distr (fat_distr) and Outcome (Outcome)
Harmonising fat_distr (fat_distr) and Outcome (Outcome)
[1] 338
[1] 338
  iteration traits posterior_prob regional_prob candidate_snp
1         1   None             NA        0.0069            NA
  posterior_explained_by_snp dropped_trait  lead_snp
1                         NA      iradjbmi rs1045241
[1] "LEAD INDEX"
[1] 15
[1] "LEAD INDEX"
[1] 16
[1] "SPLICING EVENT"
[1] "chr5:133091374:133092700:clu_52538_+:ENSG00000170606.16"
Harmonising fat_distr (fat_distr) and Outcome (Outcome)
Harmonising fat_distr (fat_distr) and Outcome (Outcome)
[1] 421
[1] 421
  iteration traits posterior_prob regional_prob candidate_snp
1         1   None             NA        0.0165            NA
  posterior_explained_by_snp dropped_trait lead_snp
1                         NA      iradjbmi  rs13718
[1] "SPLICING EVENT"
[1] "chr5:133091374:133092703:clu_52538_+:ENSG00000170606.16"
Harmonising fat_distr (fat_distr) and Outcome (Outcome)
Harmonising fat_distr (fat_distr) and Outcome (Outcome)
[1] 421
[1] 421
  iteration traits posterior_prob regional_prob candidate_snp
1         1   None             NA        0.0176            NA
  posterior_explained_by_snp dropped_trait lead_snp
1                         NA      iradjbmi  rs13718
[1] "LEAD INDEX"
[1] 17
[1] "LEAD INDEX"
[1] 18
[1] "SPLICING EVENT"
[1] "chr5:173910604:173932450:clu_52998_+:ENSG00000113742.14"
Harmonising fat_distr (fat_distr) and Outcome (Outcome)
Harmonising fat_distr (fat_distr) and Outcome (Outcome)
[1] 610
[1] 610
  iteration traits posterior_prob regional_prob candidate_snp
1         1   None             NA        0.0835            NA
  posterior_explained_by_snp dropped_trait lead_snp
1                         NA      iradjbmi rs747472
[1] "SPLICING EVENT"
[1] "chr5:173910604:173944967:clu_52998_+:ENSG00000113742.14"
Harmonising fat_distr (fat_distr) and Outcome (Outcome)
Harmonising fat_distr (fat_distr) and Outcome (Outcome)
[1] 610
[1] 610
  iteration traits posterior_prob regional_prob candidate_snp
1         1   None             NA        0.0135            NA
  posterior_explained_by_snp dropped_trait lead_snp
1                         NA      iradjbmi rs747472
[1] "SPLICING EVENT"
[1] "chr5:173932500:173944967:clu_52998_+:ENSG00000113742.14"
Harmonising fat_distr (fat_distr) and Outcome (Outcome)
Harmonising fat_distr (fat_distr) and Outcome (Outcome)
[1] 610
[1] 610
  iteration traits posterior_prob regional_prob candidate_snp
1         1   None             NA        0.0069            NA
  posterior_explained_by_snp dropped_trait lead_snp
1                         NA      iradjbmi rs747472
[1] "SPLICING EVENT"
[1] "chr5:173949597:173949880:clu_52999_+:ENSG00000113742.14"
Harmonising fat_distr (fat_distr) and Outcome (Outcome)
Harmonising fat_distr (fat_distr) and Outcome (Outcome)
[1] 610
[1] 610
  iteration traits posterior_prob regional_prob candidate_snp
1         1   None             NA        0.0061            NA
  posterior_explained_by_snp dropped_trait lead_snp
1                         NA      iradjbmi rs747472
[1] "SPLICING EVENT"
[1] "chr5:173949597:173949960:clu_52999_+:ENSG00000113742.14"
Harmonising fat_distr (fat_distr) and Outcome (Outcome)
Harmonising fat_distr (fat_distr) and Outcome (Outcome)
[1] 610
[1] 610
  iteration traits posterior_prob regional_prob candidate_snp
1         1   None             NA        0.0065            NA
  posterior_explained_by_snp dropped_trait lead_snp
1                         NA      iradjbmi rs747472
[1] "CHROMOSOME"
[1] 6
[1] "LEAD INDEX"
[1] 1
[1] "LEAD INDEX"
[1] 2
[1] "SPLICING EVENT"
[1] "chr6:85677191:85677424:clu_55572_-:ENSG00000203875.13"
Harmonising fat_distr (fat_distr) and Outcome (Outcome)
Harmonising fat_distr (fat_distr) and Outcome (Outcome)
[1] 314
[1] 314
  iteration                                                          traits
1         1 iradjbmi, chr6:85677191:85677424:clu_55572_-:ENSG00000203875.13
  posterior_prob regional_prob candidate_snp posterior_explained_by_snp
1          0.792        0.9787     rs1059307                     0.5766
  dropped_trait  lead_snp
1            NA rs6454486
[1] "SPLICING EVENT"
[1] "chr6:85677492:85677795:clu_55572_-:ENSG00000203875.13"
Harmonising fat_distr (fat_distr) and Outcome (Outcome)
Harmonising fat_distr (fat_distr) and Outcome (Outcome)
[1] 314
[1] 314
  iteration                                                          traits
1         1 iradjbmi, chr6:85677492:85677795:clu_55572_-:ENSG00000203875.13
  posterior_prob regional_prob candidate_snp posterior_explained_by_snp
1         0.7381        0.9717     rs1059307                          1
  dropped_trait  lead_snp
1            NA rs6454486
[1] "SPLICING EVENT"
[1] "chr6:85677492:85677954:clu_55572_-:ENSG00000203875.13"
Harmonising fat_distr (fat_distr) and Outcome (Outcome)
Harmonising fat_distr (fat_distr) and Outcome (Outcome)
[1] 314
[1] 314
  iteration                                                          traits
1         1 iradjbmi, chr6:85677492:85677954:clu_55572_-:ENSG00000203875.13
  posterior_prob regional_prob candidate_snp posterior_explained_by_snp
1         0.7381        0.9717     rs1059307                          1
  dropped_trait  lead_snp
1            NA rs6454486
[1] "SPLICING EVENT"
[1] "chr6:85677492:85678136:clu_55572_-:ENSG00000203875.13"
Harmonising fat_distr (fat_distr) and Outcome (Outcome)
Harmonising fat_distr (fat_distr) and Outcome (Outcome)
[1] 314
[1] 314
  iteration                                                          traits
1         1 iradjbmi, chr6:85677492:85678136:clu_55572_-:ENSG00000203875.13
  posterior_prob regional_prob candidate_snp posterior_explained_by_snp
1         0.7381        0.9717     rs1059307                          1
  dropped_trait  lead_snp
1            NA rs6454486
[1] "SPLICING EVENT"
[1] "chr6:85677875:85677954:clu_55572_-:ENSG00000203875.13"
Harmonising fat_distr (fat_distr) and Outcome (Outcome)
Harmonising fat_distr (fat_distr) and Outcome (Outcome)
[1] 314
[1] 314
  iteration                                                          traits
1         1 iradjbmi, chr6:85677875:85677954:clu_55572_-:ENSG00000203875.13
  posterior_prob regional_prob candidate_snp posterior_explained_by_snp
1         0.7381        0.9717     rs1059307                          1
  dropped_trait  lead_snp
1            NA rs6454486
[1] "SPLICING EVENT"
[1] "chr6:85678032:85678136:clu_55572_-:ENSG00000203875.13"
Harmonising fat_distr (fat_distr) and Outcome (Outcome)
Harmonising fat_distr (fat_distr) and Outcome (Outcome)
[1] 314
[1] 314
  iteration traits posterior_prob regional_prob candidate_snp
1         1   None             NA        0.0327            NA
  posterior_explained_by_snp dropped_trait  lead_snp
1                         NA      iradjbmi rs6454486
[1] "SPLICING EVENT"
[1] "chr6:85678188:85678694:clu_55573_-:ENSG00000203875.13"
Harmonising fat_distr (fat_distr) and Outcome (Outcome)
Harmonising fat_distr (fat_distr) and Outcome (Outcome)
[1] 314
[1] 314
  iteration traits posterior_prob regional_prob candidate_snp
1         1   None             NA        0.0244            NA
  posterior_explained_by_snp dropped_trait  lead_snp
1                         NA      iradjbmi rs6454486
[1] "SPLICING EVENT"
[1] "chr6:85678188:85678698:clu_55573_-:ENSG00000203875.13"
Harmonising fat_distr (fat_distr) and Outcome (Outcome)
Harmonising fat_distr (fat_distr) and Outcome (Outcome)
[1] 314
[1] 314
  iteration traits posterior_prob regional_prob candidate_snp
1         1   None             NA        0.0099            NA
  posterior_explained_by_snp dropped_trait  lead_snp
1                         NA      iradjbmi rs6454486
[1] "LEAD INDEX"
[1] 3
[1] "SPLICING EVENT"
[1] "chr6:163415335:163455279:clu_58029_+:ENSG00000112531.17"
Harmonising fat_distr (fat_distr) and Outcome (Outcome)
Removing the following SNPs for incompatible alleles:
chr6:163294050
Harmonising fat_distr (fat_distr) and Outcome (Outcome)
[1] 532
[1] 532
  iteration traits posterior_prob regional_prob candidate_snp
1         1   None             NA        0.0078            NA
  posterior_explained_by_snp dropped_trait lead_snp
1                         NA      iradjbmi   rs9306
[1] "SPLICING EVENT"
[1] "chr6:163415335:163478780:clu_58029_+:ENSG00000112531.17"
Harmonising fat_distr (fat_distr) and Outcome (Outcome)
Removing the following SNPs for incompatible alleles:
chr6:163294050
Harmonising fat_distr (fat_distr) and Outcome (Outcome)
[1] 532
[1] 532
  iteration traits posterior_prob regional_prob candidate_snp
1         1   None             NA        0.0104            NA
  posterior_explained_by_snp dropped_trait lead_snp
1                         NA      iradjbmi   rs9306
[1] "SPLICING EVENT"
[1] "chr6:163455421:163457381:clu_58029_+:ENSG00000112531.17"
Harmonising fat_distr (fat_distr) and Outcome (Outcome)
Removing the following SNPs for incompatible alleles:
chr6:163294050
Harmonising fat_distr (fat_distr) and Outcome (Outcome)
[1] 532
[1] 532
  iteration traits posterior_prob regional_prob candidate_snp
1         1   None             NA        0.0096            NA
  posterior_explained_by_snp dropped_trait lead_snp
1                         NA      iradjbmi   rs9306
[1] "SPLICING EVENT"
[1] "chr6:163455421:163478780:clu_58029_+:ENSG00000112531.17"
Harmonising fat_distr (fat_distr) and Outcome (Outcome)
Removing the following SNPs for incompatible alleles:
chr6:163294050
Harmonising fat_distr (fat_distr) and Outcome (Outcome)
[1] 532
[1] 532
  iteration traits posterior_prob regional_prob candidate_snp
1         1   None             NA        0.0084            NA
  posterior_explained_by_snp dropped_trait lead_snp
1                         NA      iradjbmi   rs9306
[1] "SPLICING EVENT"
[1] "chr6:163457551:163478780:clu_58029_+:ENSG00000112531.17"
Harmonising fat_distr (fat_distr) and Outcome (Outcome)
Removing the following SNPs for incompatible alleles:
chr6:163294050
Harmonising fat_distr (fat_distr) and Outcome (Outcome)
[1] 532
[1] 532
  iteration traits posterior_prob regional_prob candidate_snp
1         1   None             NA        0.0091            NA
  posterior_explained_by_snp dropped_trait lead_snp
1                         NA      iradjbmi   rs9306
[1] "SPLICING EVENT"
[1] "chr6:163478896:163534982:clu_58030_+:ENSG00000112531.17"
Harmonising fat_distr (fat_distr) and Outcome (Outcome)
Removing the following SNPs for incompatible alleles:
chr6:163294050
Harmonising fat_distr (fat_distr) and Outcome (Outcome)
[1] 532
[1] 532
  iteration traits posterior_prob regional_prob candidate_snp
1         1   None             NA        0.0123            NA
  posterior_explained_by_snp dropped_trait lead_snp
1                         NA      iradjbmi   rs9306
[1] "SPLICING EVENT"
[1] "chr6:163535125:163561982:clu_58030_+:ENSG00000112531.17"
Harmonising fat_distr (fat_distr) and Outcome (Outcome)
Removing the following SNPs for incompatible alleles:
chr6:163294050
Harmonising fat_distr (fat_distr) and Outcome (Outcome)
[1] 532
[1] 532
  iteration traits posterior_prob regional_prob candidate_snp
1         1   None             NA        0.0109            NA
  posterior_explained_by_snp dropped_trait lead_snp
1                         NA      iradjbmi   rs9306
[1] "SPLICING EVENT"
[1] "chr6:163562069:163563420:clu_58031_+:ENSG00000112531.17"
Harmonising fat_distr (fat_distr) and Outcome (Outcome)
Removing the following SNPs for incompatible alleles:
chr6:163294050
Harmonising fat_distr (fat_distr) and Outcome (Outcome)
[1] 532
[1] 532
  iteration traits posterior_prob regional_prob candidate_snp
1         1   None             NA        0.0088            NA
  posterior_explained_by_snp dropped_trait lead_snp
1                         NA      iradjbmi   rs9306
[1] "SPLICING EVENT"
[1] "chr6:163562069:163563423:clu_58031_+:ENSG00000112531.17"
Harmonising fat_distr (fat_distr) and Outcome (Outcome)
Removing the following SNPs for incompatible alleles:
chr6:163294050
Harmonising fat_distr (fat_distr) and Outcome (Outcome)
[1] 532
[1] 532
  iteration traits posterior_prob regional_prob candidate_snp
1         1   None             NA        0.0121            NA
  posterior_explained_by_snp dropped_trait lead_snp
1                         NA      iradjbmi   rs9306
[1] "SPLICING EVENT"
[1] "chr6:163562069:163563444:clu_58031_+:ENSG00000112531.17"
Harmonising fat_distr (fat_distr) and Outcome (Outcome)
Removing the following SNPs for incompatible alleles:
chr6:163294050
Harmonising fat_distr (fat_distr) and Outcome (Outcome)
[1] 532
[1] 532
  iteration traits posterior_prob regional_prob candidate_snp
1         1   None             NA        0.0077            NA
  posterior_explained_by_snp dropped_trait lead_snp
1                         NA      iradjbmi   rs9306
[1] "SPLICING EVENT"
[1] "chr6:163563719:163564667:clu_58032_+:ENSG00000112531.17"
Harmonising fat_distr (fat_distr) and Outcome (Outcome)
Removing the following SNPs for incompatible alleles:
chr6:163294050
Harmonising fat_distr (fat_distr) and Outcome (Outcome)
[1] 532
[1] 532
  iteration traits posterior_prob regional_prob candidate_snp
1         1   None             NA        0.0104            NA
  posterior_explained_by_snp dropped_trait lead_snp
1                         NA      iradjbmi   rs9306
[1] "SPLICING EVENT"
[1] "chr6:163563719:163565946:clu_58032_+:ENSG00000112531.17"
Harmonising fat_distr (fat_distr) and Outcome (Outcome)
Removing the following SNPs for incompatible alleles:
chr6:163294050
Harmonising fat_distr (fat_distr) and Outcome (Outcome)
[1] 532
[1] 532
  iteration traits posterior_prob regional_prob candidate_snp
1         1   None             NA        0.0073            NA
  posterior_explained_by_snp dropped_trait lead_snp
1                         NA      iradjbmi   rs9306
[1] "SPLICING EVENT"
[1] "chr6:163563719:163566721:clu_58032_+:ENSG00000112531.17"
Harmonising fat_distr (fat_distr) and Outcome (Outcome)
Removing the following SNPs for incompatible alleles:
chr6:163294050
Harmonising fat_distr (fat_distr) and Outcome (Outcome)
[1] 532
[1] 532
  iteration traits posterior_prob regional_prob candidate_snp
1         1   None             NA        0.0093            NA
  posterior_explained_by_snp dropped_trait lead_snp
1                         NA      iradjbmi   rs9306
[1] "LEAD INDEX"
[1] 4
[1] "LEAD INDEX"
[1] 5
[1] "LEAD INDEX"
[1] 6
[1] "SPLICING EVENT"
[1] "chr6:43778918:43780732:clu_57181_+:ENSG00000112715.26"
Harmonising fat_distr (fat_distr) and Outcome (Outcome)
Harmonising fat_distr (fat_distr) and Outcome (Outcome)
[1] 447
[1] 447
  iteration traits posterior_prob regional_prob candidate_snp
1         1   None             NA        0.0054            NA
  posterior_explained_by_snp dropped_trait lead_snp
1                         NA      iradjbmi rs998584
[1] "SPLICING EVENT"
[1] "chr6:43778918:43781956:clu_57181_+:ENSG00000112715.26"
Harmonising fat_distr (fat_distr) and Outcome (Outcome)
Harmonising fat_distr (fat_distr) and Outcome (Outcome)
[1] 447
[1] 447
  iteration traits posterior_prob regional_prob candidate_snp
1         1   None             NA        0.0055            NA
  posterior_explained_by_snp dropped_trait lead_snp
1                         NA      iradjbmi rs998584
[1] "SPLICING EVENT"
[1] "chr6:43778918:43784541:clu_57181_+:ENSG00000112715.26"
Harmonising fat_distr (fat_distr) and Outcome (Outcome)
Harmonising fat_distr (fat_distr) and Outcome (Outcome)
[1] 447
[1] 447
  iteration traits posterior_prob regional_prob candidate_snp
1         1   None             NA        0.0053            NA
  posterior_explained_by_snp dropped_trait lead_snp
1                         NA      iradjbmi rs998584
[1] "SPLICING EVENT"
[1] "chr6:43780785:43781956:clu_57181_+:ENSG00000112715.26"
Harmonising fat_distr (fat_distr) and Outcome (Outcome)
Harmonising fat_distr (fat_distr) and Outcome (Outcome)
[1] 447
[1] 447
  iteration traits posterior_prob regional_prob candidate_snp
1         1   None             NA        0.0066            NA
  posterior_explained_by_snp dropped_trait lead_snp
1                         NA      iradjbmi rs998584
[1] "SPLICING EVENT"
[1] "chr6:43780803:43781956:clu_57181_+:ENSG00000112715.26"
Harmonising fat_distr (fat_distr) and Outcome (Outcome)
Harmonising fat_distr (fat_distr) and Outcome (Outcome)
[1] 447
[1] 447
  iteration traits posterior_prob regional_prob candidate_snp
1         1   None             NA        0.0057            NA
  posterior_explained_by_snp dropped_trait lead_snp
1                         NA      iradjbmi rs998584
[1] "SPLICING EVENT"
[1] "chr6:43782087:43784541:clu_57181_+:ENSG00000112715.26"
Harmonising fat_distr (fat_distr) and Outcome (Outcome)
Harmonising fat_distr (fat_distr) and Outcome (Outcome)
[1] 447
[1] 447
  iteration traits posterior_prob regional_prob candidate_snp
1         1   None             NA        0.0199            NA
  posterior_explained_by_snp dropped_trait lead_snp
1                         NA      iradjbmi rs998584
[1] "LEAD INDEX"
[1] 7
[1] "LEAD INDEX"
[1] 8
[1] "LEAD INDEX"
[1] 9
[1] "SPLICING EVENT"
[1] "chr6:108848546:108854225:clu_57532_+:ENSG00000118690.13"
Harmonising fat_distr (fat_distr) and Outcome (Outcome)
Harmonising fat_distr (fat_distr) and Outcome (Outcome)
[1] 359
[1] 359
  iteration traits posterior_prob regional_prob candidate_snp
1         1   None             NA        0.0651            NA
  posterior_explained_by_snp dropped_trait  lead_snp
1                         NA      iradjbmi rs2806360
[1] "SPLICING EVENT"
[1] "chr6:108854485:108858199:clu_57533_+:ENSG00000118690.13"
Harmonising fat_distr (fat_distr) and Outcome (Outcome)
Harmonising fat_distr (fat_distr) and Outcome (Outcome)
[1] 359
[1] 359
  iteration traits posterior_prob regional_prob candidate_snp
1         1   None             NA        0.0112            NA
  posterior_explained_by_snp dropped_trait  lead_snp
1                         NA      iradjbmi rs2806360
[1] "SPLICING EVENT"
[1] "chr6:108854485:108868824:clu_57533_+:ENSG00000118690.13"
Harmonising fat_distr (fat_distr) and Outcome (Outcome)
Harmonising fat_distr (fat_distr) and Outcome (Outcome)
[1] 359
[1] 359
  iteration traits posterior_prob regional_prob candidate_snp
1         1   None             NA        0.0071            NA
  posterior_explained_by_snp dropped_trait  lead_snp
1                         NA      iradjbmi rs2806360
[1] "SPLICING EVENT"
[1] "chr6:108858271:108868824:clu_57533_+:ENSG00000118690.13"
Harmonising fat_distr (fat_distr) and Outcome (Outcome)
Harmonising fat_distr (fat_distr) and Outcome (Outcome)
[1] 359
[1] 359
  iteration traits posterior_prob regional_prob candidate_snp
1         1   None             NA        0.0081            NA
  posterior_explained_by_snp dropped_trait  lead_snp
1                         NA      iradjbmi rs2806360
[1] "SPLICING EVENT"
[1] "chr6:108868913:108876143:clu_57533_+:ENSG00000118690.13"
Harmonising fat_distr (fat_distr) and Outcome (Outcome)
Harmonising fat_distr (fat_distr) and Outcome (Outcome)
[1] 359
[1] 359
  iteration traits posterior_prob regional_prob candidate_snp
1         1   None             NA        0.0085            NA
  posterior_explained_by_snp dropped_trait  lead_snp
1                         NA      iradjbmi rs2806360
[1] "SPLICING EVENT"
[1] "chr6:108868995:108876143:clu_57533_+:ENSG00000118690.13"
Harmonising fat_distr (fat_distr) and Outcome (Outcome)
Harmonising fat_distr (fat_distr) and Outcome (Outcome)
[1] 359
[1] 359
  iteration traits posterior_prob regional_prob candidate_snp
1         1   None             NA        0.0279            NA
  posterior_explained_by_snp dropped_trait  lead_snp
1                         NA      iradjbmi rs2806360
[1] "SPLICING EVENT"
[1] "chr6:108876350:108894467:clu_57534_+:ENSG00000118690.13"
Harmonising fat_distr (fat_distr) and Outcome (Outcome)
Harmonising fat_distr (fat_distr) and Outcome (Outcome)
[1] 359
[1] 359
  iteration traits posterior_prob regional_prob candidate_snp
1         1   None             NA        0.0335            NA
  posterior_explained_by_snp dropped_trait  lead_snp
1                         NA      iradjbmi rs2806360
[1] "SPLICING EVENT"
[1] "chr6:108894543:108899694:clu_57534_+:ENSG00000118690.13"
Harmonising fat_distr (fat_distr) and Outcome (Outcome)
Harmonising fat_distr (fat_distr) and Outcome (Outcome)
[1] 359
[1] 359
  iteration traits posterior_prob regional_prob candidate_snp
1         1   None             NA        0.0102            NA
  posterior_explained_by_snp dropped_trait  lead_snp
1                         NA      iradjbmi rs2806360
[1] "SPLICING EVENT"
[1] "chr6:108928233:108936900:clu_57537_+:ENSG00000118690.13"
Harmonising fat_distr (fat_distr) and Outcome (Outcome)
Harmonising fat_distr (fat_distr) and Outcome (Outcome)
[1] 359
[1] 359
  iteration traits posterior_prob regional_prob candidate_snp
1         1   None             NA        0.0093            NA
  posterior_explained_by_snp dropped_trait  lead_snp
1                         NA      iradjbmi rs2806360
[1] "SPLICING EVENT"
[1] "chr6:108928233:108953033:clu_57537_+:ENSG00000118690.13"
Harmonising fat_distr (fat_distr) and Outcome (Outcome)
Harmonising fat_distr (fat_distr) and Outcome (Outcome)
[1] 359
[1] 359
  iteration traits posterior_prob regional_prob candidate_snp
1         1   None             NA         0.015            NA
  posterior_explained_by_snp dropped_trait  lead_snp
1                         NA      iradjbmi rs2806360
[1] "SPLICING EVENT"
[1] "chr6:108936999:108953033:clu_57537_+:ENSG00000118690.13"
Harmonising fat_distr (fat_distr) and Outcome (Outcome)
Harmonising fat_distr (fat_distr) and Outcome (Outcome)
[1] 359
[1] 359
  iteration traits posterior_prob regional_prob candidate_snp
1         1   None             NA        0.0259            NA
  posterior_explained_by_snp dropped_trait  lead_snp
1                         NA      iradjbmi rs2806360
[1] "SPLICING EVENT"
[1] "chr6:108964312:108964980:clu_57540_+:ENSG00000118690.13"
Harmonising fat_distr (fat_distr) and Outcome (Outcome)
Harmonising fat_distr (fat_distr) and Outcome (Outcome)
[1] 359
[1] 359
  iteration traits posterior_prob regional_prob candidate_snp
1         1   None             NA        0.0101            NA
  posterior_explained_by_snp dropped_trait  lead_snp
1                         NA      iradjbmi rs2806360
[1] "SPLICING EVENT"
[1] "chr6:108965140:108973357:clu_57540_+:ENSG00000118690.13"
Harmonising fat_distr (fat_distr) and Outcome (Outcome)
Harmonising fat_distr (fat_distr) and Outcome (Outcome)
[1] 359
[1] 359
  iteration traits posterior_prob regional_prob candidate_snp
1         1   None             NA        0.0089            NA
  posterior_explained_by_snp dropped_trait  lead_snp
1                         NA      iradjbmi rs2806360
[1] "LEAD INDEX"
[1] 10
[1] "LEAD INDEX"
[1] 11
[1] "LEAD INDEX"
[1] 12
[1] "LEAD INDEX"
[1] 13
[1] "LEAD INDEX"
[1] 14
[1] "SPLICING EVENT"
[1] "chr6:160027314:160029550:clu_57999_+:ENSG00000197081.16"
Harmonising fat_distr (fat_distr) and Outcome (Outcome)
Harmonising fat_distr (fat_distr) and Outcome (Outcome)
[1] 554
[1] 554
  iteration traits posterior_prob regional_prob candidate_snp
1         1   None             NA        0.0211            NA
  posterior_explained_by_snp dropped_trait   lead_snp
1                         NA      iradjbmi rs12202350
[1] "SPLICING EVENT"
[1] "chr6:160029655:160032551:clu_57999_+:ENSG00000197081.16"
Harmonising fat_distr (fat_distr) and Outcome (Outcome)
Harmonising fat_distr (fat_distr) and Outcome (Outcome)
[1] 554
[1] 554
  iteration traits posterior_prob regional_prob candidate_snp
1         1   None             NA        0.0117            NA
  posterior_explained_by_snp dropped_trait   lead_snp
1                         NA      iradjbmi rs12202350
[1] "SPLICING EVENT"
[1] "chr6:160033107:160034419:clu_58000_+:ENSG00000197081.16"
Harmonising fat_distr (fat_distr) and Outcome (Outcome)
Harmonising fat_distr (fat_distr) and Outcome (Outcome)
[1] 554
[1] 554
  iteration traits posterior_prob regional_prob candidate_snp
1         1   None             NA        0.0088            NA
  posterior_explained_by_snp dropped_trait   lead_snp
1                         NA      iradjbmi rs12202350
[1] "SPLICING EVENT"
[1] "chr6:160034522:160040560:clu_58000_+:ENSG00000197081.16"
Harmonising fat_distr (fat_distr) and Outcome (Outcome)
Harmonising fat_distr (fat_distr) and Outcome (Outcome)
[1] 554
[1] 554
  iteration traits posterior_prob regional_prob candidate_snp
1         1   None             NA        0.0098            NA
  posterior_explained_by_snp dropped_trait   lead_snp
1                         NA      iradjbmi rs12202350
[1] "SPLICING EVENT"
[1] "chr6:160064531:160064804:clu_58002_+:ENSG00000197081.16"
Harmonising fat_distr (fat_distr) and Outcome (Outcome)
Harmonising fat_distr (fat_distr) and Outcome (Outcome)
[1] 554
[1] 554
  iteration traits posterior_prob regional_prob candidate_snp
1         1   None             NA        0.0118            NA
  posterior_explained_by_snp dropped_trait   lead_snp
1                         NA      iradjbmi rs12202350
[1] "SPLICING EVENT"
[1] "chr6:160064531:160068249:clu_58002_+:ENSG00000197081.16"
Harmonising fat_distr (fat_distr) and Outcome (Outcome)
Harmonising fat_distr (fat_distr) and Outcome (Outcome)
[1] 554
[1] 554
  iteration traits posterior_prob regional_prob candidate_snp
1         1   None             NA        0.0056            NA
  posterior_explained_by_snp dropped_trait   lead_snp
1                         NA      iradjbmi rs12202350
[1] "SPLICING EVENT"
[1] "chr6:160064901:160068249:clu_58002_+:ENSG00000197081.16"
Harmonising fat_distr (fat_distr) and Outcome (Outcome)
Harmonising fat_distr (fat_distr) and Outcome (Outcome)
[1] 554
[1] 554
  iteration traits posterior_prob regional_prob candidate_snp
1         1   None             NA        0.0113            NA
  posterior_explained_by_snp dropped_trait   lead_snp
1                         NA      iradjbmi rs12202350
[1] "SPLICING EVENT"
[1] "chr6:160068385:160069868:clu_58003_+:ENSG00000197081.16"
Harmonising fat_distr (fat_distr) and Outcome (Outcome)
Harmonising fat_distr (fat_distr) and Outcome (Outcome)
[1] 554
[1] 554
  iteration traits posterior_prob regional_prob candidate_snp
1         1   None             NA        0.0097            NA
  posterior_explained_by_snp dropped_trait   lead_snp
1                         NA      iradjbmi rs12202350
[1] "SPLICING EVENT"
[1] "chr6:160069014:160069868:clu_58003_+:ENSG00000197081.16"
Harmonising fat_distr (fat_distr) and Outcome (Outcome)
Harmonising fat_distr (fat_distr) and Outcome (Outcome)
[1] 554
[1] 554
  iteration traits posterior_prob regional_prob candidate_snp
1         1   None             NA        0.0089            NA
  posterior_explained_by_snp dropped_trait   lead_snp
1                         NA      iradjbmi rs12202350
[1] "SPLICING EVENT"
[1] "chr6:160072036:160072765:clu_58004_+:ENSG00000197081.16"
Harmonising fat_distr (fat_distr) and Outcome (Outcome)
Harmonising fat_distr (fat_distr) and Outcome (Outcome)
[1] 554
[1] 554
  iteration traits posterior_prob regional_prob candidate_snp
1         1   None             NA        0.0096            NA
  posterior_explained_by_snp dropped_trait   lead_snp
1                         NA      iradjbmi rs12202350
[1] "SPLICING EVENT"
[1] "chr6:160072884:160073213:clu_58004_+:ENSG00000197081.16"
Harmonising fat_distr (fat_distr) and Outcome (Outcome)
Harmonising fat_distr (fat_distr) and Outcome (Outcome)
[1] 554
[1] 554
  iteration traits posterior_prob regional_prob candidate_snp
1         1   None             NA        0.0099            NA
  posterior_explained_by_snp dropped_trait   lead_snp
1                         NA      iradjbmi rs12202350
[1] "LEAD INDEX"
[1] 15
[1] "LEAD INDEX"
[1] 16
[1] "CHROMOSOME"
[1] 7
[1] "LEAD INDEX"
[1] 1
[1] "SPLICING EVENT"
[1] "chr7:12211425:12214809:clu_60010_+:ENSG00000106460.19"
Harmonising fat_distr (fat_distr) and Outcome (Outcome)
Harmonising fat_distr (fat_distr) and Outcome (Outcome)
[1] 622
[1] 622
  iteration traits posterior_prob regional_prob candidate_snp
1         1   None             NA        0.0061            NA
  posterior_explained_by_snp dropped_trait  lead_snp
1                         NA      iradjbmi rs1990622
[1] "SPLICING EVENT"
[1] "chr7:12211547:12214809:clu_60010_+:ENSG00000106460.19"
Harmonising fat_distr (fat_distr) and Outcome (Outcome)
Harmonising fat_distr (fat_distr) and Outcome (Outcome)
[1] 622
[1] 622
  iteration traits posterior_prob regional_prob candidate_snp
1         1   None             NA        0.0093            NA
  posterior_explained_by_snp dropped_trait  lead_snp
1                         NA      iradjbmi rs1990622
[1] "SPLICING EVENT"
[1] "chr7:12224385:12229679:clu_60012_+:ENSG00000106460.19"
Harmonising fat_distr (fat_distr) and Outcome (Outcome)
Harmonising fat_distr (fat_distr) and Outcome (Outcome)
[1] 622
[1] 622
  iteration traits posterior_prob regional_prob candidate_snp
1         1   None             NA        0.0071            NA
  posterior_explained_by_snp dropped_trait  lead_snp
1                         NA      iradjbmi rs1990622
[1] "SPLICING EVENT"
[1] "chr7:12229819:12230389:clu_60012_+:ENSG00000106460.19"
Harmonising fat_distr (fat_distr) and Outcome (Outcome)
Harmonising fat_distr (fat_distr) and Outcome (Outcome)
[1] 622
[1] 622
  iteration traits posterior_prob regional_prob candidate_snp
1         1   None             NA        0.0072            NA
  posterior_explained_by_snp dropped_trait  lead_snp
1                         NA      iradjbmi rs1990622
[1] "SPLICING EVENT"
[1] "chr7:12230438:12231062:clu_60013_+:ENSG00000106460.19"
Harmonising fat_distr (fat_distr) and Outcome (Outcome)
Harmonising fat_distr (fat_distr) and Outcome (Outcome)
[1] 622
[1] 622
  iteration traits posterior_prob regional_prob candidate_snp
1         1   None             NA        0.0078            NA
  posterior_explained_by_snp dropped_trait  lead_snp
1                         NA      iradjbmi rs1990622
[1] "SPLICING EVENT"
[1] "chr7:12231115:12231837:clu_60013_+:ENSG00000106460.19"
Harmonising fat_distr (fat_distr) and Outcome (Outcome)
Harmonising fat_distr (fat_distr) and Outcome (Outcome)
[1] 622
[1] 622
  iteration traits posterior_prob regional_prob candidate_snp
1         1   None             NA        0.0122            NA
  posterior_explained_by_snp dropped_trait  lead_snp
1                         NA      iradjbmi rs1990622
[1] "LEAD INDEX"
[1] 2
[1] "SPLICING EVENT"
[1] "chr7:107932377:107935415:clu_59310_-:ENSG00000091136.15"
Harmonising fat_distr (fat_distr) and Outcome (Outcome)
Harmonising fat_distr (fat_distr) and Outcome (Outcome)
[1] 514
[1] 514
  iteration traits posterior_prob regional_prob candidate_snp
1         1   None             NA        0.0046            NA
  posterior_explained_by_snp dropped_trait  lead_snp
1                         NA      iradjbmi rs4727695
[1] "SPLICING EVENT"
[1] "chr7:107932493:107935415:clu_59310_-:ENSG00000091136.15"
Harmonising fat_distr (fat_distr) and Outcome (Outcome)
Harmonising fat_distr (fat_distr) and Outcome (Outcome)
[1] 514
[1] 514
  iteration traits posterior_prob regional_prob candidate_snp
1         1   None             NA        0.0043            NA
  posterior_explained_by_snp dropped_trait  lead_snp
1                         NA      iradjbmi rs4727695
[1] "SPLICING EVENT"
[1] "chr7:108001733:108002127:clu_59313_-:ENSG00000091136.15"
Harmonising fat_distr (fat_distr) and Outcome (Outcome)
Harmonising fat_distr (fat_distr) and Outcome (Outcome)
[1] 514
[1] 514
  iteration traits posterior_prob regional_prob candidate_snp
1         1   None             NA        0.0074            NA
  posterior_explained_by_snp dropped_trait  lead_snp
1                         NA      iradjbmi rs4727695
[1] "SPLICING EVENT"
[1] "chr7:108001733:108002849:clu_59313_-:ENSG00000091136.15"
Harmonising fat_distr (fat_distr) and Outcome (Outcome)
Harmonising fat_distr (fat_distr) and Outcome (Outcome)
[1] 514
[1] 514
  iteration traits posterior_prob regional_prob candidate_snp
1         1   None             NA        0.0041            NA
  posterior_explained_by_snp dropped_trait  lead_snp
1                         NA      iradjbmi rs4727695
[1] "SPLICING EVENT"
[1] "chr7:108002384:108002849:clu_59313_-:ENSG00000091136.15"
Harmonising fat_distr (fat_distr) and Outcome (Outcome)
Harmonising fat_distr (fat_distr) and Outcome (Outcome)
[1] 514
[1] 514
  iteration traits posterior_prob regional_prob candidate_snp
1         1   None             NA        0.0046            NA
  posterior_explained_by_snp dropped_trait  lead_snp
1                         NA      iradjbmi rs4727695
[1] "SPLICING EVENT"
[1] "chr7:108002971:108003111:clu_59314_-:ENSG00000091136.15"
Harmonising fat_distr (fat_distr) and Outcome (Outcome)
Harmonising fat_distr (fat_distr) and Outcome (Outcome)
[1] 514
[1] 514
  iteration traits posterior_prob regional_prob candidate_snp
1         1   None             NA        0.0039            NA
  posterior_explained_by_snp dropped_trait  lead_snp
1                         NA      iradjbmi rs4727695
[1] "LEAD INDEX"
[1] 3
[1] "LEAD INDEX"
[1] 4
[1] "SPLICING EVENT"
[1] "chr7:139340619:139345501:clu_61254_+:ENSG00000164898.13"
Harmonising fat_distr (fat_distr) and Outcome (Outcome)
Harmonising fat_distr (fat_distr) and Outcome (Outcome)
[1] 356
[1] 356
  iteration traits posterior_prob regional_prob candidate_snp
1         1   None             NA        0.0182            NA
  posterior_explained_by_snp dropped_trait   lead_snp
1                         NA      iradjbmi rs11772771
[1] "SPLICING EVENT"
[1] "chr7:139341522:139345501:clu_61254_+:ENSG00000164898.13"
Harmonising fat_distr (fat_distr) and Outcome (Outcome)
Harmonising fat_distr (fat_distr) and Outcome (Outcome)
[1] 356
[1] 356
  iteration traits posterior_prob regional_prob candidate_snp
1         1   None             NA        0.0189            NA
  posterior_explained_by_snp dropped_trait   lead_snp
1                         NA      iradjbmi rs11772771
[1] "SPLICING EVENT"
[1] "chr7:139360322:139363176:clu_61255_+:ENSG00000146963.18"
Harmonising fat_distr (fat_distr) and Outcome (Outcome)
Harmonising fat_distr (fat_distr) and Outcome (Outcome)
[1] 356
[1] 356
  iteration traits posterior_prob regional_prob candidate_snp
1         1   None             NA        0.0047            NA
  posterior_explained_by_snp dropped_trait   lead_snp
1                         NA      iradjbmi rs11772771
[1] "SPLICING EVENT"
[1] "chr7:139360322:139374401:clu_61255_+:ENSG00000146963.18"
Harmonising fat_distr (fat_distr) and Outcome (Outcome)
Harmonising fat_distr (fat_distr) and Outcome (Outcome)
[1] 356
[1] 356
  iteration traits posterior_prob regional_prob candidate_snp
1         1   None             NA        0.0054            NA
  posterior_explained_by_snp dropped_trait   lead_snp
1                         NA      iradjbmi rs11772771
[1] "SPLICING EVENT"
[1] "chr7:139360322:139376062:clu_61255_+:ENSG00000146963.18"
Harmonising fat_distr (fat_distr) and Outcome (Outcome)
Harmonising fat_distr (fat_distr) and Outcome (Outcome)
[1] 356
[1] 356
  iteration traits posterior_prob regional_prob candidate_snp
1         1   None             NA        0.2094            NA
  posterior_explained_by_snp dropped_trait   lead_snp
1                         NA      iradjbmi rs11772771
[1] "SPLICING EVENT"
[1] "chr7:139363259:139376062:clu_61255_+:ENSG00000146963.18"
Harmonising fat_distr (fat_distr) and Outcome (Outcome)
Harmonising fat_distr (fat_distr) and Outcome (Outcome)
[1] 356
[1] 356
  iteration traits posterior_prob regional_prob candidate_snp
1         1   None             NA         0.016            NA
  posterior_explained_by_snp dropped_trait   lead_snp
1                         NA      iradjbmi rs11772771
[1] "SPLICING EVENT"
[1] "chr7:139363452:139371387:clu_61255_+:ENSG00000146963.18"
Harmonising fat_distr (fat_distr) and Outcome (Outcome)
Harmonising fat_distr (fat_distr) and Outcome (Outcome)
[1] 356
[1] 356
  iteration traits posterior_prob regional_prob candidate_snp
1         1   None             NA        0.0122            NA
  posterior_explained_by_snp dropped_trait   lead_snp
1                         NA      iradjbmi rs11772771
[1] "SPLICING EVENT"
[1] "chr7:139363452:139376062:clu_61255_+:ENSG00000146963.18"
Harmonising fat_distr (fat_distr) and Outcome (Outcome)
Harmonising fat_distr (fat_distr) and Outcome (Outcome)
[1] 356
[1] 356
  iteration traits posterior_prob regional_prob candidate_snp
1         1   None             NA        0.0058            NA
  posterior_explained_by_snp dropped_trait   lead_snp
1                         NA      iradjbmi rs11772771
[1] "SPLICING EVENT"
[1] "chr7:139371463:139374401:clu_61255_+:ENSG00000146963.18"
Harmonising fat_distr (fat_distr) and Outcome (Outcome)
Harmonising fat_distr (fat_distr) and Outcome (Outcome)
[1] 356
[1] 356
  iteration traits posterior_prob regional_prob candidate_snp
1         1   None             NA        0.1284            NA
  posterior_explained_by_snp dropped_trait   lead_snp
1                         NA      iradjbmi rs11772771
[1] "SPLICING EVENT"
[1] "chr7:139374471:139375506:clu_61255_+:ENSG00000146963.18"
Harmonising fat_distr (fat_distr) and Outcome (Outcome)
Harmonising fat_distr (fat_distr) and Outcome (Outcome)
[1] 356
[1] 356
  iteration traits posterior_prob regional_prob candidate_snp
1         1   None             NA        0.0049            NA
  posterior_explained_by_snp dropped_trait   lead_snp
1                         NA      iradjbmi rs11772771
[1] "SPLICING EVENT"
[1] "chr7:139374471:139376062:clu_61255_+:ENSG00000146963.18"
Harmonising fat_distr (fat_distr) and Outcome (Outcome)
Harmonising fat_distr (fat_distr) and Outcome (Outcome)
[1] 356
[1] 356
  iteration traits posterior_prob regional_prob candidate_snp
1         1   None             NA        0.0069            NA
  posterior_explained_by_snp dropped_trait   lead_snp
1                         NA      iradjbmi rs11772771
[1] "SPLICING EVENT"
[1] "chr7:139375579:139376062:clu_61255_+:ENSG00000146963.18"
Harmonising fat_distr (fat_distr) and Outcome (Outcome)
Harmonising fat_distr (fat_distr) and Outcome (Outcome)
[1] 356
[1] 356
  iteration traits posterior_prob regional_prob candidate_snp
1         1   None             NA        0.0093            NA
  posterior_explained_by_snp dropped_trait   lead_snp
1                         NA      iradjbmi rs11772771
[1] "SPLICING EVENT"
[1] "chr7:139375583:139376062:clu_61255_+:ENSG00000146963.18"
Harmonising fat_distr (fat_distr) and Outcome (Outcome)
Harmonising fat_distr (fat_distr) and Outcome (Outcome)
[1] 356
[1] 356
  iteration traits posterior_prob regional_prob candidate_snp
1         1   None             NA        0.0535            NA
  posterior_explained_by_snp dropped_trait   lead_snp
1                         NA      iradjbmi rs11772771
[1] "SPLICING EVENT"
[1] "chr7:139412580:139416579:clu_61256_+:ENSG00000146963.18"
Harmonising fat_distr (fat_distr) and Outcome (Outcome)
Harmonising fat_distr (fat_distr) and Outcome (Outcome)
[1] 356
[1] 356
  iteration traits posterior_prob regional_prob candidate_snp
1         1   None             NA        0.0104            NA
  posterior_explained_by_snp dropped_trait   lead_snp
1                         NA      iradjbmi rs11772771
[1] "SPLICING EVENT"
[1] "chr7:139412580:139417538:clu_61256_+:ENSG00000146963.18"
Harmonising fat_distr (fat_distr) and Outcome (Outcome)
Harmonising fat_distr (fat_distr) and Outcome (Outcome)
[1] 356
[1] 356
  iteration traits posterior_prob regional_prob candidate_snp
1         1   None             NA        0.0116            NA
  posterior_explained_by_snp dropped_trait   lead_snp
1                         NA      iradjbmi rs11772771
[1] "LEAD INDEX"
[1] 5
[1] "SPLICING EVENT"
[1] "chr7:1044658:1045337:clu_59838_+:ENSG00000164849.10"
Harmonising fat_distr (fat_distr) and Outcome (Outcome)
Harmonising fat_distr (fat_distr) and Outcome (Outcome)
[1] 337
[1] 337
  iteration                                                        traits
1         1 iradjbmi, chr7:1044658:1045337:clu_59838_+:ENSG00000164849.10
  posterior_prob regional_prob candidate_snp posterior_explained_by_snp
1         0.8417        0.8567     rs3808350                     0.3543
  dropped_trait  lead_snp
1            NA rs3808350
[1] "SPLICING EVENT"
[1] "chr7:1044658:1054064:clu_59838_+:ENSG00000164849.10"
Harmonising fat_distr (fat_distr) and Outcome (Outcome)
Harmonising fat_distr (fat_distr) and Outcome (Outcome)
[1] 337
[1] 337
  iteration traits posterior_prob regional_prob candidate_snp
1         1   None             NA        0.0054            NA
  posterior_explained_by_snp dropped_trait  lead_snp
1                         NA      iradjbmi rs3808350
[1] "SPLICING EVENT"
[1] "chr7:1044658:1057492:clu_59838_+:ENSG00000164849.10"
Harmonising fat_distr (fat_distr) and Outcome (Outcome)
Harmonising fat_distr (fat_distr) and Outcome (Outcome)
[1] 337
[1] 337
  iteration traits posterior_prob regional_prob candidate_snp
1         1   None             NA        0.0103            NA
  posterior_explained_by_snp dropped_trait  lead_snp
1                         NA      iradjbmi rs3808350
[1] "SPLICING EVENT"
[1] "chr7:1055483:1056104:clu_59838_+:ENSG00000164849.10"
Harmonising fat_distr (fat_distr) and Outcome (Outcome)
Harmonising fat_distr (fat_distr) and Outcome (Outcome)
[1] 337
[1] 337
  iteration traits posterior_prob regional_prob candidate_snp
1         1   None             NA        0.0087            NA
  posterior_explained_by_snp
1                         NA
                                        dropped_trait  lead_snp
1 chr7:1055483:1056104:clu_59838_+:ENSG00000164849.10 rs3808350
[1] "SPLICING EVENT"
[1] "chr7:1055483:1057492:clu_59838_+:ENSG00000164849.10"
Harmonising fat_distr (fat_distr) and Outcome (Outcome)
Harmonising fat_distr (fat_distr) and Outcome (Outcome)
[1] 337
[1] 337
  iteration                                                        traits
1         1 iradjbmi, chr7:1055483:1057492:clu_59838_+:ENSG00000164849.10
  posterior_prob regional_prob candidate_snp posterior_explained_by_snp
1         0.6826        0.7097    rs12702029                     0.7921
  dropped_trait  lead_snp
1            NA rs3808350
[1] "SPLICING EVENT"
[1] "chr7:1056248:1057492:clu_59838_+:ENSG00000164849.10"
Harmonising fat_distr (fat_distr) and Outcome (Outcome)
Harmonising fat_distr (fat_distr) and Outcome (Outcome)
[1] 337
[1] 337
  iteration traits posterior_prob regional_prob candidate_snp
1         1   None             NA        0.0038            NA
  posterior_explained_by_snp
1                         NA
                                        dropped_trait  lead_snp
1 chr7:1056248:1057492:clu_59838_+:ENSG00000164849.10 rs3808350
[1] "SPLICING EVENT"
[1] "chr7:1056779:1057492:clu_59838_+:ENSG00000164849.10"
Harmonising fat_distr (fat_distr) and Outcome (Outcome)
Harmonising fat_distr (fat_distr) and Outcome (Outcome)
[1] 337
[1] 337
  iteration traits posterior_prob regional_prob candidate_snp
1         1   None             NA        0.0015            NA
  posterior_explained_by_snp
1                         NA
                                        dropped_trait  lead_snp
1 chr7:1056779:1057492:clu_59838_+:ENSG00000164849.10 rs3808350
[1] "SPLICING EVENT"
[1] "chr7:1056829:1057492:clu_59838_+:ENSG00000164849.10"
Harmonising fat_distr (fat_distr) and Outcome (Outcome)
Harmonising fat_distr (fat_distr) and Outcome (Outcome)
[1] 337
[1] 337
  iteration traits posterior_prob regional_prob candidate_snp
1         1   None             NA         1e-04            NA
  posterior_explained_by_snp
1                         NA
                                        dropped_trait  lead_snp
1 chr7:1056829:1057492:clu_59838_+:ENSG00000164849.10 rs3808350
[1] "LEAD INDEX"
[1] 6
[1] "LEAD INDEX"
[1] 7
[1] "LEAD INDEX"
[1] 8
[1] "LEAD INDEX"
[1] 9
[1] "LEAD INDEX"
[1] 10
[1] "SPLICING EVENT"
[1] "chr7:26190460:26190993:clu_58423_-:ENSG00000122566.22"
Harmonising fat_distr (fat_distr) and Outcome (Outcome)
Harmonising fat_distr (fat_distr) and Outcome (Outcome)
[1] 465
[1] 465
  iteration traits posterior_prob regional_prob candidate_snp
1         1   None             NA         0.018            NA
  posterior_explained_by_snp dropped_trait  lead_snp
1                         NA      iradjbmi rs1534696
[1] "SPLICING EVENT"
[1] "chr7:26190460:26191056:clu_58423_-:ENSG00000122566.22"
Harmonising fat_distr (fat_distr) and Outcome (Outcome)
Harmonising fat_distr (fat_distr) and Outcome (Outcome)
[1] 465
[1] 465
  iteration traits posterior_prob regional_prob candidate_snp
1         1   None             NA         0.099            NA
  posterior_explained_by_snp dropped_trait  lead_snp
1                         NA      iradjbmi rs1534696
[1] "SPLICING EVENT"
[1] "chr7:26190460:26192495:clu_58423_-:ENSG00000122566.22"
Harmonising fat_distr (fat_distr) and Outcome (Outcome)
Harmonising fat_distr (fat_distr) and Outcome (Outcome)
[1] 465
[1] 465
  iteration traits posterior_prob regional_prob candidate_snp
1         1   None             NA        0.0166            NA
  posterior_explained_by_snp dropped_trait  lead_snp
1                         NA      iradjbmi rs1534696
[1] "SPLICING EVENT"
[1] "chr7:26191128:26191422:clu_58423_-:ENSG00000122566.22"
Harmonising fat_distr (fat_distr) and Outcome (Outcome)
Harmonising fat_distr (fat_distr) and Outcome (Outcome)
[1] 465
[1] 465
  iteration traits posterior_prob regional_prob candidate_snp
1         1   None             NA        0.0102            NA
  posterior_explained_by_snp dropped_trait  lead_snp
1                         NA      iradjbmi rs1534696
[1] "SPLICING EVENT"
[1] "chr7:26191128:26192495:clu_58423_-:ENSG00000122566.22"
Harmonising fat_distr (fat_distr) and Outcome (Outcome)
Harmonising fat_distr (fat_distr) and Outcome (Outcome)
[1] 465
[1] 465
  iteration traits posterior_prob regional_prob candidate_snp
1         1   None             NA        0.0337            NA
  posterior_explained_by_snp dropped_trait  lead_snp
1                         NA      iradjbmi rs1534696
[1] "SPLICING EVENT"
[1] "chr7:26192338:26192495:clu_58423_-:ENSG00000122566.22"
Harmonising fat_distr (fat_distr) and Outcome (Outcome)
Harmonising fat_distr (fat_distr) and Outcome (Outcome)
[1] 465
[1] 465
  iteration traits posterior_prob regional_prob candidate_snp
1         1   None             NA        0.4496            NA
  posterior_explained_by_snp dropped_trait  lead_snp
1                         NA      iradjbmi rs1534696
[1] "SPLICING EVENT"
[1] "chr7:26193373:26193575:clu_58424_-:ENSG00000122566.22"
Harmonising fat_distr (fat_distr) and Outcome (Outcome)
Harmonising fat_distr (fat_distr) and Outcome (Outcome)
[1] 465
[1] 465
  iteration traits posterior_prob regional_prob candidate_snp
1         1   None             NA        0.0229            NA
  posterior_explained_by_snp dropped_trait  lead_snp
1                         NA      iradjbmi rs1534696
[1] "SPLICING EVENT"
[1] "chr7:26193373:26195847:clu_58424_-:ENSG00000122566.22"
Harmonising fat_distr (fat_distr) and Outcome (Outcome)
Harmonising fat_distr (fat_distr) and Outcome (Outcome)
[1] 465
[1] 465
  iteration traits posterior_prob regional_prob candidate_snp
1         1   None             NA        0.0025            NA
  posterior_explained_by_snp dropped_trait  lead_snp
1                         NA      iradjbmi rs1534696
[1] "SPLICING EVENT"
[1] "chr7:26193694:26195847:clu_58424_-:ENSG00000122566.22"
Harmonising fat_distr (fat_distr) and Outcome (Outcome)
Harmonising fat_distr (fat_distr) and Outcome (Outcome)
[1] 465
[1] 465
  iteration traits posterior_prob regional_prob candidate_snp
1         1   None             NA        0.0118            NA
  posterior_explained_by_snp dropped_trait  lead_snp
1                         NA      iradjbmi rs1534696
[1] "SPLICING EVENT"
[1] "chr7:26197732:26197831:clu_58425_-:ENSG00000122566.22"
Harmonising fat_distr (fat_distr) and Outcome (Outcome)
Harmonising fat_distr (fat_distr) and Outcome (Outcome)
[1] 465
[1] 465
  iteration traits posterior_prob regional_prob candidate_snp
1         1   None             NA        0.0039            NA
  posterior_explained_by_snp dropped_trait  lead_snp
1                         NA      iradjbmi rs1534696
[1] "SPLICING EVENT"
[1] "chr7:26197732:26200572:clu_58425_-:ENSG00000122566.22"
Harmonising fat_distr (fat_distr) and Outcome (Outcome)
Harmonising fat_distr (fat_distr) and Outcome (Outcome)
[1] 465
[1] 465
  iteration traits posterior_prob regional_prob candidate_snp
1         1   None             NA        0.0038            NA
  posterior_explained_by_snp dropped_trait  lead_snp
1                         NA      iradjbmi rs1534696
[1] "SPLICING EVENT"
[1] "chr7:26197866:26200572:clu_58425_-:ENSG00000122566.22"
Harmonising fat_distr (fat_distr) and Outcome (Outcome)
Harmonising fat_distr (fat_distr) and Outcome (Outcome)
[1] 465
[1] 465
  iteration traits posterior_prob regional_prob candidate_snp
1         1   None             NA        0.0056            NA
  posterior_explained_by_snp dropped_trait  lead_snp
1                         NA      iradjbmi rs1534696
[1] "SPLICING EVENT"
[1] "chr7:26201561:26202971:clu_60107_+:ENSG00000122565.19"
Harmonising fat_distr (fat_distr) and Outcome (Outcome)
Harmonising fat_distr (fat_distr) and Outcome (Outcome)
[1] 465
[1] 465
  iteration traits posterior_prob regional_prob candidate_snp
1         1   None             NA        0.0069            NA
  posterior_explained_by_snp dropped_trait  lead_snp
1                         NA      iradjbmi rs1534696
[1] "SPLICING EVENT"
[1] "chr7:26201826:26202971:clu_60107_+:ENSG00000122565.19"
Harmonising fat_distr (fat_distr) and Outcome (Outcome)
Harmonising fat_distr (fat_distr) and Outcome (Outcome)
[1] 465
[1] 465
  iteration traits posterior_prob regional_prob candidate_snp
1         1   None             NA        0.0169            NA
  posterior_explained_by_snp dropped_trait  lead_snp
1                         NA      iradjbmi rs1534696
[1] "SPLICING EVENT"
[1] "chr7:26202609:26202971:clu_60107_+:ENSG00000122565.19"
Harmonising fat_distr (fat_distr) and Outcome (Outcome)
Harmonising fat_distr (fat_distr) and Outcome (Outcome)
[1] 465
[1] 465
  iteration traits posterior_prob regional_prob candidate_snp
1         1   None             NA        0.0073            NA
  posterior_explained_by_snp dropped_trait  lead_snp
1                         NA      iradjbmi rs1534696
[1] "SPLICING EVENT"
[1] "chr7:26203022:26206368:clu_60107_+:ENSG00000122565.19"
Harmonising fat_distr (fat_distr) and Outcome (Outcome)
Harmonising fat_distr (fat_distr) and Outcome (Outcome)
[1] 465
[1] 465
  iteration traits posterior_prob regional_prob candidate_snp
1         1   None             NA        0.0094            NA
  posterior_explained_by_snp dropped_trait  lead_snp
1                         NA      iradjbmi rs1534696
[1] "SPLICING EVENT"
[1] "chr7:26206510:26208393:clu_60108_+:ENSG00000122565.19"
Harmonising fat_distr (fat_distr) and Outcome (Outcome)
Harmonising fat_distr (fat_distr) and Outcome (Outcome)
[1] 465
[1] 465
  iteration traits posterior_prob regional_prob candidate_snp
1         1   None             NA        0.0034            NA
  posterior_explained_by_snp dropped_trait  lead_snp
1                         NA      iradjbmi rs1534696
[1] "SPLICING EVENT"
[1] "chr7:26206510:26208466:clu_60108_+:ENSG00000122565.19"
Harmonising fat_distr (fat_distr) and Outcome (Outcome)
Harmonising fat_distr (fat_distr) and Outcome (Outcome)
[1] 465
[1] 465
  iteration traits posterior_prob regional_prob candidate_snp
1         1   None             NA        0.0033            NA
  posterior_explained_by_snp dropped_trait  lead_snp
1                         NA      iradjbmi rs1534696
[1] "SPLICING EVENT"
[1] "chr7:26208555:26209940:clu_60109_+:ENSG00000122565.19"
Harmonising fat_distr (fat_distr) and Outcome (Outcome)
Harmonising fat_distr (fat_distr) and Outcome (Outcome)
[1] 465
[1] 465
  iteration traits posterior_prob regional_prob candidate_snp
1         1   None             NA        0.0587            NA
  posterior_explained_by_snp dropped_trait  lead_snp
1                         NA      iradjbmi rs1534696
[1] "SPLICING EVENT"
[1] "chr7:26208555:26211662:clu_60109_+:ENSG00000122565.19"
Harmonising fat_distr (fat_distr) and Outcome (Outcome)
Harmonising fat_distr (fat_distr) and Outcome (Outcome)
[1] 465
[1] 465
  iteration traits posterior_prob regional_prob candidate_snp
1         1   None             NA         0.053            NA
  posterior_explained_by_snp dropped_trait  lead_snp
1                         NA      iradjbmi rs1534696
[1] "SPLICING EVENT"
[1] "chr7:26292086:26346420:clu_60110_+:ENSG00000086300.16"
Harmonising fat_distr (fat_distr) and Outcome (Outcome)
Harmonising fat_distr (fat_distr) and Outcome (Outcome)
[1] 465
[1] 465
  iteration                                                          traits
1         1 iradjbmi, chr7:26292086:26346420:clu_60110_+:ENSG00000086300.16
  posterior_prob regional_prob candidate_snp posterior_explained_by_snp
1         0.9999             1     rs1534696                          1
  dropped_trait  lead_snp
1            NA rs1534696
[1] "SPLICING EVENT"
[1] "chr7:26292133:26346420:clu_60110_+:ENSG00000086300.16"
Harmonising fat_distr (fat_distr) and Outcome (Outcome)
Harmonising fat_distr (fat_distr) and Outcome (Outcome)
[1] 465
[1] 465
  iteration                                                          traits
1         1 iradjbmi, chr7:26292133:26346420:clu_60110_+:ENSG00000086300.16
  posterior_prob regional_prob candidate_snp posterior_explained_by_snp
1         0.9999             1     rs1534696                          1
  dropped_trait  lead_snp
1            NA rs1534696
[1] "SPLICING EVENT"
[1] "chr7:26293158:26346420:clu_60110_+:ENSG00000086300.16"
Harmonising fat_distr (fat_distr) and Outcome (Outcome)
Harmonising fat_distr (fat_distr) and Outcome (Outcome)
[1] 465
[1] 465
  iteration                                                          traits
1         1 iradjbmi, chr7:26293158:26346420:clu_60110_+:ENSG00000086300.16
  posterior_prob regional_prob candidate_snp posterior_explained_by_snp
1         0.9999             1     rs1534696                          1
  dropped_trait  lead_snp
1            NA rs1534696
[1] "SPLICING EVENT"
[1] "chr7:26346466:26357007:clu_60111_+:ENSG00000086300.16"
Harmonising fat_distr (fat_distr) and Outcome (Outcome)
Harmonising fat_distr (fat_distr) and Outcome (Outcome)
[1] 465
[1] 465
  iteration                                                          traits
1         1 iradjbmi, chr7:26346466:26357007:clu_60111_+:ENSG00000086300.16
  posterior_prob regional_prob candidate_snp posterior_explained_by_snp
1         0.9955        0.9958     rs1534696                          1
  dropped_trait  lead_snp
1            NA rs1534696
[1] "SPLICING EVENT"
[1] "chr7:26346466:26360975:clu_60111_+:ENSG00000086300.16"
Harmonising fat_distr (fat_distr) and Outcome (Outcome)
Harmonising fat_distr (fat_distr) and Outcome (Outcome)
[1] 465
[1] 465
  iteration traits posterior_prob regional_prob candidate_snp
1         1   None             NA        0.0065            NA
  posterior_explained_by_snp dropped_trait  lead_snp
1                         NA      iradjbmi rs1534696
[1] "SPLICING EVENT"
[1] "chr7:26357127:26360975:clu_60111_+:ENSG00000086300.16"
Harmonising fat_distr (fat_distr) and Outcome (Outcome)
Harmonising fat_distr (fat_distr) and Outcome (Outcome)
[1] 465
[1] 465
  iteration traits posterior_prob regional_prob candidate_snp
1         1   None             NA        0.3398            NA
  posterior_explained_by_snp dropped_trait  lead_snp
1                         NA      iradjbmi rs1534696
[1] "SPLICING EVENT"
[1] "chr7:26365145:26371821:clu_60113_+:ENSG00000086300.16"
Harmonising fat_distr (fat_distr) and Outcome (Outcome)
Harmonising fat_distr (fat_distr) and Outcome (Outcome)
[1] 465
[1] 465
  iteration traits posterior_prob regional_prob candidate_snp
1         1   None             NA         0.015            NA
  posterior_explained_by_snp dropped_trait  lead_snp
1                         NA      iradjbmi rs1534696
[1] "SPLICING EVENT"
[1] "chr7:26399021:26399246:clu_60114_+:ENSG00000214870.10"
Harmonising fat_distr (fat_distr) and Outcome (Outcome)
Harmonising fat_distr (fat_distr) and Outcome (Outcome)
[1] 465
[1] 465
  iteration traits posterior_prob regional_prob candidate_snp
1         1   None             NA         1e-04            NA
  posterior_explained_by_snp
1                         NA
                                          dropped_trait  lead_snp
1 chr7:26399021:26399246:clu_60114_+:ENSG00000214870.10 rs1534696
[1] "SPLICING EVENT"
[1] "chr7:26399021:26403396:clu_60114_+:ENSG00000214870.10"
Harmonising fat_distr (fat_distr) and Outcome (Outcome)
Harmonising fat_distr (fat_distr) and Outcome (Outcome)
[1] 465
[1] 465
  iteration traits posterior_prob regional_prob candidate_snp
1         1   None             NA        0.0071            NA
  posterior_explained_by_snp dropped_trait  lead_snp
1                         NA      iradjbmi rs1534696
[1] "SPLICING EVENT"
[1] "chr7:26399021:26412185:clu_60114_+:ENSG00000214870.10"
Harmonising fat_distr (fat_distr) and Outcome (Outcome)
Harmonising fat_distr (fat_distr) and Outcome (Outcome)
[1] 465
[1] 465
  iteration traits posterior_prob regional_prob candidate_snp
1         1   None             NA        0.0331            NA
  posterior_explained_by_snp dropped_trait  lead_snp
1                         NA      iradjbmi rs1534696
[1] "SPLICING EVENT"
[1] "chr7:26403517:26412185:clu_60114_+:ENSG00000214870.10"
Harmonising fat_distr (fat_distr) and Outcome (Outcome)
Harmonising fat_distr (fat_distr) and Outcome (Outcome)
[1] 465
[1] 465
  iteration traits posterior_prob regional_prob candidate_snp
1         1   None             NA        0.0073            NA
  posterior_explained_by_snp dropped_trait  lead_snp
1                         NA      iradjbmi rs1534696
[1] "SPLICING EVENT"
[1] "chr7:26403517:26493795:clu_60114_+:ENSG00000214870.10"
Harmonising fat_distr (fat_distr) and Outcome (Outcome)
Harmonising fat_distr (fat_distr) and Outcome (Outcome)
[1] 465
[1] 465
  iteration traits posterior_prob regional_prob candidate_snp
1         1   None             NA        0.0069            NA
  posterior_explained_by_snp dropped_trait  lead_snp
1                         NA      iradjbmi rs1534696
[1] "SPLICING EVENT"
[1] "chr7:26412239:26493795:clu_60114_+:ENSG00000214870.10"
Harmonising fat_distr (fat_distr) and Outcome (Outcome)
Harmonising fat_distr (fat_distr) and Outcome (Outcome)
[1] 465
[1] 465
  iteration traits posterior_prob regional_prob candidate_snp
1         1   None             NA        0.0086            NA
  posterior_explained_by_snp dropped_trait  lead_snp
1                         NA      iradjbmi rs1534696
[1] "SPLICING EVENT"
[1] "chr7:26495199:26495809:clu_60116_+:ENSG00000214870.10"
Harmonising fat_distr (fat_distr) and Outcome (Outcome)
Harmonising fat_distr (fat_distr) and Outcome (Outcome)
[1] 465
[1] 465
  iteration traits posterior_prob regional_prob candidate_snp
1         1   None             NA         0.007            NA
  posterior_explained_by_snp dropped_trait  lead_snp
1                         NA      iradjbmi rs1534696
[1] "SPLICING EVENT"
[1] "chr7:26495199:26496114:clu_60116_+:ENSG00000214870.10"
Harmonising fat_distr (fat_distr) and Outcome (Outcome)
Harmonising fat_distr (fat_distr) and Outcome (Outcome)
[1] 465
[1] 465
  iteration traits posterior_prob regional_prob candidate_snp
1         1   None             NA        0.0073            NA
  posterior_explained_by_snp dropped_trait  lead_snp
1                         NA      iradjbmi rs1534696
[1] "SPLICING EVENT"
[1] "chr7:26495881:26496114:clu_60116_+:ENSG00000214870.10"
Harmonising fat_distr (fat_distr) and Outcome (Outcome)
Harmonising fat_distr (fat_distr) and Outcome (Outcome)
[1] 465
[1] 465
  iteration traits posterior_prob regional_prob candidate_snp
1         1   None             NA        0.0072            NA
  posterior_explained_by_snp dropped_trait  lead_snp
1                         NA      iradjbmi rs1534696
[1] "LEAD INDEX"
[1] 11
[1] "LEAD INDEX"
[1] 12
[1] "SPLICING EVENT"
[1] "chr7:44404583:44413191:clu_58626_-:ENSG00000015676.18"
Harmonising fat_distr (fat_distr) and Outcome (Outcome)
Harmonising fat_distr (fat_distr) and Outcome (Outcome)
[1] 339
[1] 339
  iteration traits posterior_prob regional_prob candidate_snp
1         1   None             NA        0.0079            NA
  posterior_explained_by_snp dropped_trait   lead_snp
1                         NA      iradjbmi rs11770515
[1] "SPLICING EVENT"
[1] "chr7:44404583:44425900:clu_58626_-:ENSG00000015676.18"
Harmonising fat_distr (fat_distr) and Outcome (Outcome)
Harmonising fat_distr (fat_distr) and Outcome (Outcome)
[1] 339
[1] 339
  iteration traits posterior_prob regional_prob candidate_snp
1         1   None             NA        0.0144            NA
  posterior_explained_by_snp dropped_trait   lead_snp
1                         NA      iradjbmi rs11770515
[1] "SPLICING EVENT"
[1] "chr7:44404583:44427571:clu_58626_-:ENSG00000015676.18"
Harmonising fat_distr (fat_distr) and Outcome (Outcome)
Harmonising fat_distr (fat_distr) and Outcome (Outcome)
[1] 339
[1] 339
  iteration traits posterior_prob regional_prob candidate_snp
1         1   None             NA        0.0088            NA
  posterior_explained_by_snp dropped_trait   lead_snp
1                         NA      iradjbmi rs11770515
[1] "SPLICING EVENT"
[1] "chr7:44426279:44427571:clu_58626_-:ENSG00000015676.18"
Harmonising fat_distr (fat_distr) and Outcome (Outcome)
Harmonising fat_distr (fat_distr) and Outcome (Outcome)
[1] 339
[1] 339
  iteration traits posterior_prob regional_prob candidate_snp
1         1   None             NA        0.0082            NA
  posterior_explained_by_snp dropped_trait   lead_snp
1                         NA      iradjbmi rs11770515
[1] "SPLICING EVENT"
[1] "chr7:44427703:44481292:clu_58626_-:ENSG00000015676.18"
Harmonising fat_distr (fat_distr) and Outcome (Outcome)
Harmonising fat_distr (fat_distr) and Outcome (Outcome)
[1] 339
[1] 339
  iteration traits posterior_prob regional_prob candidate_snp
1         1   None             NA        0.0091            NA
  posterior_explained_by_snp dropped_trait   lead_snp
1                         NA      iradjbmi rs11770515
[1] "SPLICING EVENT"
[1] "chr7:44427703:44484968:clu_58626_-:ENSG00000015676.18"
Harmonising fat_distr (fat_distr) and Outcome (Outcome)
Harmonising fat_distr (fat_distr) and Outcome (Outcome)
[1] 339
[1] 339
  iteration traits posterior_prob regional_prob candidate_snp
1         1   None             NA        0.0102            NA
  posterior_explained_by_snp dropped_trait   lead_snp
1                         NA      iradjbmi rs11770515
[1] "SPLICING EVENT"
[1] "chr7:44481461:44484968:clu_58626_-:ENSG00000015676.18"
Harmonising fat_distr (fat_distr) and Outcome (Outcome)
Harmonising fat_distr (fat_distr) and Outcome (Outcome)
[1] 339
[1] 339
  iteration traits posterior_prob regional_prob candidate_snp
1         1   None             NA        0.0106            NA
  posterior_explained_by_snp dropped_trait   lead_snp
1                         NA      iradjbmi rs11770515
[1] "SPLICING EVENT"
[1] "chr7:44485284:44485531:clu_58627_-:ENSG00000015676.18"
Harmonising fat_distr (fat_distr) and Outcome (Outcome)
Harmonising fat_distr (fat_distr) and Outcome (Outcome)
[1] 339
[1] 339
  iteration traits posterior_prob regional_prob candidate_snp
1         1   None             NA        0.0122            NA
  posterior_explained_by_snp dropped_trait   lead_snp
1                         NA      iradjbmi rs11770515
[1] "SPLICING EVENT"
[1] "chr7:44485284:44490409:clu_58627_-:ENSG00000015676.18"
Harmonising fat_distr (fat_distr) and Outcome (Outcome)
Harmonising fat_distr (fat_distr) and Outcome (Outcome)
[1] 339
[1] 339
  iteration traits posterior_prob regional_prob candidate_snp
1         1   None             NA        0.0255            NA
  posterior_explained_by_snp dropped_trait   lead_snp
1                         NA      iradjbmi rs11770515
[1] "SPLICING EVENT"
[1] "chr7:44485284:44490650:clu_58627_-:ENSG00000015676.18"
Harmonising fat_distr (fat_distr) and Outcome (Outcome)
Harmonising fat_distr (fat_distr) and Outcome (Outcome)
[1] 339
[1] 339
  iteration traits posterior_prob regional_prob candidate_snp
1         1   None             NA        0.0273            NA
  posterior_explained_by_snp dropped_trait   lead_snp
1                         NA      iradjbmi rs11770515
[1] "SPLICING EVENT"
[1] "chr7:44485622:44490409:clu_58627_-:ENSG00000015676.18"
Harmonising fat_distr (fat_distr) and Outcome (Outcome)
Harmonising fat_distr (fat_distr) and Outcome (Outcome)
[1] 339
[1] 339
  iteration traits posterior_prob regional_prob candidate_snp
1         1   None             NA        0.0694            NA
  posterior_explained_by_snp dropped_trait   lead_snp
1                         NA      iradjbmi rs11770515
[1] "SPLICING EVENT"
[1] "chr7:44513649:44515803:clu_58628_-:ENSG00000015520.15"
Harmonising fat_distr (fat_distr) and Outcome (Outcome)
Harmonising fat_distr (fat_distr) and Outcome (Outcome)
[1] 339
[1] 339
  iteration                                                          traits
1         1 iradjbmi, chr7:44513649:44515803:clu_58628_-:ENSG00000015520.15
  posterior_prob regional_prob candidate_snp posterior_explained_by_snp
1         0.3293        0.6271    rs10264715                      0.127
  dropped_trait   lead_snp
1            NA rs11770515
[1] "SPLICING EVENT"
[1] "chr7:44516197:44516703:clu_58628_-:ENSG00000015520.15"
Harmonising fat_distr (fat_distr) and Outcome (Outcome)
Harmonising fat_distr (fat_distr) and Outcome (Outcome)
[1] 339
[1] 339
  iteration                                                          traits
1         1 iradjbmi, chr7:44516197:44516703:clu_58628_-:ENSG00000015520.15
  posterior_prob regional_prob candidate_snp posterior_explained_by_snp
1         0.4865        0.6634    rs11770515                     0.0884
  dropped_trait   lead_snp
1            NA rs11770515
[1] "SPLICING EVENT"
[1] "chr7:44516934:44517207:clu_58628_-:ENSG00000015520.15"
Harmonising fat_distr (fat_distr) and Outcome (Outcome)
Harmonising fat_distr (fat_distr) and Outcome (Outcome)
[1] 339
[1] 339
  iteration traits posterior_prob regional_prob candidate_snp
1         1   None             NA        0.0123            NA
  posterior_explained_by_snp dropped_trait   lead_snp
1                         NA      iradjbmi rs11770515
[1] "LEAD INDEX"
[1] 13
[1] "SPLICING EVENT"
[1] "chr7:73463099:73464120:clu_58806_-:ENSG00000009954.11"
Harmonising fat_distr (fat_distr) and Outcome (Outcome)
Harmonising fat_distr (fat_distr) and Outcome (Outcome)
[1] 139
[1] 139
  iteration traits posterior_prob regional_prob candidate_snp
1         1   None             NA        0.0286            NA
  posterior_explained_by_snp dropped_trait lead_snp
1                         NA      iradjbmi   rs2573
[1] "SPLICING EVENT"
[1] "chr7:73463099:73465439:clu_58806_-:ENSG00000009954.11"
Harmonising fat_distr (fat_distr) and Outcome (Outcome)
Harmonising fat_distr (fat_distr) and Outcome (Outcome)
[1] 139
[1] 139
  iteration traits posterior_prob regional_prob candidate_snp
1         1   None             NA        0.0294            NA
  posterior_explained_by_snp dropped_trait lead_snp
1                         NA      iradjbmi   rs2573
[1] "SPLICING EVENT"
[1] "chr7:73464196:73465439:clu_58806_-:ENSG00000009954.11"
Harmonising fat_distr (fat_distr) and Outcome (Outcome)
Harmonising fat_distr (fat_distr) and Outcome (Outcome)
[1] 139
[1] 139
  iteration traits posterior_prob regional_prob candidate_snp
1         1   None             NA        0.0165            NA
  posterior_explained_by_snp dropped_trait lead_snp
1                         NA      iradjbmi   rs2573
[1] "SPLICING EVENT"
[1] "chr7:73470483:73476868:clu_58807_-:ENSG00000009954.11"
Harmonising fat_distr (fat_distr) and Outcome (Outcome)
Harmonising fat_distr (fat_distr) and Outcome (Outcome)
[1] 139
[1] 139
  iteration traits posterior_prob regional_prob candidate_snp
1         1   None             NA        0.0167            NA
  posterior_explained_by_snp dropped_trait lead_snp
1                         NA      iradjbmi   rs2573
[1] "SPLICING EVENT"
[1] "chr7:73470483:73489194:clu_58807_-:ENSG00000009954.11"
Harmonising fat_distr (fat_distr) and Outcome (Outcome)
Harmonising fat_distr (fat_distr) and Outcome (Outcome)
[1] 139
[1] 139
  iteration traits posterior_prob regional_prob candidate_snp
1         1   None             NA         0.035            NA
  posterior_explained_by_snp dropped_trait lead_snp
1                         NA      iradjbmi   rs2573
[1] "SPLICING EVENT"
[1] "chr7:73478569:73489194:clu_58807_-:ENSG00000009954.11"
Harmonising fat_distr (fat_distr) and Outcome (Outcome)
Harmonising fat_distr (fat_distr) and Outcome (Outcome)
[1] 139
[1] 139
  iteration traits posterior_prob regional_prob candidate_snp
1         1   None             NA        0.0341            NA
  posterior_explained_by_snp dropped_trait lead_snp
1                         NA      iradjbmi   rs2573
[1] "SPLICING EVENT"
[1] "chr7:73538013:73539882:clu_58808_-:ENSG00000106635.8"
Harmonising fat_distr (fat_distr) and Outcome (Outcome)
Harmonising fat_distr (fat_distr) and Outcome (Outcome)
[1] 139
[1] 139
  iteration traits posterior_prob regional_prob candidate_snp
1         1   None             NA         0.011            NA
  posterior_explained_by_snp dropped_trait lead_snp
1                         NA      iradjbmi   rs2573
[1] "SPLICING EVENT"
[1] "chr7:73538013:73543548:clu_58808_-:ENSG00000106635.8"
Harmonising fat_distr (fat_distr) and Outcome (Outcome)
Harmonising fat_distr (fat_distr) and Outcome (Outcome)
[1] 139
[1] 139
  iteration traits posterior_prob regional_prob candidate_snp
1         1   None             NA        0.0127            NA
  posterior_explained_by_snp dropped_trait lead_snp
1                         NA      iradjbmi   rs2573
[1] "SPLICING EVENT"
[1] "chr7:73540052:73543548:clu_58808_-:ENSG00000106635.8"
Harmonising fat_distr (fat_distr) and Outcome (Outcome)
Harmonising fat_distr (fat_distr) and Outcome (Outcome)
[1] 139
[1] 139
  iteration traits posterior_prob regional_prob candidate_snp
1         1   None             NA        0.0115            NA
  posterior_explained_by_snp dropped_trait lead_snp
1                         NA      iradjbmi   rs2573
[1] "SPLICING EVENT"
[1] "chr7:73540052:73552167:clu_58808_-:ENSG00000106635.8"
Harmonising fat_distr (fat_distr) and Outcome (Outcome)
Harmonising fat_distr (fat_distr) and Outcome (Outcome)
[1] 139
[1] 139
  iteration traits posterior_prob regional_prob candidate_snp
1         1   None             NA        0.0097            NA
  posterior_explained_by_snp dropped_trait lead_snp
1                         NA      iradjbmi   rs2573
[1] "SPLICING EVENT"
[1] "chr7:73543644:73552167:clu_58808_-:ENSG00000106635.8"
Harmonising fat_distr (fat_distr) and Outcome (Outcome)
Harmonising fat_distr (fat_distr) and Outcome (Outcome)
[1] 139
[1] 139
  iteration traits posterior_prob regional_prob candidate_snp
1         1   None             NA        0.0123            NA
  posterior_explained_by_snp dropped_trait lead_snp
1                         NA      iradjbmi   rs2573
[1] "SPLICING EVENT"
[1] "chr7:73552242:73553548:clu_58809_-:ENSG00000106635.8"
Harmonising fat_distr (fat_distr) and Outcome (Outcome)
Harmonising fat_distr (fat_distr) and Outcome (Outcome)
[1] 139
[1] 139
  iteration traits posterior_prob regional_prob candidate_snp
1         1   None             NA        0.0181            NA
  posterior_explained_by_snp dropped_trait lead_snp
1                         NA      iradjbmi   rs2573
[1] "SPLICING EVENT"
[1] "chr7:73552242:73557041:clu_58809_-:ENSG00000106635.8"
Harmonising fat_distr (fat_distr) and Outcome (Outcome)
Harmonising fat_distr (fat_distr) and Outcome (Outcome)
[1] 139
[1] 139
  iteration                                                         traits
1         1 iradjbmi, chr7:73552242:73557041:clu_58809_-:ENSG00000106635.8
  posterior_prob regional_prob candidate_snp posterior_explained_by_snp
1         0.8897        0.8957        rs2573                     0.8011
  dropped_trait lead_snp
1            NA   rs2573
[1] "SPLICING EVENT"
[1] "chr7:73552242:73557487:clu_58809_-:ENSG00000106635.8"
Harmonising fat_distr (fat_distr) and Outcome (Outcome)
Harmonising fat_distr (fat_distr) and Outcome (Outcome)
[1] 139
[1] 139
  iteration                                                         traits
1         1 iradjbmi, chr7:73552242:73557487:clu_58809_-:ENSG00000106635.8
  posterior_prob regional_prob candidate_snp posterior_explained_by_snp
1         0.8251        0.8296        rs2573                      0.781
  dropped_trait lead_snp
1            NA   rs2573
[1] "SPLICING EVENT"
[1] "chr7:73553669:73557487:clu_58809_-:ENSG00000106635.8"
Harmonising fat_distr (fat_distr) and Outcome (Outcome)
Harmonising fat_distr (fat_distr) and Outcome (Outcome)
[1] 139
[1] 139
  iteration traits posterior_prob regional_prob candidate_snp
1         1   None             NA         0.014            NA
  posterior_explained_by_snp dropped_trait lead_snp
1                         NA      iradjbmi   rs2573
[1] "SPLICING EVENT"
[1] "chr7:73594398:73595637:clu_58812_-:ENSG00000009950.16"
Harmonising fat_distr (fat_distr) and Outcome (Outcome)
Harmonising fat_distr (fat_distr) and Outcome (Outcome)
[1] 139
[1] 139
  iteration traits posterior_prob regional_prob candidate_snp
1         1   None             NA        0.0176            NA
  posterior_explained_by_snp dropped_trait lead_snp
1                         NA      iradjbmi   rs2573
[1] "SPLICING EVENT"
[1] "chr7:73594403:73595637:clu_58812_-:ENSG00000009950.16"
Harmonising fat_distr (fat_distr) and Outcome (Outcome)
Harmonising fat_distr (fat_distr) and Outcome (Outcome)
[1] 139
[1] 139
  iteration traits posterior_prob regional_prob candidate_snp
1         1   None             NA        0.0135            NA
  posterior_explained_by_snp dropped_trait lead_snp
1                         NA      iradjbmi   rs2573
[1] "SPLICING EVENT"
[1] "chr7:73595912:73596153:clu_58813_-:ENSG00000009950.16"
Harmonising fat_distr (fat_distr) and Outcome (Outcome)
Harmonising fat_distr (fat_distr) and Outcome (Outcome)
[1] 139
[1] 139
  iteration traits posterior_prob regional_prob candidate_snp
1         1   None             NA        0.0148            NA
  posterior_explained_by_snp dropped_trait lead_snp
1                         NA      iradjbmi   rs2573
[1] "SPLICING EVENT"
[1] "chr7:73595915:73596153:clu_58813_-:ENSG00000009950.16"
Harmonising fat_distr (fat_distr) and Outcome (Outcome)
Harmonising fat_distr (fat_distr) and Outcome (Outcome)
[1] 139
[1] 139
  iteration traits posterior_prob regional_prob candidate_snp
1         1   None             NA        0.3777            NA
  posterior_explained_by_snp dropped_trait lead_snp
1                         NA      iradjbmi   rs2573
[1] "SPLICING EVENT"
[1] "chr7:73595969:73596153:clu_58813_-:ENSG00000009950.16"
Harmonising fat_distr (fat_distr) and Outcome (Outcome)
Harmonising fat_distr (fat_distr) and Outcome (Outcome)
[1] 139
[1] 139
  iteration                                                          traits
1         1 iradjbmi, chr7:73595969:73596153:clu_58813_-:ENSG00000009950.16
  posterior_prob regional_prob candidate_snp posterior_explained_by_snp
1         0.5132        0.5211        rs2573                     0.3781
  dropped_trait lead_snp
1            NA   rs2573
[1] "SPLICING EVENT"
[1] "chr7:73596388:73596639:clu_58814_-:ENSG00000009950.16"
Harmonising fat_distr (fat_distr) and Outcome (Outcome)
Harmonising fat_distr (fat_distr) and Outcome (Outcome)
[1] 139
[1] 139
  iteration                                                          traits
1         1 iradjbmi, chr7:73596388:73596639:clu_58814_-:ENSG00000009950.16
  posterior_prob regional_prob candidate_snp posterior_explained_by_snp
1         0.9959             1        rs2573                     0.9575
  dropped_trait lead_snp
1            NA   rs2573
[1] "SPLICING EVENT"
[1] "chr7:73596479:73596639:clu_58814_-:ENSG00000009950.16"
Harmonising fat_distr (fat_distr) and Outcome (Outcome)
Harmonising fat_distr (fat_distr) and Outcome (Outcome)
[1] 139
[1] 139
  iteration                                                          traits
1         1 iradjbmi, chr7:73596479:73596639:clu_58814_-:ENSG00000009950.16
  posterior_prob regional_prob candidate_snp posterior_explained_by_snp
1         0.9947             1        rs2573                      0.841
  dropped_trait lead_snp
1            NA   rs2573
[1] "SPLICING EVENT"
[1] "chr7:73596786:73596865:clu_58815_-:ENSG00000009950.16"
Harmonising fat_distr (fat_distr) and Outcome (Outcome)
Harmonising fat_distr (fat_distr) and Outcome (Outcome)
[1] 139
[1] 139
  iteration traits posterior_prob regional_prob candidate_snp
1         1   None             NA        0.0153            NA
  posterior_explained_by_snp dropped_trait lead_snp
1                         NA      iradjbmi   rs2573
[1] "SPLICING EVENT"
[1] "chr7:73596789:73596865:clu_58815_-:ENSG00000009950.16"
Harmonising fat_distr (fat_distr) and Outcome (Outcome)
Harmonising fat_distr (fat_distr) and Outcome (Outcome)
[1] 139
[1] 139
  iteration traits posterior_prob regional_prob candidate_snp
1         1   None             NA        0.0168            NA
  posterior_explained_by_snp dropped_trait lead_snp
1                         NA      iradjbmi   rs2573
[1] "SPLICING EVENT"
[1] "chr7:73599666:73605688:clu_58816_-:ENSG00000009950.16"
Harmonising fat_distr (fat_distr) and Outcome (Outcome)
Harmonising fat_distr (fat_distr) and Outcome (Outcome)
[1] 139
[1] 139
  iteration traits posterior_prob regional_prob candidate_snp
1         1   None             NA         0.013            NA
  posterior_explained_by_snp dropped_trait lead_snp
1                         NA      iradjbmi   rs2573
[1] "SPLICING EVENT"
[1] "chr7:73599695:73605688:clu_58816_-:ENSG00000009950.16"
Harmonising fat_distr (fat_distr) and Outcome (Outcome)
Harmonising fat_distr (fat_distr) and Outcome (Outcome)
[1] 139
[1] 139
  iteration traits posterior_prob regional_prob candidate_snp
1         1   None             NA        0.0188            NA
  posterior_explained_by_snp dropped_trait lead_snp
1                         NA      iradjbmi   rs2573
[1] "SPLICING EVENT"
[1] "chr7:73599695:73616071:clu_58816_-:ENSG00000009950.16"
Harmonising fat_distr (fat_distr) and Outcome (Outcome)
Harmonising fat_distr (fat_distr) and Outcome (Outcome)
[1] 139
[1] 139
  iteration traits posterior_prob regional_prob candidate_snp
1         1   None             NA        0.0111            NA
  posterior_explained_by_snp dropped_trait lead_snp
1                         NA      iradjbmi   rs2573
[1] "SPLICING EVENT"
[1] "chr7:73605518:73605688:clu_58816_-:ENSG00000009950.16"
Harmonising fat_distr (fat_distr) and Outcome (Outcome)
Harmonising fat_distr (fat_distr) and Outcome (Outcome)
[1] 139
[1] 139
  iteration traits posterior_prob regional_prob candidate_snp
1         1   None             NA        0.0111            NA
  posterior_explained_by_snp dropped_trait lead_snp
1                         NA      iradjbmi   rs2573
[1] "SPLICING EVENT"
[1] "chr7:73607018:73607136:clu_58817_-:ENSG00000009950.16"
Harmonising fat_distr (fat_distr) and Outcome (Outcome)
Harmonising fat_distr (fat_distr) and Outcome (Outcome)
[1] 139
[1] 139
  iteration traits posterior_prob regional_prob candidate_snp
1         1   None             NA        0.0167            NA
  posterior_explained_by_snp dropped_trait lead_snp
1                         NA      iradjbmi   rs2573
[1] "SPLICING EVENT"
[1] "chr7:73607018:73607331:clu_58817_-:ENSG00000009950.16"
Harmonising fat_distr (fat_distr) and Outcome (Outcome)
Harmonising fat_distr (fat_distr) and Outcome (Outcome)
[1] 139
[1] 139
  iteration traits posterior_prob regional_prob candidate_snp
1         1   None             NA        0.0159            NA
  posterior_explained_by_snp dropped_trait lead_snp
1                         NA      iradjbmi   rs2573
[1] "SPLICING EVENT"
[1] "chr7:73607672:73616071:clu_58816_-:ENSG00000009950.16"
Harmonising fat_distr (fat_distr) and Outcome (Outcome)
Harmonising fat_distr (fat_distr) and Outcome (Outcome)
[1] 139
[1] 139
  iteration traits posterior_prob regional_prob candidate_snp
1         1   None             NA        0.0136            NA
  posterior_explained_by_snp dropped_trait lead_snp
1                         NA      iradjbmi   rs2573
[1] "LEAD INDEX"
[1] 14
[1] "LEAD INDEX"
[1] 15
[1] "LEAD INDEX"
[1] 16
[1] "SPLICING EVENT"
[1] "chr7:130884396:130912110:clu_59483_-:ENSG00000231721.7"
Harmonising fat_distr (fat_distr) and Outcome (Outcome)
Harmonising fat_distr (fat_distr) and Outcome (Outcome)
[1] 449
[1] 449
  iteration traits posterior_prob regional_prob candidate_snp
1         1   None             NA        0.0081            NA
  posterior_explained_by_snp dropped_trait  lead_snp
1                         NA      iradjbmi rs4731702
[1] "SPLICING EVENT"
[1] "chr7:130884396:130945720:clu_59483_-:ENSG00000231721.7"
Harmonising fat_distr (fat_distr) and Outcome (Outcome)
Harmonising fat_distr (fat_distr) and Outcome (Outcome)
[1] 449
[1] 449
  iteration traits posterior_prob regional_prob candidate_snp
1         1   None             NA        0.0261            NA
  posterior_explained_by_snp dropped_trait  lead_snp
1                         NA      iradjbmi rs4731702
[1] "SPLICING EVENT"
[1] "chr7:130912152:130945720:clu_59483_-:ENSG00000231721.7"
Harmonising fat_distr (fat_distr) and Outcome (Outcome)
Harmonising fat_distr (fat_distr) and Outcome (Outcome)
[1] 449
[1] 449
  iteration traits posterior_prob regional_prob candidate_snp
1         1   None             NA        0.0068            NA
  posterior_explained_by_snp dropped_trait  lead_snp
1                         NA      iradjbmi rs4731702
[1] "SPLICING EVENT"
[1] "chr7:130944447:130945720:clu_59483_-:ENSG00000231721.7"
Harmonising fat_distr (fat_distr) and Outcome (Outcome)
Harmonising fat_distr (fat_distr) and Outcome (Outcome)
[1] 449
[1] 449
  iteration traits posterior_prob regional_prob candidate_snp
1         1   None             NA        0.0097            NA
  posterior_explained_by_snp dropped_trait  lead_snp
1                         NA      iradjbmi rs4731702
[1] "SPLICING EVENT"
[1] "chr7:130944889:130945720:clu_59483_-:ENSG00000231721.7"
Harmonising fat_distr (fat_distr) and Outcome (Outcome)
Harmonising fat_distr (fat_distr) and Outcome (Outcome)
[1] 449
[1] 449
  iteration traits posterior_prob regional_prob candidate_snp
1         1   None             NA        0.0184            NA
  posterior_explained_by_snp dropped_trait  lead_snp
1                         NA      iradjbmi rs4731702
[1] "SPLICING EVENT"
[1] "chr7:130945835:130959869:clu_59484_-:ENSG00000231721.7"
Harmonising fat_distr (fat_distr) and Outcome (Outcome)
Harmonising fat_distr (fat_distr) and Outcome (Outcome)
[1] 449
[1] 449
  iteration traits posterior_prob regional_prob candidate_snp
1         1   None             NA         1e-04            NA
  posterior_explained_by_snp
1                         NA
                                           dropped_trait  lead_snp
1 chr7:130945835:130959869:clu_59484_-:ENSG00000231721.7 rs4731702
[1] "SPLICING EVENT"
[1] "chr7:130945835:130967389:clu_59484_-:ENSG00000231721.7"
Harmonising fat_distr (fat_distr) and Outcome (Outcome)
Harmonising fat_distr (fat_distr) and Outcome (Outcome)
[1] 449
[1] 449
  iteration traits posterior_prob regional_prob candidate_snp
1         1   None             NA        0.0433            NA
  posterior_explained_by_snp dropped_trait  lead_snp
1                         NA      iradjbmi rs4731702
[1] "SPLICING EVENT"
[1] "chr7:130945835:130984053:clu_59484_-:ENSG00000231721.7"
Harmonising fat_distr (fat_distr) and Outcome (Outcome)
Harmonising fat_distr (fat_distr) and Outcome (Outcome)
[1] 449
[1] 449
  iteration traits posterior_prob regional_prob candidate_snp
1         1   None             NA         1e-04            NA
  posterior_explained_by_snp
1                         NA
                                           dropped_trait  lead_snp
1 chr7:130945835:130984053:clu_59484_-:ENSG00000231721.7 rs4731702
[1] "SPLICING EVENT"
[1] "chr7:130959970:130984053:clu_59484_-:ENSG00000231721.7"
Harmonising fat_distr (fat_distr) and Outcome (Outcome)
Harmonising fat_distr (fat_distr) and Outcome (Outcome)
[1] 449
[1] 449
  iteration traits posterior_prob regional_prob candidate_snp
1         1   None             NA         1e-04            NA
  posterior_explained_by_snp
1                         NA
                                           dropped_trait  lead_snp
1 chr7:130959970:130984053:clu_59484_-:ENSG00000231721.7 rs4731702
[1] "SPLICING EVENT"
[1] "chr7:130967517:130984053:clu_59484_-:ENSG00000231721.7"
Harmonising fat_distr (fat_distr) and Outcome (Outcome)
Harmonising fat_distr (fat_distr) and Outcome (Outcome)
[1] 449
[1] 449
  iteration traits posterior_prob regional_prob candidate_snp
1         1   None             NA        0.0072            NA
  posterior_explained_by_snp dropped_trait  lead_snp
1                         NA      iradjbmi rs4731702
[1] "SPLICING EVENT"
[1] "chr7:130984109:131002197:clu_59485_-:ENSG00000231721.7"
Harmonising fat_distr (fat_distr) and Outcome (Outcome)
Harmonising fat_distr (fat_distr) and Outcome (Outcome)
[1] 449
[1] 449
  iteration traits posterior_prob regional_prob candidate_snp
1         1   None             NA         2e-04            NA
  posterior_explained_by_snp
1                         NA
                                           dropped_trait  lead_snp
1 chr7:130984109:131002197:clu_59485_-:ENSG00000231721.7 rs4731702
[1] "SPLICING EVENT"
[1] "chr7:130984109:131052425:clu_59485_-:ENSG00000231721.7"
Harmonising fat_distr (fat_distr) and Outcome (Outcome)
Harmonising fat_distr (fat_distr) and Outcome (Outcome)
[1] 449
[1] 449
  iteration traits posterior_prob regional_prob candidate_snp
1         1   None             NA         2e-04            NA
  posterior_explained_by_snp
1                         NA
                                           dropped_trait  lead_snp
1 chr7:130984109:131052425:clu_59485_-:ENSG00000231721.7 rs4731702
[1] "SPLICING EVENT"
[1] "chr7:130984109:131107720:clu_59485_-:ENSG00000231721.7"
Harmonising fat_distr (fat_distr) and Outcome (Outcome)
Harmonising fat_distr (fat_distr) and Outcome (Outcome)
[1] 449
[1] 449
  iteration traits posterior_prob regional_prob candidate_snp
1         1   None             NA        0.0073            NA
  posterior_explained_by_snp dropped_trait  lead_snp
1                         NA      iradjbmi rs4731702
[1] "SPLICING EVENT"
[1] "chr7:131002320:131052425:clu_59485_-:ENSG00000231721.7"
Harmonising fat_distr (fat_distr) and Outcome (Outcome)
Harmonising fat_distr (fat_distr) and Outcome (Outcome)
[1] 449
[1] 449
  iteration traits posterior_prob regional_prob candidate_snp
1         1   None             NA         2e-04            NA
  posterior_explained_by_snp
1                         NA
                                           dropped_trait  lead_snp
1 chr7:131002320:131052425:clu_59485_-:ENSG00000231721.7 rs4731702
[1] "SPLICING EVENT"
[1] "chr7:131052555:131107720:clu_59485_-:ENSG00000231721.7"
Harmonising fat_distr (fat_distr) and Outcome (Outcome)
Harmonising fat_distr (fat_distr) and Outcome (Outcome)
[1] 449
[1] 449
  iteration traits posterior_prob regional_prob candidate_snp
1         1   None             NA        0.0119            NA
  posterior_explained_by_snp dropped_trait  lead_snp
1                         NA      iradjbmi rs4731702
[1] "LEAD INDEX"
[1] 17
[1] "LEAD INDEX"
[1] 18
[1] "SPLICING EVENT"
[1] "chr7:150514945:150519934:clu_61387_+:ENSG00000179144.5"
Harmonising fat_distr (fat_distr) and Outcome (Outcome)
Harmonising fat_distr (fat_distr) and Outcome (Outcome)
[1] 394
[1] 394
  iteration traits posterior_prob regional_prob candidate_snp
1         1   None             NA        0.0097            NA
  posterior_explained_by_snp dropped_trait   lead_snp
1                         NA      iradjbmi rs10254829
[1] "SPLICING EVENT"
[1] "chr7:150567437:150569888:clu_61388_+:ENSG00000133574.10"
Harmonising fat_distr (fat_distr) and Outcome (Outcome)
Harmonising fat_distr (fat_distr) and Outcome (Outcome)
[1] 394
[1] 394
  iteration traits posterior_prob regional_prob candidate_snp
1         1   None             NA        0.0109            NA
  posterior_explained_by_snp dropped_trait   lead_snp
1                         NA      iradjbmi rs10254829
[1] "SPLICING EVENT"
[1] "chr7:150567437:150572129:clu_61388_+:ENSG00000133574.10"
Harmonising fat_distr (fat_distr) and Outcome (Outcome)
Harmonising fat_distr (fat_distr) and Outcome (Outcome)
[1] 394
[1] 394
  iteration traits posterior_prob regional_prob candidate_snp
1         1   None             NA         0.411            NA
  posterior_explained_by_snp dropped_trait   lead_snp
1                         NA      iradjbmi rs10254829
[1] "SPLICING EVENT"
[1] "chr7:150569959:150572129:clu_61388_+:ENSG00000133574.10"
Harmonising fat_distr (fat_distr) and Outcome (Outcome)
Harmonising fat_distr (fat_distr) and Outcome (Outcome)
[1] 394
[1] 394
  iteration traits posterior_prob regional_prob candidate_snp
1         1   None             NA        0.0141            NA
  posterior_explained_by_snp dropped_trait   lead_snp
1                         NA      iradjbmi rs10254829
[1] "SPLICING EVENT"
[1] "chr7:150570001:150572129:clu_61388_+:ENSG00000133574.10"
Harmonising fat_distr (fat_distr) and Outcome (Outcome)
Harmonising fat_distr (fat_distr) and Outcome (Outcome)
[1] 394
[1] 394
  iteration traits posterior_prob regional_prob candidate_snp
1         1   None             NA        0.0192            NA
  posterior_explained_by_snp dropped_trait   lead_snp
1                         NA      iradjbmi rs10254829
[1] "LEAD INDEX"
[1] 19
[1] "SPLICING EVENT"
[1] "chr7:150800828:150801536:clu_61393_+:ENSG00000002933.9"
Harmonising fat_distr (fat_distr) and Outcome (Outcome)
Harmonising fat_distr (fat_distr) and Outcome (Outcome)
[1] 519
[1] 519
  iteration traits posterior_prob regional_prob candidate_snp
1         1   None             NA         5e-04            NA
  posterior_explained_by_snp
1                         NA
                                           dropped_trait  lead_snp
1 chr7:150800828:150801536:clu_61393_+:ENSG00000002933.9 rs6977081
[1] "SPLICING EVENT"
[1] "chr7:150800968:150801536:clu_61393_+:ENSG00000002933.9"
Harmonising fat_distr (fat_distr) and Outcome (Outcome)
Harmonising fat_distr (fat_distr) and Outcome (Outcome)
[1] 519
[1] 519
  iteration traits posterior_prob regional_prob candidate_snp
1         1   None             NA         5e-04            NA
  posterior_explained_by_snp
1                         NA
                                           dropped_trait  lead_snp
1 chr7:150800968:150801536:clu_61393_+:ENSG00000002933.9 rs6977081
[1] "SPLICING EVENT"
[1] "chr7:150801724:150802215:clu_61394_+:ENSG00000002933.9"
Harmonising fat_distr (fat_distr) and Outcome (Outcome)
Harmonising fat_distr (fat_distr) and Outcome (Outcome)
[1] 519
[1] 519
  iteration traits posterior_prob regional_prob candidate_snp
1         1   None             NA         1e-04            NA
  posterior_explained_by_snp
1                         NA
                                           dropped_trait  lead_snp
1 chr7:150801724:150802215:clu_61394_+:ENSG00000002933.9 rs6977081
[1] "SPLICING EVENT"
[1] "chr7:150801869:150802215:clu_61394_+:ENSG00000002933.9"
Harmonising fat_distr (fat_distr) and Outcome (Outcome)
Harmonising fat_distr (fat_distr) and Outcome (Outcome)
[1] 519
[1] 519
  iteration traits posterior_prob regional_prob candidate_snp
1         1   None             NA         1e-04            NA
  posterior_explained_by_snp
1                         NA
                                           dropped_trait  lead_snp
1 chr7:150801869:150802215:clu_61394_+:ENSG00000002933.9 rs6977081
[1] "SPLICING EVENT"
[1] "chr7:150802325:150803400:clu_61395_+:ENSG00000002933.9"
Harmonising fat_distr (fat_distr) and Outcome (Outcome)
Harmonising fat_distr (fat_distr) and Outcome (Outcome)
[1] 519
[1] 519
  iteration traits posterior_prob regional_prob candidate_snp
1         1   None             NA         1e-04            NA
  posterior_explained_by_snp
1                         NA
                                           dropped_trait  lead_snp
1 chr7:150802325:150803400:clu_61395_+:ENSG00000002933.9 rs6977081
[1] "SPLICING EVENT"
[1] "chr7:150803456:150803620:clu_61396_+:ENSG00000002933.9"
Harmonising fat_distr (fat_distr) and Outcome (Outcome)
Harmonising fat_distr (fat_distr) and Outcome (Outcome)
[1] 519
[1] 519
  iteration traits posterior_prob regional_prob candidate_snp
1         1   None             NA         1e-04            NA
  posterior_explained_by_snp
1                         NA
                                           dropped_trait  lead_snp
1 chr7:150803456:150803620:clu_61396_+:ENSG00000002933.9 rs6977081
[1] "SPLICING EVENT"
[1] "chr7:150803832:150804362:clu_61397_+:ENSG00000002933.9"
Harmonising fat_distr (fat_distr) and Outcome (Outcome)
Harmonising fat_distr (fat_distr) and Outcome (Outcome)
[1] 519
[1] 519
  iteration traits posterior_prob regional_prob candidate_snp
1         1   None             NA        0.1627            NA
  posterior_explained_by_snp
1                         NA
                                           dropped_trait  lead_snp
1 chr7:150803832:150804362:clu_61397_+:ENSG00000002933.9 rs6977081
[1] "SPLICING EVENT"
[1] "chr7:150803832:150804827:clu_61397_+:ENSG00000002933.9"
Harmonising fat_distr (fat_distr) and Outcome (Outcome)
Harmonising fat_distr (fat_distr) and Outcome (Outcome)
[1] 519
[1] 519
  iteration traits posterior_prob regional_prob candidate_snp
1         1   None             NA        0.0104            NA
  posterior_explained_by_snp dropped_trait  lead_snp
1                         NA      iradjbmi rs6977081
[1] "SPLICING EVENT"
[1] "chr7:150804472:150804827:clu_61397_+:ENSG00000002933.9"
Harmonising fat_distr (fat_distr) and Outcome (Outcome)
Harmonising fat_distr (fat_distr) and Outcome (Outcome)
[1] 519
[1] 519
  iteration traits posterior_prob regional_prob candidate_snp
1         1   None             NA        0.1627            NA
  posterior_explained_by_snp
1                         NA
                                           dropped_trait  lead_snp
1 chr7:150804472:150804827:clu_61397_+:ENSG00000002933.9 rs6977081
[1] "SPLICING EVENT"
[1] "chr7:150804485:150804827:clu_61397_+:ENSG00000002933.9"
Harmonising fat_distr (fat_distr) and Outcome (Outcome)
Harmonising fat_distr (fat_distr) and Outcome (Outcome)
[1] 519
[1] 519
  iteration traits posterior_prob regional_prob candidate_snp
1         1   None             NA        0.0091            NA
  posterior_explained_by_snp dropped_trait  lead_snp
1                         NA      iradjbmi rs6977081
[1] "CHROMOSOME"
[1] 8
[1] "LEAD INDEX"
[1] 1
[1] "SPLICING EVENT"
[1] "chr8:12723250:12725727:clu_61594_-:ENSG00000154359.13"
Harmonising fat_distr (fat_distr) and Outcome (Outcome)
Harmonising fat_distr (fat_distr) and Outcome (Outcome)
[1] 370
[1] 370
  iteration traits posterior_prob regional_prob candidate_snp
1         1   None             NA        0.0013            NA
  posterior_explained_by_snp dropped_trait  lead_snp
1                         NA      iradjbmi rs4474021
[1] "SPLICING EVENT"
[1] "chr8:12723254:12725727:clu_61594_-:ENSG00000154359.13"
Harmonising fat_distr (fat_distr) and Outcome (Outcome)
Harmonising fat_distr (fat_distr) and Outcome (Outcome)
[1] 370
[1] 370
  iteration traits posterior_prob regional_prob candidate_snp
1         1   None             NA        0.0011            NA
  posterior_explained_by_snp dropped_trait  lead_snp
1                         NA      iradjbmi rs4474021
[1] "SPLICING EVENT"
[1] "chr8:12725879:12728901:clu_61594_-:ENSG00000154359.13"
Harmonising fat_distr (fat_distr) and Outcome (Outcome)
Harmonising fat_distr (fat_distr) and Outcome (Outcome)
[1] 370
[1] 370
  iteration traits posterior_prob regional_prob candidate_snp
1         1   None             NA        0.0011            NA
  posterior_explained_by_snp dropped_trait  lead_snp
1                         NA      iradjbmi rs4474021
[1] "SPLICING EVENT"
[1] "chr8:12729063:12729174:clu_61597_-:ENSG00000154359.13"
Harmonising fat_distr (fat_distr) and Outcome (Outcome)
Harmonising fat_distr (fat_distr) and Outcome (Outcome)
[1] 370
[1] 370
  iteration traits posterior_prob regional_prob candidate_snp
1         1   None             NA        0.0035            NA
  posterior_explained_by_snp dropped_trait  lead_snp
1                         NA      iradjbmi rs4474021
[1] "SPLICING EVENT"
[1] "chr8:12729332:12731736:clu_61595_-:ENSG00000154359.13"
Harmonising fat_distr (fat_distr) and Outcome (Outcome)
Harmonising fat_distr (fat_distr) and Outcome (Outcome)
[1] 370
[1] 370
  iteration traits posterior_prob regional_prob candidate_snp
1         1   None             NA        0.0029            NA
  posterior_explained_by_snp dropped_trait  lead_snp
1                         NA      iradjbmi rs4474021
[1] "SPLICING EVENT"
[1] "chr8:12731857:12735286:clu_61595_-:ENSG00000154359.13"
Harmonising fat_distr (fat_distr) and Outcome (Outcome)
Harmonising fat_distr (fat_distr) and Outcome (Outcome)
[1] 370
[1] 370
  iteration traits posterior_prob regional_prob candidate_snp
1         1   None             NA        0.0052            NA
  posterior_explained_by_snp dropped_trait  lead_snp
1                         NA      iradjbmi rs4474021
[1] "SPLICING EVENT"
[1] "chr8:12736764:12736900:clu_61596_-:ENSG00000154359.13"
Harmonising fat_distr (fat_distr) and Outcome (Outcome)
Harmonising fat_distr (fat_distr) and Outcome (Outcome)
[1] 370
[1] 370
  iteration traits posterior_prob regional_prob candidate_snp
1         1   None             NA         9e-04            NA
  posterior_explained_by_snp dropped_trait  lead_snp
1                         NA      iradjbmi rs4474021
[1] "SPLICING EVENT"
[1] "chr8:12736797:12736900:clu_61596_-:ENSG00000154359.13"
Harmonising fat_distr (fat_distr) and Outcome (Outcome)
Harmonising fat_distr (fat_distr) and Outcome (Outcome)
[1] 370
[1] 370
  iteration traits posterior_prob regional_prob candidate_snp
1         1   None             NA         9e-04            NA
  posterior_explained_by_snp dropped_trait  lead_snp
1                         NA      iradjbmi rs4474021
[1] "SPLICING EVENT"
[1] "chr8:12737140:12737272:clu_61598_-:ENSG00000154359.13"
Harmonising fat_distr (fat_distr) and Outcome (Outcome)
Harmonising fat_distr (fat_distr) and Outcome (Outcome)
[1] 370
[1] 370
  iteration traits posterior_prob regional_prob candidate_snp
1         1   None             NA         7e-04            NA
  posterior_explained_by_snp dropped_trait  lead_snp
1                         NA      iradjbmi rs4474021
[1] "SPLICING EVENT"
[1] "chr8:12737140:12737995:clu_61598_-:ENSG00000154359.13"
Harmonising fat_distr (fat_distr) and Outcome (Outcome)
Harmonising fat_distr (fat_distr) and Outcome (Outcome)
[1] 370
[1] 370
  iteration traits posterior_prob regional_prob candidate_snp
1         1   None             NA         6e-04            NA
  posterior_explained_by_snp dropped_trait  lead_snp
1                         NA      iradjbmi rs4474021
[1] "SPLICING EVENT"
[1] "chr8:12737360:12737995:clu_61598_-:ENSG00000154359.13"
Harmonising fat_distr (fat_distr) and Outcome (Outcome)
Harmonising fat_distr (fat_distr) and Outcome (Outcome)
[1] 370
[1] 370
  iteration traits posterior_prob regional_prob candidate_snp
1         1   None             NA         7e-04            NA
  posterior_explained_by_snp dropped_trait  lead_snp
1                         NA      iradjbmi rs4474021
[1] "SPLICING EVENT"
[1] "chr8:12738144:12740874:clu_61599_-:ENSG00000154359.13"
Harmonising fat_distr (fat_distr) and Outcome (Outcome)
Harmonising fat_distr (fat_distr) and Outcome (Outcome)
[1] 370
[1] 370
  iteration traits posterior_prob regional_prob candidate_snp
1         1   None             NA         8e-04            NA
  posterior_explained_by_snp dropped_trait  lead_snp
1                         NA      iradjbmi rs4474021
[1] "SPLICING EVENT"
[1] "chr8:12743282:12754700:clu_61600_-:ENSG00000154359.13"
Harmonising fat_distr (fat_distr) and Outcome (Outcome)
Harmonising fat_distr (fat_distr) and Outcome (Outcome)
[1] 370
[1] 370
  iteration traits posterior_prob regional_prob candidate_snp
1         1   None             NA        0.0028            NA
  posterior_explained_by_snp dropped_trait  lead_snp
1                         NA      iradjbmi rs4474021
[1] "LEAD INDEX"
[1] 2
[1] "LEAD INDEX"
[1] 3
[1] "SPLICING EVENT"
[1] "chr8:37736678:37737908:clu_63079_+:ENSG00000147475.17"
Harmonising fat_distr (fat_distr) and Outcome (Outcome)
Harmonising fat_distr (fat_distr) and Outcome (Outcome)
[1] 273
[1] 273
  iteration traits posterior_prob regional_prob candidate_snp
1         1   None             NA        0.0123            NA
  posterior_explained_by_snp dropped_trait  lead_snp
1                         NA      iradjbmi rs7816345
[1] "SPLICING EVENT"
[1] "chr8:37737007:37737908:clu_63079_+:ENSG00000147475.17"
Harmonising fat_distr (fat_distr) and Outcome (Outcome)
Harmonising fat_distr (fat_distr) and Outcome (Outcome)
[1] 273
[1] 273
  iteration traits posterior_prob regional_prob candidate_snp
1         1   None             NA        0.0232            NA
  posterior_explained_by_snp dropped_trait  lead_snp
1                         NA      iradjbmi rs7816345
[1] "SPLICING EVENT"
[1] "chr8:37738029:37740365:clu_63079_+:ENSG00000147475.17"
Harmonising fat_distr (fat_distr) and Outcome (Outcome)
Harmonising fat_distr (fat_distr) and Outcome (Outcome)
[1] 273
[1] 273
  iteration traits posterior_prob regional_prob candidate_snp
1         1   None             NA        0.0201            NA
  posterior_explained_by_snp dropped_trait  lead_snp
1                         NA      iradjbmi rs7816345
[1] "SPLICING EVENT"
[1] "chr8:37740446:37741772:clu_63079_+:ENSG00000147475.17"
Harmonising fat_distr (fat_distr) and Outcome (Outcome)
Harmonising fat_distr (fat_distr) and Outcome (Outcome)
[1] 273
[1] 273
  iteration traits posterior_prob regional_prob candidate_snp
1         1   None             NA        0.0249            NA
  posterior_explained_by_snp dropped_trait  lead_snp
1                         NA      iradjbmi rs7816345
[1] "SPLICING EVENT"
[1] "chr8:37740446:37744355:clu_63079_+:ENSG00000147475.17"
Harmonising fat_distr (fat_distr) and Outcome (Outcome)
Harmonising fat_distr (fat_distr) and Outcome (Outcome)
[1] 273
[1] 273
  iteration traits posterior_prob regional_prob candidate_snp
1         1   None             NA         0.007            NA
  posterior_explained_by_snp dropped_trait  lead_snp
1                         NA      iradjbmi rs7816345
[1] "SPLICING EVENT"
[1] "chr8:37741818:37744355:clu_63079_+:ENSG00000147475.17"
Harmonising fat_distr (fat_distr) and Outcome (Outcome)
Harmonising fat_distr (fat_distr) and Outcome (Outcome)
[1] 273
[1] 273
  iteration traits posterior_prob regional_prob candidate_snp
1         1   None             NA        0.0084            NA
  posterior_explained_by_snp dropped_trait  lead_snp
1                         NA      iradjbmi rs7816345
[1] "SPLICING EVENT"
[1] "chr8:37744696:37745569:clu_63080_+:ENSG00000147475.17"
Harmonising fat_distr (fat_distr) and Outcome (Outcome)
Harmonising fat_distr (fat_distr) and Outcome (Outcome)
[1] 273
[1] 273
  iteration traits posterior_prob regional_prob candidate_snp
1         1   None             NA        0.0085            NA
  posterior_explained_by_snp dropped_trait  lead_snp
1                         NA      iradjbmi rs7816345
[1] "SPLICING EVENT"
[1] "chr8:37744696:37749559:clu_63080_+:ENSG00000147475.17"
Harmonising fat_distr (fat_distr) and Outcome (Outcome)
Harmonising fat_distr (fat_distr) and Outcome (Outcome)
[1] 273
[1] 273
  iteration traits posterior_prob regional_prob candidate_snp
1         1   None             NA        0.0086            NA
  posterior_explained_by_snp dropped_trait  lead_snp
1                         NA      iradjbmi rs7816345
[1] "LEAD INDEX"
[1] 4
[1] "SPLICING EVENT"
[1] "chr8:38412595:38413918:clu_61833_-:ENSG00000077782.22"
Harmonising fat_distr (fat_distr) and Outcome (Outcome)
Harmonising fat_distr (fat_distr) and Outcome (Outcome)
[1] 270
[1] 270
  iteration                                                          traits
1         1 iradjbmi, chr8:38412595:38413918:clu_61833_-:ENSG00000077782.22
  posterior_prob regional_prob candidate_snp posterior_explained_by_snp
1           0.56        0.5692    rs10958704                     0.8491
  dropped_trait   lead_snp
1            NA rs10958704
[1] "SPLICING EVENT"
[1] "chr8:38413804:38413918:clu_61833_-:ENSG00000077782.22"
Harmonising fat_distr (fat_distr) and Outcome (Outcome)
Harmonising fat_distr (fat_distr) and Outcome (Outcome)
[1] 270
[1] 270
  iteration                                                          traits
1         1 iradjbmi, chr8:38413804:38413918:clu_61833_-:ENSG00000077782.22
  posterior_prob regional_prob candidate_snp posterior_explained_by_snp
1         0.5052        0.5141    rs10958704                     0.8592
  dropped_trait   lead_snp
1            NA rs10958704
[1] "SPLICING EVENT"
[1] "chr8:38414901:38415845:clu_61834_-:ENSG00000077782.22"
Harmonising fat_distr (fat_distr) and Outcome (Outcome)
Harmonising fat_distr (fat_distr) and Outcome (Outcome)
[1] 270
[1] 270
  iteration traits posterior_prob regional_prob candidate_snp
1         1   None             NA        0.0063            NA
  posterior_explained_by_snp dropped_trait   lead_snp
1                         NA      iradjbmi rs10958704
[1] "SPLICING EVENT"
[1] "chr8:38414901:38415870:clu_61834_-:ENSG00000077782.22"
Harmonising fat_distr (fat_distr) and Outcome (Outcome)
Harmonising fat_distr (fat_distr) and Outcome (Outcome)
[1] 270
[1] 270
  iteration traits posterior_prob regional_prob candidate_snp
1         1   None             NA        0.0064            NA
  posterior_explained_by_snp dropped_trait   lead_snp
1                         NA      iradjbmi rs10958704
[1] "SPLICING EVENT"
[1] "chr8:38418373:38419533:clu_61835_-:ENSG00000077782.22"
Harmonising fat_distr (fat_distr) and Outcome (Outcome)
Harmonising fat_distr (fat_distr) and Outcome (Outcome)
[1] 270
[1] 270
  iteration traits posterior_prob regional_prob candidate_snp
1         1   None             NA        0.0034            NA
  posterior_explained_by_snp dropped_trait   lead_snp
1                         NA      iradjbmi rs10958704
[1] "SPLICING EVENT"
[1] "chr8:38418373:38419539:clu_61835_-:ENSG00000077782.22"
Harmonising fat_distr (fat_distr) and Outcome (Outcome)
Harmonising fat_distr (fat_distr) and Outcome (Outcome)
[1] 270
[1] 270
  iteration traits posterior_prob regional_prob candidate_snp
1         1   None             NA        0.0036            NA
  posterior_explained_by_snp dropped_trait   lead_snp
1                         NA      iradjbmi rs10958704
[1] "SPLICING EVENT"
[1] "chr8:38421941:38424509:clu_61836_-:ENSG00000077782.22"
Harmonising fat_distr (fat_distr) and Outcome (Outcome)
Harmonising fat_distr (fat_distr) and Outcome (Outcome)
[1] 270
[1] 270
  iteration traits posterior_prob regional_prob candidate_snp
1         1   None             NA        0.0256            NA
  posterior_explained_by_snp dropped_trait   lead_snp
1                         NA      iradjbmi rs10958704
[1] "SPLICING EVENT"
[1] "chr8:38423175:38424509:clu_61836_-:ENSG00000077782.22"
Harmonising fat_distr (fat_distr) and Outcome (Outcome)
Harmonising fat_distr (fat_distr) and Outcome (Outcome)
[1] 270
[1] 270
  iteration traits posterior_prob regional_prob candidate_snp
1         1   None             NA        0.0238            NA
  posterior_explained_by_snp dropped_trait   lead_snp
1                         NA      iradjbmi rs10958704
[1] "SPLICING EVENT"
[1] "chr8:38428093:38428346:clu_61837_-:ENSG00000077782.22"
Harmonising fat_distr (fat_distr) and Outcome (Outcome)
Harmonising fat_distr (fat_distr) and Outcome (Outcome)
[1] 270
[1] 270
  iteration traits posterior_prob regional_prob candidate_snp
1         1   None             NA        0.0056            NA
  posterior_explained_by_snp dropped_trait   lead_snp
1                         NA      iradjbmi rs10958704
[1] "SPLICING EVENT"
[1] "chr8:38428093:38428352:clu_61837_-:ENSG00000077782.22"
Harmonising fat_distr (fat_distr) and Outcome (Outcome)
Harmonising fat_distr (fat_distr) and Outcome (Outcome)
[1] 270
[1] 270
  iteration traits posterior_prob regional_prob candidate_snp
1         1   None             NA        0.0056            NA
  posterior_explained_by_snp dropped_trait   lead_snp
1                         NA      iradjbmi rs10958704
[1] "SPLICING EVENT"
[1] "chr8:38428435:38429247:clu_61838_-:ENSG00000077782.22"
Harmonising fat_distr (fat_distr) and Outcome (Outcome)
Harmonising fat_distr (fat_distr) and Outcome (Outcome)
[1] 270
[1] 270
  iteration traits posterior_prob regional_prob candidate_snp
1         1   None             NA         1e-04            NA
  posterior_explained_by_snp
1                         NA
                                          dropped_trait   lead_snp
1 chr8:38428435:38429247:clu_61838_-:ENSG00000077782.22 rs10958704
[1] "SPLICING EVENT"
[1] "chr8:38428435:38429682:clu_61838_-:ENSG00000077782.22"
Harmonising fat_distr (fat_distr) and Outcome (Outcome)
Harmonising fat_distr (fat_distr) and Outcome (Outcome)
[1] 270
[1] 270
  iteration traits posterior_prob regional_prob candidate_snp
1         1   None             NA         1e-04            NA
  posterior_explained_by_snp
1                         NA
                                          dropped_trait   lead_snp
1 chr8:38428435:38429682:clu_61838_-:ENSG00000077782.22 rs10958704
[1] "SPLICING EVENT"
[1] "chr8:38428435:38457356:clu_61838_-:ENSG00000077782.22"
Harmonising fat_distr (fat_distr) and Outcome (Outcome)
Harmonising fat_distr (fat_distr) and Outcome (Outcome)
[1] 270
[1] 270
  iteration traits posterior_prob regional_prob candidate_snp
1         1   None             NA        0.0061            NA
  posterior_explained_by_snp dropped_trait   lead_snp
1                         NA      iradjbmi rs10958704
[1] "SPLICING EVENT"
[1] "chr8:38429390:38429682:clu_61838_-:ENSG00000077782.22"
Harmonising fat_distr (fat_distr) and Outcome (Outcome)
Harmonising fat_distr (fat_distr) and Outcome (Outcome)
[1] 270
[1] 270
  iteration traits posterior_prob regional_prob candidate_snp
1         1   None             NA         1e-04            NA
  posterior_explained_by_snp
1                         NA
                                          dropped_trait   lead_snp
1 chr8:38429390:38429682:clu_61838_-:ENSG00000077782.22 rs10958704
[1] "SPLICING EVENT"
[1] "chr8:38429948:38457356:clu_61838_-:ENSG00000077782.22"
Harmonising fat_distr (fat_distr) and Outcome (Outcome)
Harmonising fat_distr (fat_distr) and Outcome (Outcome)
[1] 270
[1] 270
  iteration traits posterior_prob regional_prob candidate_snp
1         1   None             NA        0.0055            NA
  posterior_explained_by_snp dropped_trait   lead_snp
1                         NA      iradjbmi rs10958704
[1] "SPLICING EVENT"
[1] "chr8:38457534:38467672:clu_61839_-:ENSG00000077782.22"
Harmonising fat_distr (fat_distr) and Outcome (Outcome)
Harmonising fat_distr (fat_distr) and Outcome (Outcome)
[1] 270
[1] 270
  iteration                                                          traits
1         1 iradjbmi, chr8:38457534:38467672:clu_61839_-:ENSG00000077782.22
  posterior_prob regional_prob candidate_snp posterior_explained_by_snp
1         0.5928        0.6975      rs328300                     0.7793
  dropped_trait   lead_snp
1            NA rs10958704
[1] "SPLICING EVENT"
[1] "chr8:38457534:38467981:clu_61839_-:ENSG00000077782.22"
Harmonising fat_distr (fat_distr) and Outcome (Outcome)
Harmonising fat_distr (fat_distr) and Outcome (Outcome)
[1] 270
[1] 270
  iteration                                                          traits
1         1 iradjbmi, chr8:38457534:38467981:clu_61839_-:ENSG00000077782.22
  posterior_prob regional_prob candidate_snp posterior_explained_by_snp
1         0.7352         0.841      rs328300                     0.8093
  dropped_trait   lead_snp
1            NA rs10958704
[1] "LEAD INDEX"
[1] 5
[1] "LEAD INDEX"
[1] 6
[1] "LEAD INDEX"
[1] 7
[1] "LEAD INDEX"
[1] 8
[1] "SPLICING EVENT"
[1] "chr8:10726666:10730196:clu_61569_-:ENSG00000171056.8"
Harmonising fat_distr (fat_distr) and Outcome (Outcome)
Removing the following SNPs for incompatible alleles:
chr8:10423934
Harmonising fat_distr (fat_distr) and Outcome (Outcome)
[1] 541
[1] 541
  iteration traits posterior_prob regional_prob candidate_snp
1         1   None             NA        0.2416            NA
  posterior_explained_by_snp dropped_trait  lead_snp
1                         NA      iradjbmi rs9657541
[1] "SPLICING EVENT"
[1] "chr8:10765916:10820193:clu_61569_-:ENSG00000171056.8"
Harmonising fat_distr (fat_distr) and Outcome (Outcome)
Removing the following SNPs for incompatible alleles:
chr8:10423934
Harmonising fat_distr (fat_distr) and Outcome (Outcome)
[1] 541
[1] 541
  iteration traits posterior_prob regional_prob candidate_snp
1         1   None             NA        0.0117            NA
  posterior_explained_by_snp dropped_trait  lead_snp
1                         NA      iradjbmi rs9657541
[1] "SPLICING EVENT"
[1] "chr8:10765916:10826152:clu_61569_-:ENSG00000171056.8"
Harmonising fat_distr (fat_distr) and Outcome (Outcome)
Removing the following SNPs for incompatible alleles:
chr8:10423934
Harmonising fat_distr (fat_distr) and Outcome (Outcome)
[1] 541
[1] 541
  iteration traits posterior_prob regional_prob candidate_snp
1         1   None             NA        0.0375            NA
  posterior_explained_by_snp dropped_trait  lead_snp
1                         NA      iradjbmi rs9657541
[1] "SPLICING EVENT"
[1] "chr8:10820269:10826152:clu_61569_-:ENSG00000171056.8"
Harmonising fat_distr (fat_distr) and Outcome (Outcome)
Removing the following SNPs for incompatible alleles:
chr8:10423934
Harmonising fat_distr (fat_distr) and Outcome (Outcome)
[1] 541
[1] 541
  iteration traits posterior_prob regional_prob candidate_snp
1         1   None             NA        0.0257            NA
  posterior_explained_by_snp dropped_trait  lead_snp
1                         NA      iradjbmi rs9657541
[1] "LEAD INDEX"
[1] 9
[1] "LEAD INDEX"
[1] 10
[1] "SPLICING EVENT"
[1] "chr8:17923188:17924713:clu_62833_+:ENSG00000078674.19"
Harmonising fat_distr (fat_distr) and Outcome (Outcome)
Harmonising fat_distr (fat_distr) and Outcome (Outcome)
[1] 765
[1] 765
  iteration traits posterior_prob regional_prob candidate_snp
1         1   None             NA        0.2483            NA
  posterior_explained_by_snp dropped_trait lead_snp
1                         NA      iradjbmi rs208062
[1] "SPLICING EVENT"
[1] "chr8:17923188:17935589:clu_62833_+:ENSG00000078674.19"
Harmonising fat_distr (fat_distr) and Outcome (Outcome)
Harmonising fat_distr (fat_distr) and Outcome (Outcome)
[1] 765
[1] 765
  iteration traits posterior_prob regional_prob candidate_snp
1         1   None             NA        0.0017            NA
  posterior_explained_by_snp
1                         NA
                                          dropped_trait lead_snp
1 chr8:17923188:17935589:clu_62833_+:ENSG00000078674.19 rs208062
[1] "SPLICING EVENT"
[1] "chr8:17924780:17934706:clu_62833_+:ENSG00000078674.19"
Harmonising fat_distr (fat_distr) and Outcome (Outcome)
Harmonising fat_distr (fat_distr) and Outcome (Outcome)
[1] 765
[1] 765
  iteration                                                          traits
1         1 iradjbmi, chr8:17924780:17934706:clu_62833_+:ENSG00000078674.19
  posterior_prob regional_prob candidate_snp posterior_explained_by_snp
1         0.7387        0.8581      rs478420                     0.5352
  dropped_trait lead_snp
1            NA rs208062
[1] "SPLICING EVENT"
[1] "chr8:17924780:17935589:clu_62833_+:ENSG00000078674.19"
Harmonising fat_distr (fat_distr) and Outcome (Outcome)
Harmonising fat_distr (fat_distr) and Outcome (Outcome)
[1] 765
[1] 765
  iteration traits posterior_prob regional_prob candidate_snp
1         1   None             NA         0.016            NA
  posterior_explained_by_snp dropped_trait lead_snp
1                         NA      iradjbmi rs208062
[1] "SPLICING EVENT"
[1] "chr8:17934858:17935589:clu_62833_+:ENSG00000078674.19"
Harmonising fat_distr (fat_distr) and Outcome (Outcome)
Harmonising fat_distr (fat_distr) and Outcome (Outcome)
[1] 765
[1] 765
  iteration                                                          traits
1         1 iradjbmi, chr8:17934858:17935589:clu_62833_+:ENSG00000078674.19
  posterior_prob regional_prob candidate_snp posterior_explained_by_snp
1         0.9839        0.9908      rs478420                     0.9897
  dropped_trait lead_snp
1            NA rs208062
[1] "SPLICING EVENT"
[1] "chr8:17937379:17938740:clu_62834_+:ENSG00000078674.19"
Harmonising fat_distr (fat_distr) and Outcome (Outcome)
Harmonising fat_distr (fat_distr) and Outcome (Outcome)
[1] 765
[1] 765
  iteration traits posterior_prob regional_prob candidate_snp
1         1   None             NA        0.0875            NA
  posterior_explained_by_snp
1                         NA
                                          dropped_trait lead_snp
1 chr8:17937379:17938740:clu_62834_+:ENSG00000078674.19 rs208062
[1] "SPLICING EVENT"
[1] "chr8:17937379:17938839:clu_62834_+:ENSG00000078674.19"
Harmonising fat_distr (fat_distr) and Outcome (Outcome)
Harmonising fat_distr (fat_distr) and Outcome (Outcome)
[1] 765
[1] 765
  iteration traits posterior_prob regional_prob candidate_snp
1         1   None             NA        0.0768            NA
  posterior_explained_by_snp
1                         NA
                                          dropped_trait lead_snp
1 chr8:17937379:17938839:clu_62834_+:ENSG00000078674.19 rs208062
[1] "SPLICING EVENT"
[1] "chr8:17939861:17940042:clu_62835_+:ENSG00000078674.19"
Harmonising fat_distr (fat_distr) and Outcome (Outcome)
Harmonising fat_distr (fat_distr) and Outcome (Outcome)
[1] 765
[1] 765
  iteration traits posterior_prob regional_prob candidate_snp
1         1   None             NA        0.0584            NA
  posterior_explained_by_snp
1                         NA
                                          dropped_trait lead_snp
1 chr8:17939861:17940042:clu_62835_+:ENSG00000078674.19 rs208062
[1] "SPLICING EVENT"
[1] "chr8:17939861:17947186:clu_62835_+:ENSG00000078674.19"
Harmonising fat_distr (fat_distr) and Outcome (Outcome)
Harmonising fat_distr (fat_distr) and Outcome (Outcome)
[1] 765
[1] 765
  iteration traits posterior_prob regional_prob candidate_snp
1         1   None             NA        0.0825            NA
  posterior_explained_by_snp
1                         NA
                                          dropped_trait lead_snp
1 chr8:17939861:17947186:clu_62835_+:ENSG00000078674.19 rs208062
[1] "SPLICING EVENT"
[1] "chr8:17940158:17947186:clu_62835_+:ENSG00000078674.19"
Harmonising fat_distr (fat_distr) and Outcome (Outcome)
Harmonising fat_distr (fat_distr) and Outcome (Outcome)
[1] 765
[1] 765
  iteration traits posterior_prob regional_prob candidate_snp
1         1   None             NA        0.0082            NA
  posterior_explained_by_snp dropped_trait lead_snp
1                         NA      iradjbmi rs208062
[1] "SPLICING EVENT"
[1] "chr8:17957421:17957537:clu_62837_+:ENSG00000078674.19"
Harmonising fat_distr (fat_distr) and Outcome (Outcome)
Harmonising fat_distr (fat_distr) and Outcome (Outcome)
[1] 765
[1] 765
  iteration traits posterior_prob regional_prob candidate_snp
1         1   None             NA        0.0072            NA
  posterior_explained_by_snp dropped_trait lead_snp
1                         NA      iradjbmi rs208062
[1] "SPLICING EVENT"
[1] "chr8:17957421:17957540:clu_62837_+:ENSG00000078674.19"
Harmonising fat_distr (fat_distr) and Outcome (Outcome)
Harmonising fat_distr (fat_distr) and Outcome (Outcome)
[1] 765
[1] 765
  iteration traits posterior_prob regional_prob candidate_snp
1         1   None             NA         0.008            NA
  posterior_explained_by_snp dropped_trait lead_snp
1                         NA      iradjbmi rs208062
[1] "SPLICING EVENT"
[1] "chr8:17972687:17980591:clu_62838_+:ENSG00000078674.19"
Harmonising fat_distr (fat_distr) and Outcome (Outcome)
Harmonising fat_distr (fat_distr) and Outcome (Outcome)
[1] 765
[1] 765
  iteration traits posterior_prob regional_prob candidate_snp
1         1   None             NA        0.0229            NA
  posterior_explained_by_snp dropped_trait lead_snp
1                         NA      iradjbmi rs208062
[1] "SPLICING EVENT"
[1] "chr8:17972687:17985447:clu_62838_+:ENSG00000078674.19"
Harmonising fat_distr (fat_distr) and Outcome (Outcome)
Harmonising fat_distr (fat_distr) and Outcome (Outcome)
[1] 765
[1] 765
  iteration traits posterior_prob regional_prob candidate_snp
1         1   None             NA        0.0309            NA
  posterior_explained_by_snp dropped_trait lead_snp
1                         NA      iradjbmi rs208062
[1] "SPLICING EVENT"
[1] "chr8:17980755:17983233:clu_62838_+:ENSG00000078674.19"
Harmonising fat_distr (fat_distr) and Outcome (Outcome)
Harmonising fat_distr (fat_distr) and Outcome (Outcome)
[1] 765
[1] 765
  iteration traits posterior_prob regional_prob candidate_snp
1         1   None             NA        0.0057            NA
  posterior_explained_by_snp dropped_trait lead_snp
1                         NA      iradjbmi rs208062
[1] "SPLICING EVENT"
[1] "chr8:17980755:17985447:clu_62838_+:ENSG00000078674.19"
Harmonising fat_distr (fat_distr) and Outcome (Outcome)
Harmonising fat_distr (fat_distr) and Outcome (Outcome)
[1] 765
[1] 765
  iteration traits posterior_prob regional_prob candidate_snp
1         1   None             NA        0.0143            NA
  posterior_explained_by_snp dropped_trait lead_snp
1                         NA      iradjbmi rs208062
[1] "SPLICING EVENT"
[1] "chr8:17983289:17985447:clu_62838_+:ENSG00000078674.19"
Harmonising fat_distr (fat_distr) and Outcome (Outcome)
Harmonising fat_distr (fat_distr) and Outcome (Outcome)
[1] 765
[1] 765
  iteration traits posterior_prob regional_prob candidate_snp
1         1   None             NA        0.0054            NA
  posterior_explained_by_snp dropped_trait lead_snp
1                         NA      iradjbmi rs208062
[1] "SPLICING EVENT"
[1] "chr8:17986087:17988952:clu_62839_+:ENSG00000078674.19"
Harmonising fat_distr (fat_distr) and Outcome (Outcome)
Harmonising fat_distr (fat_distr) and Outcome (Outcome)
[1] 765
[1] 765
  iteration traits posterior_prob regional_prob candidate_snp
1         1   None             NA         0.007            NA
  posterior_explained_by_snp dropped_trait lead_snp
1                         NA      iradjbmi rs208062
[1] "SPLICING EVENT"
[1] "chr8:17986087:17989859:clu_62839_+:ENSG00000078674.19"
Harmonising fat_distr (fat_distr) and Outcome (Outcome)
Harmonising fat_distr (fat_distr) and Outcome (Outcome)
[1] 765
[1] 765
  iteration traits posterior_prob regional_prob candidate_snp
1         1   None             NA        0.0062            NA
  posterior_explained_by_snp dropped_trait lead_snp
1                         NA      iradjbmi rs208062
[1] "SPLICING EVENT"
[1] "chr8:17991676:17993483:clu_62844_+:ENSG00000078674.19"
Harmonising fat_distr (fat_distr) and Outcome (Outcome)
Harmonising fat_distr (fat_distr) and Outcome (Outcome)
[1] 765
[1] 765
  iteration traits posterior_prob regional_prob candidate_snp
1         1   None             NA         0.057            NA
  posterior_explained_by_snp
1                         NA
                                          dropped_trait lead_snp
1 chr8:17991676:17993483:clu_62844_+:ENSG00000078674.19 rs208062
[1] "SPLICING EVENT"
[1] "chr8:17991700:17993483:clu_62844_+:ENSG00000078674.19"
Harmonising fat_distr (fat_distr) and Outcome (Outcome)
Harmonising fat_distr (fat_distr) and Outcome (Outcome)
[1] 765
[1] 765
  iteration traits posterior_prob regional_prob candidate_snp
1         1   None             NA        0.0637            NA
  posterior_explained_by_snp
1                         NA
                                          dropped_trait lead_snp
1 chr8:17991700:17993483:clu_62844_+:ENSG00000078674.19 rs208062
[1] "SPLICING EVENT"
[1] "chr8:17993619:18006251:clu_62840_+:ENSG00000078674.19"
Harmonising fat_distr (fat_distr) and Outcome (Outcome)
Harmonising fat_distr (fat_distr) and Outcome (Outcome)
[1] 765
[1] 765
  iteration traits posterior_prob regional_prob candidate_snp
1         1   None             NA        0.0128            NA
  posterior_explained_by_snp dropped_trait lead_snp
1                         NA      iradjbmi rs208062
[1] "SPLICING EVENT"
[1] "chr8:17993619:18006263:clu_62840_+:ENSG00000078674.19"
Harmonising fat_distr (fat_distr) and Outcome (Outcome)
Harmonising fat_distr (fat_distr) and Outcome (Outcome)
[1] 765
[1] 765
  iteration traits posterior_prob regional_prob candidate_snp
1         1   None             NA        0.0131            NA
  posterior_explained_by_snp dropped_trait lead_snp
1                         NA      iradjbmi rs208062
[1] "SPLICING EVENT"
[1] "chr8:18011827:18012580:clu_62841_+:ENSG00000078674.19"
Harmonising fat_distr (fat_distr) and Outcome (Outcome)
Harmonising fat_distr (fat_distr) and Outcome (Outcome)
[1] 765
[1] 765
  iteration traits posterior_prob regional_prob candidate_snp
1         1   None             NA        0.0046            NA
  posterior_explained_by_snp dropped_trait lead_snp
1                         NA      iradjbmi rs208062
[1] "SPLICING EVENT"
[1] "chr8:18011827:18013964:clu_62841_+:ENSG00000078674.19"
Harmonising fat_distr (fat_distr) and Outcome (Outcome)
Harmonising fat_distr (fat_distr) and Outcome (Outcome)
[1] 765
[1] 765
  iteration traits posterior_prob regional_prob candidate_snp
1         1   None             NA        0.0063            NA
  posterior_explained_by_snp dropped_trait lead_snp
1                         NA      iradjbmi rs208062
[1] "SPLICING EVENT"
[1] "chr8:18012672:18013964:clu_62841_+:ENSG00000078674.19"
Harmonising fat_distr (fat_distr) and Outcome (Outcome)
Harmonising fat_distr (fat_distr) and Outcome (Outcome)
[1] 765
[1] 765
  iteration traits posterior_prob regional_prob candidate_snp
1         1   None             NA        0.0066            NA
  posterior_explained_by_snp dropped_trait lead_snp
1                         NA      iradjbmi rs208062
[1] "SPLICING EVENT"
[1] "chr8:18014036:18014584:clu_62842_+:ENSG00000078674.19"
Harmonising fat_distr (fat_distr) and Outcome (Outcome)
Harmonising fat_distr (fat_distr) and Outcome (Outcome)
[1] 765
[1] 765
  iteration traits posterior_prob regional_prob candidate_snp
1         1   None             NA         0.005            NA
  posterior_explained_by_snp dropped_trait lead_snp
1                         NA      iradjbmi rs208062
[1] "SPLICING EVENT"
[1] "chr8:18014036:18025361:clu_62842_+:ENSG00000078674.19"
Harmonising fat_distr (fat_distr) and Outcome (Outcome)
Harmonising fat_distr (fat_distr) and Outcome (Outcome)
[1] 765
[1] 765
  iteration traits posterior_prob regional_prob candidate_snp
1         1   None             NA        0.1196            NA
  posterior_explained_by_snp
1                         NA
                                          dropped_trait lead_snp
1 chr8:18014036:18025361:clu_62842_+:ENSG00000078674.19 rs208062
[1] "SPLICING EVENT"
[1] "chr8:18014840:18025361:clu_62842_+:ENSG00000078674.19"
Harmonising fat_distr (fat_distr) and Outcome (Outcome)
Harmonising fat_distr (fat_distr) and Outcome (Outcome)
[1] 765
[1] 765
  iteration traits posterior_prob regional_prob candidate_snp
1         1   None             NA        0.0064            NA
  posterior_explained_by_snp dropped_trait lead_snp
1                         NA      iradjbmi rs208062
[1] "SPLICING EVENT"
[1] "chr8:18025453:18025544:clu_62843_+:ENSG00000078674.19"
Harmonising fat_distr (fat_distr) and Outcome (Outcome)
Harmonising fat_distr (fat_distr) and Outcome (Outcome)
[1] 765
[1] 765
  iteration traits posterior_prob regional_prob candidate_snp
1         1   None             NA        0.0055            NA
  posterior_explained_by_snp dropped_trait lead_snp
1                         NA      iradjbmi rs208062
[1] "LEAD INDEX"
[1] 11
[1] "LEAD INDEX"
[1] 12
[1] "LEAD INDEX"
[1] 13
[1] "LEAD INDEX"
[1] 14
[1] "LEAD INDEX"
[1] 15
[1] "LEAD INDEX"
[1] 16
[1] "LEAD INDEX"
[1] 17
[1] "LEAD INDEX"
[1] 18
[1] "SPLICING EVENT"
[1] "chr8:23845040:23851320:clu_61702_-:ENSG00000159167.12"
Harmonising fat_distr (fat_distr) and Outcome (Outcome)
Harmonising fat_distr (fat_distr) and Outcome (Outcome)
[1] 515
[1] 515
  iteration traits posterior_prob regional_prob candidate_snp
1         1   None             NA        0.0016            NA
  posterior_explained_by_snp dropped_trait  lead_snp
1                         NA      iradjbmi rs1561105
[1] "SPLICING EVENT"
[1] "chr8:23852384:23854406:clu_61703_-:ENSG00000159167.12"
Harmonising fat_distr (fat_distr) and Outcome (Outcome)
Harmonising fat_distr (fat_distr) and Outcome (Outcome)
[1] 515
[1] 515
  iteration traits posterior_prob regional_prob candidate_snp
1         1   None             NA         0.001            NA
  posterior_explained_by_snp dropped_trait  lead_snp
1                         NA      iradjbmi rs1561105
[1] "LEAD INDEX"
[1] 19
[1] "LEAD INDEX"
[1] 20
[1] "LEAD INDEX"
[1] 21
[1] "LEAD INDEX"
[1] 22
[1] "LEAD INDEX"
[1] 23
[1] "LEAD INDEX"
[1] 24
[1] "LEAD INDEX"
[1] 25
[1] "LEAD INDEX"
[1] 26
[1] "CHROMOSOME"
[1] 9
[1] "LEAD INDEX"
[1] 1
[1] "LEAD INDEX"
[1] 2
[1] "LEAD INDEX"
[1] 3
[1] "LEAD INDEX"
[1] 4
[1] "SPLICING EVENT"
[1] "chr9:34179240:34199826:clu_65698_+:ENSG00000165006.14"
Harmonising fat_distr (fat_distr) and Outcome (Outcome)
Harmonising fat_distr (fat_distr) and Outcome (Outcome)
[1] 320
[1] 320
  iteration traits posterior_prob regional_prob candidate_snp
1         1   None             NA        0.0669            NA
  posterior_explained_by_snp dropped_trait   lead_snp
1                         NA      iradjbmi rs13284229
[1] "SPLICING EVENT"
[1] "chr9:34179240:34220908:clu_65698_+:ENSG00000165006.14"
Harmonising fat_distr (fat_distr) and Outcome (Outcome)
Harmonising fat_distr (fat_distr) and Outcome (Outcome)
[1] 320
[1] 320
  iteration traits posterior_prob regional_prob candidate_snp
1         1   None             NA        0.0869            NA
  posterior_explained_by_snp dropped_trait   lead_snp
1                         NA      iradjbmi rs13284229
[1] "SPLICING EVENT"
[1] "chr9:34179240:34234216:clu_65698_+:ENSG00000165006.14"
Harmonising fat_distr (fat_distr) and Outcome (Outcome)
Harmonising fat_distr (fat_distr) and Outcome (Outcome)
[1] 320
[1] 320
  iteration traits posterior_prob regional_prob candidate_snp
1         1   None             NA        0.0088            NA
  posterior_explained_by_snp dropped_trait   lead_snp
1                         NA      iradjbmi rs13284229
[1] "SPLICING EVENT"
[1] "chr9:34199923:34220908:clu_65698_+:ENSG00000165006.14"
Harmonising fat_distr (fat_distr) and Outcome (Outcome)
Harmonising fat_distr (fat_distr) and Outcome (Outcome)
[1] 320
[1] 320
  iteration traits posterior_prob regional_prob candidate_snp
1         1   None             NA         0.008            NA
  posterior_explained_by_snp dropped_trait   lead_snp
1                         NA      iradjbmi rs13284229
[1] "SPLICING EVENT"
[1] "chr9:34220948:34234216:clu_65698_+:ENSG00000165006.14"
Harmonising fat_distr (fat_distr) and Outcome (Outcome)
Harmonising fat_distr (fat_distr) and Outcome (Outcome)
[1] 320
[1] 320
  iteration traits posterior_prob regional_prob candidate_snp
1         1   None             NA         0.009            NA
  posterior_explained_by_snp dropped_trait   lead_snp
1                         NA      iradjbmi rs13284229
[1] "SPLICING EVENT"
[1] "chr9:34220948:34241185:clu_65698_+:ENSG00000165006.14"
Harmonising fat_distr (fat_distr) and Outcome (Outcome)
Harmonising fat_distr (fat_distr) and Outcome (Outcome)
[1] 320
[1] 320
  iteration traits posterior_prob regional_prob candidate_snp
1         1   None             NA        0.0082            NA
  posterior_explained_by_snp dropped_trait   lead_snp
1                         NA      iradjbmi rs13284229
[1] "SPLICING EVENT"
[1] "chr9:34234340:34241185:clu_65698_+:ENSG00000165006.14"
Harmonising fat_distr (fat_distr) and Outcome (Outcome)
Harmonising fat_distr (fat_distr) and Outcome (Outcome)
[1] 320
[1] 320
  iteration traits posterior_prob regional_prob candidate_snp
1         1   None             NA        0.0095            NA
  posterior_explained_by_snp dropped_trait   lead_snp
1                         NA      iradjbmi rs13284229
[1] "SPLICING EVENT"
[1] "chr9:34329599:34336229:clu_65699_+:ENSG00000164978.18"
Harmonising fat_distr (fat_distr) and Outcome (Outcome)
Harmonising fat_distr (fat_distr) and Outcome (Outcome)
[1] 320
[1] 320
  iteration traits posterior_prob regional_prob candidate_snp
1         1   None             NA         1e-04            NA
  posterior_explained_by_snp
1                         NA
                                          dropped_trait   lead_snp
1 chr9:34329599:34336229:clu_65699_+:ENSG00000164978.18 rs13284229
[1] "SPLICING EVENT"
[1] "chr9:34329599:34338713:clu_65699_+:ENSG00000164978.18"
Harmonising fat_distr (fat_distr) and Outcome (Outcome)
Harmonising fat_distr (fat_distr) and Outcome (Outcome)
[1] 320
[1] 320
  iteration traits posterior_prob regional_prob candidate_snp
1         1   None             NA        0.0211            NA
  posterior_explained_by_snp
1                         NA
                                          dropped_trait   lead_snp
1 chr9:34329599:34338713:clu_65699_+:ENSG00000164978.18 rs13284229
[1] "SPLICING EVENT"
[1] "chr9:34329599:34339024:clu_65699_+:ENSG00000164978.18"
Harmonising fat_distr (fat_distr) and Outcome (Outcome)
Harmonising fat_distr (fat_distr) and Outcome (Outcome)
[1] 320
[1] 320
  iteration traits posterior_prob regional_prob candidate_snp
1         1   None             NA         1e-04            NA
  posterior_explained_by_snp
1                         NA
                                          dropped_trait   lead_snp
1 chr9:34329599:34339024:clu_65699_+:ENSG00000164978.18 rs13284229
[1] "SPLICING EVENT"
[1] "chr9:34336341:34338713:clu_65699_+:ENSG00000164978.18"
Harmonising fat_distr (fat_distr) and Outcome (Outcome)
Harmonising fat_distr (fat_distr) and Outcome (Outcome)
[1] 320
[1] 320
  iteration traits posterior_prob regional_prob candidate_snp
1         1   None             NA         1e-04            NA
  posterior_explained_by_snp
1                         NA
                                          dropped_trait   lead_snp
1 chr9:34336341:34338713:clu_65699_+:ENSG00000164978.18 rs13284229
[1] "SPLICING EVENT"
[1] "chr9:34338847:34339024:clu_65699_+:ENSG00000164978.18"
Harmonising fat_distr (fat_distr) and Outcome (Outcome)
Harmonising fat_distr (fat_distr) and Outcome (Outcome)
[1] 320
[1] 320
  iteration traits posterior_prob regional_prob candidate_snp
1         1   None             NA         1e-04            NA
  posterior_explained_by_snp
1                         NA
                                          dropped_trait   lead_snp
1 chr9:34338847:34339024:clu_65699_+:ENSG00000164978.18 rs13284229
[1] "SPLICING EVENT"
[1] "chr9:34338847:34339031:clu_65699_+:ENSG00000164978.18"
Harmonising fat_distr (fat_distr) and Outcome (Outcome)
Harmonising fat_distr (fat_distr) and Outcome (Outcome)
[1] 320
[1] 320
  iteration traits posterior_prob regional_prob candidate_snp
1         1   None             NA        0.0079            NA
  posterior_explained_by_snp dropped_trait   lead_snp
1                         NA      iradjbmi rs13284229
[1] "SPLICING EVENT"
[1] "chr9:34339166:34343124:clu_65700_+:ENSG00000164978.18"
Harmonising fat_distr (fat_distr) and Outcome (Outcome)
Harmonising fat_distr (fat_distr) and Outcome (Outcome)
[1] 320
[1] 320
  iteration traits posterior_prob regional_prob candidate_snp
1         1   None             NA        0.0579            NA
  posterior_explained_by_snp dropped_trait   lead_snp
1                         NA      iradjbmi rs13284229
[1] "LEAD INDEX"
[1] 5
[1] "LEAD INDEX"
[1] 6
[1] "LEAD INDEX"
[1] 7
[1] "SPLICING EVENT"
[1] "chr9:123383913:123387730:clu_64938_-:ENSG00000119522.17"
Harmonising fat_distr (fat_distr) and Outcome (Outcome)
Harmonising fat_distr (fat_distr) and Outcome (Outcome)
[1] 443
[1] 443
  iteration traits posterior_prob regional_prob candidate_snp
1         1   None             NA        0.0255            NA
  posterior_explained_by_snp dropped_trait  lead_snp
1                         NA      iradjbmi rs2479106
[1] "SPLICING EVENT"
[1] "chr9:123383913:123403402:clu_64938_-:ENSG00000119522.17"
Harmonising fat_distr (fat_distr) and Outcome (Outcome)
Harmonising fat_distr (fat_distr) and Outcome (Outcome)
[1] 443
[1] 443
  iteration traits posterior_prob regional_prob candidate_snp
1         1   None             NA        0.0094            NA
  posterior_explained_by_snp dropped_trait  lead_snp
1                         NA      iradjbmi rs2479106
[1] "SPLICING EVENT"
[1] "chr9:123387858:123403402:clu_64938_-:ENSG00000119522.17"
Harmonising fat_distr (fat_distr) and Outcome (Outcome)
Harmonising fat_distr (fat_distr) and Outcome (Outcome)
[1] 443
[1] 443
  iteration traits posterior_prob regional_prob candidate_snp
1         1   None             NA        0.0064            NA
  posterior_explained_by_snp dropped_trait  lead_snp
1                         NA      iradjbmi rs2479106
[1] "SPLICING EVENT"
[1] "chr9:123401912:123403402:clu_64938_-:ENSG00000119522.17"
Harmonising fat_distr (fat_distr) and Outcome (Outcome)
Harmonising fat_distr (fat_distr) and Outcome (Outcome)
[1] 443
[1] 443
  iteration traits posterior_prob regional_prob candidate_snp
1         1   None             NA        0.0052            NA
  posterior_explained_by_snp dropped_trait  lead_snp
1                         NA      iradjbmi rs2479106
[1] "SPLICING EVENT"
[1] "chr9:123403490:123411776:clu_64939_-:ENSG00000119522.17"
Harmonising fat_distr (fat_distr) and Outcome (Outcome)
Harmonising fat_distr (fat_distr) and Outcome (Outcome)
[1] 443
[1] 443
  iteration traits posterior_prob regional_prob candidate_snp
1         1   None             NA        0.0098            NA
  posterior_explained_by_snp dropped_trait  lead_snp
1                         NA      iradjbmi rs2479106
[1] "SPLICING EVENT"
[1] "chr9:123403490:123440360:clu_64939_-:ENSG00000119522.17"
Harmonising fat_distr (fat_distr) and Outcome (Outcome)
Harmonising fat_distr (fat_distr) and Outcome (Outcome)
[1] 443
[1] 443
  iteration traits posterior_prob regional_prob candidate_snp
1         1   None             NA        0.0144            NA
  posterior_explained_by_snp dropped_trait  lead_snp
1                         NA      iradjbmi rs2479106
[1] "SPLICING EVENT"
[1] "chr9:123411829:123440360:clu_64939_-:ENSG00000119522.17"
Harmonising fat_distr (fat_distr) and Outcome (Outcome)
Harmonising fat_distr (fat_distr) and Outcome (Outcome)
[1] 443
[1] 443
  iteration traits posterior_prob regional_prob candidate_snp
1         1   None             NA        0.0172            NA
  posterior_explained_by_snp dropped_trait  lead_snp
1                         NA      iradjbmi rs2479106
[1] "SPLICING EVENT"
[1] "chr9:123440491:123450693:clu_64940_-:ENSG00000119522.17"
Harmonising fat_distr (fat_distr) and Outcome (Outcome)
Harmonising fat_distr (fat_distr) and Outcome (Outcome)
[1] 443
[1] 443
  iteration traits posterior_prob regional_prob candidate_snp
1         1   None             NA        0.0093            NA
  posterior_explained_by_snp dropped_trait  lead_snp
1                         NA      iradjbmi rs2479106
[1] "SPLICING EVENT"
[1] "chr9:123440491:123452276:clu_64940_-:ENSG00000119522.17"
Harmonising fat_distr (fat_distr) and Outcome (Outcome)
Harmonising fat_distr (fat_distr) and Outcome (Outcome)
[1] 443
[1] 443
  iteration traits posterior_prob regional_prob candidate_snp
1         1   None             NA        0.0076            NA
  posterior_explained_by_snp dropped_trait  lead_snp
1                         NA      iradjbmi rs2479106
[1] "SPLICING EVENT"
[1] "chr9:123450749:123452276:clu_64940_-:ENSG00000119522.17"
Harmonising fat_distr (fat_distr) and Outcome (Outcome)
Harmonising fat_distr (fat_distr) and Outcome (Outcome)
[1] 443
[1] 443
  iteration traits posterior_prob regional_prob candidate_snp
1         1   None             NA        0.0072            NA
  posterior_explained_by_snp dropped_trait  lead_snp
1                         NA      iradjbmi rs2479106
[1] "SPLICING EVENT"
[1] "chr9:123452347:123454739:clu_64941_-:ENSG00000119522.17"
Harmonising fat_distr (fat_distr) and Outcome (Outcome)
Harmonising fat_distr (fat_distr) and Outcome (Outcome)
[1] 443
[1] 443
  iteration traits posterior_prob regional_prob candidate_snp
1         1   None             NA        0.0155            NA
  posterior_explained_by_snp dropped_trait  lead_snp
1                         NA      iradjbmi rs2479106
[1] "SPLICING EVENT"
[1] "chr9:123557695:123583169:clu_64942_-:ENSG00000119522.17"
Harmonising fat_distr (fat_distr) and Outcome (Outcome)
Harmonising fat_distr (fat_distr) and Outcome (Outcome)
[1] 443
[1] 443
  iteration traits posterior_prob regional_prob candidate_snp
1         1   None             NA        0.0783            NA
  posterior_explained_by_snp dropped_trait  lead_snp
1                         NA      iradjbmi rs2479106
[1] "SPLICING EVENT"
[1] "chr9:123569595:123583169:clu_64942_-:ENSG00000119522.17"
Harmonising fat_distr (fat_distr) and Outcome (Outcome)
Harmonising fat_distr (fat_distr) and Outcome (Outcome)
[1] 443
[1] 443
  iteration traits posterior_prob regional_prob candidate_snp
1         1   None             NA        0.0708            NA
  posterior_explained_by_snp dropped_trait  lead_snp
1                         NA      iradjbmi rs2479106
[1] "SPLICING EVENT"
[1] "chr9:123583270:123609436:clu_64943_-:ENSG00000119522.17"
Harmonising fat_distr (fat_distr) and Outcome (Outcome)
Harmonising fat_distr (fat_distr) and Outcome (Outcome)
[1] 443
[1] 443
  iteration traits posterior_prob regional_prob candidate_snp
1         1   None             NA        0.0073            NA
  posterior_explained_by_snp dropped_trait  lead_snp
1                         NA      iradjbmi rs2479106
[1] "SPLICING EVENT"
[1] "chr9:123609481:123630376:clu_64943_-:ENSG00000119522.17"
Harmonising fat_distr (fat_distr) and Outcome (Outcome)
Harmonising fat_distr (fat_distr) and Outcome (Outcome)
[1] 443
[1] 443
  iteration traits posterior_prob regional_prob candidate_snp
1         1   None             NA         0.007            NA
  posterior_explained_by_snp dropped_trait  lead_snp
1                         NA      iradjbmi rs2479106
[1] "SPLICING EVENT"
[1] "chr9:123652123:123667026:clu_64944_-:ENSG00000119522.17"
Harmonising fat_distr (fat_distr) and Outcome (Outcome)
Harmonising fat_distr (fat_distr) and Outcome (Outcome)
[1] 443
[1] 443
  iteration traits posterior_prob regional_prob candidate_snp
1         1   None             NA        0.0072            NA
  posterior_explained_by_snp dropped_trait  lead_snp
1                         NA      iradjbmi rs2479106
[1] "SPLICING EVENT"
[1] "chr9:123676789:123757703:clu_64945_-:ENSG00000119522.17"
Harmonising fat_distr (fat_distr) and Outcome (Outcome)
Harmonising fat_distr (fat_distr) and Outcome (Outcome)
[1] 443
[1] 443
  iteration traits posterior_prob regional_prob candidate_snp
1         1   None             NA        0.0097            NA
  posterior_explained_by_snp dropped_trait  lead_snp
1                         NA      iradjbmi rs2479106
[1] "SPLICING EVENT"
[1] "chr9:123757822:123769514:clu_64946_-:ENSG00000119522.17"
Harmonising fat_distr (fat_distr) and Outcome (Outcome)
Harmonising fat_distr (fat_distr) and Outcome (Outcome)
[1] 443
[1] 443
  iteration traits posterior_prob regional_prob candidate_snp
1         1   None             NA        0.1069            NA
  posterior_explained_by_snp dropped_trait  lead_snp
1                         NA      iradjbmi rs2479106
[1] "SPLICING EVENT"
[1] "chr9:123757822:123792587:clu_64946_-:ENSG00000119522.17"
Harmonising fat_distr (fat_distr) and Outcome (Outcome)
Harmonising fat_distr (fat_distr) and Outcome (Outcome)
[1] 443
[1] 443
  iteration traits posterior_prob regional_prob candidate_snp
1         1   None             NA        0.4177            NA
  posterior_explained_by_snp
1                         NA
                                            dropped_trait  lead_snp
1 chr9:123757822:123792587:clu_64946_-:ENSG00000119522.17 rs2479106
[1] "SPLICING EVENT"
[1] "chr9:123769563:123792587:clu_64946_-:ENSG00000119522.17"
Harmonising fat_distr (fat_distr) and Outcome (Outcome)
Harmonising fat_distr (fat_distr) and Outcome (Outcome)
[1] 443
[1] 443
  iteration traits posterior_prob regional_prob candidate_snp
1         1   None             NA        0.0068            NA
  posterior_explained_by_snp dropped_trait  lead_snp
1                         NA      iradjbmi rs2479106
[1] "LEAD INDEX"
[1] 8
[1] "SPLICING EVENT"
[1] "chr9:1050482:1051570:clu_65489_+:ENSG00000173253.16"
Harmonising fat_distr (fat_distr) and Outcome (Outcome)
Harmonising fat_distr (fat_distr) and Outcome (Outcome)
[1] 815
[1] 815
  iteration traits posterior_prob regional_prob candidate_snp
1         1   None             NA        0.0094            NA
  posterior_explained_by_snp dropped_trait  lead_snp
1                         NA      iradjbmi rs2175055
[1] "SPLICING EVENT"
[1] "chr9:1050775:1051570:clu_65489_+:ENSG00000173253.16"
Harmonising fat_distr (fat_distr) and Outcome (Outcome)
Harmonising fat_distr (fat_distr) and Outcome (Outcome)
[1] 815
[1] 815
  iteration traits posterior_prob regional_prob candidate_snp
1         1   None             NA        0.4502            NA
  posterior_explained_by_snp dropped_trait  lead_snp
1                         NA      iradjbmi rs2175055
[1] "SPLICING EVENT"
[1] "chr9:1053824:1055722:clu_65491_+:ENSG00000173253.16"
Harmonising fat_distr (fat_distr) and Outcome (Outcome)
Harmonising fat_distr (fat_distr) and Outcome (Outcome)
[1] 815
[1] 815
  iteration traits posterior_prob regional_prob candidate_snp
1         1   None             NA        0.0068            NA
  posterior_explained_by_snp dropped_trait  lead_snp
1                         NA      iradjbmi rs2175055
[1] "SPLICING EVENT"
[1] "chr9:1053824:1056216:clu_65491_+:ENSG00000173253.16"
Harmonising fat_distr (fat_distr) and Outcome (Outcome)
Harmonising fat_distr (fat_distr) and Outcome (Outcome)
[1] 815
[1] 815
  iteration traits posterior_prob regional_prob candidate_snp
1         1   None             NA        0.0094            NA
  posterior_explained_by_snp dropped_trait  lead_snp
1                         NA      iradjbmi rs2175055
[1] "SPLICING EVENT"
[1] "chr9:1055799:1056216:clu_65491_+:ENSG00000173253.16"
Harmonising fat_distr (fat_distr) and Outcome (Outcome)
Harmonising fat_distr (fat_distr) and Outcome (Outcome)
[1] 815
[1] 815
  iteration traits posterior_prob regional_prob candidate_snp
1         1   None             NA        0.0068            NA
  posterior_explained_by_snp dropped_trait  lead_snp
1                         NA      iradjbmi rs2175055
[1] "LEAD INDEX"
[1] 9
[1] "LEAD INDEX"
[1] 10
[1] "SPLICING EVENT"
[1] "chr9:92326105:92332170:clu_66047_+:ENSG00000188312.14"
Harmonising fat_distr (fat_distr) and Outcome (Outcome)
Removing the following SNPs for incompatible alleles:
chr9:92420825
Harmonising fat_distr (fat_distr) and Outcome (Outcome)
[1] 408
[1] 408
  iteration traits posterior_prob regional_prob candidate_snp
1         1   None             NA         0.005            NA
  posterior_explained_by_snp dropped_trait  lead_snp
1                         NA      iradjbmi rs7855203
[1] "SPLICING EVENT"
[1] "chr9:92332351:92337541:clu_66047_+:ENSG00000188312.14"
Harmonising fat_distr (fat_distr) and Outcome (Outcome)
Removing the following SNPs for incompatible alleles:
chr9:92420825
Harmonising fat_distr (fat_distr) and Outcome (Outcome)
[1] 408
[1] 408
  iteration traits posterior_prob regional_prob candidate_snp
1         1   None             NA        0.0054            NA
  posterior_explained_by_snp dropped_trait  lead_snp
1                         NA      iradjbmi rs7855203
[1] "SPLICING EVENT"
[1] "chr9:92337629:92345699:clu_66047_+:ENSG00000188312.14"
Harmonising fat_distr (fat_distr) and Outcome (Outcome)
Removing the following SNPs for incompatible alleles:
chr9:92420825
Harmonising fat_distr (fat_distr) and Outcome (Outcome)
[1] 408
[1] 408
  iteration traits posterior_prob regional_prob candidate_snp
1         1   None             NA        0.0077            NA
  posterior_explained_by_snp dropped_trait  lead_snp
1                         NA      iradjbmi rs7855203
[1] "SPLICING EVENT"
[1] "chr9:92345787:92379763:clu_66047_+:ENSG00000188312.14"
Harmonising fat_distr (fat_distr) and Outcome (Outcome)
Removing the following SNPs for incompatible alleles:
chr9:92420825
Harmonising fat_distr (fat_distr) and Outcome (Outcome)
[1] 408
[1] 408
  iteration traits posterior_prob regional_prob candidate_snp
1         1   None             NA        0.0053            NA
  posterior_explained_by_snp dropped_trait  lead_snp
1                         NA      iradjbmi rs7855203
[1] "SPLICING EVENT"
[1] "chr9:92379859:92611314:clu_66048_+:ENSG00000188312.14"
Harmonising fat_distr (fat_distr) and Outcome (Outcome)
Removing the following SNPs for incompatible alleles:
chr9:92420825
Harmonising fat_distr (fat_distr) and Outcome (Outcome)
[1] 408
[1] 408
  iteration traits posterior_prob regional_prob candidate_snp
1         1   None             NA        0.0057            NA
  posterior_explained_by_snp dropped_trait  lead_snp
1                         NA      iradjbmi rs7855203
[1] "SPLICING EVENT"
[1] "chr9:92600508:92611314:clu_66048_+:ENSG00000188312.14"
Harmonising fat_distr (fat_distr) and Outcome (Outcome)
Removing the following SNPs for incompatible alleles:
chr9:92420825
Harmonising fat_distr (fat_distr) and Outcome (Outcome)
[1] 408
[1] 408
  iteration traits posterior_prob regional_prob candidate_snp
1         1   None             NA        0.0078            NA
  posterior_explained_by_snp dropped_trait  lead_snp
1                         NA      iradjbmi rs7855203
[1] "SPLICING EVENT"
[1] "chr9:92611393:92612523:clu_66049_+:ENSG00000188312.14"
Harmonising fat_distr (fat_distr) and Outcome (Outcome)
Removing the following SNPs for incompatible alleles:
chr9:92420825
Harmonising fat_distr (fat_distr) and Outcome (Outcome)
[1] 408
[1] 408
  iteration traits posterior_prob regional_prob candidate_snp
1         1   None             NA        0.0061            NA
  posterior_explained_by_snp dropped_trait  lead_snp
1                         NA      iradjbmi rs7855203
[1] "SPLICING EVENT"
[1] "chr9:92612614:92613019:clu_66049_+:ENSG00000188312.14"
Harmonising fat_distr (fat_distr) and Outcome (Outcome)
Removing the following SNPs for incompatible alleles:
chr9:92420825
Harmonising fat_distr (fat_distr) and Outcome (Outcome)
[1] 408
[1] 408
  iteration traits posterior_prob regional_prob candidate_snp
1         1   None             NA        0.0073            NA
  posterior_explained_by_snp dropped_trait  lead_snp
1                         NA      iradjbmi rs7855203
[1] "SPLICING EVENT"
[1] "chr9:92635246:92638001:clu_64572_-:ENSG00000127080.10"
Harmonising fat_distr (fat_distr) and Outcome (Outcome)
Removing the following SNPs for incompatible alleles:
chr9:92420825
Harmonising fat_distr (fat_distr) and Outcome (Outcome)
[1] 408
[1] 408
  iteration traits posterior_prob regional_prob candidate_snp
1         1   None             NA        0.0072            NA
  posterior_explained_by_snp dropped_trait  lead_snp
1                         NA      iradjbmi rs7855203
[1] "SPLICING EVENT"
[1] "chr9:92635308:92638001:clu_64572_-:ENSG00000127080.10"
Harmonising fat_distr (fat_distr) and Outcome (Outcome)
Removing the following SNPs for incompatible alleles:
chr9:92420825
Harmonising fat_distr (fat_distr) and Outcome (Outcome)
[1] 408
[1] 408
  iteration traits posterior_prob regional_prob candidate_snp
1         1   None             NA        0.0083            NA
  posterior_explained_by_snp dropped_trait  lead_snp
1                         NA      iradjbmi rs7855203
[1] "SPLICING EVENT"
[1] "chr9:92648148:92649453:clu_64573_-:ENSG00000127080.10"
Harmonising fat_distr (fat_distr) and Outcome (Outcome)
Removing the following SNPs for incompatible alleles:
chr9:92420825
Harmonising fat_distr (fat_distr) and Outcome (Outcome)
[1] 408
[1] 408
  iteration traits posterior_prob regional_prob candidate_snp
1         1   None             NA        0.0118            NA
  posterior_explained_by_snp dropped_trait  lead_snp
1                         NA      iradjbmi rs7855203
[1] "SPLICING EVENT"
[1] "chr9:92649574:92652573:clu_64573_-:ENSG00000127080.10"
Harmonising fat_distr (fat_distr) and Outcome (Outcome)
Removing the following SNPs for incompatible alleles:
chr9:92420825
Harmonising fat_distr (fat_distr) and Outcome (Outcome)
[1] 408
[1] 408
  iteration traits posterior_prob regional_prob candidate_snp
1         1   None             NA        0.0081            NA
  posterior_explained_by_snp dropped_trait  lead_snp
1                         NA      iradjbmi rs7855203
[1] "LEAD INDEX"
[1] 11
[1] "LEAD INDEX"
[1] 12
[1] "CHROMOSOME"
[1] 10
[1] "LEAD INDEX"
[1] 1
[1] "LEAD INDEX"
[1] 2
[1] "LEAD INDEX"
[1] 3
[1] "SPLICING EVENT"
[1] "chr10:59652950:59653675:clu_7357_-:ENSG00000165449.12"
Harmonising fat_distr (fat_distr) and Outcome (Outcome)
Harmonising fat_distr (fat_distr) and Outcome (Outcome)
[1] 514
[1] 514
  iteration                                                          traits
1         1 iradjbmi, chr10:59652950:59653675:clu_7357_-:ENSG00000165449.12
  posterior_prob regional_prob candidate_snp posterior_explained_by_snp
1         0.9912         0.998    rs12356193                     0.9997
  dropped_trait   lead_snp
1            NA rs12356193
[1] "SPLICING EVENT"
[1] "chr10:59654589:59664227:clu_7357_-:ENSG00000165449.12"
Harmonising fat_distr (fat_distr) and Outcome (Outcome)
Harmonising fat_distr (fat_distr) and Outcome (Outcome)
[1] 514
[1] 514
  iteration traits posterior_prob regional_prob candidate_snp
1         1   None             NA        0.0602            NA
  posterior_explained_by_snp dropped_trait   lead_snp
1                         NA      iradjbmi rs12356193
[1] "SPLICING EVENT"
[1] "chr10:59664322:59672770:clu_7357_-:ENSG00000165449.12"
Harmonising fat_distr (fat_distr) and Outcome (Outcome)
Harmonising fat_distr (fat_distr) and Outcome (Outcome)
[1] 514
[1] 514
  iteration traits posterior_prob regional_prob candidate_snp
1         1   None             NA        0.0276            NA
  posterior_explained_by_snp dropped_trait   lead_snp
1                         NA      iradjbmi rs12356193
[1] "SPLICING EVENT"
[1] "chr10:59672913:59684096:clu_7357_-:ENSG00000165449.12"
Harmonising fat_distr (fat_distr) and Outcome (Outcome)
Harmonising fat_distr (fat_distr) and Outcome (Outcome)
[1] 514
[1] 514
  iteration traits posterior_prob regional_prob candidate_snp
1         1   None             NA        0.0134            NA
  posterior_explained_by_snp dropped_trait   lead_snp
1                         NA      iradjbmi rs12356193
[1] "LEAD INDEX"
[1] 4
[1] "LEAD INDEX"
[1] 5
[1] "LEAD INDEX"
[1] 6
[1] "LEAD INDEX"
[1] 7
[1] "LEAD INDEX"
[1] 8
[1] "LEAD INDEX"
[1] 9
[1] "SPLICING EVENT"
[1] "chr10:112148300:112155864:clu_7973_-:ENSG00000119927.14"
Harmonising fat_distr (fat_distr) and Outcome (Outcome)
Harmonising fat_distr (fat_distr) and Outcome (Outcome)
[1] 441
[1] 441
  iteration traits posterior_prob regional_prob candidate_snp
1         1   None             NA             1            NA
  posterior_explained_by_snp dropped_trait  lead_snp
1                         NA      iradjbmi rs4573621
[1] "SPLICING EVENT"
[1] "chr10:112153497:112154629:clu_7973_-:ENSG00000119927.14"
Harmonising fat_distr (fat_distr) and Outcome (Outcome)
Harmonising fat_distr (fat_distr) and Outcome (Outcome)
[1] 441
[1] 441
  iteration traits posterior_prob regional_prob candidate_snp
1         1   None             NA        0.1144            NA
  posterior_explained_by_snp dropped_trait  lead_snp
1                         NA      iradjbmi rs4573621
[1] "SPLICING EVENT"
[1] "chr10:112153666:112154629:clu_7973_-:ENSG00000119927.14"
Harmonising fat_distr (fat_distr) and Outcome (Outcome)
Harmonising fat_distr (fat_distr) and Outcome (Outcome)
[1] 441
[1] 441
  iteration traits posterior_prob regional_prob candidate_snp
1         1   None             NA        0.9984            NA
  posterior_explained_by_snp
1                         NA
                                            dropped_trait  lead_snp
1 chr10:112153666:112154629:clu_7973_-:ENSG00000119927.14 rs4573621
[1] "SPLICING EVENT"
[1] "chr10:112153666:112155864:clu_7973_-:ENSG00000119927.14"
Harmonising fat_distr (fat_distr) and Outcome (Outcome)
Harmonising fat_distr (fat_distr) and Outcome (Outcome)
[1] 441
[1] 441
  iteration traits posterior_prob regional_prob candidate_snp
1         1   None             NA        0.0057            NA
  posterior_explained_by_snp dropped_trait  lead_snp
1                         NA      iradjbmi rs4573621
[1] "SPLICING EVENT"
[1] "chr10:112154687:112155864:clu_7973_-:ENSG00000119927.14"
Harmonising fat_distr (fat_distr) and Outcome (Outcome)
Harmonising fat_distr (fat_distr) and Outcome (Outcome)
[1] 441
[1] 441
  iteration traits posterior_prob regional_prob candidate_snp
1         1   None             NA        0.0112            NA
  posterior_explained_by_snp dropped_trait  lead_snp
1                         NA      iradjbmi rs4573621
[1] "SPLICING EVENT"
[1] "chr10:112160053:112160315:clu_7975_-:ENSG00000119927.14"
Harmonising fat_distr (fat_distr) and Outcome (Outcome)
Harmonising fat_distr (fat_distr) and Outcome (Outcome)
[1] 441
[1] 441
  iteration traits posterior_prob regional_prob candidate_snp
1         1   None             NA        0.0077            NA
  posterior_explained_by_snp dropped_trait  lead_snp
1                         NA      iradjbmi rs4573621
[1] "SPLICING EVENT"
[1] "chr10:112160053:112160604:clu_7975_-:ENSG00000119927.14"
Harmonising fat_distr (fat_distr) and Outcome (Outcome)
Harmonising fat_distr (fat_distr) and Outcome (Outcome)
[1] 441
[1] 441
  iteration traits posterior_prob regional_prob candidate_snp
1         1   None             NA        0.0077            NA
  posterior_explained_by_snp dropped_trait  lead_snp
1                         NA      iradjbmi rs4573621
[1] "SPLICING EVENT"
[1] "chr10:112160384:112160604:clu_7975_-:ENSG00000119927.14"
Harmonising fat_distr (fat_distr) and Outcome (Outcome)
Harmonising fat_distr (fat_distr) and Outcome (Outcome)
[1] 441
[1] 441
  iteration traits posterior_prob regional_prob candidate_snp
1         1   None             NA        0.0061            NA
  posterior_explained_by_snp dropped_trait  lead_snp
1                         NA      iradjbmi rs4573621
[1] "SPLICING EVENT"
[1] "chr10:112160868:112161667:clu_7976_-:ENSG00000119927.14"
Harmonising fat_distr (fat_distr) and Outcome (Outcome)
Harmonising fat_distr (fat_distr) and Outcome (Outcome)
[1] 441
[1] 441
  iteration traits posterior_prob regional_prob candidate_snp
1         1   None             NA        0.0149            NA
  posterior_explained_by_snp dropped_trait  lead_snp
1                         NA      iradjbmi rs4573621
[1] "SPLICING EVENT"
[1] "chr10:112160868:112163701:clu_7976_-:ENSG00000119927.14"
Harmonising fat_distr (fat_distr) and Outcome (Outcome)
Harmonising fat_distr (fat_distr) and Outcome (Outcome)
[1] 441
[1] 441
  iteration traits posterior_prob regional_prob candidate_snp
1         1   None             NA         0.016            NA
  posterior_explained_by_snp dropped_trait  lead_snp
1                         NA      iradjbmi rs4573621
[1] "SPLICING EVENT"
[1] "chr10:112161737:112163701:clu_7976_-:ENSG00000119927.14"
Harmonising fat_distr (fat_distr) and Outcome (Outcome)
Harmonising fat_distr (fat_distr) and Outcome (Outcome)
[1] 441
[1] 441
  iteration traits posterior_prob regional_prob candidate_snp
1         1   None             NA        0.0163            NA
  posterior_explained_by_snp dropped_trait  lead_snp
1                         NA      iradjbmi rs4573621
[1] "SPLICING EVENT"
[1] "chr10:112182891:112183693:clu_7974_-:ENSG00000119927.14"
Harmonising fat_distr (fat_distr) and Outcome (Outcome)
Harmonising fat_distr (fat_distr) and Outcome (Outcome)
[1] 441
[1] 441
  iteration traits posterior_prob regional_prob candidate_snp
1         1   None             NA        0.0102            NA
  posterior_explained_by_snp dropped_trait  lead_snp
1                         NA      iradjbmi rs4573621
[1] "SPLICING EVENT"
[1] "chr10:112182891:112214319:clu_7974_-:ENSG00000119927.14"
Harmonising fat_distr (fat_distr) and Outcome (Outcome)
Harmonising fat_distr (fat_distr) and Outcome (Outcome)
[1] 441
[1] 441
  iteration traits posterior_prob regional_prob candidate_snp
1         1   None             NA        0.0107            NA
  posterior_explained_by_snp dropped_trait  lead_snp
1                         NA      iradjbmi rs4573621
[1] "SPLICING EVENT"
[1] "chr10:112182891:112215168:clu_7974_-:ENSG00000119927.14"
Harmonising fat_distr (fat_distr) and Outcome (Outcome)
Harmonising fat_distr (fat_distr) and Outcome (Outcome)
[1] 441
[1] 441
  iteration traits posterior_prob regional_prob candidate_snp
1         1   None             NA        0.0106            NA
  posterior_explained_by_snp dropped_trait  lead_snp
1                         NA      iradjbmi rs4573621
[1] "SPLICING EVENT"
[1] "chr10:112182891:112216823:clu_7974_-:ENSG00000119927.14"
Harmonising fat_distr (fat_distr) and Outcome (Outcome)
Harmonising fat_distr (fat_distr) and Outcome (Outcome)
[1] 441
[1] 441
  iteration traits posterior_prob regional_prob candidate_snp
1         1   None             NA        0.0063            NA
  posterior_explained_by_snp dropped_trait  lead_snp
1                         NA      iradjbmi rs4573621
[1] "SPLICING EVENT"
[1] "chr10:112214415:112215168:clu_7974_-:ENSG00000119927.14"
Harmonising fat_distr (fat_distr) and Outcome (Outcome)
Harmonising fat_distr (fat_distr) and Outcome (Outcome)
[1] 441
[1] 441
  iteration traits posterior_prob regional_prob candidate_snp
1         1   None             NA        0.0082            NA
  posterior_explained_by_snp dropped_trait  lead_snp
1                         NA      iradjbmi rs4573621
[1] "LEAD INDEX"
[1] 10
[1] "LEAD INDEX"
[1] 11
[1] "CHROMOSOME"
[1] 11
[1] "LEAD INDEX"
[1] 1
[1] "SPLICING EVENT"
[1] "chr11:10593599:10594146:clu_9903_-:ENSG00000072952.20"
Harmonising fat_distr (fat_distr) and Outcome (Outcome)
Harmonising fat_distr (fat_distr) and Outcome (Outcome)
[1] 564
[1] 564
  iteration traits posterior_prob regional_prob candidate_snp
1         1   None             NA        0.0078            NA
  posterior_explained_by_snp dropped_trait  lead_snp
1                         NA      iradjbmi rs4909945
[1] "SPLICING EVENT"
[1] "chr11:10593599:10600918:clu_9903_-:ENSG00000072952.20"
Harmonising fat_distr (fat_distr) and Outcome (Outcome)
Harmonising fat_distr (fat_distr) and Outcome (Outcome)
[1] 564
[1] 564
  iteration traits posterior_prob regional_prob candidate_snp
1         1   None             NA        0.0078            NA
  posterior_explained_by_snp dropped_trait  lead_snp
1                         NA      iradjbmi rs4909945
[1] "SPLICING EVENT"
[1] "chr11:10594192:10600918:clu_9903_-:ENSG00000072952.20"
Harmonising fat_distr (fat_distr) and Outcome (Outcome)
Harmonising fat_distr (fat_distr) and Outcome (Outcome)
[1] 564
[1] 564
  iteration traits posterior_prob regional_prob candidate_snp
1         1   None             NA        0.0128            NA
  posterior_explained_by_snp dropped_trait  lead_snp
1                         NA      iradjbmi rs4909945
[1] "SPLICING EVENT"
[1] "chr11:10594195:10600918:clu_9903_-:ENSG00000072952.20"
Harmonising fat_distr (fat_distr) and Outcome (Outcome)
Harmonising fat_distr (fat_distr) and Outcome (Outcome)
[1] 564
[1] 564
  iteration traits posterior_prob regional_prob candidate_snp
1         1   None             NA        0.0076            NA
  posterior_explained_by_snp dropped_trait  lead_snp
1                         NA      iradjbmi rs4909945
[1] "SPLICING EVENT"
[1] "chr11:10609851:10617041:clu_9904_-:ENSG00000072952.20"
Harmonising fat_distr (fat_distr) and Outcome (Outcome)
Harmonising fat_distr (fat_distr) and Outcome (Outcome)
[1] 564
[1] 564
  iteration traits posterior_prob regional_prob candidate_snp
1         1   None             NA        0.0095            NA
  posterior_explained_by_snp dropped_trait  lead_snp
1                         NA      iradjbmi rs4909945
[1] "SPLICING EVENT"
[1] "chr11:10609851:10623778:clu_9904_-:ENSG00000072952.20"
Harmonising fat_distr (fat_distr) and Outcome (Outcome)
Harmonising fat_distr (fat_distr) and Outcome (Outcome)
[1] 564
[1] 564
  iteration traits posterior_prob regional_prob candidate_snp
1         1   None             NA        0.0072            NA
  posterior_explained_by_snp dropped_trait  lead_snp
1                         NA      iradjbmi rs4909945
[1] "SPLICING EVENT"
[1] "chr11:10617203:10623778:clu_9904_-:ENSG00000072952.20"
Harmonising fat_distr (fat_distr) and Outcome (Outcome)
Harmonising fat_distr (fat_distr) and Outcome (Outcome)
[1] 564
[1] 564
  iteration traits posterior_prob regional_prob candidate_snp
1         1   None             NA        0.0094            NA
  posterior_explained_by_snp dropped_trait  lead_snp
1                         NA      iradjbmi rs4909945
[1] "SPLICING EVENT"
[1] "chr11:10627760:10627973:clu_9905_-:ENSG00000072952.20"
Harmonising fat_distr (fat_distr) and Outcome (Outcome)
Harmonising fat_distr (fat_distr) and Outcome (Outcome)
[1] 564
[1] 564
  iteration traits posterior_prob regional_prob candidate_snp
1         1   None             NA          0.01            NA
  posterior_explained_by_snp dropped_trait  lead_snp
1                         NA      iradjbmi rs4909945
[1] "SPLICING EVENT"
[1] "chr11:10627763:10627973:clu_9905_-:ENSG00000072952.20"
Harmonising fat_distr (fat_distr) and Outcome (Outcome)
Harmonising fat_distr (fat_distr) and Outcome (Outcome)
[1] 564
[1] 564
  iteration traits posterior_prob regional_prob candidate_snp
1         1   None             NA        0.0092            NA
  posterior_explained_by_snp dropped_trait  lead_snp
1                         NA      iradjbmi rs4909945
[1] "SPLICING EVENT"
[1] "chr11:10634071:10652025:clu_9906_-:ENSG00000072952.20"
Harmonising fat_distr (fat_distr) and Outcome (Outcome)
Harmonising fat_distr (fat_distr) and Outcome (Outcome)
[1] 564
[1] 564
  iteration                                                          traits
1         1 iradjbmi, chr11:10634071:10652025:clu_9906_-:ENSG00000072952.20
  posterior_prob regional_prob candidate_snp posterior_explained_by_snp
1          0.774        0.9897    rs11042902                          1
  dropped_trait  lead_snp
1            NA rs4909945
[1] "SPLICING EVENT"
[1] "chr11:10634071:10687509:clu_9906_-:ENSG00000072952.20"
Harmonising fat_distr (fat_distr) and Outcome (Outcome)
Harmonising fat_distr (fat_distr) and Outcome (Outcome)
[1] 564
[1] 564
  iteration                                                          traits
1         1 iradjbmi, chr11:10634071:10687509:clu_9906_-:ENSG00000072952.20
  posterior_prob regional_prob candidate_snp posterior_explained_by_snp
1         0.9873        0.9995    rs10840457                     0.5287
  dropped_trait  lead_snp
1            NA rs4909945
[1] "SPLICING EVENT"
[1] "chr11:10652182:10687509:clu_9906_-:ENSG00000072952.20"
Harmonising fat_distr (fat_distr) and Outcome (Outcome)
Harmonising fat_distr (fat_distr) and Outcome (Outcome)
[1] 564
[1] 564
  iteration traits posterior_prob regional_prob candidate_snp
1         1   None             NA         1e-04            NA
  posterior_explained_by_snp
1                         NA
                                          dropped_trait  lead_snp
1 chr11:10652182:10687509:clu_9906_-:ENSG00000072952.20 rs4909945
[1] "SPLICING EVENT"
[1] "chr11:10652182:10690265:clu_9906_-:ENSG00000072952.20"
Harmonising fat_distr (fat_distr) and Outcome (Outcome)
Harmonising fat_distr (fat_distr) and Outcome (Outcome)
[1] 564
[1] 564
  iteration traits posterior_prob regional_prob candidate_snp
1         1   None             NA         1e-04            NA
  posterior_explained_by_snp
1                         NA
                                          dropped_trait  lead_snp
1 chr11:10652182:10690265:clu_9906_-:ENSG00000072952.20 rs4909945
[1] "SPLICING EVENT"
[1] "chr11:10690369:10693462:clu_9907_-:ENSG00000072952.20"
Harmonising fat_distr (fat_distr) and Outcome (Outcome)
Harmonising fat_distr (fat_distr) and Outcome (Outcome)
[1] 564
[1] 564
  iteration traits posterior_prob regional_prob candidate_snp
1         1   None             NA         1e-04            NA
  posterior_explained_by_snp
1                         NA
                                          dropped_trait  lead_snp
1 chr11:10690369:10693462:clu_9907_-:ENSG00000072952.20 rs4909945
[1] "SPLICING EVENT"
[1] "chr11:10690369:10693536:clu_9907_-:ENSG00000072952.20"
Harmonising fat_distr (fat_distr) and Outcome (Outcome)
Harmonising fat_distr (fat_distr) and Outcome (Outcome)
[1] 564
[1] 564
  iteration traits posterior_prob regional_prob candidate_snp
1         1   None             NA         1e-04            NA
  posterior_explained_by_snp
1                         NA
                                          dropped_trait  lead_snp
1 chr11:10690369:10693536:clu_9907_-:ENSG00000072952.20 rs4909945
[1] "LEAD INDEX"
[1] 2
[1] "SPLICING EVENT"
[1] "chr11:13963142:13982847:clu_11769_+:ENSG00000262655.4"
Harmonising fat_distr (fat_distr) and Outcome (Outcome)
Harmonising fat_distr (fat_distr) and Outcome (Outcome)
[1] 388
[1] 388
  iteration traits posterior_prob regional_prob candidate_snp
1         1   None             NA         0.015            NA
  posterior_explained_by_snp dropped_trait  lead_snp
1                         NA      iradjbmi rs2303975
[1] "SPLICING EVENT"
[1] "chr11:14080021:14135420:clu_11770_+:ENSG00000262655.4"
Harmonising fat_distr (fat_distr) and Outcome (Outcome)
Harmonising fat_distr (fat_distr) and Outcome (Outcome)
[1] 388
[1] 388
  iteration traits posterior_prob regional_prob candidate_snp
1         1   None             NA        0.0247            NA
  posterior_explained_by_snp dropped_trait  lead_snp
1                         NA      iradjbmi rs2303975
[1] "SPLICING EVENT"
[1] "chr11:14256692:14257716:clu_11772_+:ENSG00000262655.4"
Harmonising fat_distr (fat_distr) and Outcome (Outcome)
Harmonising fat_distr (fat_distr) and Outcome (Outcome)
[1] 388
[1] 388
  iteration traits posterior_prob regional_prob candidate_snp
1         1   None             NA        0.0093            NA
  posterior_explained_by_snp dropped_trait  lead_snp
1                         NA      iradjbmi rs2303975
[1] "SPLICING EVENT"
[1] "chr11:14260752:14262712:clu_11773_+:ENSG00000262655.4"
Harmonising fat_distr (fat_distr) and Outcome (Outcome)
Harmonising fat_distr (fat_distr) and Outcome (Outcome)
[1] 388
[1] 388
  iteration                                                          traits
1         1 iradjbmi, chr11:14260752:14262712:clu_11773_+:ENSG00000262655.4
  posterior_prob regional_prob candidate_snp posterior_explained_by_snp
1         0.9809        0.9997    rs11023182                     0.3967
  dropped_trait  lead_snp
1            NA rs2303975
[1] "LEAD INDEX"
[1] 3
[1] "LEAD INDEX"
[1] 4
[1] "LEAD INDEX"
[1] 5
[1] "LEAD INDEX"
[1] 6
[1] "SPLICING EVENT"
[1] "chr11:117328208:117335605:clu_13133_+:ENSG00000110274.16"
Harmonising fat_distr (fat_distr) and Outcome (Outcome)
Harmonising fat_distr (fat_distr) and Outcome (Outcome)
[1] 337
[1] 337
  iteration traits posterior_prob regional_prob candidate_snp
1         1   None             NA        0.0119            NA
  posterior_explained_by_snp dropped_trait lead_snp
1                         NA      iradjbmi rs593245
[1] "SPLICING EVENT"
[1] "chr11:117328208:117338566:clu_13133_+:ENSG00000110274.16"
Harmonising fat_distr (fat_distr) and Outcome (Outcome)
Harmonising fat_distr (fat_distr) and Outcome (Outcome)
[1] 337
[1] 337
  iteration traits posterior_prob regional_prob candidate_snp
1         1   None             NA        0.0358            NA
  posterior_explained_by_snp dropped_trait lead_snp
1                         NA      iradjbmi rs593245
[1] "SPLICING EVENT"
[1] "chr11:117335680:117338566:clu_13133_+:ENSG00000110274.16"
Harmonising fat_distr (fat_distr) and Outcome (Outcome)
Harmonising fat_distr (fat_distr) and Outcome (Outcome)
[1] 337
[1] 337
  iteration traits posterior_prob regional_prob candidate_snp
1         1   None             NA        0.0089            NA
  posterior_explained_by_snp dropped_trait lead_snp
1                         NA      iradjbmi rs593245
[1] "SPLICING EVENT"
[1] "chr11:117338668:117344166:clu_13133_+:ENSG00000110274.16"
Harmonising fat_distr (fat_distr) and Outcome (Outcome)
Harmonising fat_distr (fat_distr) and Outcome (Outcome)
[1] 337
[1] 337
  iteration traits posterior_prob regional_prob candidate_snp
1         1   None             NA        0.0078            NA
  posterior_explained_by_snp dropped_trait lead_snp
1                         NA      iradjbmi rs593245
[1] "SPLICING EVENT"
[1] "chr11:117351988:117359432:clu_13134_+:ENSG00000110274.16"
Harmonising fat_distr (fat_distr) and Outcome (Outcome)
Harmonising fat_distr (fat_distr) and Outcome (Outcome)
[1] 337
[1] 337
  iteration traits posterior_prob regional_prob candidate_snp
1         1   None             NA        0.0148            NA
  posterior_explained_by_snp dropped_trait lead_snp
1                         NA      iradjbmi rs593245
[1] "SPLICING EVENT"
[1] "chr11:117351988:117361835:clu_13134_+:ENSG00000110274.16"
Harmonising fat_distr (fat_distr) and Outcome (Outcome)
Harmonising fat_distr (fat_distr) and Outcome (Outcome)
[1] 337
[1] 337
  iteration traits posterior_prob regional_prob candidate_snp
1         1   None             NA        0.0084            NA
  posterior_explained_by_snp dropped_trait lead_snp
1                         NA      iradjbmi rs593245
[1] "SPLICING EVENT"
[1] "chr11:117359560:117361835:clu_13134_+:ENSG00000110274.16"
Harmonising fat_distr (fat_distr) and Outcome (Outcome)
Harmonising fat_distr (fat_distr) and Outcome (Outcome)
[1] 337
[1] 337
  iteration traits posterior_prob regional_prob candidate_snp
1         1   None             NA        0.0077            NA
  posterior_explained_by_snp dropped_trait lead_snp
1                         NA      iradjbmi rs593245
[1] "SPLICING EVENT"
[1] "chr11:117362538:117363429:clu_13135_+:ENSG00000110274.16"
Harmonising fat_distr (fat_distr) and Outcome (Outcome)
Harmonising fat_distr (fat_distr) and Outcome (Outcome)
[1] 337
[1] 337
  iteration traits posterior_prob regional_prob candidate_snp
1         1   None             NA         0.011            NA
  posterior_explained_by_snp dropped_trait lead_snp
1                         NA      iradjbmi rs593245
[1] "SPLICING EVENT"
[1] "chr11:117362538:117371080:clu_13135_+:ENSG00000110274.16"
Harmonising fat_distr (fat_distr) and Outcome (Outcome)
Harmonising fat_distr (fat_distr) and Outcome (Outcome)
[1] 337
[1] 337
  iteration traits posterior_prob regional_prob candidate_snp
1         1   None             NA        0.0064            NA
  posterior_explained_by_snp dropped_trait lead_snp
1                         NA      iradjbmi rs593245
[1] "SPLICING EVENT"
[1] "chr11:117363506:117371080:clu_13135_+:ENSG00000110274.16"
Harmonising fat_distr (fat_distr) and Outcome (Outcome)
Harmonising fat_distr (fat_distr) and Outcome (Outcome)
[1] 337
[1] 337
  iteration traits posterior_prob regional_prob candidate_snp
1         1   None             NA        0.0139            NA
  posterior_explained_by_snp dropped_trait lead_snp
1                         NA      iradjbmi rs593245
[1] "SPLICING EVENT"
[1] "chr11:117371466:117373751:clu_13144_+:ENSG00000110274.16"
Harmonising fat_distr (fat_distr) and Outcome (Outcome)
Harmonising fat_distr (fat_distr) and Outcome (Outcome)
[1] 337
[1] 337
  iteration traits posterior_prob regional_prob candidate_snp
1         1   None             NA        0.0255            NA
  posterior_explained_by_snp dropped_trait lead_snp
1                         NA      iradjbmi rs593245
[1] "SPLICING EVENT"
[1] "chr11:117371466:117375708:clu_13144_+:ENSG00000110274.16"
Harmonising fat_distr (fat_distr) and Outcome (Outcome)
Harmonising fat_distr (fat_distr) and Outcome (Outcome)
[1] 337
[1] 337
  iteration traits posterior_prob regional_prob candidate_snp
1         1   None             NA        0.0093            NA
  posterior_explained_by_snp dropped_trait lead_snp
1                         NA      iradjbmi rs593245
[1] "SPLICING EVENT"
[1] "chr11:117373831:117375708:clu_13144_+:ENSG00000110274.16"
Harmonising fat_distr (fat_distr) and Outcome (Outcome)
Harmonising fat_distr (fat_distr) and Outcome (Outcome)
[1] 337
[1] 337
  iteration traits posterior_prob regional_prob candidate_snp
1         1   None             NA        0.0077            NA
  posterior_explained_by_snp dropped_trait lead_snp
1                         NA      iradjbmi rs593245
[1] "SPLICING EVENT"
[1] "chr11:117375791:117380614:clu_13144_+:ENSG00000110274.16"
Harmonising fat_distr (fat_distr) and Outcome (Outcome)
Harmonising fat_distr (fat_distr) and Outcome (Outcome)
[1] 337
[1] 337
  iteration traits posterior_prob regional_prob candidate_snp
1         1   None             NA        0.0181            NA
  posterior_explained_by_snp dropped_trait lead_snp
1                         NA      iradjbmi rs593245
[1] "SPLICING EVENT"
[1] "chr11:117380705:117381641:clu_13145_+:ENSG00000110274.16"
Harmonising fat_distr (fat_distr) and Outcome (Outcome)
Harmonising fat_distr (fat_distr) and Outcome (Outcome)
[1] 337
[1] 337
  iteration traits posterior_prob regional_prob candidate_snp
1         1   None             NA        0.0076            NA
  posterior_explained_by_snp dropped_trait lead_snp
1                         NA      iradjbmi rs593245
[1] "SPLICING EVENT"
[1] "chr11:117380705:117381701:clu_13145_+:ENSG00000110274.16"
Harmonising fat_distr (fat_distr) and Outcome (Outcome)
Harmonising fat_distr (fat_distr) and Outcome (Outcome)
[1] 337
[1] 337
  iteration traits posterior_prob regional_prob candidate_snp
1         1   None             NA        0.0093            NA
  posterior_explained_by_snp dropped_trait lead_snp
1                         NA      iradjbmi rs593245
[1] "SPLICING EVENT"
[1] "chr11:117380714:117381701:clu_13145_+:ENSG00000110274.16"
Harmonising fat_distr (fat_distr) and Outcome (Outcome)
Harmonising fat_distr (fat_distr) and Outcome (Outcome)
[1] 337
[1] 337
  iteration traits posterior_prob regional_prob candidate_snp
1         1   None             NA        0.0076            NA
  posterior_explained_by_snp dropped_trait lead_snp
1                         NA      iradjbmi rs593245
[1] "SPLICING EVENT"
[1] "chr11:117381868:117382796:clu_13146_+:ENSG00000110274.16"
Harmonising fat_distr (fat_distr) and Outcome (Outcome)
Harmonising fat_distr (fat_distr) and Outcome (Outcome)
[1] 337
[1] 337
  iteration traits posterior_prob regional_prob candidate_snp
1         1   None             NA        0.0077            NA
  posterior_explained_by_snp dropped_trait lead_snp
1                         NA      iradjbmi rs593245
[1] "SPLICING EVENT"
[1] "chr11:117381868:117387203:clu_13146_+:ENSG00000110274.16"
Harmonising fat_distr (fat_distr) and Outcome (Outcome)
Harmonising fat_distr (fat_distr) and Outcome (Outcome)
[1] 337
[1] 337
  iteration traits posterior_prob regional_prob candidate_snp
1         1   None             NA        0.0228            NA
  posterior_explained_by_snp dropped_trait lead_snp
1                         NA      iradjbmi rs593245
[1] "SPLICING EVENT"
[1] "chr11:117382942:117387203:clu_13146_+:ENSG00000110274.16"
Harmonising fat_distr (fat_distr) and Outcome (Outcome)
Harmonising fat_distr (fat_distr) and Outcome (Outcome)
[1] 337
[1] 337
  iteration traits posterior_prob regional_prob candidate_snp
1         1   None             NA        0.0244            NA
  posterior_explained_by_snp dropped_trait lead_snp
1                         NA      iradjbmi rs593245
[1] "SPLICING EVENT"
[1] "chr11:117387412:117390777:clu_13146_+:ENSG00000110274.16"
Harmonising fat_distr (fat_distr) and Outcome (Outcome)
Harmonising fat_distr (fat_distr) and Outcome (Outcome)
[1] 337
[1] 337
  iteration traits posterior_prob regional_prob candidate_snp
1         1   None             NA        0.0077            NA
  posterior_explained_by_snp dropped_trait lead_snp
1                         NA      iradjbmi rs593245
[1] "SPLICING EVENT"
[1] "chr11:117390908:117390999:clu_13147_+:ENSG00000110274.16"
Harmonising fat_distr (fat_distr) and Outcome (Outcome)
Harmonising fat_distr (fat_distr) and Outcome (Outcome)
[1] 337
[1] 337
  iteration traits posterior_prob regional_prob candidate_snp
1         1   None             NA        0.0139            NA
  posterior_explained_by_snp dropped_trait lead_snp
1                         NA      iradjbmi rs593245
[1] "SPLICING EVENT"
[1] "chr11:117391215:117392226:clu_13147_+:ENSG00000110274.16"
Harmonising fat_distr (fat_distr) and Outcome (Outcome)
Harmonising fat_distr (fat_distr) and Outcome (Outcome)
[1] 337
[1] 337
  iteration traits posterior_prob regional_prob candidate_snp
1         1   None             NA        0.0155            NA
  posterior_explained_by_snp dropped_trait lead_snp
1                         NA      iradjbmi rs593245
[1] "SPLICING EVENT"
[1] "chr11:117394493:117394920:clu_13148_+:ENSG00000110274.16"
Harmonising fat_distr (fat_distr) and Outcome (Outcome)
Harmonising fat_distr (fat_distr) and Outcome (Outcome)
[1] 337
[1] 337
  iteration traits posterior_prob regional_prob candidate_snp
1         1   None             NA         0.011            NA
  posterior_explained_by_snp dropped_trait lead_snp
1                         NA      iradjbmi rs593245
[1] "SPLICING EVENT"
[1] "chr11:117395003:117395123:clu_13149_+:ENSG00000110274.16"
Harmonising fat_distr (fat_distr) and Outcome (Outcome)
Harmonising fat_distr (fat_distr) and Outcome (Outcome)
[1] 337
[1] 337
  iteration traits posterior_prob regional_prob candidate_snp
1         1   None             NA        0.0096            NA
  posterior_explained_by_snp dropped_trait lead_snp
1                         NA      iradjbmi rs593245
[1] "SPLICING EVENT"
[1] "chr11:117395722:117396054:clu_13150_+:ENSG00000110274.16"
Harmonising fat_distr (fat_distr) and Outcome (Outcome)
Harmonising fat_distr (fat_distr) and Outcome (Outcome)
[1] 337
[1] 337
  iteration traits posterior_prob regional_prob candidate_snp
1         1   None             NA         0.037            NA
  posterior_explained_by_snp dropped_trait lead_snp
1                         NA      iradjbmi rs593245
[1] "SPLICING EVENT"
[1] "chr11:117395722:117396057:clu_13150_+:ENSG00000110274.16"
Harmonising fat_distr (fat_distr) and Outcome (Outcome)
Harmonising fat_distr (fat_distr) and Outcome (Outcome)
[1] 337
[1] 337
  iteration traits posterior_prob regional_prob candidate_snp
1         1   None             NA        0.0312            NA
  posterior_explained_by_snp dropped_trait lead_snp
1                         NA      iradjbmi rs593245
[1] "SPLICING EVENT"
[1] "chr11:117396180:117396550:clu_13151_+:ENSG00000110274.16"
Harmonising fat_distr (fat_distr) and Outcome (Outcome)
Harmonising fat_distr (fat_distr) and Outcome (Outcome)
[1] 337
[1] 337
  iteration traits posterior_prob regional_prob candidate_snp
1         1   None             NA        0.0077            NA
  posterior_explained_by_snp dropped_trait lead_snp
1                         NA      iradjbmi rs593245
[1] "SPLICING EVENT"
[1] "chr11:117397313:117407925:clu_13152_+:ENSG00000110274.16"
Harmonising fat_distr (fat_distr) and Outcome (Outcome)
Harmonising fat_distr (fat_distr) and Outcome (Outcome)
[1] 337
[1] 337
  iteration traits posterior_prob regional_prob candidate_snp
1         1   None             NA        0.0074            NA
  posterior_explained_by_snp dropped_trait lead_snp
1                         NA      iradjbmi rs593245
[1] "SPLICING EVENT"
[1] "chr11:117408032:117408526:clu_13153_+:ENSG00000110274.16"
Harmonising fat_distr (fat_distr) and Outcome (Outcome)
Harmonising fat_distr (fat_distr) and Outcome (Outcome)
[1] 337
[1] 337
  iteration traits posterior_prob regional_prob candidate_snp
1         1   None             NA        0.0112            NA
  posterior_explained_by_snp dropped_trait lead_snp
1                         NA      iradjbmi rs593245
[1] "SPLICING EVENT"
[1] "chr11:117408032:117408890:clu_13153_+:ENSG00000110274.16"
Harmonising fat_distr (fat_distr) and Outcome (Outcome)
Harmonising fat_distr (fat_distr) and Outcome (Outcome)
[1] 337
[1] 337
  iteration traits posterior_prob regional_prob candidate_snp
1         1   None             NA        0.0167            NA
  posterior_explained_by_snp dropped_trait lead_snp
1                         NA      iradjbmi rs593245
[1] "SPLICING EVENT"
[1] "chr11:117408755:117408890:clu_13153_+:ENSG00000110274.16"
Harmonising fat_distr (fat_distr) and Outcome (Outcome)
Harmonising fat_distr (fat_distr) and Outcome (Outcome)
[1] 337
[1] 337
  iteration traits posterior_prob regional_prob candidate_snp
1         1   None             NA        0.0077            NA
  posterior_explained_by_snp dropped_trait lead_snp
1                         NA      iradjbmi rs593245
[1] "SPLICING EVENT"
[1] "chr11:117409004:117409618:clu_13154_+:ENSG00000110274.16"
Harmonising fat_distr (fat_distr) and Outcome (Outcome)
Harmonising fat_distr (fat_distr) and Outcome (Outcome)
[1] 337
[1] 337
  iteration traits posterior_prob regional_prob candidate_snp
1         1   None             NA        0.0555            NA
  posterior_explained_by_snp dropped_trait lead_snp
1                         NA      iradjbmi rs593245
[1] "SPLICING EVENT"
[1] "chr11:117409028:117409618:clu_13154_+:ENSG00000110274.16"
Harmonising fat_distr (fat_distr) and Outcome (Outcome)
Harmonising fat_distr (fat_distr) and Outcome (Outcome)
[1] 337
[1] 337
  iteration traits posterior_prob regional_prob candidate_snp
1         1   None             NA         0.038            NA
  posterior_explained_by_snp dropped_trait lead_snp
1                         NA      iradjbmi rs593245
[1] "SPLICING EVENT"
[1] "chr11:117410894:117411298:clu_13155_+:ENSG00000110274.16"
Harmonising fat_distr (fat_distr) and Outcome (Outcome)
Harmonising fat_distr (fat_distr) and Outcome (Outcome)
[1] 337
[1] 337
  iteration traits posterior_prob regional_prob candidate_snp
1         1   None             NA        0.0054            NA
  posterior_explained_by_snp dropped_trait lead_snp
1                         NA      iradjbmi rs593245
[1] "SPLICING EVENT"
[1] "chr11:117410894:117411428:clu_13155_+:ENSG00000110274.16"
Harmonising fat_distr (fat_distr) and Outcome (Outcome)
Harmonising fat_distr (fat_distr) and Outcome (Outcome)
[1] 337
[1] 337
  iteration traits posterior_prob regional_prob candidate_snp
1         1   None             NA        0.0471            NA
  posterior_explained_by_snp dropped_trait lead_snp
1                         NA      iradjbmi rs593245
[1] "SPLICING EVENT"
[1] "chr11:117410894:117411795:clu_13155_+:ENSG00000110274.16"
Harmonising fat_distr (fat_distr) and Outcome (Outcome)
Harmonising fat_distr (fat_distr) and Outcome (Outcome)
[1] 337
[1] 337
  iteration traits posterior_prob regional_prob candidate_snp
1         1   None             NA        0.0072            NA
  posterior_explained_by_snp dropped_trait lead_snp
1                         NA      iradjbmi rs593245
[1] "LEAD INDEX"
[1] 7
[1] "LEAD INDEX"
[1] 8
[1] "LEAD INDEX"
[1] 9
[1] "LEAD INDEX"
[1] 10
[1] "SPLICING EVENT"
[1] "chr11:26639241:26641896:clu_11856_+:ENSG00000134343.14"
Harmonising fat_distr (fat_distr) and Outcome (Outcome)
Harmonising fat_distr (fat_distr) and Outcome (Outcome)
[1] 503
[1] 503
  iteration traits posterior_prob regional_prob candidate_snp
1         1   None             NA        0.0158            NA
  posterior_explained_by_snp dropped_trait   lead_snp
1                         NA      iradjbmi rs17243091
[1] "SPLICING EVENT"
[1] "chr11:26642029:26643182:clu_11856_+:ENSG00000134343.14"
Harmonising fat_distr (fat_distr) and Outcome (Outcome)
Harmonising fat_distr (fat_distr) and Outcome (Outcome)
[1] 503
[1] 503
  iteration traits posterior_prob regional_prob candidate_snp
1         1   None             NA        0.0077            NA
  posterior_explained_by_snp dropped_trait   lead_snp
1                         NA      iradjbmi rs17243091
[1] "LEAD INDEX"
[1] 11
[1] "LEAD INDEX"
[1] 12
[1] "SPLICING EVENT"
[1] "chr11:46936851:46987208:clu_12006_+:ENSG00000149179.14"
Harmonising fat_distr (fat_distr) and Outcome (Outcome)
Harmonising fat_distr (fat_distr) and Outcome (Outcome)
[1] 191
[1] 191
  iteration traits posterior_prob regional_prob candidate_snp
1         1   None             NA         0.008            NA
  posterior_explained_by_snp dropped_trait  lead_snp
1                         NA      iradjbmi rs1872896
[1] "SPLICING EVENT"
[1] "chr11:46936851:47052388:clu_12006_+:ENSG00000149179.14"
Harmonising fat_distr (fat_distr) and Outcome (Outcome)
Harmonising fat_distr (fat_distr) and Outcome (Outcome)
[1] 191
[1] 191
  iteration traits posterior_prob regional_prob candidate_snp
1         1   None             NA         0.008            NA
  posterior_explained_by_snp dropped_trait  lead_snp
1                         NA      iradjbmi rs1872896
[1] "SPLICING EVENT"
[1] "chr11:46987310:47052388:clu_12006_+:ENSG00000149179.14"
Harmonising fat_distr (fat_distr) and Outcome (Outcome)
Harmonising fat_distr (fat_distr) and Outcome (Outcome)
[1] 191
[1] 191
  iteration traits posterior_prob regional_prob candidate_snp
1         1   None             NA        0.0091            NA
  posterior_explained_by_snp dropped_trait  lead_snp
1                         NA      iradjbmi rs1872896
[1] "SPLICING EVENT"
[1] "chr11:47052518:47137645:clu_12006_+:ENSG00000149179.14"
Harmonising fat_distr (fat_distr) and Outcome (Outcome)
Harmonising fat_distr (fat_distr) and Outcome (Outcome)
[1] 191
[1] 191
  iteration traits posterior_prob regional_prob candidate_snp
1         1   None             NA        0.0105            NA
  posterior_explained_by_snp dropped_trait  lead_snp
1                         NA      iradjbmi rs1872896
[1] "SPLICING EVENT"
[1] "chr11:47137729:47155176:clu_12007_+:ENSG00000149179.14"
Harmonising fat_distr (fat_distr) and Outcome (Outcome)
Harmonising fat_distr (fat_distr) and Outcome (Outcome)
[1] 191
[1] 191
  iteration                                                           traits
1         1 iradjbmi, chr11:47137729:47155176:clu_12007_+:ENSG00000149179.14
  posterior_prob regional_prob candidate_snp posterior_explained_by_snp
1         0.9524        0.9999     rs1872896                     0.2121
  dropped_trait  lead_snp
1            NA rs1872896
[1] "SPLICING EVENT"
[1] "chr11:47157922:47159633:clu_12008_+:ENSG00000149179.14"
Harmonising fat_distr (fat_distr) and Outcome (Outcome)
Harmonising fat_distr (fat_distr) and Outcome (Outcome)
[1] 191
[1] 191
  iteration traits posterior_prob regional_prob candidate_snp
1         1   None             NA        0.0194            NA
  posterior_explained_by_snp dropped_trait  lead_snp
1                         NA      iradjbmi rs1872896
[1] "SPLICING EVENT"
[1] "chr11:47157922:47161127:clu_12008_+:ENSG00000149179.14"
Harmonising fat_distr (fat_distr) and Outcome (Outcome)
Harmonising fat_distr (fat_distr) and Outcome (Outcome)
[1] 191
[1] 191
  iteration traits posterior_prob regional_prob candidate_snp
1         1   None             NA        0.0087            NA
  posterior_explained_by_snp dropped_trait  lead_snp
1                         NA      iradjbmi rs1872896
[1] "SPLICING EVENT"
[1] "chr11:47161190:47161446:clu_12008_+:ENSG00000149179.14"
Harmonising fat_distr (fat_distr) and Outcome (Outcome)
Harmonising fat_distr (fat_distr) and Outcome (Outcome)
[1] 191
[1] 191
  iteration traits posterior_prob regional_prob candidate_snp
1         1   None             NA        0.0088            NA
  posterior_explained_by_snp dropped_trait  lead_snp
1                         NA      iradjbmi rs1872896
[1] "SPLICING EVENT"
[1] "chr11:47161190:47161464:clu_12008_+:ENSG00000149179.14"
Harmonising fat_distr (fat_distr) and Outcome (Outcome)
Harmonising fat_distr (fat_distr) and Outcome (Outcome)
[1] 191
[1] 191
  iteration traits posterior_prob regional_prob candidate_snp
1         1   None             NA        0.0082            NA
  posterior_explained_by_snp dropped_trait  lead_snp
1                         NA      iradjbmi rs1872896
[1] "SPLICING EVENT"
[1] "chr11:47161190:47161998:clu_12008_+:ENSG00000149179.14"
Harmonising fat_distr (fat_distr) and Outcome (Outcome)
Harmonising fat_distr (fat_distr) and Outcome (Outcome)
[1] 191
[1] 191
  iteration traits posterior_prob regional_prob candidate_snp
1         1   None             NA        0.0081            NA
  posterior_explained_by_snp dropped_trait  lead_snp
1                         NA      iradjbmi rs1872896
[1] "SPLICING EVENT"
[1] "chr11:47161190:47164093:clu_12008_+:ENSG00000149179.14"
Harmonising fat_distr (fat_distr) and Outcome (Outcome)
Harmonising fat_distr (fat_distr) and Outcome (Outcome)
[1] 191
[1] 191
  iteration traits posterior_prob regional_prob candidate_snp
1         1   None             NA        0.0078            NA
  posterior_explained_by_snp dropped_trait  lead_snp
1                         NA      iradjbmi rs1872896
[1] "SPLICING EVENT"
[1] "chr11:47234672:47234757:clu_12009_+:ENSG00000134574.12"
Harmonising fat_distr (fat_distr) and Outcome (Outcome)
Harmonising fat_distr (fat_distr) and Outcome (Outcome)
[1] 191
[1] 191
  iteration traits posterior_prob regional_prob candidate_snp
1         1   None             NA        0.0074            NA
  posterior_explained_by_snp dropped_trait  lead_snp
1                         NA      iradjbmi rs1872896
[1] "SPLICING EVENT"
[1] "chr11:47234672:47235270:clu_12009_+:ENSG00000134574.12"
Harmonising fat_distr (fat_distr) and Outcome (Outcome)
Harmonising fat_distr (fat_distr) and Outcome (Outcome)
[1] 191
[1] 191
  iteration traits posterior_prob regional_prob candidate_snp
1         1   None             NA        0.0054            NA
  posterior_explained_by_snp dropped_trait  lead_snp
1                         NA      iradjbmi rs1872896
[1] "SPLICING EVENT"
[1] "chr11:47234934:47235270:clu_12009_+:ENSG00000134574.12"
Harmonising fat_distr (fat_distr) and Outcome (Outcome)
Harmonising fat_distr (fat_distr) and Outcome (Outcome)
[1] 191
[1] 191
  iteration traits posterior_prob regional_prob candidate_snp
1         1   None             NA        0.0074            NA
  posterior_explained_by_snp dropped_trait  lead_snp
1                         NA      iradjbmi rs1872896
[1] "SPLICING EVENT"
[1] "chr11:47235412:47237837:clu_12010_+:ENSG00000134574.12"
Harmonising fat_distr (fat_distr) and Outcome (Outcome)
Harmonising fat_distr (fat_distr) and Outcome (Outcome)
[1] 191
[1] 191
  iteration                                                           traits
1         1 iradjbmi, chr11:47235412:47237837:clu_12010_+:ENSG00000134574.12
  posterior_prob regional_prob candidate_snp posterior_explained_by_snp
1         0.8748             1    rs11039002                     0.1955
  dropped_trait  lead_snp
1            NA rs1872896
[1] "SPLICING EVENT"
[1] "chr11:47237712:47237837:clu_12010_+:ENSG00000134574.12"
Harmonising fat_distr (fat_distr) and Outcome (Outcome)
Harmonising fat_distr (fat_distr) and Outcome (Outcome)
[1] 191
[1] 191
  iteration                                                           traits
1         1 iradjbmi, chr11:47237712:47237837:clu_12010_+:ENSG00000134574.12
  posterior_prob regional_prob candidate_snp posterior_explained_by_snp
1         0.8752             1    rs11039002                     0.1955
  dropped_trait  lead_snp
1            NA rs1872896
[1] "LEAD INDEX"
[1] 13
[1] "SPLICING EVENT"
[1] "chr11:61789990:61790375:clu_10291_-:ENSG00000134825.16"
Harmonising fat_distr (fat_distr) and Outcome (Outcome)
Harmonising fat_distr (fat_distr) and Outcome (Outcome)
[1] 409
[1] 409
  iteration traits posterior_prob regional_prob candidate_snp
1         1   None             NA         0.009            NA
  posterior_explained_by_snp dropped_trait lead_snp
1                         NA      iradjbmi rs174574
[1] "SPLICING EVENT"
[1] "chr11:61789990:61790423:clu_10291_-:ENSG00000134825.16"
Harmonising fat_distr (fat_distr) and Outcome (Outcome)
Harmonising fat_distr (fat_distr) and Outcome (Outcome)
[1] 409
[1] 409
  iteration traits posterior_prob regional_prob candidate_snp
1         1   None             NA        0.0113            NA
  posterior_explained_by_snp dropped_trait lead_snp
1                         NA      iradjbmi rs174574
[1] "SPLICING EVENT"
[1] "chr11:61816426:61837778:clu_12142_+:ENSG00000134824.14"
Harmonising fat_distr (fat_distr) and Outcome (Outcome)
Harmonising fat_distr (fat_distr) and Outcome (Outcome)
[1] 409
[1] 409
  iteration                                                           traits
1         1 iradjbmi, chr11:61816426:61837778:clu_12142_+:ENSG00000134824.14
  posterior_prob regional_prob candidate_snp posterior_explained_by_snp
1         0.9252        0.9885      rs174566                     0.2719
  dropped_trait lead_snp
1            NA rs174574
[1] "SPLICING EVENT"
[1] "chr11:61828597:61837778:clu_12142_+:ENSG00000134824.14"
Harmonising fat_distr (fat_distr) and Outcome (Outcome)
Harmonising fat_distr (fat_distr) and Outcome (Outcome)
[1] 409
[1] 409
  iteration                                                           traits
1         1 iradjbmi, chr11:61828597:61837778:clu_12142_+:ENSG00000134824.14
  posterior_prob regional_prob candidate_snp posterior_explained_by_snp
1         0.9366             1        rs1535                     0.2394
  dropped_trait lead_snp
1            NA rs174574
[1] "SPLICING EVENT"
[1] "chr11:61840725:61848159:clu_12143_+:ENSG00000134824.14"
Harmonising fat_distr (fat_distr) and Outcome (Outcome)
Harmonising fat_distr (fat_distr) and Outcome (Outcome)
[1] 409
[1] 409
  iteration traits posterior_prob regional_prob candidate_snp
1         1   None             NA        0.0077            NA
  posterior_explained_by_snp dropped_trait lead_snp
1                         NA      iradjbmi rs174574
[1] "SPLICING EVENT"
[1] "chr11:61848284:61849749:clu_12144_+:ENSG00000134824.14"
Harmonising fat_distr (fat_distr) and Outcome (Outcome)
Harmonising fat_distr (fat_distr) and Outcome (Outcome)
[1] 409
[1] 409
  iteration traits posterior_prob regional_prob candidate_snp
1         1   None             NA        0.0132            NA
  posterior_explained_by_snp dropped_trait lead_snp
1                         NA      iradjbmi rs174574
[1] "SPLICING EVENT"
[1] "chr11:61848284:61857011:clu_12144_+:ENSG00000134824.14"
Harmonising fat_distr (fat_distr) and Outcome (Outcome)
Harmonising fat_distr (fat_distr) and Outcome (Outcome)
[1] 409
[1] 409
  iteration traits posterior_prob regional_prob candidate_snp
1         1   None             NA        0.0073            NA
  posterior_explained_by_snp dropped_trait lead_snp
1                         NA      iradjbmi rs174574
[1] "SPLICING EVENT"
[1] "chr11:61865277:61865638:clu_12145_+:ENSG00000134824.14"
Harmonising fat_distr (fat_distr) and Outcome (Outcome)
Harmonising fat_distr (fat_distr) and Outcome (Outcome)
[1] 409
[1] 409
  iteration traits posterior_prob regional_prob candidate_snp
1         1   None             NA        0.0097            NA
  posterior_explained_by_snp dropped_trait lead_snp
1                         NA      iradjbmi rs174574
[1] "SPLICING EVENT"
[1] "chr11:61813353:61816555:clu_10294_-:ENSG00000149485.19"
Harmonising fat_distr (fat_distr) and Outcome (Outcome)
Harmonising fat_distr (fat_distr) and Outcome (Outcome)
[1] 409
[1] 409
  iteration                                                           traits
1         1 iradjbmi, chr11:61813353:61816555:clu_10294_-:ENSG00000149485.19
  posterior_prob regional_prob candidate_snp posterior_explained_by_snp
1         0.7177         0.756      rs174535                     0.2031
  dropped_trait lead_snp
1            NA rs174574
[1] "LEAD INDEX"
[1] 14
[1] "SPLICING EVENT"
[1] "chr11:62571108:62571540:clu_10320_-:ENSG00000254772.10"
Harmonising fat_distr (fat_distr) and Outcome (Outcome)
Harmonising fat_distr (fat_distr) and Outcome (Outcome)
[1] 365
[1] 365
  iteration traits posterior_prob regional_prob candidate_snp
1         1   None             NA        0.0073            NA
  posterior_explained_by_snp dropped_trait   lead_snp
1                         NA      iradjbmi rs11231155
[1] "SPLICING EVENT"
[1] "chr11:62571108:62571624:clu_10320_-:ENSG00000254772.10"
Harmonising fat_distr (fat_distr) and Outcome (Outcome)
Harmonising fat_distr (fat_distr) and Outcome (Outcome)
[1] 365
[1] 365
  iteration traits posterior_prob regional_prob candidate_snp
1         1   None             NA        0.0082            NA
  posterior_explained_by_snp dropped_trait   lead_snp
1                         NA      iradjbmi rs11231155
[1] "SPLICING EVENT"
[1] "chr11:62595891:62596010:clu_10336_-:ENSG00000149480.7"
Harmonising fat_distr (fat_distr) and Outcome (Outcome)
Harmonising fat_distr (fat_distr) and Outcome (Outcome)
[1] 365
[1] 365
  iteration traits posterior_prob regional_prob candidate_snp
1         1   None             NA        0.0125            NA
  posterior_explained_by_snp dropped_trait   lead_snp
1                         NA      iradjbmi rs11231155
[1] "SPLICING EVENT"
[1] "chr11:62597415:62597603:clu_10337_-:ENSG00000149480.7"
Harmonising fat_distr (fat_distr) and Outcome (Outcome)
Harmonising fat_distr (fat_distr) and Outcome (Outcome)
[1] 365
[1] 365
  iteration traits posterior_prob regional_prob candidate_snp
1         1   None             NA        0.0077            NA
  posterior_explained_by_snp dropped_trait   lead_snp
1                         NA      iradjbmi rs11231155
[1] "SPLICING EVENT"
[1] "chr11:62597415:62597610:clu_10337_-:ENSG00000149480.7"
Harmonising fat_distr (fat_distr) and Outcome (Outcome)
Harmonising fat_distr (fat_distr) and Outcome (Outcome)
[1] 365
[1] 365
  iteration traits posterior_prob regional_prob candidate_snp
1         1   None             NA        0.0067            NA
  posterior_explained_by_snp dropped_trait   lead_snp
1                         NA      iradjbmi rs11231155
[1] "SPLICING EVENT"
[1] "chr11:62600689:62601023:clu_10338_-:ENSG00000149480.7"
Harmonising fat_distr (fat_distr) and Outcome (Outcome)
Harmonising fat_distr (fat_distr) and Outcome (Outcome)
[1] 365
[1] 365
  iteration                                                          traits
1         1 iradjbmi, chr11:62600689:62601023:clu_10338_-:ENSG00000149480.7
  posterior_prob regional_prob candidate_snp posterior_explained_by_snp
1         0.7734        0.9231    rs35156678                     0.2023
  dropped_trait   lead_snp
1            NA rs11231155
[1] "SPLICING EVENT"
[1] "chr11:62600689:62601423:clu_10338_-:ENSG00000149480.7"
Harmonising fat_distr (fat_distr) and Outcome (Outcome)
Harmonising fat_distr (fat_distr) and Outcome (Outcome)
[1] 365
[1] 365
  iteration                                                          traits
1         1 iradjbmi, chr11:62600689:62601423:clu_10338_-:ENSG00000149480.7
  posterior_prob regional_prob candidate_snp posterior_explained_by_snp
1         0.7938        0.9307    rs35156678                     0.2406
  dropped_trait   lead_snp
1            NA rs11231155
[1] "SPLICING EVENT"
[1] "chr11:62611920:62614258:clu_12200_+:ENSG00000149489.9"
Harmonising fat_distr (fat_distr) and Outcome (Outcome)
Harmonising fat_distr (fat_distr) and Outcome (Outcome)
[1] 365
[1] 365
  iteration traits posterior_prob regional_prob candidate_snp
1         1   None             NA        0.0184            NA
  posterior_explained_by_snp dropped_trait   lead_snp
1                         NA      iradjbmi rs11231155
[1] "SPLICING EVENT"
[1] "chr11:62612091:62614258:clu_12200_+:ENSG00000149489.9"
Harmonising fat_distr (fat_distr) and Outcome (Outcome)
Harmonising fat_distr (fat_distr) and Outcome (Outcome)
[1] 365
[1] 365
  iteration traits posterior_prob regional_prob candidate_snp
1         1   None             NA        0.0063            NA
  posterior_explained_by_snp dropped_trait   lead_snp
1                         NA      iradjbmi rs11231155
[1] "SPLICING EVENT"
[1] "chr11:62612098:62614258:clu_12200_+:ENSG00000149489.9"
Harmonising fat_distr (fat_distr) and Outcome (Outcome)
Harmonising fat_distr (fat_distr) and Outcome (Outcome)
[1] 365
[1] 365
  iteration traits posterior_prob regional_prob candidate_snp
1         1   None             NA         0.028            NA
  posterior_explained_by_snp dropped_trait   lead_snp
1                         NA      iradjbmi rs11231155
[1] "SPLICING EVENT"
[1] "chr11:62613871:62614258:clu_12200_+:ENSG00000149489.9"
Harmonising fat_distr (fat_distr) and Outcome (Outcome)
Harmonising fat_distr (fat_distr) and Outcome (Outcome)
[1] 365
[1] 365
  iteration                                                          traits
1         1 iradjbmi, chr11:62613871:62614258:clu_12200_+:ENSG00000149489.9
  posterior_prob regional_prob candidate_snp posterior_explained_by_snp
1         0.9533         0.985    rs11231155                     0.3674
  dropped_trait   lead_snp
1            NA rs11231155
[1] "SPLICING EVENT"
[1] "chr11:62602779:62603149:clu_10339_-:ENSG00000149499.12"
Harmonising fat_distr (fat_distr) and Outcome (Outcome)
Harmonising fat_distr (fat_distr) and Outcome (Outcome)
[1] 365
[1] 365
  iteration                                                           traits
1         1 iradjbmi, chr11:62602779:62603149:clu_10339_-:ENSG00000149499.12
  posterior_prob regional_prob candidate_snp posterior_explained_by_snp
1         0.9439        0.9819    rs11231155                     0.2805
  dropped_trait   lead_snp
1            NA rs11231155
[1] "SPLICING EVENT"
[1] "chr11:62602889:62603149:clu_10339_-:ENSG00000149499.12"
Harmonising fat_distr (fat_distr) and Outcome (Outcome)
Harmonising fat_distr (fat_distr) and Outcome (Outcome)
[1] 365
[1] 365
  iteration                                                           traits
1         1 iradjbmi, chr11:62602889:62603149:clu_10339_-:ENSG00000149499.12
  posterior_prob regional_prob candidate_snp posterior_explained_by_snp
1         0.9527        0.9848    rs11231155                     0.2785
  dropped_trait   lead_snp
1            NA rs11231155
[1] "SPLICING EVENT"
[1] "chr11:62603247:62603403:clu_10340_-:ENSG00000149499.12"
Harmonising fat_distr (fat_distr) and Outcome (Outcome)
Harmonising fat_distr (fat_distr) and Outcome (Outcome)
[1] 365
[1] 365
  iteration traits posterior_prob regional_prob candidate_snp
1         1   None             NA        0.0076            NA
  posterior_explained_by_snp dropped_trait   lead_snp
1                         NA      iradjbmi rs11231155
[1] "SPLICING EVENT"
[1] "chr11:62603247:62603729:clu_10340_-:ENSG00000149499.12"
Harmonising fat_distr (fat_distr) and Outcome (Outcome)
Harmonising fat_distr (fat_distr) and Outcome (Outcome)
[1] 365
[1] 365
  iteration traits posterior_prob regional_prob candidate_snp
1         1   None             NA        0.0238            NA
  posterior_explained_by_snp dropped_trait   lead_snp
1                         NA      iradjbmi rs11231155
[1] "SPLICING EVENT"
[1] "chr11:62603989:62604113:clu_10341_-:ENSG00000149499.12"
Harmonising fat_distr (fat_distr) and Outcome (Outcome)
Harmonising fat_distr (fat_distr) and Outcome (Outcome)
[1] 365
[1] 365
  iteration traits posterior_prob regional_prob candidate_snp
1         1   None             NA        0.0064            NA
  posterior_explained_by_snp dropped_trait   lead_snp
1                         NA      iradjbmi rs11231155
[1] "SPLICING EVENT"
[1] "chr11:62604041:62604113:clu_10341_-:ENSG00000149499.12"
Harmonising fat_distr (fat_distr) and Outcome (Outcome)
Harmonising fat_distr (fat_distr) and Outcome (Outcome)
[1] 365
[1] 365
  iteration traits posterior_prob regional_prob candidate_snp
1         1   None             NA        0.0063            NA
  posterior_explained_by_snp dropped_trait   lead_snp
1                         NA      iradjbmi rs11231155
[1] "SPLICING EVENT"
[1] "chr11:62605180:62605529:clu_10342_-:ENSG00000149499.12"
Harmonising fat_distr (fat_distr) and Outcome (Outcome)
Harmonising fat_distr (fat_distr) and Outcome (Outcome)
[1] 365
[1] 365
  iteration traits posterior_prob regional_prob candidate_snp
1         1   None             NA        0.0124            NA
  posterior_explained_by_snp dropped_trait   lead_snp
1                         NA      iradjbmi rs11231155
[1] "SPLICING EVENT"
[1] "chr11:62605180:62605642:clu_10342_-:ENSG00000149499.12"
Harmonising fat_distr (fat_distr) and Outcome (Outcome)
Harmonising fat_distr (fat_distr) and Outcome (Outcome)
[1] 365
[1] 365
  iteration traits posterior_prob regional_prob candidate_snp
1         1   None             NA          0.01            NA
  posterior_explained_by_snp dropped_trait   lead_snp
1                         NA      iradjbmi rs11231155
[1] "SPLICING EVENT"
[1] "chr11:62605773:62605855:clu_10343_-:ENSG00000149499.12"
Harmonising fat_distr (fat_distr) and Outcome (Outcome)
Harmonising fat_distr (fat_distr) and Outcome (Outcome)
[1] 365
[1] 365
  iteration traits posterior_prob regional_prob candidate_snp
1         1   None             NA         0.064            NA
  posterior_explained_by_snp dropped_trait   lead_snp
1                         NA      iradjbmi rs11231155
[1] "SPLICING EVENT"
[1] "chr11:62605773:62605864:clu_10343_-:ENSG00000149499.12"
Harmonising fat_distr (fat_distr) and Outcome (Outcome)
Harmonising fat_distr (fat_distr) and Outcome (Outcome)
[1] 365
[1] 365
  iteration traits posterior_prob regional_prob candidate_snp
1         1   None             NA        0.0493            NA
  posterior_explained_by_snp dropped_trait   lead_snp
1                         NA      iradjbmi rs11231155
[1] "SPLICING EVENT"
[1] "chr11:62607099:62607666:clu_10344_-:ENSG00000149499.12"
Harmonising fat_distr (fat_distr) and Outcome (Outcome)
Harmonising fat_distr (fat_distr) and Outcome (Outcome)
[1] 365
[1] 365
  iteration traits posterior_prob regional_prob candidate_snp
1         1   None             NA        0.0144            NA
  posterior_explained_by_snp dropped_trait   lead_snp
1                         NA      iradjbmi rs11231155
[1] "SPLICING EVENT"
[1] "chr11:62607099:62608201:clu_10344_-:ENSG00000149499.12"
Harmonising fat_distr (fat_distr) and Outcome (Outcome)
Harmonising fat_distr (fat_distr) and Outcome (Outcome)
[1] 365
[1] 365
  iteration traits posterior_prob regional_prob candidate_snp
1         1   None             NA        0.0036            NA
  posterior_explained_by_snp dropped_trait   lead_snp
1                         NA      iradjbmi rs11231155
[1] "SPLICING EVENT"
[1] "chr11:62607821:62608201:clu_10344_-:ENSG00000149499.12"
Harmonising fat_distr (fat_distr) and Outcome (Outcome)
Harmonising fat_distr (fat_distr) and Outcome (Outcome)
[1] 365
[1] 365
  iteration traits posterior_prob regional_prob candidate_snp
1         1   None             NA        0.0328            NA
  posterior_explained_by_snp dropped_trait   lead_snp
1                         NA      iradjbmi rs11231155
[1] "SPLICING EVENT"
[1] "chr11:62609474:62609629:clu_10345_-:ENSG00000149499.12"
Harmonising fat_distr (fat_distr) and Outcome (Outcome)
Harmonising fat_distr (fat_distr) and Outcome (Outcome)
[1] 365
[1] 365
  iteration traits posterior_prob regional_prob candidate_snp
1         1   None             NA        0.0061            NA
  posterior_explained_by_snp dropped_trait   lead_snp
1                         NA      iradjbmi rs11231155
[1] "SPLICING EVENT"
[1] "chr11:62609477:62609629:clu_10345_-:ENSG00000149499.12"
Harmonising fat_distr (fat_distr) and Outcome (Outcome)
Harmonising fat_distr (fat_distr) and Outcome (Outcome)
[1] 365
[1] 365
  iteration traits posterior_prob regional_prob candidate_snp
1         1   None             NA        0.0062            NA
  posterior_explained_by_snp dropped_trait   lead_snp
1                         NA      iradjbmi rs11231155
[1] "SPLICING EVENT"
[1] "chr11:62609696:62610636:clu_10347_-:ENSG00000149499.12"
Harmonising fat_distr (fat_distr) and Outcome (Outcome)
Harmonising fat_distr (fat_distr) and Outcome (Outcome)
[1] 365
[1] 365
  iteration                                                           traits
1         1 iradjbmi, chr11:62609696:62610636:clu_10347_-:ENSG00000149499.12
  posterior_prob regional_prob candidate_snp posterior_explained_by_snp
1         0.9462        0.9803    rs11231161                     0.4492
  dropped_trait   lead_snp
1            NA rs11231155
[1] "SPLICING EVENT"
[1] "chr11:62609696:62610879:clu_10347_-:ENSG00000149499.12"
Harmonising fat_distr (fat_distr) and Outcome (Outcome)
Harmonising fat_distr (fat_distr) and Outcome (Outcome)
[1] 365
[1] 365
  iteration                                                           traits
1         1 iradjbmi, chr11:62609696:62610879:clu_10347_-:ENSG00000149499.12
  posterior_prob regional_prob candidate_snp posterior_explained_by_snp
1         0.9511        0.9843    rs11231161                      0.568
  dropped_trait   lead_snp
1            NA rs11231155
[1] "SPLICING EVENT"
[1] "chr11:62610768:62610879:clu_10347_-:ENSG00000149499.12"
Harmonising fat_distr (fat_distr) and Outcome (Outcome)
Harmonising fat_distr (fat_distr) and Outcome (Outcome)
[1] 365
[1] 365
  iteration                                                           traits
1         1 iradjbmi, chr11:62610768:62610879:clu_10347_-:ENSG00000149499.12
  posterior_prob regional_prob candidate_snp posterior_explained_by_snp
1         0.9493        0.9838    rs11231161                     0.3383
  dropped_trait   lead_snp
1            NA rs11231155
[1] "SPLICING EVENT"
[1] "chr11:62610954:62611087:clu_10348_-:ENSG00000149499.12"
Harmonising fat_distr (fat_distr) and Outcome (Outcome)
Harmonising fat_distr (fat_distr) and Outcome (Outcome)
[1] 365
[1] 365
  iteration traits posterior_prob regional_prob candidate_snp
1         1   None             NA        0.0059            NA
  posterior_explained_by_snp dropped_trait   lead_snp
1                         NA      iradjbmi rs11231155
[1] "SPLICING EVENT"
[1] "chr11:62610992:62611087:clu_10348_-:ENSG00000149499.12"
Harmonising fat_distr (fat_distr) and Outcome (Outcome)
Harmonising fat_distr (fat_distr) and Outcome (Outcome)
[1] 365
[1] 365
  iteration traits posterior_prob regional_prob candidate_snp
1         1   None             NA         0.006            NA
  posterior_explained_by_snp dropped_trait   lead_snp
1                         NA      iradjbmi rs11231155
[1] "SPLICING EVENT"
[1] "chr11:62611344:62611425:clu_10349_-:ENSG00000149499.12"
Harmonising fat_distr (fat_distr) and Outcome (Outcome)
Harmonising fat_distr (fat_distr) and Outcome (Outcome)
[1] 365
[1] 365
  iteration                                                           traits
1         1 iradjbmi, chr11:62611344:62611425:clu_10349_-:ENSG00000149499.12
  posterior_prob regional_prob candidate_snp posterior_explained_by_snp
1         0.9371        0.9799    rs11553576                     0.9967
  dropped_trait   lead_snp
1            NA rs11231155
[1] "SPLICING EVENT"
[1] "chr11:62611347:62611425:clu_10349_-:ENSG00000149499.12"
Harmonising fat_distr (fat_distr) and Outcome (Outcome)
Harmonising fat_distr (fat_distr) and Outcome (Outcome)
[1] 365
[1] 365
  iteration                                                           traits
1         1 iradjbmi, chr11:62611347:62611425:clu_10349_-:ENSG00000149499.12
  posterior_prob regional_prob candidate_snp posterior_explained_by_snp
1         0.9371        0.9799    rs11553576                     0.9948
  dropped_trait   lead_snp
1            NA rs11231155
[1] "SPLICING EVENT"
[1] "chr11:62611596:62612436:clu_10350_-:ENSG00000149499.12"
Harmonising fat_distr (fat_distr) and Outcome (Outcome)
Harmonising fat_distr (fat_distr) and Outcome (Outcome)
[1] 365
[1] 365
  iteration traits posterior_prob regional_prob candidate_snp
1         1   None             NA        0.2572            NA
  posterior_explained_by_snp dropped_trait   lead_snp
1                         NA      iradjbmi rs11231155
[1] "SPLICING EVENT"
[1] "chr11:62671865:62671953:clu_12202_+:ENSG00000204922.5"
Harmonising fat_distr (fat_distr) and Outcome (Outcome)
Harmonising fat_distr (fat_distr) and Outcome (Outcome)
[1] 365
[1] 365
  iteration traits posterior_prob regional_prob candidate_snp
1         1   None             NA        0.0059            NA
  posterior_explained_by_snp dropped_trait   lead_snp
1                         NA      iradjbmi rs11231155
[1] "LEAD INDEX"
[1] 15
[1] "LEAD INDEX"
[1] 16
[1] "LEAD INDEX"
[1] 17
[1] "SPLICING EVENT"
[1] "chr11:66216775:66217506:clu_12446_+:ENSG00000175115.13"
Harmonising fat_distr (fat_distr) and Outcome (Outcome)
Harmonising fat_distr (fat_distr) and Outcome (Outcome)
[1] 345
[1] 345
  iteration traits posterior_prob regional_prob candidate_snp
1         1   None             NA        0.5984            NA
  posterior_explained_by_snp dropped_trait  lead_snp
1                         NA      iradjbmi rs2452681
[1] "SPLICING EVENT"
[1] "chr11:66216775:66219746:clu_12446_+:ENSG00000175115.13"
Harmonising fat_distr (fat_distr) and Outcome (Outcome)
Harmonising fat_distr (fat_distr) and Outcome (Outcome)
[1] 345
[1] 345
  iteration traits posterior_prob regional_prob candidate_snp
1         1   None             NA        0.0109            NA
  posterior_explained_by_snp dropped_trait  lead_snp
1                         NA      iradjbmi rs2452681
[1] "SPLICING EVENT"
[1] "chr11:66217617:66219746:clu_12446_+:ENSG00000175115.13"
Harmonising fat_distr (fat_distr) and Outcome (Outcome)
Harmonising fat_distr (fat_distr) and Outcome (Outcome)
[1] 345
[1] 345
  iteration traits posterior_prob regional_prob candidate_snp
1         1   None             NA        0.2311            NA
  posterior_explained_by_snp dropped_trait  lead_snp
1                         NA      iradjbmi rs2452681
[1] "SPLICING EVENT"
[1] "chr11:66219805:66220631:clu_12447_+:ENSG00000175115.13"
Harmonising fat_distr (fat_distr) and Outcome (Outcome)
Harmonising fat_distr (fat_distr) and Outcome (Outcome)
[1] 345
[1] 345
  iteration traits posterior_prob regional_prob candidate_snp
1         1   None             NA        0.0173            NA
  posterior_explained_by_snp dropped_trait  lead_snp
1                         NA      iradjbmi rs2452681
[1] "SPLICING EVENT"
[1] "chr11:66230940:66232172:clu_12448_+:ENSG00000175115.13"
Harmonising fat_distr (fat_distr) and Outcome (Outcome)
Harmonising fat_distr (fat_distr) and Outcome (Outcome)
[1] 345
[1] 345
  iteration traits posterior_prob regional_prob candidate_snp
1         1   None             NA        0.0195            NA
  posterior_explained_by_snp dropped_trait  lead_snp
1                         NA      iradjbmi rs2452681
[1] "SPLICING EVENT"
[1] "chr11:66239277:66241427:clu_12449_+:ENSG00000175115.13"
Harmonising fat_distr (fat_distr) and Outcome (Outcome)
Harmonising fat_distr (fat_distr) and Outcome (Outcome)
[1] 345
[1] 345
  iteration traits posterior_prob regional_prob candidate_snp
1         1   None             NA        0.0111            NA
  posterior_explained_by_snp dropped_trait  lead_snp
1                         NA      iradjbmi rs2452681
[1] "SPLICING EVENT"
[1] "chr11:66241653:66242912:clu_12450_+:ENSG00000175115.13"
Harmonising fat_distr (fat_distr) and Outcome (Outcome)
Harmonising fat_distr (fat_distr) and Outcome (Outcome)
[1] 345
[1] 345
  iteration traits posterior_prob regional_prob candidate_snp
1         1   None             NA         0.016            NA
  posterior_explained_by_snp dropped_trait  lead_snp
1                         NA      iradjbmi rs2452681
[1] "SPLICING EVENT"
[1] "chr11:66241653:66243165:clu_12450_+:ENSG00000175115.13"
Harmonising fat_distr (fat_distr) and Outcome (Outcome)
Harmonising fat_distr (fat_distr) and Outcome (Outcome)
[1] 345
[1] 345
  iteration traits posterior_prob regional_prob candidate_snp
1         1   None             NA        0.0086            NA
  posterior_explained_by_snp dropped_trait  lead_snp
1                         NA      iradjbmi rs2452681
[1] "SPLICING EVENT"
[1] "chr11:66243031:66243165:clu_12450_+:ENSG00000175115.13"
Harmonising fat_distr (fat_distr) and Outcome (Outcome)
Harmonising fat_distr (fat_distr) and Outcome (Outcome)
[1] 345
[1] 345
  iteration traits posterior_prob regional_prob candidate_snp
1         1   None             NA        0.0161            NA
  posterior_explained_by_snp dropped_trait  lead_snp
1                         NA      iradjbmi rs2452681
[1] "SPLICING EVENT"
[1] "chr11:66284783:66284873:clu_10576_-:ENSG00000174851.16"
Harmonising fat_distr (fat_distr) and Outcome (Outcome)
Harmonising fat_distr (fat_distr) and Outcome (Outcome)
[1] 345
[1] 345
  iteration                                                           traits
1         1 iradjbmi, chr11:66284783:66284873:clu_10576_-:ENSG00000174851.16
  posterior_prob regional_prob candidate_snp posterior_explained_by_snp
1         0.5955         0.625      rs642803                     0.5368
  dropped_trait  lead_snp
1            NA rs2452681
[1] "SPLICING EVENT"
[1] "chr11:66284966:66285381:clu_10577_-:ENSG00000174851.16"
Harmonising fat_distr (fat_distr) and Outcome (Outcome)
Harmonising fat_distr (fat_distr) and Outcome (Outcome)
[1] 345
[1] 345
  iteration traits posterior_prob regional_prob candidate_snp
1         1   None             NA        0.0179            NA
  posterior_explained_by_snp dropped_trait  lead_snp
1                         NA      iradjbmi rs2452681
[1] "SPLICING EVENT"
[1] "chr11:66284966:66285701:clu_10577_-:ENSG00000174851.16"
Harmonising fat_distr (fat_distr) and Outcome (Outcome)
Harmonising fat_distr (fat_distr) and Outcome (Outcome)
[1] 345
[1] 345
  iteration traits posterior_prob regional_prob candidate_snp
1         1   None             NA        0.5762            NA
  posterior_explained_by_snp
1                         NA
                                           dropped_trait  lead_snp
1 chr11:66284966:66285701:clu_10577_-:ENSG00000174851.16 rs2452681
[1] "SPLICING EVENT"
[1] "chr11:66285536:66285701:clu_10577_-:ENSG00000174851.16"
Harmonising fat_distr (fat_distr) and Outcome (Outcome)
Harmonising fat_distr (fat_distr) and Outcome (Outcome)
[1] 345
[1] 345
  iteration traits posterior_prob regional_prob candidate_snp
1         1   None             NA        0.0092            NA
  posterior_explained_by_snp dropped_trait  lead_snp
1                         NA      iradjbmi rs2452681
[1] "SPLICING EVENT"
[1] "chr11:66285536:66287598:clu_10577_-:ENSG00000174851.16"
Harmonising fat_distr (fat_distr) and Outcome (Outcome)
Harmonising fat_distr (fat_distr) and Outcome (Outcome)
[1] 345
[1] 345
  iteration traits posterior_prob regional_prob candidate_snp
1         1   None             NA        0.0065            NA
  posterior_explained_by_snp dropped_trait  lead_snp
1                         NA      iradjbmi rs2452681
[1] "SPLICING EVENT"
[1] "chr11:66285758:66287598:clu_10577_-:ENSG00000174851.16"
Harmonising fat_distr (fat_distr) and Outcome (Outcome)
Harmonising fat_distr (fat_distr) and Outcome (Outcome)
[1] 345
[1] 345
  iteration traits posterior_prob regional_prob candidate_snp
1         1   None             NA        0.0417            NA
  posterior_explained_by_snp dropped_trait  lead_snp
1                         NA      iradjbmi rs2452681
[1] "LEAD INDEX"
[1] 18
[1] "SPLICING EVENT"
[1] "chr11:110153058:110159256:clu_13048_+:ENSG00000149289.11"
Harmonising fat_distr (fat_distr) and Outcome (Outcome)
Harmonising fat_distr (fat_distr) and Outcome (Outcome)
[1] 360
[1] 360
  iteration traits posterior_prob regional_prob candidate_snp
1         1   None             NA        0.0073            NA
  posterior_explained_by_snp dropped_trait   lead_snp
1                         NA      iradjbmi rs10789752
[1] "SPLICING EVENT"
[1] "chr11:110159490:110163273:clu_13048_+:ENSG00000149289.11"
Harmonising fat_distr (fat_distr) and Outcome (Outcome)
Harmonising fat_distr (fat_distr) and Outcome (Outcome)
[1] 360
[1] 360
  iteration traits posterior_prob regional_prob candidate_snp
1         1   None             NA        0.0075            NA
  posterior_explained_by_snp dropped_trait   lead_snp
1                         NA      iradjbmi rs10789752
[1] "LEAD INDEX"
[1] 19
[1] "LEAD INDEX"
[1] 20
[1] "LEAD INDEX"
[1] 21
[1] "SPLICING EVENT"
[1] "chr11:119045831:119046417:clu_11245_-:ENSG00000149428.20"
Harmonising fat_distr (fat_distr) and Outcome (Outcome)
Harmonising fat_distr (fat_distr) and Outcome (Outcome)
[1] 348
[1] 348
  iteration traits posterior_prob regional_prob candidate_snp
1         1   None             NA        0.0082            NA
  posterior_explained_by_snp dropped_trait  lead_snp
1                         NA      iradjbmi rs1003081
[1] "SPLICING EVENT"
[1] "chr11:119045834:119046417:clu_11245_-:ENSG00000149428.20"
Harmonising fat_distr (fat_distr) and Outcome (Outcome)
Harmonising fat_distr (fat_distr) and Outcome (Outcome)
[1] 348
[1] 348
  iteration traits posterior_prob regional_prob candidate_snp
1         1   None             NA        0.0086            NA
  posterior_explained_by_snp dropped_trait  lead_snp
1                         NA      iradjbmi rs1003081
[1] "SPLICING EVENT"
[1] "chr11:119046462:119046562:clu_11247_-:ENSG00000149428.20"
Harmonising fat_distr (fat_distr) and Outcome (Outcome)
Harmonising fat_distr (fat_distr) and Outcome (Outcome)
[1] 348
[1] 348
  iteration traits posterior_prob regional_prob candidate_snp
1         1   None             NA        0.0077            NA
  posterior_explained_by_snp dropped_trait  lead_snp
1                         NA      iradjbmi rs1003081
[1] "SPLICING EVENT"
[1] "chr11:119046467:119046562:clu_11247_-:ENSG00000149428.20"
Harmonising fat_distr (fat_distr) and Outcome (Outcome)
Harmonising fat_distr (fat_distr) and Outcome (Outcome)
[1] 348
[1] 348
  iteration traits posterior_prob regional_prob candidate_snp
1         1   None             NA        0.0073            NA
  posterior_explained_by_snp dropped_trait  lead_snp
1                         NA      iradjbmi rs1003081
[1] "SPLICING EVENT"
[1] "chr11:119046802:119047734:clu_11246_-:ENSG00000149428.20"
Harmonising fat_distr (fat_distr) and Outcome (Outcome)
Harmonising fat_distr (fat_distr) and Outcome (Outcome)
[1] 348
[1] 348
  iteration traits posterior_prob regional_prob candidate_snp
1         1   None             NA        0.0227            NA
  posterior_explained_by_snp dropped_trait  lead_snp
1                         NA      iradjbmi rs1003081
[1] "SPLICING EVENT"
[1] "chr11:119046831:119047734:clu_11246_-:ENSG00000149428.20"
Harmonising fat_distr (fat_distr) and Outcome (Outcome)
Harmonising fat_distr (fat_distr) and Outcome (Outcome)
[1] 348
[1] 348
  iteration traits posterior_prob regional_prob candidate_snp
1         1   None             NA        0.0183            NA
  posterior_explained_by_snp dropped_trait  lead_snp
1                         NA      iradjbmi rs1003081
[1] "SPLICING EVENT"
[1] "chr11:119048886:119049018:clu_11248_-:ENSG00000149428.20"
Harmonising fat_distr (fat_distr) and Outcome (Outcome)
Harmonising fat_distr (fat_distr) and Outcome (Outcome)
[1] 348
[1] 348
  iteration traits posterior_prob regional_prob candidate_snp
1         1   None             NA        0.0079            NA
  posterior_explained_by_snp dropped_trait  lead_snp
1                         NA      iradjbmi rs1003081
[1] "SPLICING EVENT"
[1] "chr11:119048886:119049556:clu_11248_-:ENSG00000149428.20"
Harmonising fat_distr (fat_distr) and Outcome (Outcome)
Harmonising fat_distr (fat_distr) and Outcome (Outcome)
[1] 348
[1] 348
  iteration traits posterior_prob regional_prob candidate_snp
1         1   None             NA        0.0058            NA
  posterior_explained_by_snp dropped_trait  lead_snp
1                         NA      iradjbmi rs1003081
[1] "SPLICING EVENT"
[1] "chr11:119049203:119049556:clu_11248_-:ENSG00000149428.20"
Harmonising fat_distr (fat_distr) and Outcome (Outcome)
Harmonising fat_distr (fat_distr) and Outcome (Outcome)
[1] 348
[1] 348
  iteration traits posterior_prob regional_prob candidate_snp
1         1   None             NA        0.0087            NA
  posterior_explained_by_snp dropped_trait  lead_snp
1                         NA      iradjbmi rs1003081
[1] "SPLICING EVENT"
[1] "chr11:119049837:119051035:clu_11249_-:ENSG00000149428.20"
Harmonising fat_distr (fat_distr) and Outcome (Outcome)
Harmonising fat_distr (fat_distr) and Outcome (Outcome)
[1] 348
[1] 348
  iteration traits posterior_prob regional_prob candidate_snp
1         1   None             NA        0.0088            NA
  posterior_explained_by_snp dropped_trait  lead_snp
1                         NA      iradjbmi rs1003081
[1] "SPLICING EVENT"
[1] "chr11:119051173:119051438:clu_11249_-:ENSG00000149428.20"
Harmonising fat_distr (fat_distr) and Outcome (Outcome)
Harmonising fat_distr (fat_distr) and Outcome (Outcome)
[1] 348
[1] 348
  iteration traits posterior_prob regional_prob candidate_snp
1         1   None             NA        0.0095            NA
  posterior_explained_by_snp dropped_trait  lead_snp
1                         NA      iradjbmi rs1003081
[1] "SPLICING EVENT"
[1] "chr11:119055571:119055750:clu_11251_-:ENSG00000149428.20"
Harmonising fat_distr (fat_distr) and Outcome (Outcome)
Harmonising fat_distr (fat_distr) and Outcome (Outcome)
[1] 348
[1] 348
  iteration traits posterior_prob regional_prob candidate_snp
1         1   None             NA         0.007            NA
  posterior_explained_by_snp dropped_trait  lead_snp
1                         NA      iradjbmi rs1003081
[1] "SPLICING EVENT"
[1] "chr11:119055843:119056070:clu_11251_-:ENSG00000149428.20"
Harmonising fat_distr (fat_distr) and Outcome (Outcome)
Harmonising fat_distr (fat_distr) and Outcome (Outcome)
[1] 348
[1] 348
  iteration traits posterior_prob regional_prob candidate_snp
1         1   None             NA        0.0073            NA
  posterior_explained_by_snp dropped_trait  lead_snp
1                         NA      iradjbmi rs1003081
[1] "SPLICING EVENT"
[1] "chr11:119056167:119056805:clu_11252_-:ENSG00000149428.20"
Harmonising fat_distr (fat_distr) and Outcome (Outcome)
Harmonising fat_distr (fat_distr) and Outcome (Outcome)
[1] 348
[1] 348
  iteration traits posterior_prob regional_prob candidate_snp
1         1   None             NA        0.0177            NA
  posterior_explained_by_snp dropped_trait  lead_snp
1                         NA      iradjbmi rs1003081
[1] "SPLICING EVENT"
[1] "chr11:119056167:119057020:clu_11252_-:ENSG00000149428.20"
Harmonising fat_distr (fat_distr) and Outcome (Outcome)
Harmonising fat_distr (fat_distr) and Outcome (Outcome)
[1] 348
[1] 348
  iteration traits posterior_prob regional_prob candidate_snp
1         1   None             NA        0.1399            NA
  posterior_explained_by_snp dropped_trait  lead_snp
1                         NA      iradjbmi rs1003081
[1] "SPLICING EVENT"
[1] "chr11:119056167:119057153:clu_11252_-:ENSG00000149428.20"
Harmonising fat_distr (fat_distr) and Outcome (Outcome)
Harmonising fat_distr (fat_distr) and Outcome (Outcome)
[1] 348
[1] 348
  iteration traits posterior_prob regional_prob candidate_snp
1         1   None             NA        0.0149            NA
  posterior_explained_by_snp dropped_trait  lead_snp
1                         NA      iradjbmi rs1003081
[1] "CHROMOSOME"
[1] 12
[1] "LEAD INDEX"
[1] 1
[1] "SPLICING EVENT"
[1] "chr12:55743761:55748586:clu_16153_+:ENSG00000135414.10"
Harmonising fat_distr (fat_distr) and Outcome (Outcome)
Harmonising fat_distr (fat_distr) and Outcome (Outcome)
[1] 274
[1] 274
  iteration traits posterior_prob regional_prob candidate_snp
1         1   None             NA        0.0118            NA
  posterior_explained_by_snp dropped_trait   lead_snp
1                         NA      iradjbmi rs11171739
[1] "SPLICING EVENT"
[1] "chr12:55748983:55749502:clu_16153_+:ENSG00000135414.10"
Harmonising fat_distr (fat_distr) and Outcome (Outcome)
Harmonising fat_distr (fat_distr) and Outcome (Outcome)
[1] 274
[1] 274
  iteration traits posterior_prob regional_prob candidate_snp
1         1   None             NA        0.0111            NA
  posterior_explained_by_snp dropped_trait   lead_snp
1                         NA      iradjbmi rs11171739
[1] "SPLICING EVENT"
[1] "chr12:55997339:55997615:clu_16174_+:ENSG00000139531.13"
Harmonising fat_distr (fat_distr) and Outcome (Outcome)
Harmonising fat_distr (fat_distr) and Outcome (Outcome)
[1] 274
[1] 274
  iteration traits posterior_prob regional_prob candidate_snp
1         1   None             NA        0.0118            NA
  posterior_explained_by_snp dropped_trait   lead_snp
1                         NA      iradjbmi rs11171739
[1] "SPLICING EVENT"
[1] "chr12:55997339:56002212:clu_16174_+:ENSG00000139531.13"
Harmonising fat_distr (fat_distr) and Outcome (Outcome)
Harmonising fat_distr (fat_distr) and Outcome (Outcome)
[1] 274
[1] 274
  iteration                                                           traits
1         1 iradjbmi, chr12:55997339:56002212:clu_16174_+:ENSG00000139531.13
  posterior_prob regional_prob candidate_snp posterior_explained_by_snp
1         0.9029        0.9575      rs705700                     0.9587
  dropped_trait   lead_snp
1            NA rs11171739
[1] "SPLICING EVENT"
[1] "chr12:55997723:55999333:clu_16174_+:ENSG00000139531.13"
Harmonising fat_distr (fat_distr) and Outcome (Outcome)
Harmonising fat_distr (fat_distr) and Outcome (Outcome)
[1] 274
[1] 274
  iteration                                                           traits
1         1 iradjbmi, chr12:55997723:55999333:clu_16174_+:ENSG00000139531.13
  posterior_prob regional_prob candidate_snp posterior_explained_by_snp
1         0.9431        0.9724    rs11171710                     0.7479
  dropped_trait   lead_snp
1            NA rs11171739
[1] "SPLICING EVENT"
[1] "chr12:55997723:56002212:clu_16174_+:ENSG00000139531.13"
Harmonising fat_distr (fat_distr) and Outcome (Outcome)
Harmonising fat_distr (fat_distr) and Outcome (Outcome)
[1] 274
[1] 274
  iteration                                                           traits
1         1 iradjbmi, chr12:55997723:56002212:clu_16174_+:ENSG00000139531.13
  posterior_prob regional_prob candidate_snp posterior_explained_by_snp
1         0.9008        0.9565      rs705700                     0.9281
  dropped_trait   lead_snp
1            NA rs11171739
[1] "SPLICING EVENT"
[1] "chr12:55999458:56002212:clu_16174_+:ENSG00000139531.13"
Harmonising fat_distr (fat_distr) and Outcome (Outcome)
Harmonising fat_distr (fat_distr) and Outcome (Outcome)
[1] 274
[1] 274
  iteration traits posterior_prob regional_prob candidate_snp
1         1   None             NA        0.0226            NA
  posterior_explained_by_snp dropped_trait   lead_snp
1                         NA      iradjbmi rs11171739
[1] "SPLICING EVENT"
[1] "chr12:56000722:56001886:clu_16174_+:ENSG00000139531.13"
Harmonising fat_distr (fat_distr) and Outcome (Outcome)
Harmonising fat_distr (fat_distr) and Outcome (Outcome)
[1] 274
[1] 274
  iteration                                                           traits
1         1 iradjbmi, chr12:56000722:56001886:clu_16174_+:ENSG00000139531.13
  posterior_prob regional_prob candidate_snp posterior_explained_by_snp
1          0.945         0.971    rs10876870                     0.3701
  dropped_trait   lead_snp
1            NA rs11171739
[1] "SPLICING EVENT"
[1] "chr12:56000722:56002212:clu_16174_+:ENSG00000139531.13"
Harmonising fat_distr (fat_distr) and Outcome (Outcome)
Harmonising fat_distr (fat_distr) and Outcome (Outcome)
[1] 274
[1] 274
  iteration                                                           traits
1         1 iradjbmi, chr12:56000722:56002212:clu_16174_+:ENSG00000139531.13
  posterior_prob regional_prob candidate_snp posterior_explained_by_snp
1         0.9272        0.9674      rs705700                     0.4013
  dropped_trait   lead_snp
1            NA rs11171739
[1] "SPLICING EVENT"
[1] "chr12:56001948:56002212:clu_16174_+:ENSG00000139531.13"
Harmonising fat_distr (fat_distr) and Outcome (Outcome)
Harmonising fat_distr (fat_distr) and Outcome (Outcome)
[1] 274
[1] 274
  iteration                                                           traits
1         1 iradjbmi, chr12:56001948:56002212:clu_16174_+:ENSG00000139531.13
  posterior_prob regional_prob candidate_snp posterior_explained_by_snp
1         0.9087          0.96      rs705700                     0.6264
  dropped_trait   lead_snp
1            NA rs11171739
[1] "SPLICING EVENT"
[1] "chr12:56002271:56002543:clu_16175_+:ENSG00000139531.13"
Harmonising fat_distr (fat_distr) and Outcome (Outcome)
Harmonising fat_distr (fat_distr) and Outcome (Outcome)
[1] 274
[1] 274
  iteration traits posterior_prob regional_prob candidate_snp
1         1   None             NA        0.0471            NA
  posterior_explained_by_snp dropped_trait   lead_snp
1                         NA      iradjbmi rs11171739
[1] "SPLICING EVENT"
[1] "chr12:56002720:56003618:clu_16175_+:ENSG00000139531.13"
Harmonising fat_distr (fat_distr) and Outcome (Outcome)
Harmonising fat_distr (fat_distr) and Outcome (Outcome)
[1] 274
[1] 274
  iteration traits posterior_prob regional_prob candidate_snp
1         1   None             NA        0.1141            NA
  posterior_explained_by_snp dropped_trait   lead_snp
1                         NA      iradjbmi rs11171739
[1] "LEAD INDEX"
[1] 2
[1] "LEAD INDEX"
[1] 3
[1] "SPLICING EVENT"
[1] "chr12:6570693:6570869:clu_13542_-:ENSG00000111642.16"
Harmonising fat_distr (fat_distr) and Outcome (Outcome)
Harmonising fat_distr (fat_distr) and Outcome (Outcome)
[1] 413
[1] 413
  iteration traits posterior_prob regional_prob candidate_snp
1         1   None             NA        0.0089            NA
  posterior_explained_by_snp dropped_trait   lead_snp
1                         NA      iradjbmi rs11064289
[1] "SPLICING EVENT"
[1] "chr12:6571032:6573071:clu_13543_-:ENSG00000111642.16"
Harmonising fat_distr (fat_distr) and Outcome (Outcome)
Harmonising fat_distr (fat_distr) and Outcome (Outcome)
[1] 413
[1] 413
  iteration traits posterior_prob regional_prob candidate_snp
1         1   None             NA        0.0073            NA
  posterior_explained_by_snp dropped_trait   lead_snp
1                         NA      iradjbmi rs11064289
[1] "SPLICING EVENT"
[1] "chr12:6571032:6573074:clu_13543_-:ENSG00000111642.16"
Harmonising fat_distr (fat_distr) and Outcome (Outcome)
Harmonising fat_distr (fat_distr) and Outcome (Outcome)
[1] 413
[1] 413
  iteration traits posterior_prob regional_prob candidate_snp
1         1   None             NA        0.0073            NA
  posterior_explained_by_snp dropped_trait   lead_snp
1                         NA      iradjbmi rs11064289
[1] "SPLICING EVENT"
[1] "chr12:6578117:6578409:clu_13544_-:ENSG00000111642.16"
Harmonising fat_distr (fat_distr) and Outcome (Outcome)
Harmonising fat_distr (fat_distr) and Outcome (Outcome)
[1] 413
[1] 413
  iteration traits posterior_prob regional_prob candidate_snp
1         1   None             NA        0.0075            NA
  posterior_explained_by_snp dropped_trait   lead_snp
1                         NA      iradjbmi rs11064289
[1] "SPLICING EVENT"
[1] "chr12:6578137:6578409:clu_13544_-:ENSG00000111642.16"
Harmonising fat_distr (fat_distr) and Outcome (Outcome)
Harmonising fat_distr (fat_distr) and Outcome (Outcome)
[1] 413
[1] 413
  iteration traits posterior_prob regional_prob candidate_snp
1         1   None             NA        0.0078            NA
  posterior_explained_by_snp dropped_trait   lead_snp
1                         NA      iradjbmi rs11064289
[1] "SPLICING EVENT"
[1] "chr12:6578546:6578846:clu_13552_-:ENSG00000111642.16"
Harmonising fat_distr (fat_distr) and Outcome (Outcome)
Harmonising fat_distr (fat_distr) and Outcome (Outcome)
[1] 413
[1] 413
  iteration traits posterior_prob regional_prob candidate_snp
1         1   None             NA        0.0148            NA
  posterior_explained_by_snp dropped_trait   lead_snp
1                         NA      iradjbmi rs11064289
[1] "SPLICING EVENT"
[1] "chr12:6578917:6580278:clu_13553_-:ENSG00000111642.16"
Harmonising fat_distr (fat_distr) and Outcome (Outcome)
Harmonising fat_distr (fat_distr) and Outcome (Outcome)
[1] 413
[1] 413
  iteration                                                         traits
1         1 iradjbmi, chr12:6578917:6580278:clu_13553_-:ENSG00000111642.16
  posterior_prob regional_prob candidate_snp posterior_explained_by_snp
1         0.9651        0.9934    rs11539542                     0.6067
  dropped_trait   lead_snp
1            NA rs11064289
[1] "SPLICING EVENT"
[1] "chr12:6578917:6580582:clu_13553_-:ENSG00000111642.16"
Harmonising fat_distr (fat_distr) and Outcome (Outcome)
Harmonising fat_distr (fat_distr) and Outcome (Outcome)
[1] 413
[1] 413
  iteration traits posterior_prob regional_prob candidate_snp
1         1   None             NA        0.0081            NA
  posterior_explained_by_snp dropped_trait   lead_snp
1                         NA      iradjbmi rs11064289
[1] "SPLICING EVENT"
[1] "chr12:6578917:6581038:clu_13553_-:ENSG00000111642.16"
Harmonising fat_distr (fat_distr) and Outcome (Outcome)
Harmonising fat_distr (fat_distr) and Outcome (Outcome)
[1] 413
[1] 413
  iteration                                                         traits
1         1 iradjbmi, chr12:6578917:6581038:clu_13553_-:ENSG00000111642.16
  posterior_prob regional_prob candidate_snp posterior_explained_by_snp
1         0.9623        0.9928    rs16932801                     0.7873
  dropped_trait   lead_snp
1            NA rs11064289
[1] "SPLICING EVENT"
[1] "chr12:6578917:6581044:clu_13553_-:ENSG00000111642.16"
Harmonising fat_distr (fat_distr) and Outcome (Outcome)
Harmonising fat_distr (fat_distr) and Outcome (Outcome)
[1] 413
[1] 413
  iteration                                                         traits
1         1 iradjbmi, chr12:6578917:6581044:clu_13553_-:ENSG00000111642.16
  posterior_prob regional_prob candidate_snp posterior_explained_by_snp
1          0.958        0.9921     rs7316626                     0.5657
  dropped_trait   lead_snp
1            NA rs11064289
[1] "SPLICING EVENT"
[1] "chr12:6580679:6581044:clu_13553_-:ENSG00000111642.16"
Harmonising fat_distr (fat_distr) and Outcome (Outcome)
Harmonising fat_distr (fat_distr) and Outcome (Outcome)
[1] 413
[1] 413
  iteration                                                         traits
1         1 iradjbmi, chr12:6580679:6581044:clu_13553_-:ENSG00000111642.16
  posterior_prob regional_prob candidate_snp posterior_explained_by_snp
1         0.7435        0.7902    rs11539542                     0.7593
  dropped_trait   lead_snp
1            NA rs11064289
[1] "SPLICING EVENT"
[1] "chr12:6580929:6581044:clu_13553_-:ENSG00000111642.16"
Harmonising fat_distr (fat_distr) and Outcome (Outcome)
Harmonising fat_distr (fat_distr) and Outcome (Outcome)
[1] 413
[1] 413
  iteration                                                         traits
1         1 iradjbmi, chr12:6580929:6581044:clu_13553_-:ENSG00000111642.16
  posterior_prob regional_prob candidate_snp posterior_explained_by_snp
1         0.9558        0.9861    rs11064289                     0.3098
  dropped_trait   lead_snp
1            NA rs11064289
[1] "SPLICING EVENT"
[1] "chr12:6581385:6581649:clu_13555_-:ENSG00000111642.16"
Harmonising fat_distr (fat_distr) and Outcome (Outcome)
Harmonising fat_distr (fat_distr) and Outcome (Outcome)
[1] 413
[1] 413
  iteration traits posterior_prob regional_prob candidate_snp
1         1   None             NA        0.0081            NA
  posterior_explained_by_snp dropped_trait   lead_snp
1                         NA      iradjbmi rs11064289
[1] "SPLICING EVENT"
[1] "chr12:6581388:6581649:clu_13555_-:ENSG00000111642.16"
Harmonising fat_distr (fat_distr) and Outcome (Outcome)
Harmonising fat_distr (fat_distr) and Outcome (Outcome)
[1] 413
[1] 413
  iteration traits posterior_prob regional_prob candidate_snp
1         1   None             NA        0.0084            NA
  posterior_explained_by_snp dropped_trait   lead_snp
1                         NA      iradjbmi rs11064289
[1] "SPLICING EVENT"
[1] "chr12:6581814:6582137:clu_13556_-:ENSG00000111642.16"
Harmonising fat_distr (fat_distr) and Outcome (Outcome)
Harmonising fat_distr (fat_distr) and Outcome (Outcome)
[1] 413
[1] 413
  iteration traits posterior_prob regional_prob candidate_snp
1         1   None             NA        0.0073            NA
  posterior_explained_by_snp dropped_trait   lead_snp
1                         NA      iradjbmi rs11064289
[1] "SPLICING EVENT"
[1] "chr12:6582281:6582615:clu_13556_-:ENSG00000111642.16"
Harmonising fat_distr (fat_distr) and Outcome (Outcome)
Harmonising fat_distr (fat_distr) and Outcome (Outcome)
[1] 413
[1] 413
  iteration traits posterior_prob regional_prob candidate_snp
1         1   None             NA        0.0072            NA
  posterior_explained_by_snp dropped_trait   lead_snp
1                         NA      iradjbmi rs11064289
[1] "SPLICING EVENT"
[1] "chr12:6583113:6583196:clu_13557_-:ENSG00000111642.16"
Harmonising fat_distr (fat_distr) and Outcome (Outcome)
Harmonising fat_distr (fat_distr) and Outcome (Outcome)
[1] 413
[1] 413
  iteration traits posterior_prob regional_prob candidate_snp
1         1   None             NA        0.0076            NA
  posterior_explained_by_snp dropped_trait   lead_snp
1                         NA      iradjbmi rs11064289
[1] "SPLICING EVENT"
[1] "chr12:6583113:6583198:clu_13557_-:ENSG00000111642.16"
Harmonising fat_distr (fat_distr) and Outcome (Outcome)
Harmonising fat_distr (fat_distr) and Outcome (Outcome)
[1] 413
[1] 413
  iteration traits posterior_prob regional_prob candidate_snp
1         1   None             NA         0.008            NA
  posterior_explained_by_snp dropped_trait   lead_snp
1                         NA      iradjbmi rs11064289
[1] "SPLICING EVENT"
[1] "chr12:6583375:6587384:clu_13558_-:ENSG00000111642.16"
Harmonising fat_distr (fat_distr) and Outcome (Outcome)
Harmonising fat_distr (fat_distr) and Outcome (Outcome)
[1] 413
[1] 413
  iteration traits posterior_prob regional_prob candidate_snp
1         1   None             NA        0.0063            NA
  posterior_explained_by_snp dropped_trait   lead_snp
1                         NA      iradjbmi rs11064289
[1] "SPLICING EVENT"
[1] "chr12:6583378:6587384:clu_13558_-:ENSG00000111642.16"
Harmonising fat_distr (fat_distr) and Outcome (Outcome)
Harmonising fat_distr (fat_distr) and Outcome (Outcome)
[1] 413
[1] 413
  iteration traits posterior_prob regional_prob candidate_snp
1         1   None             NA        0.0063            NA
  posterior_explained_by_snp dropped_trait   lead_snp
1                         NA      iradjbmi rs11064289
[1] "SPLICING EVENT"
[1] "chr12:6591583:6591694:clu_13559_-:ENSG00000111642.16"
Harmonising fat_distr (fat_distr) and Outcome (Outcome)
Harmonising fat_distr (fat_distr) and Outcome (Outcome)
[1] 413
[1] 413
  iteration traits posterior_prob regional_prob candidate_snp
1         1   None             NA        0.0142            NA
  posterior_explained_by_snp dropped_trait   lead_snp
1                         NA      iradjbmi rs11064289
[1] "SPLICING EVENT"
[1] "chr12:6592057:6592393:clu_13560_-:ENSG00000111642.16"
Harmonising fat_distr (fat_distr) and Outcome (Outcome)
Harmonising fat_distr (fat_distr) and Outcome (Outcome)
[1] 413
[1] 413
  iteration traits posterior_prob regional_prob candidate_snp
1         1   None             NA         0.008            NA
  posterior_explained_by_snp dropped_trait   lead_snp
1                         NA      iradjbmi rs11064289
[1] "SPLICING EVENT"
[1] "chr12:6600356:6600534:clu_13562_-:ENSG00000111642.16"
Harmonising fat_distr (fat_distr) and Outcome (Outcome)
Harmonising fat_distr (fat_distr) and Outcome (Outcome)
[1] 413
[1] 413
  iteration traits posterior_prob regional_prob candidate_snp
1         1   None             NA        0.0104            NA
  posterior_explained_by_snp dropped_trait   lead_snp
1                         NA      iradjbmi rs11064289
[1] "SPLICING EVENT"
[1] "chr12:6600395:6600534:clu_13562_-:ENSG00000111642.16"
Harmonising fat_distr (fat_distr) and Outcome (Outcome)
Harmonising fat_distr (fat_distr) and Outcome (Outcome)
[1] 413
[1] 413
  iteration traits posterior_prob regional_prob candidate_snp
1         1   None             NA        0.0091            NA
  posterior_explained_by_snp dropped_trait   lead_snp
1                         NA      iradjbmi rs11064289
[1] "SPLICING EVENT"
[1] "chr12:6600669:6600926:clu_13563_-:ENSG00000111642.16"
Harmonising fat_distr (fat_distr) and Outcome (Outcome)
Harmonising fat_distr (fat_distr) and Outcome (Outcome)
[1] 413
[1] 413
  iteration traits posterior_prob regional_prob candidate_snp
1         1   None             NA         0.023            NA
  posterior_explained_by_snp dropped_trait   lead_snp
1                         NA      iradjbmi rs11064289
[1] "SPLICING EVENT"
[1] "chr12:6601053:6601289:clu_13563_-:ENSG00000111642.16"
Harmonising fat_distr (fat_distr) and Outcome (Outcome)
Harmonising fat_distr (fat_distr) and Outcome (Outcome)
[1] 413
[1] 413
  iteration traits posterior_prob regional_prob candidate_snp
1         1   None             NA        0.0329            NA
  posterior_explained_by_snp dropped_trait   lead_snp
1                         NA      iradjbmi rs11064289
[1] "SPLICING EVENT"
[1] "chr12:6602154:6602376:clu_13564_-:ENSG00000111642.16"
Harmonising fat_distr (fat_distr) and Outcome (Outcome)
Harmonising fat_distr (fat_distr) and Outcome (Outcome)
[1] 413
[1] 413
  iteration traits posterior_prob regional_prob candidate_snp
1         1   None             NA        0.0073            NA
  posterior_explained_by_snp dropped_trait   lead_snp
1                         NA      iradjbmi rs11064289
[1] "SPLICING EVENT"
[1] "chr12:6602175:6602376:clu_13564_-:ENSG00000111642.16"
Harmonising fat_distr (fat_distr) and Outcome (Outcome)
Harmonising fat_distr (fat_distr) and Outcome (Outcome)
[1] 413
[1] 413
  iteration traits posterior_prob regional_prob candidate_snp
1         1   None             NA        0.0075            NA
  posterior_explained_by_snp dropped_trait   lead_snp
1                         NA      iradjbmi rs11064289
[1] "SPLICING EVENT"
[1] "chr12:6606451:6607300:clu_13566_-:ENSG00000111642.16"
Harmonising fat_distr (fat_distr) and Outcome (Outcome)
Harmonising fat_distr (fat_distr) and Outcome (Outcome)
[1] 413
[1] 413
  iteration traits posterior_prob regional_prob candidate_snp
1         1   None             NA          0.05            NA
  posterior_explained_by_snp dropped_trait   lead_snp
1                         NA      iradjbmi rs11064289
[1] "SPLICING EVENT"
[1] "chr12:6607213:6607300:clu_13566_-:ENSG00000111642.16"
Harmonising fat_distr (fat_distr) and Outcome (Outcome)
Harmonising fat_distr (fat_distr) and Outcome (Outcome)
[1] 413
[1] 413
  iteration traits posterior_prob regional_prob candidate_snp
1         1   None             NA        0.0165            NA
  posterior_explained_by_snp dropped_trait   lead_snp
1                         NA      iradjbmi rs11064289
[1] "LEAD INDEX"
[1] 4
[1] "SPLICING EVENT"
[1] "chr12:20370244:20556660:clu_15707_+:ENSG00000172572.7"
Harmonising fat_distr (fat_distr) and Outcome (Outcome)
Harmonising fat_distr (fat_distr) and Outcome (Outcome)
[1] 494
[1] 494
  iteration traits posterior_prob regional_prob candidate_snp
1         1   None             NA        0.0075            NA
  posterior_explained_by_snp dropped_trait   lead_snp
1                         NA      iradjbmi rs11045171
[1] "SPLICING EVENT"
[1] "chr12:20646950:20648688:clu_15708_+:ENSG00000172572.7"
Harmonising fat_distr (fat_distr) and Outcome (Outcome)
Harmonising fat_distr (fat_distr) and Outcome (Outcome)
[1] 494
[1] 494
  iteration traits posterior_prob regional_prob candidate_snp
1         1   None             NA        0.0083            NA
  posterior_explained_by_snp dropped_trait   lead_snp
1                         NA      iradjbmi rs11045171
[1] "SPLICING EVENT"
[1] "chr12:20648891:20650445:clu_15708_+:ENSG00000172572.7"
Harmonising fat_distr (fat_distr) and Outcome (Outcome)
Harmonising fat_distr (fat_distr) and Outcome (Outcome)
[1] 494
[1] 494
  iteration traits posterior_prob regional_prob candidate_snp
1         1   None             NA        0.0082            NA
  posterior_explained_by_snp dropped_trait   lead_snp
1                         NA      iradjbmi rs11045171
[1] "SPLICING EVENT"
[1] "chr12:20654205:20680030:clu_15709_+:ENSG00000172572.7"
Harmonising fat_distr (fat_distr) and Outcome (Outcome)
Harmonising fat_distr (fat_distr) and Outcome (Outcome)
[1] 494
[1] 494
  iteration traits posterior_prob regional_prob candidate_snp
1         1   None             NA        0.0223            NA
  posterior_explained_by_snp dropped_trait   lead_snp
1                         NA      iradjbmi rs11045171
[1] "LEAD INDEX"
[1] 5
[1] "SPLICING EVENT"
[1] "chr12:20370244:20556660:clu_15707_+:ENSG00000172572.7"
Harmonising fat_distr (fat_distr) and Outcome (Outcome)
Harmonising fat_distr (fat_distr) and Outcome (Outcome)
[1] 491
[1] 491
  iteration traits posterior_prob regional_prob candidate_snp
1         1   None             NA        0.0075            NA
  posterior_explained_by_snp dropped_trait  lead_snp
1                         NA      iradjbmi rs7134150
[1] "SPLICING EVENT"
[1] "chr12:20646950:20648688:clu_15708_+:ENSG00000172572.7"
Harmonising fat_distr (fat_distr) and Outcome (Outcome)
Harmonising fat_distr (fat_distr) and Outcome (Outcome)
[1] 491
[1] 491
  iteration traits posterior_prob regional_prob candidate_snp
1         1   None             NA        0.0083            NA
  posterior_explained_by_snp dropped_trait  lead_snp
1                         NA      iradjbmi rs7134150
[1] "SPLICING EVENT"
[1] "chr12:20648891:20650445:clu_15708_+:ENSG00000172572.7"
Harmonising fat_distr (fat_distr) and Outcome (Outcome)
Harmonising fat_distr (fat_distr) and Outcome (Outcome)
[1] 491
[1] 491
  iteration traits posterior_prob regional_prob candidate_snp
1         1   None             NA        0.0082            NA
  posterior_explained_by_snp dropped_trait  lead_snp
1                         NA      iradjbmi rs7134150
[1] "SPLICING EVENT"
[1] "chr12:20654205:20680030:clu_15709_+:ENSG00000172572.7"
Harmonising fat_distr (fat_distr) and Outcome (Outcome)
Harmonising fat_distr (fat_distr) and Outcome (Outcome)
[1] 491
[1] 491
  iteration traits posterior_prob regional_prob candidate_snp
1         1   None             NA        0.0223            NA
  posterior_explained_by_snp dropped_trait  lead_snp
1                         NA      iradjbmi rs7134150
[1] "LEAD INDEX"
[1] 6
[1] "LEAD INDEX"
[1] 7
[1] "LEAD INDEX"
[1] 8
[1] "LEAD INDEX"
[1] 9
[1] "LEAD INDEX"
[1] 10
[1] "LEAD INDEX"
[1] 11
[1] "LEAD INDEX"
[1] 12
[1] "LEAD INDEX"
[1] 13
[1] "SPLICING EVENT"
[1] "chr12:123924288:123942744:clu_15176_-:ENSG00000119242.9"
Harmonising fat_distr (fat_distr) and Outcome (Outcome)
Harmonising fat_distr (fat_distr) and Outcome (Outcome)
[1] 408
[1] 408
  iteration                                                            traits
1         1 iradjbmi, chr12:123924288:123942744:clu_15176_-:ENSG00000119242.9
  posterior_prob regional_prob candidate_snp posterior_explained_by_snp
1           0.42        0.6297     rs7973683                     0.1166
  dropped_trait  lead_snp
1            NA rs7133378
[1] "SPLICING EVENT"
[1] "chr12:123937830:123942744:clu_15176_-:ENSG00000119242.9"
Harmonising fat_distr (fat_distr) and Outcome (Outcome)
Harmonising fat_distr (fat_distr) and Outcome (Outcome)
[1] 408
[1] 408
  iteration                                                            traits
1         1 iradjbmi, chr12:123937830:123942744:clu_15176_-:ENSG00000119242.9
  posterior_prob regional_prob candidate_snp posterior_explained_by_snp
1         0.4607        0.7307     rs7973683                     0.1282
  dropped_trait  lead_snp
1            NA rs7133378
[1] "SPLICING EVENT"
[1] "chr12:123943493:123944272:clu_15177_-:ENSG00000119242.9"
Harmonising fat_distr (fat_distr) and Outcome (Outcome)
Harmonising fat_distr (fat_distr) and Outcome (Outcome)
[1] 408
[1] 408
  iteration                                                            traits
1         1 iradjbmi, chr12:123943493:123944272:clu_15177_-:ENSG00000119242.9
  posterior_prob regional_prob candidate_snp posterior_explained_by_snp
1         0.9624             1     rs7975482                     0.2987
  dropped_trait  lead_snp
1            NA rs7133378
[1] "SPLICING EVENT"
[1] "chr12:123943493:123972529:clu_15177_-:ENSG00000119242.9"
Harmonising fat_distr (fat_distr) and Outcome (Outcome)
Harmonising fat_distr (fat_distr) and Outcome (Outcome)
[1] 408
[1] 408
  iteration traits posterior_prob regional_prob candidate_snp
1         1   None             NA        0.0882            NA
  posterior_explained_by_snp dropped_trait  lead_snp
1                         NA      iradjbmi rs7133378
[1] "SPLICING EVENT"
[1] "chr12:123944354:123972529:clu_15177_-:ENSG00000119242.9"
Harmonising fat_distr (fat_distr) and Outcome (Outcome)
Harmonising fat_distr (fat_distr) and Outcome (Outcome)
[1] 408
[1] 408
  iteration                                                            traits
1         1 iradjbmi, chr12:123944354:123972529:clu_15177_-:ENSG00000119242.9
  posterior_prob regional_prob candidate_snp posterior_explained_by_snp
1         0.8671        0.9788     rs7975482                     0.1554
  dropped_trait  lead_snp
1            NA rs7133378
[1] "SPLICING EVENT"
[1] "chr12:123944364:123944669:clu_15177_-:ENSG00000119242.9"
Harmonising fat_distr (fat_distr) and Outcome (Outcome)
Harmonising fat_distr (fat_distr) and Outcome (Outcome)
[1] 408
[1] 408
  iteration                                                            traits
1         1 iradjbmi, chr12:123944364:123944669:clu_15177_-:ENSG00000119242.9
  posterior_prob regional_prob candidate_snp posterior_explained_by_snp
1          0.543             1     rs4765148                     0.4838
  dropped_trait  lead_snp
1            NA rs7133378
[1] "SPLICING EVENT"
[1] "chr12:123944364:123945704:clu_15177_-:ENSG00000119242.9"
Harmonising fat_distr (fat_distr) and Outcome (Outcome)
Harmonising fat_distr (fat_distr) and Outcome (Outcome)
[1] 408
[1] 408
  iteration                                                            traits
1         1 iradjbmi, chr12:123944364:123945704:clu_15177_-:ENSG00000119242.9
  posterior_prob regional_prob candidate_snp posterior_explained_by_snp
1          0.503             1     rs2178663                     0.9985
  dropped_trait  lead_snp
1            NA rs7133378
[1] "SPLICING EVENT"
[1] "chr12:123944364:123956284:clu_15177_-:ENSG00000119242.9"
Harmonising fat_distr (fat_distr) and Outcome (Outcome)
Harmonising fat_distr (fat_distr) and Outcome (Outcome)
[1] 408
[1] 408
  iteration                                                            traits
1         1 iradjbmi, chr12:123944364:123956284:clu_15177_-:ENSG00000119242.9
  posterior_prob regional_prob candidate_snp posterior_explained_by_snp
1         0.6727        0.7659    rs11057397                     0.2374
  dropped_trait  lead_snp
1            NA rs7133378
[1] "SPLICING EVENT"
[1] "chr12:123944364:123972529:clu_15177_-:ENSG00000119242.9"
Harmonising fat_distr (fat_distr) and Outcome (Outcome)
Harmonising fat_distr (fat_distr) and Outcome (Outcome)
[1] 408
[1] 408
  iteration                                                            traits
1         1 iradjbmi, chr12:123944364:123972529:clu_15177_-:ENSG00000119242.9
  posterior_prob regional_prob candidate_snp posterior_explained_by_snp
1         0.5099             1     rs2178663                      0.868
  dropped_trait  lead_snp
1            NA rs7133378
[1] "SPLICING EVENT"
[1] "chr12:123944740:123945704:clu_15177_-:ENSG00000119242.9"
Harmonising fat_distr (fat_distr) and Outcome (Outcome)
Harmonising fat_distr (fat_distr) and Outcome (Outcome)
[1] 408
[1] 408
  iteration                                                            traits
1         1 iradjbmi, chr12:123944740:123945704:clu_15177_-:ENSG00000119242.9
  posterior_prob regional_prob candidate_snp posterior_explained_by_snp
1         0.5238             1     rs2178663                     0.5761
  dropped_trait  lead_snp
1            NA rs7133378
[1] "SPLICING EVENT"
[1] "chr12:123945800:123972529:clu_15177_-:ENSG00000119242.9"
Harmonising fat_distr (fat_distr) and Outcome (Outcome)
Harmonising fat_distr (fat_distr) and Outcome (Outcome)
[1] 408
[1] 408
  iteration                                                            traits
1         1 iradjbmi, chr12:123945800:123972529:clu_15177_-:ENSG00000119242.9
  posterior_prob regional_prob candidate_snp posterior_explained_by_snp
1         0.5029             1     rs2178663                          1
  dropped_trait  lead_snp
1            NA rs7133378
[1] "SPLICING EVENT"
[1] "chr12:123956444:123972529:clu_15177_-:ENSG00000119242.9"
Harmonising fat_distr (fat_distr) and Outcome (Outcome)
Harmonising fat_distr (fat_distr) and Outcome (Outcome)
[1] 408
[1] 408
  iteration                                                            traits
1         1 iradjbmi, chr12:123956444:123972529:clu_15177_-:ENSG00000119242.9
  posterior_prob regional_prob candidate_snp posterior_explained_by_snp
1         0.6072        0.6887     rs7973683                     0.2323
  dropped_trait  lead_snp
1            NA rs7133378
[1] "SPLICING EVENT"
[1] "chr12:123972972:123973886:clu_17057_+:ENSG00000179195.16"
Harmonising fat_distr (fat_distr) and Outcome (Outcome)
Harmonising fat_distr (fat_distr) and Outcome (Outcome)
[1] 408
[1] 408
  iteration traits posterior_prob regional_prob candidate_snp
1         1   None             NA        0.0128            NA
  posterior_explained_by_snp dropped_trait  lead_snp
1                         NA      iradjbmi rs7133378
[1] "SPLICING EVENT"
[1] "chr12:123973303:123973886:clu_17057_+:ENSG00000179195.16"
Harmonising fat_distr (fat_distr) and Outcome (Outcome)
Harmonising fat_distr (fat_distr) and Outcome (Outcome)
[1] 408
[1] 408
  iteration traits posterior_prob regional_prob candidate_snp
1         1   None             NA        0.0077            NA
  posterior_explained_by_snp dropped_trait  lead_snp
1                         NA      iradjbmi rs7133378
[1] "SPLICING EVENT"
[1] "chr12:123973352:123973886:clu_17057_+:ENSG00000179195.16"
Harmonising fat_distr (fat_distr) and Outcome (Outcome)
Harmonising fat_distr (fat_distr) and Outcome (Outcome)
[1] 408
[1] 408
  iteration traits posterior_prob regional_prob candidate_snp
1         1   None             NA          0.01            NA
  posterior_explained_by_snp dropped_trait  lead_snp
1                         NA      iradjbmi rs7133378
[1] "SPLICING EVENT"
[1] "chr12:123974020:123988043:clu_17058_+:ENSG00000179195.16"
Harmonising fat_distr (fat_distr) and Outcome (Outcome)
Harmonising fat_distr (fat_distr) and Outcome (Outcome)
[1] 408
[1] 408
  iteration traits posterior_prob regional_prob candidate_snp
1         1   None             NA        0.0535            NA
  posterior_explained_by_snp dropped_trait  lead_snp
1                         NA      iradjbmi rs7133378
[1] "SPLICING EVENT"
[1] "chr12:123974020:123988046:clu_17058_+:ENSG00000179195.16"
Harmonising fat_distr (fat_distr) and Outcome (Outcome)
Harmonising fat_distr (fat_distr) and Outcome (Outcome)
[1] 408
[1] 408
  iteration traits posterior_prob regional_prob candidate_snp
1         1   None             NA         0.007            NA
  posterior_explained_by_snp dropped_trait  lead_snp
1                         NA      iradjbmi rs7133378
[1] "SPLICING EVENT"
[1] "chr12:123974020:124011381:clu_17058_+:ENSG00000179195.16"
Harmonising fat_distr (fat_distr) and Outcome (Outcome)
Harmonising fat_distr (fat_distr) and Outcome (Outcome)
[1] 408
[1] 408
  iteration traits posterior_prob regional_prob candidate_snp
1         1   None             NA        0.0913            NA
  posterior_explained_by_snp dropped_trait  lead_snp
1                         NA      iradjbmi rs7133378
[1] "SPLICING EVENT"
[1] "chr12:123988138:124003423:clu_17058_+:ENSG00000179195.16"
Harmonising fat_distr (fat_distr) and Outcome (Outcome)
Harmonising fat_distr (fat_distr) and Outcome (Outcome)
[1] 408
[1] 408
  iteration traits posterior_prob regional_prob candidate_snp
1         1   None             NA        0.0078            NA
  posterior_explained_by_snp dropped_trait  lead_snp
1                         NA      iradjbmi rs7133378
[1] "SPLICING EVENT"
[1] "chr12:123988138:124003493:clu_17058_+:ENSG00000179195.16"
Harmonising fat_distr (fat_distr) and Outcome (Outcome)
Harmonising fat_distr (fat_distr) and Outcome (Outcome)
[1] 408
[1] 408
  iteration traits posterior_prob regional_prob candidate_snp
1         1   None             NA        0.0079            NA
  posterior_explained_by_snp dropped_trait  lead_snp
1                         NA      iradjbmi rs7133378
[1] "SPLICING EVENT"
[1] "chr12:123988138:124004878:clu_17058_+:ENSG00000179195.16"
Harmonising fat_distr (fat_distr) and Outcome (Outcome)
Harmonising fat_distr (fat_distr) and Outcome (Outcome)
[1] 408
[1] 408
  iteration traits posterior_prob regional_prob candidate_snp
1         1   None             NA         0.016            NA
  posterior_explained_by_snp dropped_trait  lead_snp
1                         NA      iradjbmi rs7133378
[1] "SPLICING EVENT"
[1] "chr12:123988138:124011381:clu_17058_+:ENSG00000179195.16"
Harmonising fat_distr (fat_distr) and Outcome (Outcome)
Harmonising fat_distr (fat_distr) and Outcome (Outcome)
[1] 408
[1] 408
  iteration traits posterior_prob regional_prob candidate_snp
1         1   None             NA        0.0297            NA
  posterior_explained_by_snp dropped_trait  lead_snp
1                         NA      iradjbmi rs7133378
[1] "SPLICING EVENT"
[1] "chr12:123988138:124088264:clu_17058_+:ENSG00000179195.16"
Harmonising fat_distr (fat_distr) and Outcome (Outcome)
Harmonising fat_distr (fat_distr) and Outcome (Outcome)
[1] 408
[1] 408
  iteration traits posterior_prob regional_prob candidate_snp
1         1   None             NA        0.0053            NA
  posterior_explained_by_snp dropped_trait  lead_snp
1                         NA      iradjbmi rs7133378
[1] "SPLICING EVENT"
[1] "chr12:124003540:124004554:clu_17058_+:ENSG00000179195.16"
Harmonising fat_distr (fat_distr) and Outcome (Outcome)
Harmonising fat_distr (fat_distr) and Outcome (Outcome)
[1] 408
[1] 408
  iteration traits posterior_prob regional_prob candidate_snp
1         1   None             NA        0.0133            NA
  posterior_explained_by_snp dropped_trait  lead_snp
1                         NA      iradjbmi rs7133378
[1] "SPLICING EVENT"
[1] "chr12:124003540:124004878:clu_17058_+:ENSG00000179195.16"
Harmonising fat_distr (fat_distr) and Outcome (Outcome)
Harmonising fat_distr (fat_distr) and Outcome (Outcome)
[1] 408
[1] 408
  iteration                                                             traits
1         1 iradjbmi, chr12:124003540:124004878:clu_17058_+:ENSG00000179195.16
  posterior_prob regional_prob candidate_snp posterior_explained_by_snp
1         0.9525             1     rs7975482                      0.188
  dropped_trait  lead_snp
1            NA rs7133378
[1] "SPLICING EVENT"
[1] "chr12:124004654:124004878:clu_17058_+:ENSG00000179195.16"
Harmonising fat_distr (fat_distr) and Outcome (Outcome)
Harmonising fat_distr (fat_distr) and Outcome (Outcome)
[1] 408
[1] 408
  iteration traits posterior_prob regional_prob candidate_snp
1         1   None             NA        0.3676            NA
  posterior_explained_by_snp dropped_trait  lead_snp
1                         NA      iradjbmi rs7133378
[1] "SPLICING EVENT"
[1] "chr12:124004935:124011381:clu_17058_+:ENSG00000179195.16"
Harmonising fat_distr (fat_distr) and Outcome (Outcome)
Harmonising fat_distr (fat_distr) and Outcome (Outcome)
[1] 408
[1] 408
  iteration traits posterior_prob regional_prob candidate_snp
1         1   None             NA        0.0192            NA
  posterior_explained_by_snp dropped_trait  lead_snp
1                         NA      iradjbmi rs7133378
[1] "LEAD INDEX"
[1] 14
[1] "CHROMOSOME"
[1] 13
[1] "LEAD INDEX"
[1] 1
[1] "SPLICING EVENT"
[1] "chr13:23181075:23191247:clu_17848_+:ENSG00000102683.8"
Harmonising fat_distr (fat_distr) and Outcome (Outcome)
Harmonising fat_distr (fat_distr) and Outcome (Outcome)
[1] 637
[1] 637
  iteration traits posterior_prob regional_prob candidate_snp
1         1   None             NA        0.0059            NA
  posterior_explained_by_snp dropped_trait  lead_snp
1                         NA      iradjbmi rs3829352
[1] "SPLICING EVENT"
[1] "chr13:23181075:23203695:clu_17848_+:ENSG00000102683.8"
Harmonising fat_distr (fat_distr) and Outcome (Outcome)
Harmonising fat_distr (fat_distr) and Outcome (Outcome)
[1] 637
[1] 637
  iteration traits posterior_prob regional_prob candidate_snp
1         1   None             NA        0.0286            NA
  posterior_explained_by_snp dropped_trait  lead_snp
1                         NA      iradjbmi rs3829352
[1] "SPLICING EVENT"
[1] "chr13:23191397:23203695:clu_17848_+:ENSG00000102683.8"
Harmonising fat_distr (fat_distr) and Outcome (Outcome)
Harmonising fat_distr (fat_distr) and Outcome (Outcome)
[1] 637
[1] 637
  iteration traits posterior_prob regional_prob candidate_snp
1         1   None             NA        0.0042            NA
  posterior_explained_by_snp dropped_trait  lead_snp
1                         NA      iradjbmi rs3829352
[1] "SPLICING EVENT"
[1] "chr13:23203889:23234611:clu_17848_+:ENSG00000102683.8"
Harmonising fat_distr (fat_distr) and Outcome (Outcome)
Harmonising fat_distr (fat_distr) and Outcome (Outcome)
[1] 637
[1] 637
  iteration traits posterior_prob regional_prob candidate_snp
1         1   None             NA        0.0048            NA
  posterior_explained_by_snp dropped_trait  lead_snp
1                         NA      iradjbmi rs3829352
[1] "SPLICING EVENT"
[1] "chr13:23250717:23279359:clu_17850_+:ENSG00000102683.8"
Harmonising fat_distr (fat_distr) and Outcome (Outcome)
Harmonising fat_distr (fat_distr) and Outcome (Outcome)
[1] 637
[1] 637
  iteration traits posterior_prob regional_prob candidate_snp
1         1   None             NA         0.008            NA
  posterior_explained_by_snp dropped_trait  lead_snp
1                         NA      iradjbmi rs3829352
[1] "SPLICING EVENT"
[1] "chr13:23279478:23295415:clu_17850_+:ENSG00000102683.8"
Harmonising fat_distr (fat_distr) and Outcome (Outcome)
Harmonising fat_distr (fat_distr) and Outcome (Outcome)
[1] 637
[1] 637
  iteration traits posterior_prob regional_prob candidate_snp
1         1   None             NA        0.0161            NA
  posterior_explained_by_snp dropped_trait  lead_snp
1                         NA      iradjbmi rs3829352
[1] "SPLICING EVENT"
[1] "chr13:23295487:23320637:clu_17851_+:ENSG00000102683.8"
Harmonising fat_distr (fat_distr) and Outcome (Outcome)
Harmonising fat_distr (fat_distr) and Outcome (Outcome)
[1] 637
[1] 637
  iteration traits posterior_prob regional_prob candidate_snp
1         1   None             NA        0.0063            NA
  posterior_explained_by_snp dropped_trait  lead_snp
1                         NA      iradjbmi rs3829352
[1] "SPLICING EVENT"
[1] "chr13:23320760:23324368:clu_17851_+:ENSG00000102683.8"
Harmonising fat_distr (fat_distr) and Outcome (Outcome)
Harmonising fat_distr (fat_distr) and Outcome (Outcome)
[1] 637
[1] 637
  iteration traits posterior_prob regional_prob candidate_snp
1         1   None             NA        0.0207            NA
  posterior_explained_by_snp dropped_trait  lead_snp
1                         NA      iradjbmi rs3829352
[1] "SPLICING EVENT"
[1] "chr13:23356007:23358335:clu_17226_-:ENSG00000151835.17"
Harmonising fat_distr (fat_distr) and Outcome (Outcome)
Harmonising fat_distr (fat_distr) and Outcome (Outcome)
[1] 637
[1] 637
  iteration traits posterior_prob regional_prob candidate_snp
1         1   None             NA         0.005            NA
  posterior_explained_by_snp dropped_trait  lead_snp
1                         NA      iradjbmi rs3829352
[1] "SPLICING EVENT"
[1] "chr13:23358481:23365166:clu_17226_-:ENSG00000151835.17"
Harmonising fat_distr (fat_distr) and Outcome (Outcome)
Harmonising fat_distr (fat_distr) and Outcome (Outcome)
[1] 637
[1] 637
  iteration traits posterior_prob regional_prob candidate_snp
1         1   None             NA        0.0054            NA
  posterior_explained_by_snp dropped_trait  lead_snp
1                         NA      iradjbmi rs3829352
[1] "SPLICING EVENT"
[1] "chr13:23368487:23371078:clu_17227_-:ENSG00000151835.17"
Harmonising fat_distr (fat_distr) and Outcome (Outcome)
Harmonising fat_distr (fat_distr) and Outcome (Outcome)
[1] 637
[1] 637
  iteration traits posterior_prob regional_prob candidate_snp
1         1   None             NA         0.005            NA
  posterior_explained_by_snp dropped_trait  lead_snp
1                         NA      iradjbmi rs3829352
[1] "SPLICING EVENT"
[1] "chr13:23371165:23375119:clu_17227_-:ENSG00000151835.17"
Harmonising fat_distr (fat_distr) and Outcome (Outcome)
Harmonising fat_distr (fat_distr) and Outcome (Outcome)
[1] 637
[1] 637
  iteration traits posterior_prob regional_prob candidate_snp
1         1   None             NA        0.0052            NA
  posterior_explained_by_snp dropped_trait  lead_snp
1                         NA      iradjbmi rs3829352
[1] "LEAD INDEX"
[1] 2
[1] "LEAD INDEX"
[1] 3
[1] "SPLICING EVENT"
[1] "chr13:113981858:113992485:clu_17809_-:ENSG00000185989.11"
Harmonising fat_distr (fat_distr) and Outcome (Outcome)
Harmonising fat_distr (fat_distr) and Outcome (Outcome)
[1] 246
[1] 246
  iteration traits posterior_prob regional_prob candidate_snp
1         1   None             NA        0.4666            NA
  posterior_explained_by_snp
1                         NA
                                             dropped_trait  lead_snp
1 chr13:113981858:113992485:clu_17809_-:ENSG00000185989.11 rs4393438
[1] "SPLICING EVENT"
[1] "chr13:113991358:113992485:clu_17809_-:ENSG00000185989.11"
Harmonising fat_distr (fat_distr) and Outcome (Outcome)
Harmonising fat_distr (fat_distr) and Outcome (Outcome)
[1] 246
[1] 246
  iteration traits posterior_prob regional_prob candidate_snp
1         1   None             NA        0.4686            NA
  posterior_explained_by_snp
1                         NA
                                             dropped_trait  lead_snp
1 chr13:113991358:113992485:clu_17809_-:ENSG00000185989.11 rs4393438
[1] "SPLICING EVENT"
[1] "chr13:114000932:114007524:clu_17810_-:ENSG00000185989.11"
Harmonising fat_distr (fat_distr) and Outcome (Outcome)
Harmonising fat_distr (fat_distr) and Outcome (Outcome)
[1] 246
[1] 246
  iteration traits posterior_prob regional_prob candidate_snp
1         1   None             NA        0.0073            NA
  posterior_explained_by_snp dropped_trait  lead_snp
1                         NA      iradjbmi rs4393438
[1] "SPLICING EVENT"
[1] "chr13:114000932:114007533:clu_17810_-:ENSG00000185989.11"
Harmonising fat_distr (fat_distr) and Outcome (Outcome)
Harmonising fat_distr (fat_distr) and Outcome (Outcome)
[1] 246
[1] 246
  iteration traits posterior_prob regional_prob candidate_snp
1         1   None             NA        0.0084            NA
  posterior_explained_by_snp dropped_trait  lead_snp
1                         NA      iradjbmi rs4393438
[1] "SPLICING EVENT"
[1] "chr13:114009464:114010904:clu_17811_-:ENSG00000185989.11"
Harmonising fat_distr (fat_distr) and Outcome (Outcome)
Harmonising fat_distr (fat_distr) and Outcome (Outcome)
[1] 246
[1] 246
  iteration traits posterior_prob regional_prob candidate_snp
1         1   None             NA        0.0206            NA
  posterior_explained_by_snp dropped_trait  lead_snp
1                         NA      iradjbmi rs4393438
[1] "SPLICING EVENT"
[1] "chr13:114009464:114011171:clu_17811_-:ENSG00000185989.11"
Harmonising fat_distr (fat_distr) and Outcome (Outcome)
Harmonising fat_distr (fat_distr) and Outcome (Outcome)
[1] 246
[1] 246
  iteration traits posterior_prob regional_prob candidate_snp
1         1   None             NA        0.0087            NA
  posterior_explained_by_snp dropped_trait  lead_snp
1                         NA      iradjbmi rs4393438
[1] "SPLICING EVENT"
[1] "chr13:114011111:114013142:clu_17814_-:ENSG00000185989.11"
Harmonising fat_distr (fat_distr) and Outcome (Outcome)
Harmonising fat_distr (fat_distr) and Outcome (Outcome)
[1] 246
[1] 246
  iteration traits posterior_prob regional_prob candidate_snp
1         1   None             NA        0.2025            NA
  posterior_explained_by_snp
1                         NA
                                             dropped_trait  lead_snp
1 chr13:114011111:114013142:clu_17814_-:ENSG00000185989.11 rs4393438
[1] "SPLICING EVENT"
[1] "chr13:114011248:114011338:clu_17814_-:ENSG00000185989.11"
Harmonising fat_distr (fat_distr) and Outcome (Outcome)
Harmonising fat_distr (fat_distr) and Outcome (Outcome)
[1] 246
[1] 246
  iteration traits posterior_prob regional_prob candidate_snp
1         1   None             NA        0.0062            NA
  posterior_explained_by_snp dropped_trait  lead_snp
1                         NA      iradjbmi rs4393438
[1] "SPLICING EVENT"
[1] "chr13:114011248:114013142:clu_17814_-:ENSG00000185989.11"
Harmonising fat_distr (fat_distr) and Outcome (Outcome)
Harmonising fat_distr (fat_distr) and Outcome (Outcome)
[1] 246
[1] 246
  iteration traits posterior_prob regional_prob candidate_snp
1         1   None             NA         0.203            NA
  posterior_explained_by_snp
1                         NA
                                             dropped_trait  lead_snp
1 chr13:114011248:114013142:clu_17814_-:ENSG00000185989.11 rs4393438
[1] "SPLICING EVENT"
[1] "chr13:114013248:114015209:clu_17815_-:ENSG00000185989.11"
Harmonising fat_distr (fat_distr) and Outcome (Outcome)
Harmonising fat_distr (fat_distr) and Outcome (Outcome)
[1] 246
[1] 246
  iteration traits posterior_prob regional_prob candidate_snp
1         1   None             NA         1e-04            NA
  posterior_explained_by_snp
1                         NA
                                             dropped_trait  lead_snp
1 chr13:114013248:114015209:clu_17815_-:ENSG00000185989.11 rs4393438
[1] "SPLICING EVENT"
[1] "chr13:114015332:114016197:clu_17816_-:ENSG00000185989.11"
Harmonising fat_distr (fat_distr) and Outcome (Outcome)
Harmonising fat_distr (fat_distr) and Outcome (Outcome)
[1] 246
[1] 246
  iteration traits posterior_prob regional_prob candidate_snp
1         1   None             NA        0.0117            NA
  posterior_explained_by_snp dropped_trait  lead_snp
1                         NA      iradjbmi rs4393438
[1] "SPLICING EVENT"
[1] "chr13:114017351:114018104:clu_17817_-:ENSG00000185989.11"
Harmonising fat_distr (fat_distr) and Outcome (Outcome)
Harmonising fat_distr (fat_distr) and Outcome (Outcome)
[1] 246
[1] 246
  iteration traits posterior_prob regional_prob candidate_snp
1         1   None             NA        0.0106            NA
  posterior_explained_by_snp dropped_trait  lead_snp
1                         NA      iradjbmi rs4393438
[1] "SPLICING EVENT"
[1] "chr13:114029887:114041000:clu_17812_-:ENSG00000185989.11"
Harmonising fat_distr (fat_distr) and Outcome (Outcome)
Harmonising fat_distr (fat_distr) and Outcome (Outcome)
[1] 246
[1] 246
  iteration traits posterior_prob regional_prob candidate_snp
1         1   None             NA         0.005            NA
  posterior_explained_by_snp dropped_trait  lead_snp
1                         NA      iradjbmi rs4393438
[1] "SPLICING EVENT"
[1] "chr13:114029887:114052052:clu_17812_-:ENSG00000185989.11"
Harmonising fat_distr (fat_distr) and Outcome (Outcome)
Harmonising fat_distr (fat_distr) and Outcome (Outcome)
[1] 246
[1] 246
  iteration                                                             traits
1         1 iradjbmi, chr13:114029887:114052052:clu_17812_-:ENSG00000185989.11
  posterior_prob regional_prob candidate_snp posterior_explained_by_snp
1         0.6595        0.6757     rs9525319                     0.2706
  dropped_trait  lead_snp
1            NA rs4393438
[1] "SPLICING EVENT"
[1] "chr13:114041094:114043474:clu_17812_-:ENSG00000185989.11"
Harmonising fat_distr (fat_distr) and Outcome (Outcome)
Harmonising fat_distr (fat_distr) and Outcome (Outcome)
[1] 246
[1] 246
  iteration traits posterior_prob regional_prob candidate_snp
1         1   None             NA         2e-04            NA
  posterior_explained_by_snp
1                         NA
                                             dropped_trait  lead_snp
1 chr13:114041094:114043474:clu_17812_-:ENSG00000185989.11 rs4393438
[1] "SPLICING EVENT"
[1] "chr13:114041094:114052052:clu_17812_-:ENSG00000185989.11"
Harmonising fat_distr (fat_distr) and Outcome (Outcome)
Harmonising fat_distr (fat_distr) and Outcome (Outcome)
[1] 246
[1] 246
  iteration traits posterior_prob regional_prob candidate_snp
1         1   None             NA        0.0052            NA
  posterior_explained_by_snp dropped_trait  lead_snp
1                         NA      iradjbmi rs4393438
[1] "SPLICING EVENT"
[1] "chr13:114052155:114056456:clu_17813_-:ENSG00000185989.11"
Harmonising fat_distr (fat_distr) and Outcome (Outcome)
Harmonising fat_distr (fat_distr) and Outcome (Outcome)
[1] 246
[1] 246
  iteration                                                             traits
1         1 iradjbmi, chr13:114052155:114056456:clu_17813_-:ENSG00000185989.11
  posterior_prob regional_prob candidate_snp posterior_explained_by_snp
1         0.3228        0.5014     rs1109630                     0.9479
  dropped_trait  lead_snp
1            NA rs4393438
[1] "SPLICING EVENT"
[1] "chr13:114052155:114073720:clu_17813_-:ENSG00000185989.11"
Harmonising fat_distr (fat_distr) and Outcome (Outcome)
Harmonising fat_distr (fat_distr) and Outcome (Outcome)
[1] 246
[1] 246
  iteration traits posterior_prob regional_prob candidate_snp
1         1   None             NA        0.4969            NA
  posterior_explained_by_snp
1                         NA
                                             dropped_trait  lead_snp
1 chr13:114052155:114073720:clu_17813_-:ENSG00000185989.11 rs4393438
[1] "CHROMOSOME"
[1] 14
[1] "LEAD INDEX"
[1] 1
[1] "CHROMOSOME"
[1] 15
[1] "LEAD INDEX"
[1] 1
[1] "LEAD INDEX"
[1] 2
[1] "SPLICING EVENT"
[1] "chr15:42725251:42725489:clu_20889_-:ENSG00000140326.13"
Harmonising fat_distr (fat_distr) and Outcome (Outcome)
Harmonising fat_distr (fat_distr) and Outcome (Outcome)
[1] 244
[1] 244
  iteration traits posterior_prob regional_prob candidate_snp
1         1   None             NA         0.016            NA
  posterior_explained_by_snp dropped_trait   lead_snp
1                         NA      iradjbmi rs12917018
[1] "SPLICING EVENT"
[1] "chr15:42725670:42726097:clu_20890_-:ENSG00000140326.13"
Harmonising fat_distr (fat_distr) and Outcome (Outcome)
Harmonising fat_distr (fat_distr) and Outcome (Outcome)
[1] 244
[1] 244
  iteration traits posterior_prob regional_prob candidate_snp
1         1   None             NA        0.0162            NA
  posterior_explained_by_snp dropped_trait   lead_snp
1                         NA      iradjbmi rs12917018
[1] "SPLICING EVENT"
[1] "chr15:42725670:42726310:clu_20890_-:ENSG00000140326.13"
Harmonising fat_distr (fat_distr) and Outcome (Outcome)
Harmonising fat_distr (fat_distr) and Outcome (Outcome)
[1] 244
[1] 244
  iteration traits posterior_prob regional_prob candidate_snp
1         1   None             NA        0.0146            NA
  posterior_explained_by_snp dropped_trait   lead_snp
1                         NA      iradjbmi rs12917018
[1] "SPLICING EVENT"
[1] "chr15:42726160:42726310:clu_20890_-:ENSG00000140326.13"
Harmonising fat_distr (fat_distr) and Outcome (Outcome)
Harmonising fat_distr (fat_distr) and Outcome (Outcome)
[1] 244
[1] 244
  iteration traits posterior_prob regional_prob candidate_snp
1         1   None             NA        0.0154            NA
  posterior_explained_by_snp dropped_trait   lead_snp
1                         NA      iradjbmi rs12917018
[1] "SPLICING EVENT"
[1] "chr15:42726417:42727621:clu_20891_-:ENSG00000140326.13"
Harmonising fat_distr (fat_distr) and Outcome (Outcome)
Harmonising fat_distr (fat_distr) and Outcome (Outcome)
[1] 244
[1] 244
  iteration traits posterior_prob regional_prob candidate_snp
1         1   None             NA        0.0164            NA
  posterior_explained_by_snp dropped_trait   lead_snp
1                         NA      iradjbmi rs12917018
[1] "SPLICING EVENT"
[1] "chr15:42726417:42727668:clu_20891_-:ENSG00000140326.13"
Harmonising fat_distr (fat_distr) and Outcome (Outcome)
Harmonising fat_distr (fat_distr) and Outcome (Outcome)
[1] 244
[1] 244
  iteration traits posterior_prob regional_prob candidate_snp
1         1   None             NA        0.0155            NA
  posterior_explained_by_snp dropped_trait   lead_snp
1                         NA      iradjbmi rs12917018
[1] "SPLICING EVENT"
[1] "chr15:42730764:42730925:clu_20897_-:ENSG00000140326.13"
Harmonising fat_distr (fat_distr) and Outcome (Outcome)
Harmonising fat_distr (fat_distr) and Outcome (Outcome)
[1] 244
[1] 244
  iteration traits posterior_prob regional_prob candidate_snp
1         1   None             NA        0.0147            NA
  posterior_explained_by_snp dropped_trait   lead_snp
1                         NA      iradjbmi rs12917018
[1] "SPLICING EVENT"
[1] "chr15:42730764:42730963:clu_20897_-:ENSG00000140326.13"
Harmonising fat_distr (fat_distr) and Outcome (Outcome)
Harmonising fat_distr (fat_distr) and Outcome (Outcome)
[1] 244
[1] 244
  iteration traits posterior_prob regional_prob candidate_snp
1         1   None             NA        0.0148            NA
  posterior_explained_by_snp dropped_trait   lead_snp
1                         NA      iradjbmi rs12917018
[1] "SPLICING EVENT"
[1] "chr15:42733186:42733938:clu_20898_-:ENSG00000140326.13"
Harmonising fat_distr (fat_distr) and Outcome (Outcome)
Harmonising fat_distr (fat_distr) and Outcome (Outcome)
[1] 244
[1] 244
  iteration traits posterior_prob regional_prob candidate_snp
1         1   None             NA        0.0163            NA
  posterior_explained_by_snp dropped_trait   lead_snp
1                         NA      iradjbmi rs12917018
[1] "SPLICING EVENT"
[1] "chr15:42734047:42734226:clu_20899_-:ENSG00000140326.13"
Harmonising fat_distr (fat_distr) and Outcome (Outcome)
Harmonising fat_distr (fat_distr) and Outcome (Outcome)
[1] 244
[1] 244
  iteration traits posterior_prob regional_prob candidate_snp
1         1   None             NA        0.0231            NA
  posterior_explained_by_snp dropped_trait   lead_snp
1                         NA      iradjbmi rs12917018
[1] "SPLICING EVENT"
[1] "chr15:42734047:42735100:clu_20899_-:ENSG00000140326.13"
Harmonising fat_distr (fat_distr) and Outcome (Outcome)
Harmonising fat_distr (fat_distr) and Outcome (Outcome)
[1] 244
[1] 244
  iteration traits posterior_prob regional_prob candidate_snp
1         1   None             NA         0.027            NA
  posterior_explained_by_snp dropped_trait   lead_snp
1                         NA      iradjbmi rs12917018
[1] "SPLICING EVENT"
[1] "chr15:42734346:42735100:clu_20899_-:ENSG00000140326.13"
Harmonising fat_distr (fat_distr) and Outcome (Outcome)
Harmonising fat_distr (fat_distr) and Outcome (Outcome)
[1] 244
[1] 244
  iteration traits posterior_prob regional_prob candidate_snp
1         1   None             NA        0.0153            NA
  posterior_explained_by_snp dropped_trait   lead_snp
1                         NA      iradjbmi rs12917018
[1] "SPLICING EVENT"
[1] "chr15:42735327:42735510:clu_20900_-:ENSG00000140326.13"
Harmonising fat_distr (fat_distr) and Outcome (Outcome)
Harmonising fat_distr (fat_distr) and Outcome (Outcome)
[1] 244
[1] 244
  iteration traits posterior_prob regional_prob candidate_snp
1         1   None             NA        0.0162            NA
  posterior_explained_by_snp dropped_trait   lead_snp
1                         NA      iradjbmi rs12917018
[1] "SPLICING EVENT"
[1] "chr15:42735374:42735510:clu_20900_-:ENSG00000140326.13"
Harmonising fat_distr (fat_distr) and Outcome (Outcome)
Harmonising fat_distr (fat_distr) and Outcome (Outcome)
[1] 244
[1] 244
  iteration traits posterior_prob regional_prob candidate_snp
1         1   None             NA        0.0158            NA
  posterior_explained_by_snp dropped_trait   lead_snp
1                         NA      iradjbmi rs12917018
[1] "SPLICING EVENT"
[1] "chr15:42735679:42735875:clu_20901_-:ENSG00000140326.13"
Harmonising fat_distr (fat_distr) and Outcome (Outcome)
Harmonising fat_distr (fat_distr) and Outcome (Outcome)
[1] 244
[1] 244
  iteration traits posterior_prob regional_prob candidate_snp
1         1   None             NA        0.0207            NA
  posterior_explained_by_snp dropped_trait   lead_snp
1                         NA      iradjbmi rs12917018
[1] "SPLICING EVENT"
[1] "chr15:42736078:42736302:clu_20902_-:ENSG00000140326.13"
Harmonising fat_distr (fat_distr) and Outcome (Outcome)
Harmonising fat_distr (fat_distr) and Outcome (Outcome)
[1] 244
[1] 244
  iteration traits posterior_prob regional_prob candidate_snp
1         1   None             NA        0.0147            NA
  posterior_explained_by_snp dropped_trait   lead_snp
1                         NA      iradjbmi rs12917018
[1] "SPLICING EVENT"
[1] "chr15:42736081:42736302:clu_20902_-:ENSG00000140326.13"
Harmonising fat_distr (fat_distr) and Outcome (Outcome)
Harmonising fat_distr (fat_distr) and Outcome (Outcome)
[1] 244
[1] 244
  iteration traits posterior_prob regional_prob candidate_snp
1         1   None             NA        0.0148            NA
  posterior_explained_by_snp dropped_trait   lead_snp
1                         NA      iradjbmi rs12917018
[1] "SPLICING EVENT"
[1] "chr15:42736780:42737013:clu_20902_-:ENSG00000140326.13"
Harmonising fat_distr (fat_distr) and Outcome (Outcome)
Harmonising fat_distr (fat_distr) and Outcome (Outcome)
[1] 244
[1] 244
  iteration traits posterior_prob regional_prob candidate_snp
1         1   None             NA        0.0157            NA
  posterior_explained_by_snp dropped_trait   lead_snp
1                         NA      iradjbmi rs12917018
[1] "SPLICING EVENT"
[1] "chr15:42783635:42794644:clu_20906_-:ENSG00000128881.18"
Harmonising fat_distr (fat_distr) and Outcome (Outcome)
Harmonising fat_distr (fat_distr) and Outcome (Outcome)
[1] 244
[1] 244
  iteration traits posterior_prob regional_prob candidate_snp
1         1   None             NA        0.0154            NA
  posterior_explained_by_snp dropped_trait   lead_snp
1                         NA      iradjbmi rs12917018
[1] "SPLICING EVENT"
[1] "chr15:42794801:42810614:clu_20906_-:ENSG00000128881.18"
Harmonising fat_distr (fat_distr) and Outcome (Outcome)
Harmonising fat_distr (fat_distr) and Outcome (Outcome)
[1] 244
[1] 244
  iteration traits posterior_prob regional_prob candidate_snp
1         1   None             NA        0.0156            NA
  posterior_explained_by_snp dropped_trait   lead_snp
1                         NA      iradjbmi rs12917018
[1] "SPLICING EVENT"
[1] "chr15:42810739:42811688:clu_20906_-:ENSG00000128881.18"
Harmonising fat_distr (fat_distr) and Outcome (Outcome)
Harmonising fat_distr (fat_distr) and Outcome (Outcome)
[1] 244
[1] 244
  iteration traits posterior_prob regional_prob candidate_snp
1         1   None             NA        0.0149            NA
  posterior_explained_by_snp dropped_trait   lead_snp
1                         NA      iradjbmi rs12917018
[1] "SPLICING EVENT"
[1] "chr15:42830078:42840360:clu_20908_-:ENSG00000128881.18"
Harmonising fat_distr (fat_distr) and Outcome (Outcome)
Harmonising fat_distr (fat_distr) and Outcome (Outcome)
[1] 244
[1] 244
  iteration traits posterior_prob regional_prob candidate_snp
1         1   None             NA        0.0146            NA
  posterior_explained_by_snp dropped_trait   lead_snp
1                         NA      iradjbmi rs12917018
[1] "SPLICING EVENT"
[1] "chr15:42840433:42871445:clu_20908_-:ENSG00000128881.18"
Harmonising fat_distr (fat_distr) and Outcome (Outcome)
Harmonising fat_distr (fat_distr) and Outcome (Outcome)
[1] 244
[1] 244
  iteration traits posterior_prob regional_prob candidate_snp
1         1   None             NA        0.0201            NA
  posterior_explained_by_snp dropped_trait   lead_snp
1                         NA      iradjbmi rs12917018
[1] "SPLICING EVENT"
[1] "chr15:42840433:42872611:clu_20908_-:ENSG00000128881.18"
Harmonising fat_distr (fat_distr) and Outcome (Outcome)
Harmonising fat_distr (fat_distr) and Outcome (Outcome)
[1] 244
[1] 244
  iteration traits posterior_prob regional_prob candidate_snp
1         1   None             NA        0.0319            NA
  posterior_explained_by_snp dropped_trait   lead_snp
1                         NA      iradjbmi rs12917018
[1] "SPLICING EVENT"
[1] "chr15:42872758:42878549:clu_20908_-:ENSG00000128881.18"
Harmonising fat_distr (fat_distr) and Outcome (Outcome)
Harmonising fat_distr (fat_distr) and Outcome (Outcome)
[1] 244
[1] 244
  iteration traits posterior_prob regional_prob candidate_snp
1         1   None             NA        0.0153            NA
  posterior_explained_by_snp dropped_trait   lead_snp
1                         NA      iradjbmi rs12917018
[1] "LEAD INDEX"
[1] 3
[1] "SPLICING EVENT"
[1] "chr15:39581228:39581708:clu_22072_+:ENSG00000137801.11"
Harmonising fat_distr (fat_distr) and Outcome (Outcome)
Removing the following SNPs for incompatible alleles:
chr15:39634951
Harmonising fat_distr (fat_distr) and Outcome (Outcome)
[1] 573
[1] 573
  iteration traits posterior_prob regional_prob candidate_snp
1         1   None             NA        0.0118            NA
  posterior_explained_by_snp dropped_trait lead_snp
1                         NA      iradjbmi rs275184
[1] "SPLICING EVENT"
[1] "chr15:39581228:39581829:clu_22072_+:ENSG00000137801.11"
Harmonising fat_distr (fat_distr) and Outcome (Outcome)
Removing the following SNPs for incompatible alleles:
chr15:39634951
Harmonising fat_distr (fat_distr) and Outcome (Outcome)
[1] 573
[1] 573
  iteration traits posterior_prob regional_prob candidate_snp
1         1   None             NA        0.0088            NA
  posterior_explained_by_snp dropped_trait lead_snp
1                         NA      iradjbmi rs275184
[1] "SPLICING EVENT"
[1] "chr15:39585563:39587347:clu_22073_+:ENSG00000137801.11"
Harmonising fat_distr (fat_distr) and Outcome (Outcome)
Removing the following SNPs for incompatible alleles:
chr15:39634951
Harmonising fat_distr (fat_distr) and Outcome (Outcome)
[1] 573
[1] 573
  iteration traits posterior_prob regional_prob candidate_snp
1         1   None             NA        0.0229            NA
  posterior_explained_by_snp dropped_trait lead_snp
1                         NA      iradjbmi rs275184
[1] "SPLICING EVENT"
[1] "chr15:39588218:39588526:clu_22074_+:ENSG00000137801.11"
Harmonising fat_distr (fat_distr) and Outcome (Outcome)
Removing the following SNPs for incompatible alleles:
chr15:39634951
Harmonising fat_distr (fat_distr) and Outcome (Outcome)
[1] 573
[1] 573
  iteration traits posterior_prob regional_prob candidate_snp
1         1   None             NA        0.0501            NA
  posterior_explained_by_snp dropped_trait lead_snp
1                         NA      iradjbmi rs275184
[1] "SPLICING EVENT"
[1] "chr15:39588218:39588959:clu_22074_+:ENSG00000137801.11"
Harmonising fat_distr (fat_distr) and Outcome (Outcome)
Removing the following SNPs for incompatible alleles:
chr15:39634951
Harmonising fat_distr (fat_distr) and Outcome (Outcome)
[1] 573
[1] 573
  iteration traits posterior_prob regional_prob candidate_snp
1         1   None             NA        0.0106            NA
  posterior_explained_by_snp dropped_trait lead_snp
1                         NA      iradjbmi rs275184
[1] "SPLICING EVENT"
[1] "chr15:39588699:39588959:clu_22074_+:ENSG00000137801.11"
Harmonising fat_distr (fat_distr) and Outcome (Outcome)
Removing the following SNPs for incompatible alleles:
chr15:39634951
Harmonising fat_distr (fat_distr) and Outcome (Outcome)
[1] 573
[1] 573
  iteration traits posterior_prob regional_prob candidate_snp
1         1   None             NA        0.0378            NA
  posterior_explained_by_snp dropped_trait lead_snp
1                         NA      iradjbmi rs275184
[1] "SPLICING EVENT"
[1] "chr15:39590023:39590443:clu_22075_+:ENSG00000137801.11"
Harmonising fat_distr (fat_distr) and Outcome (Outcome)
Removing the following SNPs for incompatible alleles:
chr15:39634951
Harmonising fat_distr (fat_distr) and Outcome (Outcome)
[1] 573
[1] 573
  iteration traits posterior_prob regional_prob candidate_snp
1         1   None             NA        0.0071            NA
  posterior_explained_by_snp dropped_trait lead_snp
1                         NA      iradjbmi rs275184
[1] "SPLICING EVENT"
[1] "chr15:39590023:39590516:clu_22075_+:ENSG00000137801.11"
Harmonising fat_distr (fat_distr) and Outcome (Outcome)
Removing the following SNPs for incompatible alleles:
chr15:39634951
Harmonising fat_distr (fat_distr) and Outcome (Outcome)
[1] 573
[1] 573
  iteration traits posterior_prob regional_prob candidate_snp
1         1   None             NA        0.0086            NA
  posterior_explained_by_snp dropped_trait lead_snp
1                         NA      iradjbmi rs275184
[1] "LEAD INDEX"
[1] 4
[1] "LEAD INDEX"
[1] 5
[1] "SPLICING EVENT"
[1] "chr15:61507240:61589916:clu_21241_-:ENSG00000259616.2"
Harmonising fat_distr (fat_distr) and Outcome (Outcome)
Harmonising fat_distr (fat_distr) and Outcome (Outcome)
[1] 528
[1] 528
  iteration traits posterior_prob regional_prob candidate_snp
1         1   None             NA        0.0215            NA
  posterior_explained_by_snp dropped_trait  lead_snp
1                         NA      iradjbmi rs4775426
[1] "SPLICING EVENT"
[1] "chr15:61590003:61635415:clu_21242_-:ENSG00000259616.2"
Harmonising fat_distr (fat_distr) and Outcome (Outcome)
Harmonising fat_distr (fat_distr) and Outcome (Outcome)
[1] 528
[1] 528
  iteration                                                          traits
1         1 iradjbmi, chr15:61590003:61635415:clu_21242_-:ENSG00000259616.2
  posterior_prob regional_prob candidate_snp posterior_explained_by_snp
1         0.9913         0.999     rs2245899                     0.5259
  dropped_trait  lead_snp
1            NA rs4775426
[1] "SPLICING EVENT"
[1] "chr15:61635489:61653189:clu_21242_-:ENSG00000259616.2"
Harmonising fat_distr (fat_distr) and Outcome (Outcome)
Harmonising fat_distr (fat_distr) and Outcome (Outcome)
[1] 528
[1] 528
  iteration                                                          traits
1         1 iradjbmi, chr15:61635489:61653189:clu_21242_-:ENSG00000259616.2
  posterior_prob regional_prob candidate_snp posterior_explained_by_snp
1         0.9649        0.9772     rs4775426                     0.4452
  dropped_trait  lead_snp
1            NA rs4775426
[1] "SPLICING EVENT"
[1] "chr15:61639712:61653189:clu_21242_-:ENSG00000259616.2"
Harmonising fat_distr (fat_distr) and Outcome (Outcome)
Harmonising fat_distr (fat_distr) and Outcome (Outcome)
[1] 528
[1] 528
  iteration traits posterior_prob regional_prob candidate_snp
1         1   None             NA        0.0235            NA
  posterior_explained_by_snp dropped_trait  lead_snp
1                         NA      iradjbmi rs4775426
[1] "SPLICING EVENT"
[1] "chr15:61590003:61635415:clu_21242_-:ENSG00000259675.3"
Harmonising fat_distr (fat_distr) and Outcome (Outcome)
Harmonising fat_distr (fat_distr) and Outcome (Outcome)
[1] 528
[1] 528
  iteration                                                          traits
1         1 iradjbmi, chr15:61590003:61635415:clu_21242_-:ENSG00000259675.3
  posterior_prob regional_prob candidate_snp posterior_explained_by_snp
1         0.9913         0.999     rs2245899                     0.5259
  dropped_trait  lead_snp
1            NA rs4775426
[1] "SPLICING EVENT"
[1] "chr15:61635489:61653189:clu_21242_-:ENSG00000259675.3"
Harmonising fat_distr (fat_distr) and Outcome (Outcome)
Harmonising fat_distr (fat_distr) and Outcome (Outcome)
[1] 528
[1] 528
  iteration                                                          traits
1         1 iradjbmi, chr15:61635489:61653189:clu_21242_-:ENSG00000259675.3
  posterior_prob regional_prob candidate_snp posterior_explained_by_snp
1         0.9649        0.9772     rs4775426                     0.4452
  dropped_trait  lead_snp
1            NA rs4775426
[1] "SPLICING EVENT"
[1] "chr15:61639712:61653189:clu_21242_-:ENSG00000259675.3"
Harmonising fat_distr (fat_distr) and Outcome (Outcome)
Harmonising fat_distr (fat_distr) and Outcome (Outcome)
[1] 528
[1] 528
  iteration traits posterior_prob regional_prob candidate_snp
1         1   None             NA        0.0235            NA
  posterior_explained_by_snp dropped_trait  lead_snp
1                         NA      iradjbmi rs4775426
[1] "LEAD INDEX"
[1] 6
[1] "SPLICING EVENT"
[1] "chr15:63042943:63043706:clu_22395_+:ENSG00000140416.23"
Harmonising fat_distr (fat_distr) and Outcome (Outcome)
Harmonising fat_distr (fat_distr) and Outcome (Outcome)
[1] 491
[1] 491
  iteration traits posterior_prob regional_prob candidate_snp
1         1   None             NA         0.007            NA
  posterior_explained_by_snp dropped_trait  lead_snp
1                         NA      iradjbmi rs2729827
[1] "SPLICING EVENT"
[1] "chr15:63042943:63044027:clu_22395_+:ENSG00000140416.23"
Harmonising fat_distr (fat_distr) and Outcome (Outcome)
Harmonising fat_distr (fat_distr) and Outcome (Outcome)
[1] 491
[1] 491
  iteration traits posterior_prob regional_prob candidate_snp
1         1   None             NA        0.0066            NA
  posterior_explained_by_snp dropped_trait  lead_snp
1                         NA      iradjbmi rs2729827
[1] "SPLICING EVENT"
[1] "chr15:63043831:63056985:clu_22396_+:ENSG00000140416.23"
Harmonising fat_distr (fat_distr) and Outcome (Outcome)
Harmonising fat_distr (fat_distr) and Outcome (Outcome)
[1] 491
[1] 491
  iteration traits posterior_prob regional_prob candidate_snp
1         1   None             NA        0.0572            NA
  posterior_explained_by_snp dropped_trait  lead_snp
1                         NA      iradjbmi rs2729827
[1] "SPLICING EVENT"
[1] "chr15:63044152:63056985:clu_22396_+:ENSG00000140416.23"
Harmonising fat_distr (fat_distr) and Outcome (Outcome)
Harmonising fat_distr (fat_distr) and Outcome (Outcome)
[1] 491
[1] 491
  iteration traits posterior_prob regional_prob candidate_snp
1         1   None             NA        0.0561            NA
  posterior_explained_by_snp dropped_trait  lead_snp
1                         NA      iradjbmi rs2729827
[1] "SPLICING EVENT"
[1] "chr15:63048707:63056985:clu_22396_+:ENSG00000140416.23"
Harmonising fat_distr (fat_distr) and Outcome (Outcome)
Harmonising fat_distr (fat_distr) and Outcome (Outcome)
[1] 491
[1] 491
  iteration                                                           traits
1         1 iradjbmi, chr15:63048707:63056985:clu_22396_+:ENSG00000140416.23
  posterior_prob regional_prob candidate_snp posterior_explained_by_snp
1         0.9758        0.9976     rs4775614                     0.3151
  dropped_trait  lead_snp
1            NA rs2729827
[1] "SPLICING EVENT"
[1] "chr15:63057118:63059563:clu_22397_+:ENSG00000140416.23"
Harmonising fat_distr (fat_distr) and Outcome (Outcome)
Harmonising fat_distr (fat_distr) and Outcome (Outcome)
[1] 491
[1] 491
  iteration traits posterior_prob regional_prob candidate_snp
1         1   None             NA        0.0101            NA
  posterior_explained_by_snp dropped_trait  lead_snp
1                         NA      iradjbmi rs2729827
[1] "SPLICING EVENT"
[1] "chr15:63060939:63061198:clu_22398_+:ENSG00000140416.23"
Harmonising fat_distr (fat_distr) and Outcome (Outcome)
Harmonising fat_distr (fat_distr) and Outcome (Outcome)
[1] 491
[1] 491
  iteration traits posterior_prob regional_prob candidate_snp
1         1   None             NA        0.0108            NA
  posterior_explained_by_snp dropped_trait  lead_snp
1                         NA      iradjbmi rs2729827
[1] "SPLICING EVENT"
[1] "chr15:63060939:63061713:clu_22398_+:ENSG00000140416.23"
Harmonising fat_distr (fat_distr) and Outcome (Outcome)
Harmonising fat_distr (fat_distr) and Outcome (Outcome)
[1] 491
[1] 491
  iteration traits posterior_prob regional_prob candidate_snp
1         1   None             NA        0.0139            NA
  posterior_explained_by_snp dropped_trait  lead_snp
1                         NA      iradjbmi rs2729827
[1] "SPLICING EVENT"
[1] "chr15:63061273:63061713:clu_22398_+:ENSG00000140416.23"
Harmonising fat_distr (fat_distr) and Outcome (Outcome)
Harmonising fat_distr (fat_distr) and Outcome (Outcome)
[1] 491
[1] 491
  iteration traits posterior_prob regional_prob candidate_snp
1         1   None             NA        0.0559            NA
  posterior_explained_by_snp dropped_trait  lead_snp
1                         NA      iradjbmi rs2729827
[1] "SPLICING EVENT"
[1] "chr15:63061273:63062215:clu_22398_+:ENSG00000140416.23"
Harmonising fat_distr (fat_distr) and Outcome (Outcome)
Harmonising fat_distr (fat_distr) and Outcome (Outcome)
[1] 491
[1] 491
  iteration traits posterior_prob regional_prob candidate_snp
1         1   None             NA        0.0133            NA
  posterior_explained_by_snp dropped_trait  lead_snp
1                         NA      iradjbmi rs2729827
[1] "SPLICING EVENT"
[1] "chr15:63061788:63062215:clu_22398_+:ENSG00000140416.23"
Harmonising fat_distr (fat_distr) and Outcome (Outcome)
Harmonising fat_distr (fat_distr) and Outcome (Outcome)
[1] 491
[1] 491
  iteration traits posterior_prob regional_prob candidate_snp
1         1   None             NA        0.0078            NA
  posterior_explained_by_snp dropped_trait  lead_snp
1                         NA      iradjbmi rs2729827
[1] "SPLICING EVENT"
[1] "chr15:63062645:63064064:clu_22399_+:ENSG00000140416.23"
Harmonising fat_distr (fat_distr) and Outcome (Outcome)
Harmonising fat_distr (fat_distr) and Outcome (Outcome)
[1] 491
[1] 491
  iteration traits posterior_prob regional_prob candidate_snp
1         1   None             NA        0.0282            NA
  posterior_explained_by_snp dropped_trait  lead_snp
1                         NA      iradjbmi rs2729827
[1] "SPLICING EVENT"
[1] "chr15:63062645:63071090:clu_22399_+:ENSG00000140416.23"
Harmonising fat_distr (fat_distr) and Outcome (Outcome)
Harmonising fat_distr (fat_distr) and Outcome (Outcome)
[1] 491
[1] 491
  iteration traits posterior_prob regional_prob candidate_snp
1         1   None             NA        0.0279            NA
  posterior_explained_by_snp dropped_trait  lead_snp
1                         NA      iradjbmi rs2729827
[1] "LEAD INDEX"
[1] 7
[1] "LEAD INDEX"
[1] 8
[1] "LEAD INDEX"
[1] 9
[1] "CHROMOSOME"
[1] 16
[1] "LEAD INDEX"
[1] 1
[1] "SPLICING EVENT"
[1] "chr16:56363056:56363921:clu_23975_-:ENSG00000159461.15"
Harmonising fat_distr (fat_distr) and Outcome (Outcome)
Harmonising fat_distr (fat_distr) and Outcome (Outcome)
[1] 315
[1] 315
  iteration traits posterior_prob regional_prob candidate_snp
1         1   None             NA        0.0078            NA
  posterior_explained_by_snp dropped_trait  lead_snp
1                         NA      iradjbmi rs9937484
[1] "SPLICING EVENT"
[1] "chr16:56386022:56389185:clu_23976_-:ENSG00000159461.15"
Harmonising fat_distr (fat_distr) and Outcome (Outcome)
Harmonising fat_distr (fat_distr) and Outcome (Outcome)
[1] 315
[1] 315
  iteration traits posterior_prob regional_prob candidate_snp
1         1   None             NA         0.012            NA
  posterior_explained_by_snp dropped_trait  lead_snp
1                         NA      iradjbmi rs9937484
[1] "SPLICING EVENT"
[1] "chr16:56388853:56389185:clu_23976_-:ENSG00000159461.15"
Harmonising fat_distr (fat_distr) and Outcome (Outcome)
Harmonising fat_distr (fat_distr) and Outcome (Outcome)
[1] 315
[1] 315
  iteration traits posterior_prob regional_prob candidate_snp
1         1   None             NA        0.0111            NA
  posterior_explained_by_snp dropped_trait  lead_snp
1                         NA      iradjbmi rs9937484
[1] "SPLICING EVENT"
[1] "chr16:56409588:56414252:clu_23977_-:ENSG00000159461.15"
Harmonising fat_distr (fat_distr) and Outcome (Outcome)
Harmonising fat_distr (fat_distr) and Outcome (Outcome)
[1] 315
[1] 315
  iteration traits posterior_prob regional_prob candidate_snp
1         1   None             NA        0.0061            NA
  posterior_explained_by_snp dropped_trait  lead_snp
1                         NA      iradjbmi rs9937484
[1] "SPLICING EVENT"
[1] "chr16:56414344:56425073:clu_23978_-:ENSG00000159461.15"
Harmonising fat_distr (fat_distr) and Outcome (Outcome)
Harmonising fat_distr (fat_distr) and Outcome (Outcome)
[1] 315
[1] 315
  iteration traits posterior_prob regional_prob candidate_snp
1         1   None             NA        0.0283            NA
  posterior_explained_by_snp dropped_trait  lead_snp
1                         NA      iradjbmi rs9937484
[1] "SPLICING EVENT"
[1] "chr16:56432733:56434331:clu_23978_-:ENSG00000159461.15"
Harmonising fat_distr (fat_distr) and Outcome (Outcome)
Harmonising fat_distr (fat_distr) and Outcome (Outcome)
[1] 315
[1] 315
  iteration traits posterior_prob regional_prob candidate_snp
1         1   None             NA        0.0377            NA
  posterior_explained_by_snp dropped_trait  lead_snp
1                         NA      iradjbmi rs9937484
[1] "SPLICING EVENT"
[1] "chr16:56414344:56425073:clu_23978_-:ENSG00000167005.14"
Harmonising fat_distr (fat_distr) and Outcome (Outcome)
Harmonising fat_distr (fat_distr) and Outcome (Outcome)
[1] 315
[1] 315
  iteration traits posterior_prob regional_prob candidate_snp
1         1   None             NA        0.0283            NA
  posterior_explained_by_snp dropped_trait  lead_snp
1                         NA      iradjbmi rs9937484
[1] "SPLICING EVENT"
[1] "chr16:56432733:56434331:clu_23978_-:ENSG00000167005.14"
Harmonising fat_distr (fat_distr) and Outcome (Outcome)
Harmonising fat_distr (fat_distr) and Outcome (Outcome)
[1] 315
[1] 315
  iteration traits posterior_prob regional_prob candidate_snp
1         1   None             NA        0.0377            NA
  posterior_explained_by_snp dropped_trait  lead_snp
1                         NA      iradjbmi rs9937484
[1] "SPLICING EVENT"
[1] "chr16:56434829:56439657:clu_23979_-:ENSG00000167005.14"
Harmonising fat_distr (fat_distr) and Outcome (Outcome)
Harmonising fat_distr (fat_distr) and Outcome (Outcome)
[1] 315
[1] 315
  iteration traits posterior_prob regional_prob candidate_snp
1         1   None             NA        0.0065            NA
  posterior_explained_by_snp dropped_trait  lead_snp
1                         NA      iradjbmi rs9937484
[1] "SPLICING EVENT"
[1] "chr16:56439496:56439657:clu_23979_-:ENSG00000167005.14"
Harmonising fat_distr (fat_distr) and Outcome (Outcome)
Harmonising fat_distr (fat_distr) and Outcome (Outcome)
[1] 315
[1] 315
  iteration traits posterior_prob regional_prob candidate_snp
1         1   None             NA        0.0062            NA
  posterior_explained_by_snp dropped_trait  lead_snp
1                         NA      iradjbmi rs9937484
[1] "LEAD INDEX"
[1] 2
[1] "LEAD INDEX"
[1] 3
[1] "SPLICING EVENT"
[1] "chr16:15044407:15046357:clu_23490_-:ENSG00000157045.9"
Harmonising fat_distr (fat_distr) and Outcome (Outcome)
Harmonising fat_distr (fat_distr) and Outcome (Outcome)
[1] 101
[1] 101
  iteration traits posterior_prob regional_prob candidate_snp
1         1   None             NA             1            NA
  posterior_explained_by_snp
1                         NA
                                          dropped_trait   lead_snp
1 chr16:15044407:15046357:clu_23490_-:ENSG00000157045.9 rs11075253
[1] "SPLICING EVENT"
[1] "chr16:15044407:15047418:clu_23490_-:ENSG00000157045.9"
Harmonising fat_distr (fat_distr) and Outcome (Outcome)
Harmonising fat_distr (fat_distr) and Outcome (Outcome)
[1] 101
[1] 101
  iteration traits posterior_prob regional_prob candidate_snp
1         1   None             NA        0.0103            NA
  posterior_explained_by_snp dropped_trait   lead_snp
1                         NA      iradjbmi rs11075253
[1] "SPLICING EVENT"
[1] "chr16:15044407:15047442:clu_23490_-:ENSG00000157045.9"
Harmonising fat_distr (fat_distr) and Outcome (Outcome)
Harmonising fat_distr (fat_distr) and Outcome (Outcome)
[1] 101
[1] 101
  iteration traits posterior_prob regional_prob candidate_snp
1         1   None             NA             1            NA
  posterior_explained_by_snp
1                         NA
                                          dropped_trait   lead_snp
1 chr16:15044407:15047442:clu_23490_-:ENSG00000157045.9 rs11075253
[1] "SPLICING EVENT"
[1] "chr16:15047550:15047855:clu_23491_-:ENSG00000157045.9"
Harmonising fat_distr (fat_distr) and Outcome (Outcome)
Harmonising fat_distr (fat_distr) and Outcome (Outcome)
[1] 101
[1] 101
  iteration traits posterior_prob regional_prob candidate_snp
1         1   None             NA        0.0083            NA
  posterior_explained_by_snp dropped_trait   lead_snp
1                         NA      iradjbmi rs11075253
[1] "SPLICING EVENT"
[1] "chr16:15047550:15055891:clu_23491_-:ENSG00000157045.9"
Harmonising fat_distr (fat_distr) and Outcome (Outcome)
Harmonising fat_distr (fat_distr) and Outcome (Outcome)
[1] 101
[1] 101
  iteration traits posterior_prob regional_prob candidate_snp
1         1   None             NA        0.0199            NA
  posterior_explained_by_snp dropped_trait   lead_snp
1                         NA      iradjbmi rs11075253
[1] "SPLICING EVENT"
[1] "chr16:15047920:15047997:clu_23491_-:ENSG00000157045.9"
Harmonising fat_distr (fat_distr) and Outcome (Outcome)
Harmonising fat_distr (fat_distr) and Outcome (Outcome)
[1] 101
[1] 101
  iteration traits posterior_prob regional_prob candidate_snp
1         1   None             NA        0.0465            NA
  posterior_explained_by_snp dropped_trait   lead_snp
1                         NA      iradjbmi rs11075253
[1] "SPLICING EVENT"
[1] "chr16:15047920:15055891:clu_23491_-:ENSG00000157045.9"
Harmonising fat_distr (fat_distr) and Outcome (Outcome)
Harmonising fat_distr (fat_distr) and Outcome (Outcome)
[1] 101
[1] 101
  iteration traits posterior_prob regional_prob candidate_snp
1         1   None             NA        0.0546            NA
  posterior_explained_by_snp dropped_trait   lead_snp
1                         NA      iradjbmi rs11075253
[1] "SPLICING EVENT"
[1] "chr16:15048099:15055891:clu_23491_-:ENSG00000157045.9"
Harmonising fat_distr (fat_distr) and Outcome (Outcome)
Harmonising fat_distr (fat_distr) and Outcome (Outcome)
[1] 101
[1] 101
  iteration traits posterior_prob regional_prob candidate_snp
1         1   None             NA        0.0091            NA
  posterior_explained_by_snp dropped_trait   lead_snp
1                         NA      iradjbmi rs11075253
[1] "LEAD INDEX"
[1] 4
[1] "SPLICING EVENT"
[1] "chr16:29907108:29910978:clu_23784_-:ENSG00000174943.11"
Harmonising fat_distr (fat_distr) and Outcome (Outcome)
Harmonising fat_distr (fat_distr) and Outcome (Outcome)
[1] 181
[1] 181
  iteration traits posterior_prob regional_prob candidate_snp
1         1   None             NA        0.0078            NA
  posterior_explained_by_snp dropped_trait  lead_snp
1                         NA      iradjbmi rs4283241
[1] "SPLICING EVENT"
[1] "chr16:29911173:29911478:clu_23785_-:ENSG00000174943.11"
Harmonising fat_distr (fat_distr) and Outcome (Outcome)
Harmonising fat_distr (fat_distr) and Outcome (Outcome)
[1] 181
[1] 181
  iteration traits posterior_prob regional_prob candidate_snp
1         1   None             NA         0.011            NA
  posterior_explained_by_snp dropped_trait  lead_snp
1                         NA      iradjbmi rs4283241
[1] "SPLICING EVENT"
[1] "chr16:29911173:29911815:clu_23785_-:ENSG00000174943.11"
Harmonising fat_distr (fat_distr) and Outcome (Outcome)
Harmonising fat_distr (fat_distr) and Outcome (Outcome)
[1] 181
[1] 181
  iteration traits posterior_prob regional_prob candidate_snp
1         1   None             NA         2e-04            NA
  posterior_explained_by_snp
1                         NA
                                           dropped_trait  lead_snp
1 chr16:29911173:29911815:clu_23785_-:ENSG00000174943.11 rs4283241
[1] "SPLICING EVENT"
[1] "chr16:29911557:29911815:clu_23785_-:ENSG00000174943.11"
Harmonising fat_distr (fat_distr) and Outcome (Outcome)
Harmonising fat_distr (fat_distr) and Outcome (Outcome)
[1] 181
[1] 181
  iteration traits posterior_prob regional_prob candidate_snp
1         1   None             NA        0.0103            NA
  posterior_explained_by_snp dropped_trait  lead_snp
1                         NA      iradjbmi rs4283241
[1] "SPLICING EVENT"
[1] "chr16:29912049:29923190:clu_23786_-:ENSG00000174943.11"
Harmonising fat_distr (fat_distr) and Outcome (Outcome)
Harmonising fat_distr (fat_distr) and Outcome (Outcome)
[1] 181
[1] 181
  iteration traits posterior_prob regional_prob candidate_snp
1         1   None             NA        0.0214            NA
  posterior_explained_by_snp dropped_trait  lead_snp
1                         NA      iradjbmi rs4283241
[1] "SPLICING EVENT"
[1] "chr16:29923359:29925539:clu_23786_-:ENSG00000174943.11"
Harmonising fat_distr (fat_distr) and Outcome (Outcome)
Harmonising fat_distr (fat_distr) and Outcome (Outcome)
[1] 181
[1] 181
  iteration                                                           traits
1         1 iradjbmi, chr16:29923359:29925539:clu_23786_-:ENSG00000174943.11
  posterior_prob regional_prob candidate_snp posterior_explained_by_snp
1         0.9505        0.9991     rs3814880                     0.0796
  dropped_trait  lead_snp
1            NA rs4283241
[1] "SPLICING EVENT"
[1] "chr16:29923359:29925790:clu_23786_-:ENSG00000174943.11"
Harmonising fat_distr (fat_distr) and Outcome (Outcome)
Harmonising fat_distr (fat_distr) and Outcome (Outcome)
[1] 181
[1] 181
  iteration traits posterior_prob regional_prob candidate_snp
1         1   None             NA        0.0747            NA
  posterior_explained_by_snp dropped_trait  lead_snp
1                         NA      iradjbmi rs4283241
[1] "SPLICING EVENT"
[1] "chr16:29925581:29925790:clu_23786_-:ENSG00000174943.11"
Harmonising fat_distr (fat_distr) and Outcome (Outcome)
Harmonising fat_distr (fat_distr) and Outcome (Outcome)
[1] 181
[1] 181
  iteration                                                           traits
1         1 iradjbmi, chr16:29925581:29925790:clu_23786_-:ENSG00000174943.11
  posterior_prob regional_prob candidate_snp posterior_explained_by_snp
1         0.9106        0.9963     rs7190185                     0.1746
  dropped_trait  lead_snp
1            NA rs4283241
[1] "SPLICING EVENT"
[1] "chr16:29982901:29983051:clu_25353_+:ENSG00000149930.18"
Harmonising fat_distr (fat_distr) and Outcome (Outcome)
Harmonising fat_distr (fat_distr) and Outcome (Outcome)
[1] 181
[1] 181
  iteration traits posterior_prob regional_prob candidate_snp
1         1   None             NA        0.0065            NA
  posterior_explained_by_snp dropped_trait  lead_snp
1                         NA      iradjbmi rs4283241
[1] "SPLICING EVENT"
[1] "chr16:29982901:29983054:clu_25353_+:ENSG00000149930.18"
Harmonising fat_distr (fat_distr) and Outcome (Outcome)
Harmonising fat_distr (fat_distr) and Outcome (Outcome)
[1] 181
[1] 181
  iteration traits posterior_prob regional_prob candidate_snp
1         1   None             NA        0.0064            NA
  posterior_explained_by_snp dropped_trait  lead_snp
1                         NA      iradjbmi rs4283241
[1] "SPLICING EVENT"
[1] "chr16:29982901:29983072:clu_25353_+:ENSG00000149930.18"
Harmonising fat_distr (fat_distr) and Outcome (Outcome)
Harmonising fat_distr (fat_distr) and Outcome (Outcome)
[1] 181
[1] 181
  iteration traits posterior_prob regional_prob candidate_snp
1         1   None             NA        0.0062            NA
  posterior_explained_by_snp dropped_trait  lead_snp
1                         NA      iradjbmi rs4283241
[1] "SPLICING EVENT"
[1] "chr16:29983664:29985213:clu_25354_+:ENSG00000149930.18"
Harmonising fat_distr (fat_distr) and Outcome (Outcome)
Harmonising fat_distr (fat_distr) and Outcome (Outcome)
[1] 181
[1] 181
  iteration traits posterior_prob regional_prob candidate_snp
1         1   None             NA         0.009            NA
  posterior_explained_by_snp dropped_trait  lead_snp
1                         NA      iradjbmi rs4283241
[1] "SPLICING EVENT"
[1] "chr16:29986504:29986844:clu_25356_+:ENSG00000149930.18"
Harmonising fat_distr (fat_distr) and Outcome (Outcome)
Harmonising fat_distr (fat_distr) and Outcome (Outcome)
[1] 181
[1] 181
  iteration                                                           traits
1         1 iradjbmi, chr16:29986504:29986844:clu_25356_+:ENSG00000149930.18
  posterior_prob regional_prob candidate_snp posterior_explained_by_snp
1         0.6537        0.9899     rs4283241                      0.076
  dropped_trait  lead_snp
1            NA rs4283241
[1] "SPLICING EVENT"
[1] "chr16:29986504:29988359:clu_25356_+:ENSG00000149930.18"
Harmonising fat_distr (fat_distr) and Outcome (Outcome)
Harmonising fat_distr (fat_distr) and Outcome (Outcome)
[1] 181
[1] 181
  iteration traits posterior_prob regional_prob candidate_snp
1         1   None             NA        0.3012            NA
  posterior_explained_by_snp dropped_trait  lead_snp
1                         NA      iradjbmi rs4283241
[1] "SPLICING EVENT"
[1] "chr16:29986504:29989593:clu_25356_+:ENSG00000149930.18"
Harmonising fat_distr (fat_distr) and Outcome (Outcome)
Harmonising fat_distr (fat_distr) and Outcome (Outcome)
[1] 181
[1] 181
  iteration                                                           traits
1         1 iradjbmi, chr16:29986504:29989593:clu_25356_+:ENSG00000149930.18
  posterior_prob regional_prob candidate_snp posterior_explained_by_snp
1         0.9471        0.9892     rs3814880                     0.1265
  dropped_trait  lead_snp
1            NA rs4283241
[1] "SPLICING EVENT"
[1] "chr16:29988450:29989593:clu_25356_+:ENSG00000149930.18"
Harmonising fat_distr (fat_distr) and Outcome (Outcome)
Harmonising fat_distr (fat_distr) and Outcome (Outcome)
[1] 181
[1] 181
  iteration traits posterior_prob regional_prob candidate_snp
1         1   None             NA        0.0353            NA
  posterior_explained_by_snp dropped_trait  lead_snp
1                         NA      iradjbmi rs4283241
[1] "SPLICING EVENT"
[1] "chr16:29989805:29990543:clu_25357_+:ENSG00000149930.18"
Harmonising fat_distr (fat_distr) and Outcome (Outcome)
Harmonising fat_distr (fat_distr) and Outcome (Outcome)
[1] 181
[1] 181
  iteration traits posterior_prob regional_prob candidate_snp
1         1   None             NA        0.0078            NA
  posterior_explained_by_snp dropped_trait  lead_snp
1                         NA      iradjbmi rs4283241
[1] "SPLICING EVENT"
[1] "chr16:29989805:29990784:clu_25357_+:ENSG00000149930.18"
Harmonising fat_distr (fat_distr) and Outcome (Outcome)
Harmonising fat_distr (fat_distr) and Outcome (Outcome)
[1] 181
[1] 181
  iteration traits posterior_prob regional_prob candidate_snp
1         1   None             NA        0.0058            NA
  posterior_explained_by_snp dropped_trait  lead_snp
1                         NA      iradjbmi rs4283241
[1] "SPLICING EVENT"
[1] "chr16:29990647:29990784:clu_25357_+:ENSG00000149930.18"
Harmonising fat_distr (fat_distr) and Outcome (Outcome)
Harmonising fat_distr (fat_distr) and Outcome (Outcome)
[1] 181
[1] 181
  iteration traits posterior_prob regional_prob candidate_snp
1         1   None             NA        0.0084            NA
  posterior_explained_by_snp dropped_trait  lead_snp
1                         NA      iradjbmi rs4283241
[1] "SPLICING EVENT"
[1] "chr16:29996617:29996808:clu_25358_+:ENSG00000169592.15"
Harmonising fat_distr (fat_distr) and Outcome (Outcome)
Harmonising fat_distr (fat_distr) and Outcome (Outcome)
[1] 181
[1] 181
  iteration traits posterior_prob regional_prob candidate_snp
1         1   None             NA        0.0065            NA
  posterior_explained_by_snp dropped_trait  lead_snp
1                         NA      iradjbmi rs4283241
[1] "SPLICING EVENT"
[1] "chr16:29996860:30000758:clu_25358_+:ENSG00000169592.15"
Harmonising fat_distr (fat_distr) and Outcome (Outcome)
Harmonising fat_distr (fat_distr) and Outcome (Outcome)
[1] 181
[1] 181
  iteration traits posterior_prob regional_prob candidate_snp
1         1   None             NA        0.0071            NA
  posterior_explained_by_snp dropped_trait  lead_snp
1                         NA      iradjbmi rs4283241
[1] "SPLICING EVENT"
[1] "chr16:30000836:30000929:clu_25359_+:ENSG00000169592.15"
Harmonising fat_distr (fat_distr) and Outcome (Outcome)
Harmonising fat_distr (fat_distr) and Outcome (Outcome)
[1] 181
[1] 181
  iteration traits posterior_prob regional_prob candidate_snp
1         1   None             NA        0.1687            NA
  posterior_explained_by_snp dropped_trait  lead_snp
1                         NA      iradjbmi rs4283241
[1] "SPLICING EVENT"
[1] "chr16:30000836:30000994:clu_25359_+:ENSG00000169592.15"
Harmonising fat_distr (fat_distr) and Outcome (Outcome)
Harmonising fat_distr (fat_distr) and Outcome (Outcome)
[1] 181
[1] 181
  iteration traits posterior_prob regional_prob candidate_snp
1         1   None             NA        0.0844            NA
  posterior_explained_by_snp dropped_trait  lead_snp
1                         NA      iradjbmi rs4283241
[1] "SPLICING EVENT"
[1] "chr16:30001040:30001212:clu_25360_+:ENSG00000169592.15"
Harmonising fat_distr (fat_distr) and Outcome (Outcome)
Harmonising fat_distr (fat_distr) and Outcome (Outcome)
[1] 181
[1] 181
  iteration traits posterior_prob regional_prob candidate_snp
1         1   None             NA        0.0194            NA
  posterior_explained_by_snp dropped_trait  lead_snp
1                         NA      iradjbmi rs4283241
[1] "SPLICING EVENT"
[1] "chr16:30001040:30001414:clu_25360_+:ENSG00000169592.15"
Harmonising fat_distr (fat_distr) and Outcome (Outcome)
Harmonising fat_distr (fat_distr) and Outcome (Outcome)
[1] 181
[1] 181
  iteration traits posterior_prob regional_prob candidate_snp
1         1   None             NA        0.8454            NA
  posterior_explained_by_snp
1                         NA
                                           dropped_trait  lead_snp
1 chr16:30001040:30001414:clu_25360_+:ENSG00000169592.15 rs4283241
[1] "SPLICING EVENT"
[1] "chr16:30001040:30001465:clu_25360_+:ENSG00000169592.15"
Harmonising fat_distr (fat_distr) and Outcome (Outcome)
Harmonising fat_distr (fat_distr) and Outcome (Outcome)
[1] 181
[1] 181
  iteration traits posterior_prob regional_prob candidate_snp
1         1   None             NA        0.0068            NA
  posterior_explained_by_snp dropped_trait  lead_snp
1                         NA      iradjbmi rs4283241
[1] "SPLICING EVENT"
[1] "chr16:30001040:30005221:clu_25360_+:ENSG00000169592.15"
Harmonising fat_distr (fat_distr) and Outcome (Outcome)
Harmonising fat_distr (fat_distr) and Outcome (Outcome)
[1] 181
[1] 181
  iteration                                                           traits
1         1 iradjbmi, chr16:30001040:30005221:clu_25360_+:ENSG00000169592.15
  posterior_prob regional_prob candidate_snp posterior_explained_by_snp
1          0.929         0.999     rs7204797                     0.1888
  dropped_trait  lead_snp
1            NA rs4283241
[1] "SPLICING EVENT"
[1] "chr16:30001530:30002436:clu_25360_+:ENSG00000169592.15"
Harmonising fat_distr (fat_distr) and Outcome (Outcome)
Harmonising fat_distr (fat_distr) and Outcome (Outcome)
[1] 181
[1] 181
  iteration traits posterior_prob regional_prob candidate_snp
1         1   None             NA        0.5392            NA
  posterior_explained_by_snp dropped_trait  lead_snp
1                         NA      iradjbmi rs4283241
[1] "SPLICING EVENT"
[1] "chr16:30001530:30003436:clu_25360_+:ENSG00000169592.15"
Harmonising fat_distr (fat_distr) and Outcome (Outcome)
Harmonising fat_distr (fat_distr) and Outcome (Outcome)
[1] 181
[1] 181
  iteration                                                           traits
1         1 iradjbmi, chr16:30001530:30003436:clu_25360_+:ENSG00000169592.15
  posterior_prob regional_prob candidate_snp posterior_explained_by_snp
1         0.9317         0.999     rs4283241                     0.2562
  dropped_trait  lead_snp
1            NA rs4283241
[1] "SPLICING EVENT"
[1] "chr16:30001530:30003650:clu_25360_+:ENSG00000169592.15"
Harmonising fat_distr (fat_distr) and Outcome (Outcome)
Harmonising fat_distr (fat_distr) and Outcome (Outcome)
[1] 181
[1] 181
  iteration traits posterior_prob regional_prob candidate_snp
1         1   None             NA        0.0133            NA
  posterior_explained_by_snp dropped_trait  lead_snp
1                         NA      iradjbmi rs4283241
[1] "SPLICING EVENT"
[1] "chr16:30001530:30004568:clu_25360_+:ENSG00000169592.15"
Harmonising fat_distr (fat_distr) and Outcome (Outcome)
Harmonising fat_distr (fat_distr) and Outcome (Outcome)
[1] 181
[1] 181
  iteration                                                           traits
1         1 iradjbmi, chr16:30001530:30004568:clu_25360_+:ENSG00000169592.15
  posterior_prob regional_prob candidate_snp posterior_explained_by_snp
1         0.4864        0.6496     rs7190185                     0.1059
  dropped_trait  lead_snp
1            NA rs4283241
[1] "SPLICING EVENT"
[1] "chr16:30001530:30005221:clu_25360_+:ENSG00000169592.15"
Harmonising fat_distr (fat_distr) and Outcome (Outcome)
Harmonising fat_distr (fat_distr) and Outcome (Outcome)
[1] 181
[1] 181
  iteration traits posterior_prob regional_prob candidate_snp
1         1   None             NA        0.8843            NA
  posterior_explained_by_snp
1                         NA
                                           dropped_trait  lead_snp
1 chr16:30001530:30005221:clu_25360_+:ENSG00000169592.15 rs4283241
[1] "SPLICING EVENT"
[1] "chr16:30003013:30003436:clu_25360_+:ENSG00000169592.15"
Harmonising fat_distr (fat_distr) and Outcome (Outcome)
Harmonising fat_distr (fat_distr) and Outcome (Outcome)
[1] 181
[1] 181
  iteration traits posterior_prob regional_prob candidate_snp
1         1   None             NA        0.4383            NA
  posterior_explained_by_snp dropped_trait  lead_snp
1                         NA      iradjbmi rs4283241
[1] "SPLICING EVENT"
[1] "chr16:30003526:30003650:clu_25360_+:ENSG00000169592.15"
Harmonising fat_distr (fat_distr) and Outcome (Outcome)
Harmonising fat_distr (fat_distr) and Outcome (Outcome)
[1] 181
[1] 181
  iteration traits posterior_prob regional_prob candidate_snp
1         1   None             NA        0.8437            NA
  posterior_explained_by_snp
1                         NA
                                           dropped_trait  lead_snp
1 chr16:30003526:30003650:clu_25360_+:ENSG00000169592.15 rs4283241
[1] "SPLICING EVENT"
[1] "chr16:30003670:30004568:clu_25360_+:ENSG00000169592.15"
Harmonising fat_distr (fat_distr) and Outcome (Outcome)
Harmonising fat_distr (fat_distr) and Outcome (Outcome)
[1] 181
[1] 181
  iteration                                                           traits
1         1 iradjbmi, chr16:30003670:30004568:clu_25360_+:ENSG00000169592.15
  posterior_prob regional_prob candidate_snp posterior_explained_by_snp
1         0.7893        0.9966     rs7190185                     0.5027
  dropped_trait  lead_snp
1            NA rs4283241
[1] "SPLICING EVENT"
[1] "chr16:30003714:30004568:clu_25360_+:ENSG00000169592.15"
Harmonising fat_distr (fat_distr) and Outcome (Outcome)
Harmonising fat_distr (fat_distr) and Outcome (Outcome)
[1] 181
[1] 181
  iteration                                                           traits
1         1 iradjbmi, chr16:30003714:30004568:clu_25360_+:ENSG00000169592.15
  posterior_prob regional_prob candidate_snp posterior_explained_by_snp
1         0.7822        0.9059     rs7204797                     0.1053
  dropped_trait  lead_snp
1            NA rs4283241
[1] "SPLICING EVENT"
[1] "chr16:30003785:30004568:clu_25360_+:ENSG00000169592.15"
Harmonising fat_distr (fat_distr) and Outcome (Outcome)
Harmonising fat_distr (fat_distr) and Outcome (Outcome)
[1] 181
[1] 181
  iteration traits posterior_prob regional_prob candidate_snp
1         1   None             NA        0.8616            NA
  posterior_explained_by_snp
1                         NA
                                           dropped_trait  lead_snp
1 chr16:30003785:30004568:clu_25360_+:ENSG00000169592.15 rs4283241
[1] "SPLICING EVENT"
[1] "chr16:30004657:30004750:clu_25360_+:ENSG00000169592.15"
Harmonising fat_distr (fat_distr) and Outcome (Outcome)
Harmonising fat_distr (fat_distr) and Outcome (Outcome)
[1] 181
[1] 181
  iteration                                                           traits
1         1 iradjbmi, chr16:30004657:30004750:clu_25360_+:ENSG00000169592.15
  posterior_prob regional_prob candidate_snp posterior_explained_by_snp
1         0.6504        0.9931     rs4283241                     0.2413
  dropped_trait  lead_snp
1            NA rs4283241
[1] "SPLICING EVENT"
[1] "chr16:30004657:30005221:clu_25360_+:ENSG00000169592.15"
Harmonising fat_distr (fat_distr) and Outcome (Outcome)
Harmonising fat_distr (fat_distr) and Outcome (Outcome)
[1] 181
[1] 181
  iteration traits posterior_prob regional_prob candidate_snp
1         1   None             NA        0.9538            NA
  posterior_explained_by_snp
1                         NA
                                           dropped_trait  lead_snp
1 chr16:30004657:30005221:clu_25360_+:ENSG00000169592.15 rs4283241
[1] "SPLICING EVENT"
[1] "chr16:30004657:30005368:clu_25360_+:ENSG00000169592.15"
Harmonising fat_distr (fat_distr) and Outcome (Outcome)
Harmonising fat_distr (fat_distr) and Outcome (Outcome)
[1] 181
[1] 181
  iteration traits posterior_prob regional_prob candidate_snp
1         1   None             NA        0.2814            NA
  posterior_explained_by_snp dropped_trait  lead_snp
1                         NA      iradjbmi rs4283241
[1] "LEAD INDEX"
[1] 5
[1] "SPLICING EVENT"
[1] "chr16:67252844:67255021:clu_25792_+:ENSG00000135740.17"
Harmonising fat_distr (fat_distr) and Outcome (Outcome)
Harmonising fat_distr (fat_distr) and Outcome (Outcome)
[1] 131
[1] 131
  iteration traits posterior_prob regional_prob candidate_snp
1         1   None             NA        0.0112            NA
  posterior_explained_by_snp dropped_trait  lead_snp
1                         NA      iradjbmi rs8059722
[1] "SPLICING EVENT"
[1] "chr16:67255184:67255393:clu_25793_+:ENSG00000135740.17"
Harmonising fat_distr (fat_distr) and Outcome (Outcome)
Harmonising fat_distr (fat_distr) and Outcome (Outcome)
[1] 131
[1] 131
  iteration traits posterior_prob regional_prob candidate_snp
1         1   None             NA        0.0094            NA
  posterior_explained_by_snp dropped_trait  lead_snp
1                         NA      iradjbmi rs8059722
[1] "SPLICING EVENT"
[1] "chr16:67255930:67256469:clu_25793_+:ENSG00000135740.17"
Harmonising fat_distr (fat_distr) and Outcome (Outcome)
Harmonising fat_distr (fat_distr) and Outcome (Outcome)
[1] 131
[1] 131
  iteration traits posterior_prob regional_prob candidate_snp
1         1   None             NA        0.0095            NA
  posterior_explained_by_snp dropped_trait  lead_snp
1                         NA      iradjbmi rs8059722
[1] "SPLICING EVENT"
[1] "chr16:67257434:67257531:clu_25795_+:ENSG00000135740.17"
Harmonising fat_distr (fat_distr) and Outcome (Outcome)
Harmonising fat_distr (fat_distr) and Outcome (Outcome)
[1] 131
[1] 131
  iteration traits posterior_prob regional_prob candidate_snp
1         1   None             NA        0.0111            NA
  posterior_explained_by_snp dropped_trait  lead_snp
1                         NA      iradjbmi rs8059722
[1] "SPLICING EVENT"
[1] "chr16:67257601:67258318:clu_25795_+:ENSG00000135740.17"
Harmonising fat_distr (fat_distr) and Outcome (Outcome)
Harmonising fat_distr (fat_distr) and Outcome (Outcome)
[1] 131
[1] 131
  iteration traits posterior_prob regional_prob candidate_snp
1         1   None             NA        0.0091            NA
  posterior_explained_by_snp dropped_trait  lead_snp
1                         NA      iradjbmi rs8059722
[1] "SPLICING EVENT"
[1] "chr16:67258447:67259573:clu_25792_+:ENSG00000135740.17"
Harmonising fat_distr (fat_distr) and Outcome (Outcome)
Harmonising fat_distr (fat_distr) and Outcome (Outcome)
[1] 131
[1] 131
  iteration traits posterior_prob regional_prob candidate_snp
1         1   None             NA        0.0101            NA
  posterior_explained_by_snp dropped_trait  lead_snp
1                         NA      iradjbmi rs8059722
[1] "SPLICING EVENT"
[1] "chr16:67259946:67262212:clu_25792_+:ENSG00000135740.17"
Harmonising fat_distr (fat_distr) and Outcome (Outcome)
Harmonising fat_distr (fat_distr) and Outcome (Outcome)
[1] 131
[1] 131
  iteration traits posterior_prob regional_prob candidate_snp
1         1   None             NA        0.0114            NA
  posterior_explained_by_snp dropped_trait  lead_snp
1                         NA      iradjbmi rs8059722
[1] "SPLICING EVENT"
[1] "chr16:67259946:67264352:clu_25792_+:ENSG00000135740.17"
Harmonising fat_distr (fat_distr) and Outcome (Outcome)
Harmonising fat_distr (fat_distr) and Outcome (Outcome)
[1] 131
[1] 131
  iteration traits posterior_prob regional_prob candidate_snp
1         1   None             NA        0.0346            NA
  posterior_explained_by_snp dropped_trait  lead_snp
1                         NA      iradjbmi rs8059722
[1] "SPLICING EVENT"
[1] "chr16:67262289:67264352:clu_25792_+:ENSG00000135740.17"
Harmonising fat_distr (fat_distr) and Outcome (Outcome)
Harmonising fat_distr (fat_distr) and Outcome (Outcome)
[1] 131
[1] 131
  iteration traits posterior_prob regional_prob candidate_snp
1         1   None             NA         0.009            NA
  posterior_explained_by_snp dropped_trait  lead_snp
1                         NA      iradjbmi rs8059722
[1] "SPLICING EVENT"
[1] "chr16:67264522:67265040:clu_25796_+:ENSG00000135740.17"
Harmonising fat_distr (fat_distr) and Outcome (Outcome)
Harmonising fat_distr (fat_distr) and Outcome (Outcome)
[1] 131
[1] 131
  iteration traits posterior_prob regional_prob candidate_snp
1         1   None             NA        0.0096            NA
  posterior_explained_by_snp dropped_trait  lead_snp
1                         NA      iradjbmi rs8059722
[1] "SPLICING EVENT"
[1] "chr16:67264522:67265043:clu_25796_+:ENSG00000135740.17"
Harmonising fat_distr (fat_distr) and Outcome (Outcome)
Harmonising fat_distr (fat_distr) and Outcome (Outcome)
[1] 131
[1] 131
  iteration traits posterior_prob regional_prob candidate_snp
1         1   None             NA        0.0091            NA
  posterior_explained_by_snp dropped_trait  lead_snp
1                         NA      iradjbmi rs8059722
[1] "SPLICING EVENT"
[1] "chr16:67265106:67266088:clu_25792_+:ENSG00000135740.17"
Harmonising fat_distr (fat_distr) and Outcome (Outcome)
Harmonising fat_distr (fat_distr) and Outcome (Outcome)
[1] 131
[1] 131
  iteration traits posterior_prob regional_prob candidate_snp
1         1   None             NA        0.0091            NA
  posterior_explained_by_snp dropped_trait  lead_snp
1                         NA      iradjbmi rs8059722
[1] "LEAD INDEX"
[1] 6
[1] "LEAD INDEX"
[1] 7
[1] "SPLICING EVENT"
[1] "chr16:81445541:81607567:clu_26031_+:ENSG00000153815.18"
Harmonising fat_distr (fat_distr) and Outcome (Outcome)
Harmonising fat_distr (fat_distr) and Outcome (Outcome)
[1] 706
[1] 706
  iteration traits posterior_prob regional_prob candidate_snp
1         1   None             NA        0.0082            NA
  posterior_explained_by_snp dropped_trait  lead_snp
1                         NA      iradjbmi rs2925979
[1] "SPLICING EVENT"
[1] "chr16:81607692:81620876:clu_26033_+:ENSG00000153815.18"
Harmonising fat_distr (fat_distr) and Outcome (Outcome)
Harmonising fat_distr (fat_distr) and Outcome (Outcome)
[1] 706
[1] 706
  iteration traits posterior_prob regional_prob candidate_snp
1         1   None             NA        0.0147            NA
  posterior_explained_by_snp dropped_trait  lead_snp
1                         NA      iradjbmi rs2925979
[1] "SPLICING EVENT"
[1] "chr16:81610540:81620876:clu_26033_+:ENSG00000153815.18"
Harmonising fat_distr (fat_distr) and Outcome (Outcome)
Harmonising fat_distr (fat_distr) and Outcome (Outcome)
[1] 706
[1] 706
  iteration traits posterior_prob regional_prob candidate_snp
1         1   None             NA        0.0066            NA
  posterior_explained_by_snp dropped_trait  lead_snp
1                         NA      iradjbmi rs2925979
[1] "SPLICING EVENT"
[1] "chr16:81620926:81652203:clu_26033_+:ENSG00000153815.18"
Harmonising fat_distr (fat_distr) and Outcome (Outcome)
Harmonising fat_distr (fat_distr) and Outcome (Outcome)
[1] 706
[1] 706
  iteration traits posterior_prob regional_prob candidate_snp
1         1   None             NA        0.0641            NA
  posterior_explained_by_snp dropped_trait  lead_snp
1                         NA      iradjbmi rs2925979
[1] "SPLICING EVENT"
[1] "chr16:81651427:81652203:clu_26033_+:ENSG00000153815.18"
Harmonising fat_distr (fat_distr) and Outcome (Outcome)
Harmonising fat_distr (fat_distr) and Outcome (Outcome)
[1] 706
[1] 706
  iteration traits posterior_prob regional_prob candidate_snp
1         1   None             NA        0.0075            NA
  posterior_explained_by_snp dropped_trait  lead_snp
1                         NA      iradjbmi rs2925979
[1] "SPLICING EVENT"
[1] "chr16:81701800:81702387:clu_26034_+:ENSG00000153815.18"
Harmonising fat_distr (fat_distr) and Outcome (Outcome)
Harmonising fat_distr (fat_distr) and Outcome (Outcome)
[1] 706
[1] 706
  iteration traits posterior_prob regional_prob candidate_snp
1         1   None             NA        0.0056            NA
  posterior_explained_by_snp dropped_trait  lead_snp
1                         NA      iradjbmi rs2925979
[1] "SPLICING EVENT"
[1] "chr16:81701800:81702622:clu_26034_+:ENSG00000153815.18"
Harmonising fat_distr (fat_distr) and Outcome (Outcome)
Harmonising fat_distr (fat_distr) and Outcome (Outcome)
[1] 706
[1] 706
  iteration traits posterior_prob regional_prob candidate_snp
1         1   None             NA        0.0095            NA
  posterior_explained_by_snp dropped_trait  lead_snp
1                         NA      iradjbmi rs2925979
[1] "SPLICING EVENT"
[1] "chr16:81701800:81703939:clu_26034_+:ENSG00000153815.18"
Harmonising fat_distr (fat_distr) and Outcome (Outcome)
Harmonising fat_distr (fat_distr) and Outcome (Outcome)
[1] 706
[1] 706
  iteration traits posterior_prob regional_prob candidate_snp
1         1   None             NA        0.0068            NA
  posterior_explained_by_snp dropped_trait  lead_snp
1                         NA      iradjbmi rs2925979
[1] "SPLICING EVENT"
[1] "chr16:81702669:81703939:clu_26034_+:ENSG00000153815.18"
Harmonising fat_distr (fat_distr) and Outcome (Outcome)
Harmonising fat_distr (fat_distr) and Outcome (Outcome)
[1] 706
[1] 706
  iteration traits posterior_prob regional_prob candidate_snp
1         1   None             NA         0.012            NA
  posterior_explained_by_snp dropped_trait  lead_snp
1                         NA      iradjbmi rs2925979
[1] "SPLICING EVENT"
[1] "chr16:81704085:81705499:clu_26035_+:ENSG00000153815.18"
Harmonising fat_distr (fat_distr) and Outcome (Outcome)
Harmonising fat_distr (fat_distr) and Outcome (Outcome)
[1] 706
[1] 706
  iteration traits posterior_prob regional_prob candidate_snp
1         1   None             NA        0.0098            NA
  posterior_explained_by_snp dropped_trait  lead_snp
1                         NA      iradjbmi rs2925979
[1] "SPLICING EVENT"
[1] "chr16:81705604:81707014:clu_26035_+:ENSG00000153815.18"
Harmonising fat_distr (fat_distr) and Outcome (Outcome)
Harmonising fat_distr (fat_distr) and Outcome (Outcome)
[1] 706
[1] 706
  iteration traits posterior_prob regional_prob candidate_snp
1         1   None             NA        0.0084            NA
  posterior_explained_by_snp dropped_trait  lead_snp
1                         NA      iradjbmi rs2925979
[1] "LEAD INDEX"
[1] 8
[1] "SPLICING EVENT"
[1] "chr16:87951515:87952181:clu_26120_+:ENSG00000172530.21"
Harmonising fat_distr (fat_distr) and Outcome (Outcome)
Harmonising fat_distr (fat_distr) and Outcome (Outcome)
[1] 396
[1] 396
  iteration traits posterior_prob regional_prob candidate_snp
1         1   None             NA        0.0094            NA
  posterior_explained_by_snp dropped_trait   lead_snp
1                         NA      iradjbmi rs11117333
[1] "SPLICING EVENT"
[1] "chr16:87951515:87975048:clu_26120_+:ENSG00000172530.21"
Harmonising fat_distr (fat_distr) and Outcome (Outcome)
Harmonising fat_distr (fat_distr) and Outcome (Outcome)
[1] 396
[1] 396
  iteration traits posterior_prob regional_prob candidate_snp
1         1   None             NA        0.0142            NA
  posterior_explained_by_snp dropped_trait   lead_snp
1                         NA      iradjbmi rs11117333
[1] "SPLICING EVENT"
[1] "chr16:87951515:87981036:clu_26120_+:ENSG00000172530.21"
Harmonising fat_distr (fat_distr) and Outcome (Outcome)
Harmonising fat_distr (fat_distr) and Outcome (Outcome)
[1] 396
[1] 396
  iteration traits posterior_prob regional_prob candidate_snp
1         1   None             NA        0.0911            NA
  posterior_explained_by_snp dropped_trait   lead_snp
1                         NA      iradjbmi rs11117333
[1] "SPLICING EVENT"
[1] "chr16:87975185:87981036:clu_26120_+:ENSG00000172530.21"
Harmonising fat_distr (fat_distr) and Outcome (Outcome)
Harmonising fat_distr (fat_distr) and Outcome (Outcome)
[1] 396
[1] 396
  iteration traits posterior_prob regional_prob candidate_snp
1         1   None             NA        0.0134            NA
  posterior_explained_by_snp dropped_trait   lead_snp
1                         NA      iradjbmi rs11117333
[1] "SPLICING EVENT"
[1] "chr16:87975203:87981036:clu_26120_+:ENSG00000172530.21"
Harmonising fat_distr (fat_distr) and Outcome (Outcome)
Harmonising fat_distr (fat_distr) and Outcome (Outcome)
[1] 396
[1] 396
  iteration traits posterior_prob regional_prob candidate_snp
1         1   None             NA        0.0064            NA
  posterior_explained_by_snp dropped_trait   lead_snp
1                         NA      iradjbmi rs11117333
[1] "SPLICING EVENT"
[1] "chr16:87975207:87981036:clu_26120_+:ENSG00000172530.21"
Harmonising fat_distr (fat_distr) and Outcome (Outcome)
Harmonising fat_distr (fat_distr) and Outcome (Outcome)
[1] 396
[1] 396
  iteration traits posterior_prob regional_prob candidate_snp
1         1   None             NA        0.0397            NA
  posterior_explained_by_snp dropped_trait   lead_snp
1                         NA      iradjbmi rs11117333
[1] "SPLICING EVENT"
[1] "chr16:87981127:87984060:clu_26121_+:ENSG00000172530.21"
Harmonising fat_distr (fat_distr) and Outcome (Outcome)
Harmonising fat_distr (fat_distr) and Outcome (Outcome)
[1] 396
[1] 396
  iteration traits posterior_prob regional_prob candidate_snp
1         1   None             NA        0.0049            NA
  posterior_explained_by_snp dropped_trait   lead_snp
1                         NA      iradjbmi rs11117333
[1] "SPLICING EVENT"
[1] "chr16:87984259:88004295:clu_26122_+:ENSG00000172530.21"
Harmonising fat_distr (fat_distr) and Outcome (Outcome)
Harmonising fat_distr (fat_distr) and Outcome (Outcome)
[1] 396
[1] 396
  iteration traits posterior_prob regional_prob candidate_snp
1         1   None             NA        0.0067            NA
  posterior_explained_by_snp dropped_trait   lead_snp
1                         NA      iradjbmi rs11117333
[1] "SPLICING EVENT"
[1] "chr16:87984259:88006090:clu_26122_+:ENSG00000172530.21"
Harmonising fat_distr (fat_distr) and Outcome (Outcome)
Harmonising fat_distr (fat_distr) and Outcome (Outcome)
[1] 396
[1] 396
  iteration traits posterior_prob regional_prob candidate_snp
1         1   None             NA        0.2162            NA
  posterior_explained_by_snp dropped_trait   lead_snp
1                         NA      iradjbmi rs11117333
[1] "SPLICING EVENT"
[1] "chr16:88004411:88006090:clu_26122_+:ENSG00000172530.21"
Harmonising fat_distr (fat_distr) and Outcome (Outcome)
Harmonising fat_distr (fat_distr) and Outcome (Outcome)
[1] 396
[1] 396
  iteration traits posterior_prob regional_prob candidate_snp
1         1   None             NA         0.007            NA
  posterior_explained_by_snp dropped_trait   lead_snp
1                         NA      iradjbmi rs11117333
[1] "SPLICING EVENT"
[1] "chr16:88006265:88018428:clu_26122_+:ENSG00000172530.21"
Harmonising fat_distr (fat_distr) and Outcome (Outcome)
Harmonising fat_distr (fat_distr) and Outcome (Outcome)
[1] 396
[1] 396
  iteration traits posterior_prob regional_prob candidate_snp
1         1   None             NA        0.0683            NA
  posterior_explained_by_snp dropped_trait   lead_snp
1                         NA      iradjbmi rs11117333
[1] "SPLICING EVENT"
[1] "chr16:88018667:88027483:clu_26123_+:ENSG00000172530.21"
Harmonising fat_distr (fat_distr) and Outcome (Outcome)
Harmonising fat_distr (fat_distr) and Outcome (Outcome)
[1] 396
[1] 396
  iteration                                                           traits
1         1 iradjbmi, chr16:88018667:88027483:clu_26123_+:ENSG00000172530.21
  posterior_prob regional_prob candidate_snp posterior_explained_by_snp
1          0.942        0.9786    rs11117349                     0.9983
  dropped_trait   lead_snp
1            NA rs11117333
[1] "SPLICING EVENT"
[1] "chr16:88033245:88035323:clu_26124_+:ENSG00000172530.21"
Harmonising fat_distr (fat_distr) and Outcome (Outcome)
Harmonising fat_distr (fat_distr) and Outcome (Outcome)
[1] 396
[1] 396
  iteration traits posterior_prob regional_prob candidate_snp
1         1   None             NA        0.0104            NA
  posterior_explained_by_snp dropped_trait   lead_snp
1                         NA      iradjbmi rs11117333
[1] "SPLICING EVENT"
[1] "chr16:88033245:88035332:clu_26124_+:ENSG00000172530.21"
Harmonising fat_distr (fat_distr) and Outcome (Outcome)
Harmonising fat_distr (fat_distr) and Outcome (Outcome)
[1] 396
[1] 396
  iteration traits posterior_prob regional_prob candidate_snp
1         1   None             NA        0.0115            NA
  posterior_explained_by_snp dropped_trait   lead_snp
1                         NA      iradjbmi rs11117333
[1] "SPLICING EVENT"
[1] "chr16:88035394:88037973:clu_26125_+:ENSG00000172530.21"
Harmonising fat_distr (fat_distr) and Outcome (Outcome)
Harmonising fat_distr (fat_distr) and Outcome (Outcome)
[1] 396
[1] 396
  iteration traits posterior_prob regional_prob candidate_snp
1         1   None             NA        0.0057            NA
  posterior_explained_by_snp dropped_trait   lead_snp
1                         NA      iradjbmi rs11117333
[1] "SPLICING EVENT"
[1] "chr16:88036574:88037973:clu_26125_+:ENSG00000172530.21"
Harmonising fat_distr (fat_distr) and Outcome (Outcome)
Harmonising fat_distr (fat_distr) and Outcome (Outcome)
[1] 396
[1] 396
  iteration traits posterior_prob regional_prob candidate_snp
1         1   None             NA        0.0055            NA
  posterior_explained_by_snp dropped_trait   lead_snp
1                         NA      iradjbmi rs11117333
[1] "SPLICING EVENT"
[1] "chr16:88038011:88065267:clu_26126_+:ENSG00000172530.21"
Harmonising fat_distr (fat_distr) and Outcome (Outcome)
Harmonising fat_distr (fat_distr) and Outcome (Outcome)
[1] 396
[1] 396
  iteration traits posterior_prob regional_prob candidate_snp
1         1   None             NA        0.0051            NA
  posterior_explained_by_snp dropped_trait   lead_snp
1                         NA      iradjbmi rs11117333
[1] "SPLICING EVENT"
[1] "chr16:88038011:88072069:clu_26126_+:ENSG00000172530.21"
Harmonising fat_distr (fat_distr) and Outcome (Outcome)
Harmonising fat_distr (fat_distr) and Outcome (Outcome)
[1] 396
[1] 396
  iteration traits posterior_prob regional_prob candidate_snp
1         1   None             NA        0.0062            NA
  posterior_explained_by_snp dropped_trait   lead_snp
1                         NA      iradjbmi rs11117333
[1] "SPLICING EVENT"
[1] "chr16:88065332:88072069:clu_26126_+:ENSG00000172530.21"
Harmonising fat_distr (fat_distr) and Outcome (Outcome)
Harmonising fat_distr (fat_distr) and Outcome (Outcome)
[1] 396
[1] 396
  iteration traits posterior_prob regional_prob candidate_snp
1         1   None             NA        0.0056            NA
  posterior_explained_by_snp dropped_trait   lead_snp
1                         NA      iradjbmi rs11117333
[1] "SPLICING EVENT"
[1] "chr16:88071929:88072069:clu_26126_+:ENSG00000172530.21"
Harmonising fat_distr (fat_distr) and Outcome (Outcome)
Harmonising fat_distr (fat_distr) and Outcome (Outcome)
[1] 396
[1] 396
  iteration traits posterior_prob regional_prob candidate_snp
1         1   None             NA        0.0053            NA
  posterior_explained_by_snp dropped_trait   lead_snp
1                         NA      iradjbmi rs11117333
[1] "SPLICING EVENT"
[1] "chr16:88072212:88076590:clu_26127_+:ENSG00000172530.21"
Harmonising fat_distr (fat_distr) and Outcome (Outcome)
Harmonising fat_distr (fat_distr) and Outcome (Outcome)
[1] 396
[1] 396
  iteration traits posterior_prob regional_prob candidate_snp
1         1   None             NA         0.018            NA
  posterior_explained_by_snp dropped_trait   lead_snp
1                         NA      iradjbmi rs11117333
[1] "SPLICING EVENT"
[1] "chr16:88072387:88076590:clu_26127_+:ENSG00000172530.21"
Harmonising fat_distr (fat_distr) and Outcome (Outcome)
Harmonising fat_distr (fat_distr) and Outcome (Outcome)
[1] 396
[1] 396
  iteration traits posterior_prob regional_prob candidate_snp
1         1   None             NA        0.0269            NA
  posterior_explained_by_snp dropped_trait   lead_snp
1                         NA      iradjbmi rs11117333
[1] "CHROMOSOME"
[1] 17
[1] "LEAD INDEX"
[1] 1
[1] "SPLICING EVENT"
[1] "chr17:17505848:17506227:clu_26858_-:ENSG00000133027.18"
Harmonising fat_distr (fat_distr) and Outcome (Outcome)
Harmonising fat_distr (fat_distr) and Outcome (Outcome)
[1] 385
[1] 385
  iteration traits posterior_prob regional_prob candidate_snp
1         1   None             NA        0.0133            NA
  posterior_explained_by_snp dropped_trait  lead_snp
1                         NA      iradjbmi rs1263507
[1] "SPLICING EVENT"
[1] "chr17:17505848:17509434:clu_26858_-:ENSG00000133027.18"
Harmonising fat_distr (fat_distr) and Outcome (Outcome)
Harmonising fat_distr (fat_distr) and Outcome (Outcome)
[1] 385
[1] 385
  iteration traits posterior_prob regional_prob candidate_snp
1         1   None             NA        0.9393            NA
  posterior_explained_by_snp dropped_trait  lead_snp
1                         NA      iradjbmi rs1263507
[1] "SPLICING EVENT"
[1] "chr17:17506301:17507169:clu_26858_-:ENSG00000133027.18"
Harmonising fat_distr (fat_distr) and Outcome (Outcome)
Harmonising fat_distr (fat_distr) and Outcome (Outcome)
[1] 385
[1] 385
  iteration traits posterior_prob regional_prob candidate_snp
1         1   None             NA        0.0175            NA
  posterior_explained_by_snp dropped_trait  lead_snp
1                         NA      iradjbmi rs1263507
[1] "SPLICING EVENT"
[1] "chr17:17506301:17509434:clu_26858_-:ENSG00000133027.18"
Harmonising fat_distr (fat_distr) and Outcome (Outcome)
Harmonising fat_distr (fat_distr) and Outcome (Outcome)
[1] 385
[1] 385
  iteration traits posterior_prob regional_prob candidate_snp
1         1   None             NA        0.0115            NA
  posterior_explained_by_snp dropped_trait  lead_snp
1                         NA      iradjbmi rs1263507
[1] "SPLICING EVENT"
[1] "chr17:17509545:17512509:clu_26859_-:ENSG00000133027.18"
Harmonising fat_distr (fat_distr) and Outcome (Outcome)
Harmonising fat_distr (fat_distr) and Outcome (Outcome)
[1] 385
[1] 385
  iteration traits posterior_prob regional_prob candidate_snp
1         1   None             NA        0.0151            NA
  posterior_explained_by_snp dropped_trait  lead_snp
1                         NA      iradjbmi rs1263507
[1] "SPLICING EVENT"
[1] "chr17:17512654:17522280:clu_26859_-:ENSG00000133027.18"
Harmonising fat_distr (fat_distr) and Outcome (Outcome)
Harmonising fat_distr (fat_distr) and Outcome (Outcome)
[1] 385
[1] 385
  iteration traits posterior_prob regional_prob candidate_snp
1         1   None             NA        0.0396            NA
  posterior_explained_by_snp dropped_trait  lead_snp
1                         NA      iradjbmi rs1263507
[1] "SPLICING EVENT"
[1] "chr17:17522395:17576920:clu_26859_-:ENSG00000133027.18"
Harmonising fat_distr (fat_distr) and Outcome (Outcome)
Harmonising fat_distr (fat_distr) and Outcome (Outcome)
[1] 385
[1] 385
  iteration traits posterior_prob regional_prob candidate_snp
1         1   None             NA         0.107            NA
  posterior_explained_by_snp dropped_trait  lead_snp
1                         NA      iradjbmi rs1263507
[1] "SPLICING EVENT"
[1] "chr17:17577023:17591531:clu_26860_-:ENSG00000133027.18"
Harmonising fat_distr (fat_distr) and Outcome (Outcome)
Harmonising fat_distr (fat_distr) and Outcome (Outcome)
[1] 385
[1] 385
  iteration traits posterior_prob regional_prob candidate_snp
1         1   None             NA        0.0135            NA
  posterior_explained_by_snp dropped_trait  lead_snp
1                         NA      iradjbmi rs1263507
[1] "SPLICING EVENT"
[1] "chr17:17577027:17577107:clu_26860_-:ENSG00000133027.18"
Harmonising fat_distr (fat_distr) and Outcome (Outcome)
Harmonising fat_distr (fat_distr) and Outcome (Outcome)
[1] 385
[1] 385
  iteration traits posterior_prob regional_prob candidate_snp
1         1   None             NA        0.1057            NA
  posterior_explained_by_snp
1                         NA
                                           dropped_trait  lead_snp
1 chr17:17577027:17577107:clu_26860_-:ENSG00000133027.18 rs1263507
[1] "SPLICING EVENT"
[1] "chr17:17577027:17590158:clu_26860_-:ENSG00000133027.18"
Harmonising fat_distr (fat_distr) and Outcome (Outcome)
Harmonising fat_distr (fat_distr) and Outcome (Outcome)
[1] 385
[1] 385
  iteration traits posterior_prob regional_prob candidate_snp
1         1   None             NA        0.0138            NA
  posterior_explained_by_snp dropped_trait  lead_snp
1                         NA      iradjbmi rs1263507
[1] "SPLICING EVENT"
[1] "chr17:17577027:17591531:clu_26860_-:ENSG00000133027.18"
Harmonising fat_distr (fat_distr) and Outcome (Outcome)
Harmonising fat_distr (fat_distr) and Outcome (Outcome)
[1] 385
[1] 385
  iteration traits posterior_prob regional_prob candidate_snp
1         1   None             NA        0.8062            NA
  posterior_explained_by_snp
1                         NA
                                           dropped_trait  lead_snp
1 chr17:17577027:17591531:clu_26860_-:ENSG00000133027.18 rs1263507
[1] "SPLICING EVENT"
[1] "chr17:17577027:17591597:clu_26860_-:ENSG00000133027.18"
Harmonising fat_distr (fat_distr) and Outcome (Outcome)
Harmonising fat_distr (fat_distr) and Outcome (Outcome)
[1] 385
[1] 385
  iteration traits posterior_prob regional_prob candidate_snp
1         1   None             NA        0.0267            NA
  posterior_explained_by_snp dropped_trait  lead_snp
1                         NA      iradjbmi rs1263507
[1] "SPLICING EVENT"
[1] "chr17:17577027:17591967:clu_26860_-:ENSG00000133027.18"
Harmonising fat_distr (fat_distr) and Outcome (Outcome)
Harmonising fat_distr (fat_distr) and Outcome (Outcome)
[1] 385
[1] 385
  iteration traits posterior_prob regional_prob candidate_snp
1         1   None             NA        0.0107            NA
  posterior_explained_by_snp dropped_trait  lead_snp
1                         NA      iradjbmi rs1263507
[1] "LEAD INDEX"
[1] 2
[1] "LEAD INDEX"
[1] 3
[1] "LEAD INDEX"
[1] 4
[1] "LEAD INDEX"
[1] 5
[1] "SPLICING EVENT"
[1] "chr17:17505848:17506227:clu_26858_-:ENSG00000133027.18"
Harmonising fat_distr (fat_distr) and Outcome (Outcome)
Harmonising fat_distr (fat_distr) and Outcome (Outcome)
[1] 382
[1] 382
  iteration traits posterior_prob regional_prob candidate_snp
1         1   None             NA        0.0133            NA
  posterior_explained_by_snp dropped_trait  lead_snp
1                         NA      iradjbmi rs7222358
[1] "SPLICING EVENT"
[1] "chr17:17505848:17509434:clu_26858_-:ENSG00000133027.18"
Harmonising fat_distr (fat_distr) and Outcome (Outcome)
Harmonising fat_distr (fat_distr) and Outcome (Outcome)
[1] 382
[1] 382
  iteration traits posterior_prob regional_prob candidate_snp
1         1   None             NA        0.9393            NA
  posterior_explained_by_snp dropped_trait  lead_snp
1                         NA      iradjbmi rs7222358
[1] "SPLICING EVENT"
[1] "chr17:17506301:17507169:clu_26858_-:ENSG00000133027.18"
Harmonising fat_distr (fat_distr) and Outcome (Outcome)
Harmonising fat_distr (fat_distr) and Outcome (Outcome)
[1] 382
[1] 382
  iteration traits posterior_prob regional_prob candidate_snp
1         1   None             NA        0.0175            NA
  posterior_explained_by_snp dropped_trait  lead_snp
1                         NA      iradjbmi rs7222358
[1] "SPLICING EVENT"
[1] "chr17:17506301:17509434:clu_26858_-:ENSG00000133027.18"
Harmonising fat_distr (fat_distr) and Outcome (Outcome)
Harmonising fat_distr (fat_distr) and Outcome (Outcome)
[1] 382
[1] 382
  iteration traits posterior_prob regional_prob candidate_snp
1         1   None             NA        0.0115            NA
  posterior_explained_by_snp dropped_trait  lead_snp
1                         NA      iradjbmi rs7222358
[1] "SPLICING EVENT"
[1] "chr17:17509545:17512509:clu_26859_-:ENSG00000133027.18"
Harmonising fat_distr (fat_distr) and Outcome (Outcome)
Harmonising fat_distr (fat_distr) and Outcome (Outcome)
[1] 382
[1] 382
  iteration traits posterior_prob regional_prob candidate_snp
1         1   None             NA        0.0151            NA
  posterior_explained_by_snp dropped_trait  lead_snp
1                         NA      iradjbmi rs7222358
[1] "SPLICING EVENT"
[1] "chr17:17512654:17522280:clu_26859_-:ENSG00000133027.18"
Harmonising fat_distr (fat_distr) and Outcome (Outcome)
Harmonising fat_distr (fat_distr) and Outcome (Outcome)
[1] 382
[1] 382
  iteration traits posterior_prob regional_prob candidate_snp
1         1   None             NA        0.0396            NA
  posterior_explained_by_snp dropped_trait  lead_snp
1                         NA      iradjbmi rs7222358
[1] "SPLICING EVENT"
[1] "chr17:17522395:17576920:clu_26859_-:ENSG00000133027.18"
Harmonising fat_distr (fat_distr) and Outcome (Outcome)
Harmonising fat_distr (fat_distr) and Outcome (Outcome)
[1] 382
[1] 382
  iteration traits posterior_prob regional_prob candidate_snp
1         1   None             NA         0.107            NA
  posterior_explained_by_snp dropped_trait  lead_snp
1                         NA      iradjbmi rs7222358
[1] "SPLICING EVENT"
[1] "chr17:17577023:17591531:clu_26860_-:ENSG00000133027.18"
Harmonising fat_distr (fat_distr) and Outcome (Outcome)
Harmonising fat_distr (fat_distr) and Outcome (Outcome)
[1] 382
[1] 382
  iteration traits posterior_prob regional_prob candidate_snp
1         1   None             NA        0.0135            NA
  posterior_explained_by_snp dropped_trait  lead_snp
1                         NA      iradjbmi rs7222358
[1] "SPLICING EVENT"
[1] "chr17:17577027:17577107:clu_26860_-:ENSG00000133027.18"
Harmonising fat_distr (fat_distr) and Outcome (Outcome)
Harmonising fat_distr (fat_distr) and Outcome (Outcome)
[1] 382
[1] 382
  iteration traits posterior_prob regional_prob candidate_snp
1         1   None             NA        0.1057            NA
  posterior_explained_by_snp
1                         NA
                                           dropped_trait  lead_snp
1 chr17:17577027:17577107:clu_26860_-:ENSG00000133027.18 rs7222358
[1] "SPLICING EVENT"
[1] "chr17:17577027:17590158:clu_26860_-:ENSG00000133027.18"
Harmonising fat_distr (fat_distr) and Outcome (Outcome)
Harmonising fat_distr (fat_distr) and Outcome (Outcome)
[1] 382
[1] 382
  iteration traits posterior_prob regional_prob candidate_snp
1         1   None             NA        0.0138            NA
  posterior_explained_by_snp dropped_trait  lead_snp
1                         NA      iradjbmi rs7222358
[1] "SPLICING EVENT"
[1] "chr17:17577027:17591531:clu_26860_-:ENSG00000133027.18"
Harmonising fat_distr (fat_distr) and Outcome (Outcome)
Harmonising fat_distr (fat_distr) and Outcome (Outcome)
[1] 382
[1] 382
  iteration traits posterior_prob regional_prob candidate_snp
1         1   None             NA        0.8062            NA
  posterior_explained_by_snp
1                         NA
                                           dropped_trait  lead_snp
1 chr17:17577027:17591531:clu_26860_-:ENSG00000133027.18 rs7222358
[1] "SPLICING EVENT"
[1] "chr17:17577027:17591597:clu_26860_-:ENSG00000133027.18"
Harmonising fat_distr (fat_distr) and Outcome (Outcome)
Harmonising fat_distr (fat_distr) and Outcome (Outcome)
[1] 382
[1] 382
  iteration traits posterior_prob regional_prob candidate_snp
1         1   None             NA        0.0267            NA
  posterior_explained_by_snp dropped_trait  lead_snp
1                         NA      iradjbmi rs7222358
[1] "SPLICING EVENT"
[1] "chr17:17577027:17591967:clu_26860_-:ENSG00000133027.18"
Harmonising fat_distr (fat_distr) and Outcome (Outcome)
Harmonising fat_distr (fat_distr) and Outcome (Outcome)
[1] 382
[1] 382
  iteration traits posterior_prob regional_prob candidate_snp
1         1   None             NA        0.0107            NA
  posterior_explained_by_snp dropped_trait  lead_snp
1                         NA      iradjbmi rs7222358
[1] "LEAD INDEX"
[1] 6
[1] "SPLICING EVENT"
[1] "chr17:42567166:42567619:clu_29430_+:ENSG00000108788.12"
Harmonising fat_distr (fat_distr) and Outcome (Outcome)
Harmonising fat_distr (fat_distr) and Outcome (Outcome)
[1] 237
[1] 237
  iteration traits posterior_prob regional_prob candidate_snp
1         1   None             NA        0.0115            NA
  posterior_explained_by_snp dropped_trait lead_snp
1                         NA      iradjbmi rs646123
[1] "SPLICING EVENT"
[1] "chr17:42567328:42567619:clu_29430_+:ENSG00000108788.12"
Harmonising fat_distr (fat_distr) and Outcome (Outcome)
Harmonising fat_distr (fat_distr) and Outcome (Outcome)
[1] 237
[1] 237
  iteration traits posterior_prob regional_prob candidate_snp
1         1   None             NA         0.015            NA
  posterior_explained_by_snp dropped_trait lead_snp
1                         NA      iradjbmi rs646123
[1] "SPLICING EVENT"
[1] "chr17:42567655:42568470:clu_29431_+:ENSG00000108788.12"
Harmonising fat_distr (fat_distr) and Outcome (Outcome)
Harmonising fat_distr (fat_distr) and Outcome (Outcome)
[1] 237
[1] 237
  iteration                                                           traits
1         1 iradjbmi, chr17:42567655:42568470:clu_29431_+:ENSG00000108788.12
  posterior_prob regional_prob candidate_snp posterior_explained_by_snp
1         0.9947        0.9999      rs646123                     0.4445
  dropped_trait lead_snp
1            NA rs646123
[1] "SPLICING EVENT"
[1] "chr17:42567655:42568837:clu_29431_+:ENSG00000108788.12"
Harmonising fat_distr (fat_distr) and Outcome (Outcome)
Harmonising fat_distr (fat_distr) and Outcome (Outcome)
[1] 237
[1] 237
  iteration                                                           traits
1         1 iradjbmi, chr17:42567655:42568837:clu_29431_+:ENSG00000108788.12
  posterior_prob regional_prob candidate_snp posterior_explained_by_snp
1         0.9947        0.9999      rs646123                      0.495
  dropped_trait lead_snp
1            NA rs646123
[1] "SPLICING EVENT"
[1] "chr17:42568559:42568837:clu_29431_+:ENSG00000108788.12"
Harmonising fat_distr (fat_distr) and Outcome (Outcome)
Harmonising fat_distr (fat_distr) and Outcome (Outcome)
[1] 237
[1] 237
  iteration                                                           traits
1         1 iradjbmi, chr17:42568559:42568837:clu_29431_+:ENSG00000108788.12
  posterior_prob regional_prob candidate_snp posterior_explained_by_snp
1          0.977        0.9859    rs10454087                     0.3617
  dropped_trait lead_snp
1            NA rs646123
[1] "SPLICING EVENT"
[1] "chr17:42568943:42569204:clu_29432_+:ENSG00000108788.12"
Harmonising fat_distr (fat_distr) and Outcome (Outcome)
Harmonising fat_distr (fat_distr) and Outcome (Outcome)
[1] 237
[1] 237
  iteration traits posterior_prob regional_prob candidate_snp
1         1   None             NA        0.0109            NA
  posterior_explained_by_snp dropped_trait lead_snp
1                         NA      iradjbmi rs646123
[1] "SPLICING EVENT"
[1] "chr17:42569303:42569507:clu_29432_+:ENSG00000108788.12"
Harmonising fat_distr (fat_distr) and Outcome (Outcome)
Harmonising fat_distr (fat_distr) and Outcome (Outcome)
[1] 237
[1] 237
  iteration traits posterior_prob regional_prob candidate_snp
1         1   None             NA        0.0082            NA
  posterior_explained_by_snp dropped_trait lead_snp
1                         NA      iradjbmi rs646123
[1] "SPLICING EVENT"
[1] "chr17:42570172:42571547:clu_29433_+:ENSG00000108788.12"
Harmonising fat_distr (fat_distr) and Outcome (Outcome)
Harmonising fat_distr (fat_distr) and Outcome (Outcome)
[1] 237
[1] 237
  iteration traits posterior_prob regional_prob candidate_snp
1         1   None             NA        0.0221            NA
  posterior_explained_by_snp dropped_trait lead_snp
1                         NA      iradjbmi rs646123
[1] "SPLICING EVENT"
[1] "chr17:42570183:42571547:clu_29433_+:ENSG00000108788.12"
Harmonising fat_distr (fat_distr) and Outcome (Outcome)
Harmonising fat_distr (fat_distr) and Outcome (Outcome)
[1] 237
[1] 237
  iteration traits posterior_prob regional_prob candidate_snp
1         1   None             NA        0.0188            NA
  posterior_explained_by_snp dropped_trait lead_snp
1                         NA      iradjbmi rs646123
[1] "SPLICING EVENT"
[1] "chr17:42582806:42583498:clu_27388_-:ENSG00000141699.11"
Harmonising fat_distr (fat_distr) and Outcome (Outcome)
Harmonising fat_distr (fat_distr) and Outcome (Outcome)
[1] 237
[1] 237
  iteration traits posterior_prob regional_prob candidate_snp
1         1   None             NA         0.007            NA
  posterior_explained_by_snp dropped_trait lead_snp
1                         NA      iradjbmi rs646123
[1] "SPLICING EVENT"
[1] "chr17:42586137:42586765:clu_27390_-:ENSG00000141699.11"
Harmonising fat_distr (fat_distr) and Outcome (Outcome)
Harmonising fat_distr (fat_distr) and Outcome (Outcome)
[1] 237
[1] 237
  iteration traits posterior_prob regional_prob candidate_snp
1         1   None             NA        0.0084            NA
  posterior_explained_by_snp dropped_trait lead_snp
1                         NA      iradjbmi rs646123
[1] "SPLICING EVENT"
[1] "chr17:42586891:42587834:clu_27390_-:ENSG00000141699.11"
Harmonising fat_distr (fat_distr) and Outcome (Outcome)
Harmonising fat_distr (fat_distr) and Outcome (Outcome)
[1] 237
[1] 237
  iteration traits posterior_prob regional_prob candidate_snp
1         1   None             NA        0.0072            NA
  posterior_explained_by_snp dropped_trait lead_snp
1                         NA      iradjbmi rs646123
[1] "SPLICING EVENT"
[1] "chr17:42586891:42592056:clu_27390_-:ENSG00000141699.11"
Harmonising fat_distr (fat_distr) and Outcome (Outcome)
Harmonising fat_distr (fat_distr) and Outcome (Outcome)
[1] 237
[1] 237
  iteration traits posterior_prob regional_prob candidate_snp
1         1   None             NA        0.0133            NA
  posterior_explained_by_snp dropped_trait lead_snp
1                         NA      iradjbmi rs646123
[1] "SPLICING EVENT"
[1] "chr17:42587864:42592056:clu_27390_-:ENSG00000141699.11"
Harmonising fat_distr (fat_distr) and Outcome (Outcome)
Harmonising fat_distr (fat_distr) and Outcome (Outcome)
[1] 237
[1] 237
  iteration traits posterior_prob regional_prob candidate_snp
1         1   None             NA         0.011            NA
  posterior_explained_by_snp dropped_trait lead_snp
1                         NA      iradjbmi rs646123
[1] "SPLICING EVENT"
[1] "chr17:42660316:42660639:clu_29439_+:ENSG00000037042.9"
Harmonising fat_distr (fat_distr) and Outcome (Outcome)
Harmonising fat_distr (fat_distr) and Outcome (Outcome)
[1] 237
[1] 237
  iteration traits posterior_prob regional_prob candidate_snp
1         1   None             NA        0.0141            NA
  posterior_explained_by_snp dropped_trait lead_snp
1                         NA      iradjbmi rs646123
[1] "SPLICING EVENT"
[1] "chr17:42660362:42660639:clu_29439_+:ENSG00000037042.9"
Harmonising fat_distr (fat_distr) and Outcome (Outcome)
Harmonising fat_distr (fat_distr) and Outcome (Outcome)
[1] 237
[1] 237
  iteration traits posterior_prob regional_prob candidate_snp
1         1   None             NA        0.0141            NA
  posterior_explained_by_snp dropped_trait lead_snp
1                         NA      iradjbmi rs646123
[1] "SPLICING EVENT"
[1] "chr17:42660707:42661201:clu_29440_+:ENSG00000037042.9"
Harmonising fat_distr (fat_distr) and Outcome (Outcome)
Harmonising fat_distr (fat_distr) and Outcome (Outcome)
[1] 237
[1] 237
  iteration traits posterior_prob regional_prob candidate_snp
1         1   None             NA        0.0064            NA
  posterior_explained_by_snp dropped_trait lead_snp
1                         NA      iradjbmi rs646123
[1] "SPLICING EVENT"
[1] "chr17:42660707:42662973:clu_29440_+:ENSG00000037042.9"
Harmonising fat_distr (fat_distr) and Outcome (Outcome)
Harmonising fat_distr (fat_distr) and Outcome (Outcome)
[1] 237
[1] 237
  iteration traits posterior_prob regional_prob candidate_snp
1         1   None             NA        0.0131            NA
  posterior_explained_by_snp dropped_trait lead_snp
1                         NA      iradjbmi rs646123
[1] "SPLICING EVENT"
[1] "chr17:42660707:42663377:clu_29440_+:ENSG00000037042.9"
Harmonising fat_distr (fat_distr) and Outcome (Outcome)
Harmonising fat_distr (fat_distr) and Outcome (Outcome)
[1] 237
[1] 237
  iteration traits posterior_prob regional_prob candidate_snp
1         1   None             NA        0.0071            NA
  posterior_explained_by_snp dropped_trait lead_snp
1                         NA      iradjbmi rs646123
[1] "SPLICING EVENT"
[1] "chr17:42661227:42662973:clu_29440_+:ENSG00000037042.9"
Harmonising fat_distr (fat_distr) and Outcome (Outcome)
Harmonising fat_distr (fat_distr) and Outcome (Outcome)
[1] 237
[1] 237
  iteration traits posterior_prob regional_prob candidate_snp
1         1   None             NA        0.0228            NA
  posterior_explained_by_snp dropped_trait lead_snp
1                         NA      iradjbmi rs646123
[1] "SPLICING EVENT"
[1] "chr17:42661956:42662973:clu_29440_+:ENSG00000037042.9"
Harmonising fat_distr (fat_distr) and Outcome (Outcome)
Harmonising fat_distr (fat_distr) and Outcome (Outcome)
[1] 237
[1] 237
  iteration traits posterior_prob regional_prob candidate_snp
1         1   None             NA         0.009            NA
  posterior_explained_by_snp dropped_trait lead_snp
1                         NA      iradjbmi rs646123
[1] "SPLICING EVENT"
[1] "chr17:42663052:42663377:clu_29440_+:ENSG00000037042.9"
Harmonising fat_distr (fat_distr) and Outcome (Outcome)
Harmonising fat_distr (fat_distr) and Outcome (Outcome)
[1] 237
[1] 237
  iteration traits posterior_prob regional_prob candidate_snp
1         1   None             NA         0.017            NA
  posterior_explained_by_snp dropped_trait lead_snp
1                         NA      iradjbmi rs646123
[1] "SPLICING EVENT"
[1] "chr17:42663503:42665476:clu_29441_+:ENSG00000037042.9"
Harmonising fat_distr (fat_distr) and Outcome (Outcome)
Harmonising fat_distr (fat_distr) and Outcome (Outcome)
[1] 237
[1] 237
  iteration traits posterior_prob regional_prob candidate_snp
1         1   None             NA        0.0157            NA
  posterior_explained_by_snp
1                         NA
                                          dropped_trait lead_snp
1 chr17:42663503:42665476:clu_29441_+:ENSG00000037042.9 rs646123
[1] "SPLICING EVENT"
[1] "chr17:42665827:42666087:clu_29442_+:ENSG00000037042.9"
Harmonising fat_distr (fat_distr) and Outcome (Outcome)
Harmonising fat_distr (fat_distr) and Outcome (Outcome)
[1] 237
[1] 237
  iteration traits posterior_prob regional_prob candidate_snp
1         1   None             NA        0.1114            NA
  posterior_explained_by_snp dropped_trait lead_snp
1                         NA      iradjbmi rs646123
[1] "LEAD INDEX"
[1] 7
[1] "SPLICING EVENT"
[1] "chr17:43484185:43489449:clu_29492_+:ENSG00000067596.12"
Harmonising fat_distr (fat_distr) and Outcome (Outcome)
Harmonising fat_distr (fat_distr) and Outcome (Outcome)
[1] 305
[1] 305
  iteration traits posterior_prob regional_prob candidate_snp
1         1   None             NA        0.0153            NA
  posterior_explained_by_snp dropped_trait  lead_snp
1                         NA      iradjbmi rs4632174
[1] "SPLICING EVENT"
[1] "chr17:43489534:43490391:clu_29492_+:ENSG00000067596.12"
Harmonising fat_distr (fat_distr) and Outcome (Outcome)
Harmonising fat_distr (fat_distr) and Outcome (Outcome)
[1] 305
[1] 305
  iteration traits posterior_prob regional_prob candidate_snp
1         1   None             NA        0.0237            NA
  posterior_explained_by_snp dropped_trait  lead_snp
1                         NA      iradjbmi rs4632174
[1] "SPLICING EVENT"
[1] "chr17:43492292:43492681:clu_29493_+:ENSG00000067596.12"
Harmonising fat_distr (fat_distr) and Outcome (Outcome)
Harmonising fat_distr (fat_distr) and Outcome (Outcome)
[1] 305
[1] 305
  iteration traits posterior_prob regional_prob candidate_snp
1         1   None             NA        0.0117            NA
  posterior_explained_by_snp dropped_trait  lead_snp
1                         NA      iradjbmi rs4632174
[1] "SPLICING EVENT"
[1] "chr17:43492292:43492687:clu_29493_+:ENSG00000067596.12"
Harmonising fat_distr (fat_distr) and Outcome (Outcome)
Harmonising fat_distr (fat_distr) and Outcome (Outcome)
[1] 305
[1] 305
  iteration traits posterior_prob regional_prob candidate_snp
1         1   None             NA        0.0131            NA
  posterior_explained_by_snp dropped_trait  lead_snp
1                         NA      iradjbmi rs4632174
[1] "SPLICING EVENT"
[1] "chr17:43507688:43507809:clu_29495_+:ENSG00000067596.12"
Harmonising fat_distr (fat_distr) and Outcome (Outcome)
Harmonising fat_distr (fat_distr) and Outcome (Outcome)
[1] 305
[1] 305
  iteration traits posterior_prob regional_prob candidate_snp
1         1   None             NA        0.0104            NA
  posterior_explained_by_snp dropped_trait  lead_snp
1                         NA      iradjbmi rs4632174
[1] "SPLICING EVENT"
[1] "chr17:43508019:43508339:clu_29496_+:ENSG00000067596.12"
Harmonising fat_distr (fat_distr) and Outcome (Outcome)
Harmonising fat_distr (fat_distr) and Outcome (Outcome)
[1] 305
[1] 305
  iteration traits posterior_prob regional_prob candidate_snp
1         1   None             NA        0.0231            NA
  posterior_explained_by_snp dropped_trait  lead_snp
1                         NA      iradjbmi rs4632174
[1] "SPLICING EVENT"
[1] "chr17:43508520:43513362:clu_29496_+:ENSG00000067596.12"
Harmonising fat_distr (fat_distr) and Outcome (Outcome)
Harmonising fat_distr (fat_distr) and Outcome (Outcome)
[1] 305
[1] 305
  iteration traits posterior_prob regional_prob candidate_snp
1         1   None             NA        0.0183            NA
  posterior_explained_by_snp dropped_trait  lead_snp
1                         NA      iradjbmi rs4632174
[1] "SPLICING EVENT"
[1] "chr17:43517322:43520130:clu_29497_+:ENSG00000067596.12"
Harmonising fat_distr (fat_distr) and Outcome (Outcome)
Harmonising fat_distr (fat_distr) and Outcome (Outcome)
[1] 305
[1] 305
  iteration traits posterior_prob regional_prob candidate_snp
1         1   None             NA        0.0239            NA
  posterior_explained_by_snp dropped_trait  lead_snp
1                         NA      iradjbmi rs4632174
[1] "SPLICING EVENT"
[1] "chr17:43520267:43520751:clu_29498_+:ENSG00000067596.12"
Harmonising fat_distr (fat_distr) and Outcome (Outcome)
Harmonising fat_distr (fat_distr) and Outcome (Outcome)
[1] 305
[1] 305
  iteration traits posterior_prob regional_prob candidate_snp
1         1   None             NA        0.0156            NA
  posterior_explained_by_snp dropped_trait  lead_snp
1                         NA      iradjbmi rs4632174
[1] "SPLICING EVENT"
[1] "chr17:43520879:43521369:clu_29498_+:ENSG00000067596.12"
Harmonising fat_distr (fat_distr) and Outcome (Outcome)
Harmonising fat_distr (fat_distr) and Outcome (Outcome)
[1] 305
[1] 305
  iteration traits posterior_prob regional_prob candidate_snp
1         1   None             NA        0.0163            NA
  posterior_explained_by_snp dropped_trait  lead_snp
1                         NA      iradjbmi rs4632174
[1] "SPLICING EVENT"
[1] "chr17:43522226:43523628:clu_29499_+:ENSG00000067596.12"
Harmonising fat_distr (fat_distr) and Outcome (Outcome)
Harmonising fat_distr (fat_distr) and Outcome (Outcome)
[1] 305
[1] 305
  iteration traits posterior_prob regional_prob candidate_snp
1         1   None             NA        0.0127            NA
  posterior_explained_by_snp dropped_trait  lead_snp
1                         NA      iradjbmi rs4632174
[1] "SPLICING EVENT"
[1] "chr17:43522226:43526496:clu_29499_+:ENSG00000067596.12"
Harmonising fat_distr (fat_distr) and Outcome (Outcome)
Harmonising fat_distr (fat_distr) and Outcome (Outcome)
[1] 305
[1] 305
  iteration traits posterior_prob regional_prob candidate_snp
1         1   None             NA        0.0104            NA
  posterior_explained_by_snp dropped_trait  lead_snp
1                         NA      iradjbmi rs4632174
[1] "SPLICING EVENT"
[1] "chr17:43522226:43536412:clu_29499_+:ENSG00000067596.12"
Harmonising fat_distr (fat_distr) and Outcome (Outcome)
Harmonising fat_distr (fat_distr) and Outcome (Outcome)
[1] 305
[1] 305
  iteration traits posterior_prob regional_prob candidate_snp
1         1   None             NA         0.017            NA
  posterior_explained_by_snp dropped_trait  lead_snp
1                         NA      iradjbmi rs4632174
[1] "SPLICING EVENT"
[1] "chr17:43524185:43536412:clu_29499_+:ENSG00000067596.12"
Harmonising fat_distr (fat_distr) and Outcome (Outcome)
Harmonising fat_distr (fat_distr) and Outcome (Outcome)
[1] 305
[1] 305
  iteration traits posterior_prob regional_prob candidate_snp
1         1   None             NA        0.0102            NA
  posterior_explained_by_snp dropped_trait  lead_snp
1                         NA      iradjbmi rs4632174
[1] "LEAD INDEX"
[1] 8
[1] "LEAD INDEX"
[1] 9
[1] "SPLICING EVENT"
[1] "chr17:43877983:43879275:clu_27459_-:ENSG00000108852.16"
Harmonising fat_distr (fat_distr) and Outcome (Outcome)
Harmonising fat_distr (fat_distr) and Outcome (Outcome)
[1] 353
[1] 353
  iteration traits posterior_prob regional_prob candidate_snp
1         1   None             NA        0.0198            NA
  posterior_explained_by_snp dropped_trait lead_snp
1                         NA      iradjbmi rs231492
[1] "SPLICING EVENT"
[1] "chr17:43880852:43881090:clu_27461_-:ENSG00000108852.16"
Harmonising fat_distr (fat_distr) and Outcome (Outcome)
Harmonising fat_distr (fat_distr) and Outcome (Outcome)
[1] 353
[1] 353
  iteration traits posterior_prob regional_prob candidate_snp
1         1   None             NA        0.0116            NA
  posterior_explained_by_snp dropped_trait lead_snp
1                         NA      iradjbmi rs231492
[1] "SPLICING EVENT"
[1] "chr17:43880884:43881090:clu_27461_-:ENSG00000108852.16"
Harmonising fat_distr (fat_distr) and Outcome (Outcome)
Harmonising fat_distr (fat_distr) and Outcome (Outcome)
[1] 353
[1] 353
  iteration traits posterior_prob regional_prob candidate_snp
1         1   None             NA         0.011            NA
  posterior_explained_by_snp dropped_trait lead_snp
1                         NA      iradjbmi rs231492
[1] "SPLICING EVENT"
[1] "chr17:43883355:43898262:clu_27464_-:ENSG00000108852.16"
Harmonising fat_distr (fat_distr) and Outcome (Outcome)
Harmonising fat_distr (fat_distr) and Outcome (Outcome)
[1] 353
[1] 353
  iteration traits posterior_prob regional_prob candidate_snp
1         1   None             NA        0.0146            NA
  posterior_explained_by_snp dropped_trait lead_snp
1                         NA      iradjbmi rs231492
[1] "SPLICING EVENT"
[1] "chr17:43898380:43904430:clu_27464_-:ENSG00000108852.16"
Harmonising fat_distr (fat_distr) and Outcome (Outcome)
Harmonising fat_distr (fat_distr) and Outcome (Outcome)
[1] 353
[1] 353
  iteration traits posterior_prob regional_prob candidate_snp
1         1   None             NA        0.0122            NA
  posterior_explained_by_snp dropped_trait lead_snp
1                         NA      iradjbmi rs231492
[1] "SPLICING EVENT"
[1] "chr17:43898380:43907474:clu_27464_-:ENSG00000108852.16"
Harmonising fat_distr (fat_distr) and Outcome (Outcome)
Harmonising fat_distr (fat_distr) and Outcome (Outcome)
[1] 353
[1] 353
  iteration traits posterior_prob regional_prob candidate_snp
1         1   None             NA        0.0099            NA
  posterior_explained_by_snp dropped_trait lead_snp
1                         NA      iradjbmi rs231492
[1] "SPLICING EVENT"
[1] "chr17:43904493:43907474:clu_27464_-:ENSG00000108852.16"
Harmonising fat_distr (fat_distr) and Outcome (Outcome)
Harmonising fat_distr (fat_distr) and Outcome (Outcome)
[1] 353
[1] 353
  iteration traits posterior_prob regional_prob candidate_snp
1         1   None             NA        0.0145            NA
  posterior_explained_by_snp dropped_trait lead_snp
1                         NA      iradjbmi rs231492
[1] "LEAD INDEX"
[1] 10
[1] "LEAD INDEX"
[1] 11
[1] "SPLICING EVENT"
[1] "chr17:47944715:47945559:clu_29633_+:ENSG00000108439.11"
Harmonising fat_distr (fat_distr) and Outcome (Outcome)
Harmonising fat_distr (fat_distr) and Outcome (Outcome)
[1] 430
[1] 430
  iteration traits posterior_prob regional_prob candidate_snp
1         1   None             NA        0.2465            NA
  posterior_explained_by_snp dropped_trait   lead_snp
1                         NA      iradjbmi rs17618704
[1] "SPLICING EVENT"
[1] "chr17:47944715:47946323:clu_29633_+:ENSG00000108439.11"
Harmonising fat_distr (fat_distr) and Outcome (Outcome)
Harmonising fat_distr (fat_distr) and Outcome (Outcome)
[1] 430
[1] 430
  iteration traits posterior_prob regional_prob candidate_snp
1         1   None             NA        0.2477            NA
  posterior_explained_by_snp dropped_trait   lead_snp
1                         NA      iradjbmi rs17618704
[1] "SPLICING EVENT"
[1] "chr17:47945612:47945861:clu_29633_+:ENSG00000108439.11"
Harmonising fat_distr (fat_distr) and Outcome (Outcome)
Harmonising fat_distr (fat_distr) and Outcome (Outcome)
[1] 430
[1] 430
  iteration traits posterior_prob regional_prob candidate_snp
1         1   None             NA        0.3284            NA
  posterior_explained_by_snp dropped_trait   lead_snp
1                         NA      iradjbmi rs17618704
[1] "SPLICING EVENT"
[1] "chr17:47945612:47946323:clu_29633_+:ENSG00000108439.11"
Harmonising fat_distr (fat_distr) and Outcome (Outcome)
Harmonising fat_distr (fat_distr) and Outcome (Outcome)
[1] 430
[1] 430
  iteration traits posterior_prob regional_prob candidate_snp
1         1   None             NA        0.0358            NA
  posterior_explained_by_snp dropped_trait   lead_snp
1                         NA      iradjbmi rs17618704
[1] "SPLICING EVENT"
[1] "chr17:47945989:47946323:clu_29633_+:ENSG00000108439.11"
Harmonising fat_distr (fat_distr) and Outcome (Outcome)
Harmonising fat_distr (fat_distr) and Outcome (Outcome)
[1] 430
[1] 430
  iteration                                                           traits
1         1 iradjbmi, chr17:47945989:47946323:clu_29633_+:ENSG00000108439.11
  posterior_prob regional_prob candidate_snp posterior_explained_by_snp
1         0.8825        0.9844    rs11650043                     0.4968
  dropped_trait   lead_snp
1            NA rs17618704
[1] "LEAD INDEX"
[1] 12
[1] "LEAD INDEX"
[1] 13
[1] "LEAD INDEX"
[1] 14
[1] "SPLICING EVENT"
[1] "chr17:76265403:76265907:clu_30168_+:ENSG00000185262.9"
Harmonising fat_distr (fat_distr) and Outcome (Outcome)
Harmonising fat_distr (fat_distr) and Outcome (Outcome)
[1] 389
[1] 389
  iteration traits posterior_prob regional_prob candidate_snp
1         1   None             NA        0.0103            NA
  posterior_explained_by_snp dropped_trait  lead_snp
1                         NA      iradjbmi rs9674537
[1] "SPLICING EVENT"
[1] "chr17:76265625:76265907:clu_30168_+:ENSG00000185262.9"
Harmonising fat_distr (fat_distr) and Outcome (Outcome)
Harmonising fat_distr (fat_distr) and Outcome (Outcome)
[1] 389
[1] 389
  iteration traits posterior_prob regional_prob candidate_snp
1         1   None             NA        0.0112            NA
  posterior_explained_by_snp dropped_trait  lead_snp
1                         NA      iradjbmi rs9674537
[1] "LEAD INDEX"
[1] 15
[1] "SPLICING EVENT"
[1] "chr17:78378808:78392476:clu_30227_+:ENSG00000087157.19"
Harmonising fat_distr (fat_distr) and Outcome (Outcome)
Harmonising fat_distr (fat_distr) and Outcome (Outcome)
[1] 471
[1] 471
  iteration                                                           traits
1         1 iradjbmi, chr17:78378808:78392476:clu_30227_+:ENSG00000087157.19
  posterior_prob regional_prob candidate_snp posterior_explained_by_snp
1         0.9674             1     rs4969178                          1
  dropped_trait   lead_snp
1            NA rs16971107
[1] "SPLICING EVENT"
[1] "chr17:78382785:78392476:clu_30227_+:ENSG00000087157.19"
Harmonising fat_distr (fat_distr) and Outcome (Outcome)
Harmonising fat_distr (fat_distr) and Outcome (Outcome)
[1] 471
[1] 471
  iteration                                                           traits
1         1 iradjbmi, chr17:78382785:78392476:clu_30227_+:ENSG00000087157.19
  posterior_prob regional_prob candidate_snp posterior_explained_by_snp
1         0.9674             1     rs4969178                     0.9956
  dropped_trait   lead_snp
1            NA rs16971107
[1] "SPLICING EVENT"
[1] "chr17:78392665:78396308:clu_30228_+:ENSG00000087157.19"
Harmonising fat_distr (fat_distr) and Outcome (Outcome)
Harmonising fat_distr (fat_distr) and Outcome (Outcome)
[1] 471
[1] 471
  iteration traits posterior_prob regional_prob candidate_snp
1         1   None             NA        0.0091            NA
  posterior_explained_by_snp dropped_trait   lead_snp
1                         NA      iradjbmi rs16971107
[1] "SPLICING EVENT"
[1] "chr17:78392665:78398252:clu_30228_+:ENSG00000087157.19"
Harmonising fat_distr (fat_distr) and Outcome (Outcome)
Harmonising fat_distr (fat_distr) and Outcome (Outcome)
[1] 471
[1] 471
  iteration traits posterior_prob regional_prob candidate_snp
1         1   None             NA        0.4674            NA
  posterior_explained_by_snp dropped_trait   lead_snp
1                         NA      iradjbmi rs16971107
[1] "SPLICING EVENT"
[1] "chr17:78396385:78398252:clu_30228_+:ENSG00000087157.19"
Harmonising fat_distr (fat_distr) and Outcome (Outcome)
Harmonising fat_distr (fat_distr) and Outcome (Outcome)
[1] 471
[1] 471
  iteration traits posterior_prob regional_prob candidate_snp
1         1   None             NA        0.1196            NA
  posterior_explained_by_snp dropped_trait   lead_snp
1                         NA      iradjbmi rs16971107
[1] "SPLICING EVENT"
[1] "chr17:78399537:78400677:clu_30229_+:ENSG00000087157.19"
Harmonising fat_distr (fat_distr) and Outcome (Outcome)
Harmonising fat_distr (fat_distr) and Outcome (Outcome)
[1] 471
[1] 471
  iteration traits posterior_prob regional_prob candidate_snp
1         1   None             NA        0.0116            NA
  posterior_explained_by_snp dropped_trait   lead_snp
1                         NA      iradjbmi rs16971107
[1] "SPLICING EVENT"
[1] "chr17:78399537:78400735:clu_30229_+:ENSG00000087157.19"
Harmonising fat_distr (fat_distr) and Outcome (Outcome)
Harmonising fat_distr (fat_distr) and Outcome (Outcome)
[1] 471
[1] 471
  iteration                                                           traits
1         1 iradjbmi, chr17:78399537:78400735:clu_30229_+:ENSG00000087157.19
  posterior_prob regional_prob candidate_snp posterior_explained_by_snp
1         0.6872        0.7197     rs3817294                     0.1379
  dropped_trait   lead_snp
1            NA rs16971107
[1] "SPLICING EVENT"
[1] "chr17:78399537:78403568:clu_30229_+:ENSG00000087157.19"
Harmonising fat_distr (fat_distr) and Outcome (Outcome)
Harmonising fat_distr (fat_distr) and Outcome (Outcome)
[1] 471
[1] 471
  iteration traits posterior_prob regional_prob candidate_snp
1         1   None             NA        0.0071            NA
  posterior_explained_by_snp dropped_trait   lead_snp
1                         NA      iradjbmi rs16971107
[1] "SPLICING EVENT"
[1] "chr17:78400855:78403568:clu_30229_+:ENSG00000087157.19"
Harmonising fat_distr (fat_distr) and Outcome (Outcome)
Harmonising fat_distr (fat_distr) and Outcome (Outcome)
[1] 471
[1] 471
  iteration traits posterior_prob regional_prob candidate_snp
1         1   None             NA        0.0077            NA
  posterior_explained_by_snp dropped_trait   lead_snp
1                         NA      iradjbmi rs16971107
[1] "SPLICING EVENT"
[1] "chr17:78403929:78414952:clu_30230_+:ENSG00000087157.19"
Harmonising fat_distr (fat_distr) and Outcome (Outcome)
Harmonising fat_distr (fat_distr) and Outcome (Outcome)
[1] 471
[1] 471
  iteration traits posterior_prob regional_prob candidate_snp
1         1   None             NA        0.0398            NA
  posterior_explained_by_snp dropped_trait   lead_snp
1                         NA      iradjbmi rs16971107
[1] "SPLICING EVENT"
[1] "chr17:78404089:78414879:clu_30230_+:ENSG00000087157.19"
Harmonising fat_distr (fat_distr) and Outcome (Outcome)
Harmonising fat_distr (fat_distr) and Outcome (Outcome)
[1] 471
[1] 471
  iteration traits posterior_prob regional_prob candidate_snp
1         1   None             NA        0.0113            NA
  posterior_explained_by_snp dropped_trait   lead_snp
1                         NA      iradjbmi rs16971107
[1] "SPLICING EVENT"
[1] "chr17:78404089:78414952:clu_30230_+:ENSG00000087157.19"
Harmonising fat_distr (fat_distr) and Outcome (Outcome)
Harmonising fat_distr (fat_distr) and Outcome (Outcome)
[1] 471
[1] 471
  iteration traits posterior_prob regional_prob candidate_snp
1         1   None             NA        0.0405            NA
  posterior_explained_by_snp dropped_trait   lead_snp
1                         NA      iradjbmi rs16971107
[1] "SPLICING EVENT"
[1] "chr17:78404089:78419546:clu_30230_+:ENSG00000087157.19"
Harmonising fat_distr (fat_distr) and Outcome (Outcome)
Harmonising fat_distr (fat_distr) and Outcome (Outcome)
[1] 471
[1] 471
  iteration traits posterior_prob regional_prob candidate_snp
1         1   None             NA        0.0096            NA
  posterior_explained_by_snp dropped_trait   lead_snp
1                         NA      iradjbmi rs16971107
[1] "SPLICING EVENT"
[1] "chr17:78415027:78419546:clu_30230_+:ENSG00000087157.19"
Harmonising fat_distr (fat_distr) and Outcome (Outcome)
Harmonising fat_distr (fat_distr) and Outcome (Outcome)
[1] 471
[1] 471
  iteration traits posterior_prob regional_prob candidate_snp
1         1   None             NA        0.0108            NA
  posterior_explained_by_snp dropped_trait   lead_snp
1                         NA      iradjbmi rs16971107
[1] "SPLICING EVENT"
[1] "chr17:78419675:78420214:clu_30231_+:ENSG00000087157.19"
Harmonising fat_distr (fat_distr) and Outcome (Outcome)
Harmonising fat_distr (fat_distr) and Outcome (Outcome)
[1] 471
[1] 471
  iteration traits posterior_prob regional_prob candidate_snp
1         1   None             NA        0.0246            NA
  posterior_explained_by_snp dropped_trait   lead_snp
1                         NA      iradjbmi rs16971107
[1] "SPLICING EVENT"
[1] "chr17:78419675:78424061:clu_30231_+:ENSG00000087157.19"
Harmonising fat_distr (fat_distr) and Outcome (Outcome)
Harmonising fat_distr (fat_distr) and Outcome (Outcome)
[1] 471
[1] 471
  iteration traits posterior_prob regional_prob candidate_snp
1         1   None             NA         0.006            NA
  posterior_explained_by_snp dropped_trait   lead_snp
1                         NA      iradjbmi rs16971107
[1] "SPLICING EVENT"
[1] "chr17:78419725:78420214:clu_30231_+:ENSG00000087157.19"
Harmonising fat_distr (fat_distr) and Outcome (Outcome)
Harmonising fat_distr (fat_distr) and Outcome (Outcome)
[1] 471
[1] 471
  iteration traits posterior_prob regional_prob candidate_snp
1         1   None             NA        0.0071            NA
  posterior_explained_by_snp dropped_trait   lead_snp
1                         NA      iradjbmi rs16971107
[1] "SPLICING EVENT"
[1] "chr17:78419725:78424061:clu_30231_+:ENSG00000087157.19"
Harmonising fat_distr (fat_distr) and Outcome (Outcome)
Harmonising fat_distr (fat_distr) and Outcome (Outcome)
[1] 471
[1] 471
  iteration traits posterior_prob regional_prob candidate_snp
1         1   None             NA        0.0065            NA
  posterior_explained_by_snp dropped_trait   lead_snp
1                         NA      iradjbmi rs16971107
[1] "SPLICING EVENT"
[1] "chr17:78420323:78424061:clu_30231_+:ENSG00000087157.19"
Harmonising fat_distr (fat_distr) and Outcome (Outcome)
Harmonising fat_distr (fat_distr) and Outcome (Outcome)
[1] 471
[1] 471
  iteration traits posterior_prob regional_prob candidate_snp
1         1   None             NA        0.0075            NA
  posterior_explained_by_snp dropped_trait   lead_snp
1                         NA      iradjbmi rs16971107
[1] "SPLICING EVENT"
[1] "chr17:78423295:78424061:clu_30231_+:ENSG00000087157.19"
Harmonising fat_distr (fat_distr) and Outcome (Outcome)
Harmonising fat_distr (fat_distr) and Outcome (Outcome)
[1] 471
[1] 471
  iteration traits posterior_prob regional_prob candidate_snp
1         1   None             NA        0.0159            NA
  posterior_explained_by_snp dropped_trait   lead_snp
1                         NA      iradjbmi rs16971107
[1] "CHROMOSOME"
[1] 18
[1] "LEAD INDEX"
[1] 1
[1] "LEAD INDEX"
[1] 2
[1] "LEAD INDEX"
[1] 3
[1] "LEAD INDEX"
[1] 4
[1] "LEAD INDEX"
[1] 5
[1] "LEAD INDEX"
[1] 6
[1] "SPLICING EVENT"
[1] "chr18:23504447:23506970:clu_30668_+:ENSG00000141452.10"
Harmonising fat_distr (fat_distr) and Outcome (Outcome)
Harmonising fat_distr (fat_distr) and Outcome (Outcome)
[1] 341
[1] 341
  iteration traits posterior_prob regional_prob candidate_snp
1         1   None             NA        0.0161            NA
  posterior_explained_by_snp dropped_trait  lead_snp
1                         NA      iradjbmi rs1623060
[1] "SPLICING EVENT"
[1] "chr18:23504447:23507985:clu_30668_+:ENSG00000141452.10"
Harmonising fat_distr (fat_distr) and Outcome (Outcome)
Harmonising fat_distr (fat_distr) and Outcome (Outcome)
[1] 341
[1] 341
  iteration traits posterior_prob regional_prob candidate_snp
1         1   None             NA        0.0058            NA
  posterior_explained_by_snp dropped_trait  lead_snp
1                         NA      iradjbmi rs1623060
[1] "SPLICING EVENT"
[1] "chr18:23504447:23509193:clu_30668_+:ENSG00000141452.10"
Harmonising fat_distr (fat_distr) and Outcome (Outcome)
Harmonising fat_distr (fat_distr) and Outcome (Outcome)
[1] 341
[1] 341
  iteration traits posterior_prob regional_prob candidate_snp
1         1   None             NA        0.0079            NA
  posterior_explained_by_snp dropped_trait  lead_snp
1                         NA      iradjbmi rs1623060
[1] "SPLICING EVENT"
[1] "chr18:23504447:23515856:clu_30668_+:ENSG00000141452.10"
Harmonising fat_distr (fat_distr) and Outcome (Outcome)
Harmonising fat_distr (fat_distr) and Outcome (Outcome)
[1] 341
[1] 341
  iteration traits posterior_prob regional_prob candidate_snp
1         1   None             NA        0.0093            NA
  posterior_explained_by_snp dropped_trait  lead_snp
1                         NA      iradjbmi rs1623060
[1] "SPLICING EVENT"
[1] "chr18:23507054:23507985:clu_30668_+:ENSG00000141452.10"
Harmonising fat_distr (fat_distr) and Outcome (Outcome)
Harmonising fat_distr (fat_distr) and Outcome (Outcome)
[1] 341
[1] 341
  iteration traits posterior_prob regional_prob candidate_snp
1         1   None             NA        0.0081            NA
  posterior_explained_by_snp dropped_trait  lead_snp
1                         NA      iradjbmi rs1623060
[1] "SPLICING EVENT"
[1] "chr18:23508041:23509193:clu_30668_+:ENSG00000141452.10"
Harmonising fat_distr (fat_distr) and Outcome (Outcome)
Harmonising fat_distr (fat_distr) and Outcome (Outcome)
[1] 341
[1] 341
  iteration traits posterior_prob regional_prob candidate_snp
1         1   None             NA        0.0104            NA
  posterior_explained_by_snp dropped_trait  lead_snp
1                         NA      iradjbmi rs1623060
[1] "SPLICING EVENT"
[1] "chr18:23509279:23515856:clu_30668_+:ENSG00000141452.10"
Harmonising fat_distr (fat_distr) and Outcome (Outcome)
Harmonising fat_distr (fat_distr) and Outcome (Outcome)
[1] 341
[1] 341
  iteration traits posterior_prob regional_prob candidate_snp
1         1   None             NA        0.0145            NA
  posterior_explained_by_snp dropped_trait  lead_snp
1                         NA      iradjbmi rs1623060
[1] "SPLICING EVENT"
[1] "chr18:23516423:23517195:clu_30669_+:ENSG00000141452.10"
Harmonising fat_distr (fat_distr) and Outcome (Outcome)
Harmonising fat_distr (fat_distr) and Outcome (Outcome)
[1] 341
[1] 341
  iteration traits posterior_prob regional_prob candidate_snp
1         1   None             NA        0.0071            NA
  posterior_explained_by_snp dropped_trait  lead_snp
1                         NA      iradjbmi rs1623060
[1] "SPLICING EVENT"
[1] "chr18:23516423:23518890:clu_30669_+:ENSG00000141452.10"
Harmonising fat_distr (fat_distr) and Outcome (Outcome)
Harmonising fat_distr (fat_distr) and Outcome (Outcome)
[1] 341
[1] 341
  iteration traits posterior_prob regional_prob candidate_snp
1         1   None             NA         0.008            NA
  posterior_explained_by_snp dropped_trait  lead_snp
1                         NA      iradjbmi rs1623060
[1] "SPLICING EVENT"
[1] "chr18:23526765:23527795:clu_30670_+:ENSG00000141452.10"
Harmonising fat_distr (fat_distr) and Outcome (Outcome)
Harmonising fat_distr (fat_distr) and Outcome (Outcome)
[1] 341
[1] 341
  iteration traits posterior_prob regional_prob candidate_snp
1         1   None             NA        0.0247            NA
  posterior_explained_by_snp dropped_trait  lead_snp
1                         NA      iradjbmi rs1623060
[1] "SPLICING EVENT"
[1] "chr18:23526765:23529179:clu_30670_+:ENSG00000141452.10"
Harmonising fat_distr (fat_distr) and Outcome (Outcome)
Harmonising fat_distr (fat_distr) and Outcome (Outcome)
[1] 341
[1] 341
  iteration traits posterior_prob regional_prob candidate_snp
1         1   None             NA        0.9961            NA
  posterior_explained_by_snp
1                         NA
                                           dropped_trait  lead_snp
1 chr18:23526765:23529179:clu_30670_+:ENSG00000141452.10 rs1623060
[1] "SPLICING EVENT"
[1] "chr18:23527901:23529179:clu_30670_+:ENSG00000141452.10"
Harmonising fat_distr (fat_distr) and Outcome (Outcome)
Harmonising fat_distr (fat_distr) and Outcome (Outcome)
[1] 341
[1] 341
  iteration traits posterior_prob regional_prob candidate_snp
1         1   None             NA        0.0842            NA
  posterior_explained_by_snp dropped_trait  lead_snp
1                         NA      iradjbmi rs1623060
[1] "SPLICING EVENT"
[1] "chr18:23529298:23529635:clu_30672_+:ENSG00000141452.10"
Harmonising fat_distr (fat_distr) and Outcome (Outcome)
Harmonising fat_distr (fat_distr) and Outcome (Outcome)
[1] 341
[1] 341
  iteration traits posterior_prob regional_prob candidate_snp
1         1   None             NA        0.0302            NA
  posterior_explained_by_snp dropped_trait  lead_snp
1                         NA      iradjbmi rs1623060
[1] "SPLICING EVENT"
[1] "chr18:23530132:23530207:clu_30673_+:ENSG00000141452.10"
Harmonising fat_distr (fat_distr) and Outcome (Outcome)
Harmonising fat_distr (fat_distr) and Outcome (Outcome)
[1] 341
[1] 341
  iteration traits posterior_prob regional_prob candidate_snp
1         1   None             NA        0.0086            NA
  posterior_explained_by_snp dropped_trait  lead_snp
1                         NA      iradjbmi rs1623060
[1] "SPLICING EVENT"
[1] "chr18:23530132:23530229:clu_30673_+:ENSG00000141452.10"
Harmonising fat_distr (fat_distr) and Outcome (Outcome)
Harmonising fat_distr (fat_distr) and Outcome (Outcome)
[1] 341
[1] 341
  iteration traits posterior_prob regional_prob candidate_snp
1         1   None             NA        0.0077            NA
  posterior_explained_by_snp dropped_trait  lead_snp
1                         NA      iradjbmi rs1623060
[1] "SPLICING EVENT"
[1] "chr18:23530297:23530387:clu_30674_+:ENSG00000141452.10"
Harmonising fat_distr (fat_distr) and Outcome (Outcome)
Harmonising fat_distr (fat_distr) and Outcome (Outcome)
[1] 341
[1] 341
  iteration traits posterior_prob regional_prob candidate_snp
1         1   None             NA        0.0234            NA
  posterior_explained_by_snp dropped_trait  lead_snp
1                         NA      iradjbmi rs1623060
[1] "SPLICING EVENT"
[1] "chr18:23530297:23530511:clu_30674_+:ENSG00000141452.10"
Harmonising fat_distr (fat_distr) and Outcome (Outcome)
Harmonising fat_distr (fat_distr) and Outcome (Outcome)
[1] 341
[1] 341
  iteration traits posterior_prob regional_prob candidate_snp
1         1   None             NA        0.0125            NA
  posterior_explained_by_snp dropped_trait  lead_snp
1                         NA      iradjbmi rs1623060
[1] "SPLICING EVENT"
[1] "chr18:23530612:23531020:clu_30675_+:ENSG00000141452.10"
Harmonising fat_distr (fat_distr) and Outcome (Outcome)
Harmonising fat_distr (fat_distr) and Outcome (Outcome)
[1] 341
[1] 341
  iteration traits posterior_prob regional_prob candidate_snp
1         1   None             NA        0.0248            NA
  posterior_explained_by_snp dropped_trait  lead_snp
1                         NA      iradjbmi rs1623060
[1] "SPLICING EVENT"
[1] "chr18:23530612:23531625:clu_30675_+:ENSG00000141452.10"
Harmonising fat_distr (fat_distr) and Outcome (Outcome)
Harmonising fat_distr (fat_distr) and Outcome (Outcome)
[1] 341
[1] 341
  iteration traits posterior_prob regional_prob candidate_snp
1         1   None             NA        0.0124            NA
  posterior_explained_by_snp dropped_trait  lead_snp
1                         NA      iradjbmi rs1623060
[1] "SPLICING EVENT"
[1] "chr18:23531133:23531625:clu_30675_+:ENSG00000141452.10"
Harmonising fat_distr (fat_distr) and Outcome (Outcome)
Harmonising fat_distr (fat_distr) and Outcome (Outcome)
[1] 341
[1] 341
  iteration traits posterior_prob regional_prob candidate_snp
1         1   None             NA        0.0272            NA
  posterior_explained_by_snp dropped_trait  lead_snp
1                         NA      iradjbmi rs1623060
[1] "SPLICING EVENT"
[1] "chr18:23506642:23533355:clu_31198_-:ENSG00000141458.13"
Harmonising fat_distr (fat_distr) and Outcome (Outcome)
Harmonising fat_distr (fat_distr) and Outcome (Outcome)
[1] 341
[1] 341
  iteration traits posterior_prob regional_prob candidate_snp
1         1   None             NA        0.0088            NA
  posterior_explained_by_snp
1                         NA
                                           dropped_trait  lead_snp
1 chr18:23506642:23533355:clu_31198_-:ENSG00000141458.13 rs1623060
[1] "SPLICING EVENT"
[1] "chr18:23522906:23533355:clu_31198_-:ENSG00000141458.13"
Harmonising fat_distr (fat_distr) and Outcome (Outcome)
Harmonising fat_distr (fat_distr) and Outcome (Outcome)
[1] 341
[1] 341
  iteration                                                           traits
1         1 iradjbmi, chr18:23522906:23533355:clu_31198_-:ENSG00000141458.13
  posterior_prob regional_prob candidate_snp posterior_explained_by_snp
1         0.9552             1     rs4800488                     0.3201
  dropped_trait  lead_snp
1            NA rs1623060
[1] "SPLICING EVENT"
[1] "chr18:23532284:23533355:clu_31198_-:ENSG00000141458.13"
Harmonising fat_distr (fat_distr) and Outcome (Outcome)
Harmonising fat_distr (fat_distr) and Outcome (Outcome)
[1] 341
[1] 341
  iteration traits posterior_prob regional_prob candidate_snp
1         1   None             NA        0.0101            NA
  posterior_explained_by_snp
1                         NA
                                           dropped_trait  lead_snp
1 chr18:23532284:23533355:clu_31198_-:ENSG00000141458.13 rs1623060
[1] "SPLICING EVENT"
[1] "chr18:23533517:23534446:clu_31199_-:ENSG00000141458.13"
Harmonising fat_distr (fat_distr) and Outcome (Outcome)
Harmonising fat_distr (fat_distr) and Outcome (Outcome)
[1] 341
[1] 341
  iteration traits posterior_prob regional_prob candidate_snp
1         1   None             NA        0.0084            NA
  posterior_explained_by_snp dropped_trait  lead_snp
1                         NA      iradjbmi rs1623060
[1] "SPLICING EVENT"
[1] "chr18:23534559:23535469:clu_31200_-:ENSG00000141458.13"
Harmonising fat_distr (fat_distr) and Outcome (Outcome)
Harmonising fat_distr (fat_distr) and Outcome (Outcome)
[1] 341
[1] 341
  iteration                                                           traits
1         1 iradjbmi, chr18:23534559:23535469:clu_31200_-:ENSG00000141458.13
  posterior_prob regional_prob candidate_snp posterior_explained_by_snp
1         0.8663             1     rs6507716                     0.6624
  dropped_trait  lead_snp
1            NA rs1623060
[1] "SPLICING EVENT"
[1] "chr18:23535675:23536673:clu_31201_-:ENSG00000141458.13"
Harmonising fat_distr (fat_distr) and Outcome (Outcome)
Harmonising fat_distr (fat_distr) and Outcome (Outcome)
[1] 341
[1] 341
  iteration traits posterior_prob regional_prob candidate_snp
1         1   None             NA        0.0068            NA
  posterior_explained_by_snp dropped_trait  lead_snp
1                         NA      iradjbmi rs1623060
[1] "SPLICING EVENT"
[1] "chr18:23535700:23536673:clu_31201_-:ENSG00000141458.13"
Harmonising fat_distr (fat_distr) and Outcome (Outcome)
Harmonising fat_distr (fat_distr) and Outcome (Outcome)
[1] 341
[1] 341
  iteration traits posterior_prob regional_prob candidate_snp
1         1   None             NA        0.0069            NA
  posterior_explained_by_snp dropped_trait  lead_snp
1                         NA      iradjbmi rs1623060
[1] "SPLICING EVENT"
[1] "chr18:23536876:23538542:clu_31202_-:ENSG00000141458.13"
Harmonising fat_distr (fat_distr) and Outcome (Outcome)
Harmonising fat_distr (fat_distr) and Outcome (Outcome)
[1] 341
[1] 341
  iteration traits posterior_prob regional_prob candidate_snp
1         1   None             NA        0.0124            NA
  posterior_explained_by_snp dropped_trait  lead_snp
1                         NA      iradjbmi rs1623060
[1] "SPLICING EVENT"
[1] "chr18:23538671:23539355:clu_31202_-:ENSG00000141458.13"
Harmonising fat_distr (fat_distr) and Outcome (Outcome)
Harmonising fat_distr (fat_distr) and Outcome (Outcome)
[1] 341
[1] 341
  iteration traits posterior_prob regional_prob candidate_snp
1         1   None             NA        0.0149            NA
  posterior_explained_by_snp dropped_trait  lead_snp
1                         NA      iradjbmi rs1623060
[1] "SPLICING EVENT"
[1] "chr18:23540001:23540448:clu_31204_-:ENSG00000141458.13"
Harmonising fat_distr (fat_distr) and Outcome (Outcome)
Harmonising fat_distr (fat_distr) and Outcome (Outcome)
[1] 341
[1] 341
  iteration traits posterior_prob regional_prob candidate_snp
1         1   None             NA        0.0091            NA
  posterior_explained_by_snp dropped_trait  lead_snp
1                         NA      iradjbmi rs1623060
[1] "SPLICING EVENT"
[1] "chr18:23540537:23541068:clu_31204_-:ENSG00000141458.13"
Harmonising fat_distr (fat_distr) and Outcome (Outcome)
Harmonising fat_distr (fat_distr) and Outcome (Outcome)
[1] 341
[1] 341
  iteration traits posterior_prob regional_prob candidate_snp
1         1   None             NA        0.0112            NA
  posterior_explained_by_snp dropped_trait  lead_snp
1                         NA      iradjbmi rs1623060
[1] "SPLICING EVENT"
[1] "chr18:23541433:23543455:clu_31205_-:ENSG00000141458.13"
Harmonising fat_distr (fat_distr) and Outcome (Outcome)
Harmonising fat_distr (fat_distr) and Outcome (Outcome)
[1] 341
[1] 341
  iteration traits posterior_prob regional_prob candidate_snp
1         1   None             NA        0.0074            NA
  posterior_explained_by_snp dropped_trait  lead_snp
1                         NA      iradjbmi rs1623060
[1] "SPLICING EVENT"
[1] "chr18:23543569:23544344:clu_31205_-:ENSG00000141458.13"
Harmonising fat_distr (fat_distr) and Outcome (Outcome)
Harmonising fat_distr (fat_distr) and Outcome (Outcome)
[1] 341
[1] 341
  iteration traits posterior_prob regional_prob candidate_snp
1         1   None             NA        0.0072            NA
  posterior_explained_by_snp dropped_trait  lead_snp
1                         NA      iradjbmi rs1623060
[1] "SPLICING EVENT"
[1] "chr18:23545149:23548006:clu_31206_-:ENSG00000141458.13"
Harmonising fat_distr (fat_distr) and Outcome (Outcome)
Harmonising fat_distr (fat_distr) and Outcome (Outcome)
[1] 341
[1] 341
  iteration traits posterior_prob regional_prob candidate_snp
1         1   None             NA        0.0075            NA
  posterior_explained_by_snp dropped_trait  lead_snp
1                         NA      iradjbmi rs1623060
[1] "SPLICING EVENT"
[1] "chr18:23545149:23551627:clu_31206_-:ENSG00000141458.13"
Harmonising fat_distr (fat_distr) and Outcome (Outcome)
Harmonising fat_distr (fat_distr) and Outcome (Outcome)
[1] 341
[1] 341
  iteration traits posterior_prob regional_prob candidate_snp
1         1   None             NA         0.015            NA
  posterior_explained_by_snp dropped_trait  lead_snp
1                         NA      iradjbmi rs1623060
[1] "SPLICING EVENT"
[1] "chr18:23548108:23551627:clu_31206_-:ENSG00000141458.13"
Harmonising fat_distr (fat_distr) and Outcome (Outcome)
Harmonising fat_distr (fat_distr) and Outcome (Outcome)
[1] 341
[1] 341
  iteration traits posterior_prob regional_prob candidate_snp
1         1   None             NA        0.0081            NA
  posterior_explained_by_snp dropped_trait  lead_snp
1                         NA      iradjbmi rs1623060
[1] "SPLICING EVENT"
[1] "chr18:23551727:23554758:clu_31206_-:ENSG00000141458.13"
Harmonising fat_distr (fat_distr) and Outcome (Outcome)
Harmonising fat_distr (fat_distr) and Outcome (Outcome)
[1] 341
[1] 341
  iteration traits posterior_prob regional_prob candidate_snp
1         1   None             NA         0.027            NA
  posterior_explained_by_snp dropped_trait  lead_snp
1                         NA      iradjbmi rs1623060
[1] "SPLICING EVENT"
[1] "chr18:23556613:23557117:clu_31207_-:ENSG00000141458.13"
Harmonising fat_distr (fat_distr) and Outcome (Outcome)
Harmonising fat_distr (fat_distr) and Outcome (Outcome)
[1] 341
[1] 341
  iteration traits posterior_prob regional_prob candidate_snp
1         1   None             NA         0.012            NA
  posterior_explained_by_snp dropped_trait  lead_snp
1                         NA      iradjbmi rs1623060
[1] "SPLICING EVENT"
[1] "chr18:23556664:23557117:clu_31207_-:ENSG00000141458.13"
Harmonising fat_distr (fat_distr) and Outcome (Outcome)
Harmonising fat_distr (fat_distr) and Outcome (Outcome)
[1] 341
[1] 341
  iteration traits posterior_prob regional_prob candidate_snp
1         1   None             NA        0.0381            NA
  posterior_explained_by_snp dropped_trait  lead_snp
1                         NA      iradjbmi rs1623060
[1] "SPLICING EVENT"
[1] "chr18:23557190:23560231:clu_31208_-:ENSG00000141458.13"
Harmonising fat_distr (fat_distr) and Outcome (Outcome)
Harmonising fat_distr (fat_distr) and Outcome (Outcome)
[1] 341
[1] 341
  iteration traits posterior_prob regional_prob candidate_snp
1         1   None             NA        0.0075            NA
  posterior_explained_by_snp dropped_trait  lead_snp
1                         NA      iradjbmi rs1623060
[1] "SPLICING EVENT"
[1] "chr18:23560480:23561360:clu_31208_-:ENSG00000141458.13"
Harmonising fat_distr (fat_distr) and Outcome (Outcome)
Harmonising fat_distr (fat_distr) and Outcome (Outcome)
[1] 341
[1] 341
  iteration traits posterior_prob regional_prob candidate_snp
1         1   None             NA        0.0167            NA
  posterior_explained_by_snp dropped_trait  lead_snp
1                         NA      iradjbmi rs1623060
[1] "LEAD INDEX"
[1] 7
[1] "CHROMOSOME"
[1] 19
[1] "LEAD INDEX"
[1] 1
[1] "SPLICING EVENT"
[1] "chr19:18280044:18280456:clu_32462_-:ENSG00000130518.18"
Harmonising fat_distr (fat_distr) and Outcome (Outcome)
Harmonising fat_distr (fat_distr) and Outcome (Outcome)
[1] 396
[1] 396
  iteration traits posterior_prob regional_prob candidate_snp
1         1   None             NA        0.0043            NA
  posterior_explained_by_snp dropped_trait  lead_snp
1                         NA      iradjbmi rs1075403
[1] "LEAD INDEX"
[1] 2
[1] "LEAD INDEX"
[1] 3
[1] "LEAD INDEX"
[1] 4
[1] "SPLICING EVENT"
[1] "chr19:7128951:7132158:clu_31954_-:ENSG00000171105.14"
Harmonising fat_distr (fat_distr) and Outcome (Outcome)
Harmonising fat_distr (fat_distr) and Outcome (Outcome)
[1] 442
[1] 442
  iteration traits posterior_prob regional_prob candidate_snp
1         1   None             NA        0.0297            NA
  posterior_explained_by_snp dropped_trait  lead_snp
1                         NA      iradjbmi rs8101064
[1] "SPLICING EVENT"
[1] "chr19:7128954:7132158:clu_31954_-:ENSG00000171105.14"
Harmonising fat_distr (fat_distr) and Outcome (Outcome)
Harmonising fat_distr (fat_distr) and Outcome (Outcome)
[1] 442
[1] 442
  iteration traits posterior_prob regional_prob candidate_snp
1         1   None             NA        0.0238            NA
  posterior_explained_by_snp dropped_trait  lead_snp
1                         NA      iradjbmi rs8101064
[1] "SPLICING EVENT"
[1] "chr19:7132317:7141677:clu_31955_-:ENSG00000171105.14"
Harmonising fat_distr (fat_distr) and Outcome (Outcome)
Harmonising fat_distr (fat_distr) and Outcome (Outcome)
[1] 442
[1] 442
  iteration traits posterior_prob regional_prob candidate_snp
1         1   None             NA        0.0081            NA
  posterior_explained_by_snp dropped_trait  lead_snp
1                         NA      iradjbmi rs8101064
[1] "SPLICING EVENT"
[1] "chr19:7143090:7150497:clu_31956_-:ENSG00000171105.14"
Harmonising fat_distr (fat_distr) and Outcome (Outcome)
Harmonising fat_distr (fat_distr) and Outcome (Outcome)
[1] 442
[1] 442
  iteration traits posterior_prob regional_prob candidate_snp
1         1   None             NA        0.0138            NA
  posterior_explained_by_snp dropped_trait  lead_snp
1                         NA      iradjbmi rs8101064
[1] "SPLICING EVENT"
[1] "chr19:7143090:7152726:clu_31956_-:ENSG00000171105.14"
Harmonising fat_distr (fat_distr) and Outcome (Outcome)
Harmonising fat_distr (fat_distr) and Outcome (Outcome)
[1] 442
[1] 442
  iteration traits posterior_prob regional_prob candidate_snp
1         1   None             NA        0.0245            NA
  posterior_explained_by_snp dropped_trait  lead_snp
1                         NA      iradjbmi rs8101064
[1] "SPLICING EVENT"
[1] "chr19:7150532:7152726:clu_31956_-:ENSG00000171105.14"
Harmonising fat_distr (fat_distr) and Outcome (Outcome)
Harmonising fat_distr (fat_distr) and Outcome (Outcome)
[1] 442
[1] 442
  iteration traits posterior_prob regional_prob candidate_snp
1         1   None             NA        0.0092            NA
  posterior_explained_by_snp dropped_trait  lead_snp
1                         NA      iradjbmi rs8101064
[1] "SPLICING EVENT"
[1] "chr19:7152927:7163032:clu_31957_-:ENSG00000171105.14"
Harmonising fat_distr (fat_distr) and Outcome (Outcome)
Harmonising fat_distr (fat_distr) and Outcome (Outcome)
[1] 442
[1] 442
  iteration traits posterior_prob regional_prob candidate_snp
1         1   None             NA        0.0083            NA
  posterior_explained_by_snp dropped_trait  lead_snp
1                         NA      iradjbmi rs8101064
[1] "SPLICING EVENT"
[1] "chr19:7159645:7163032:clu_31957_-:ENSG00000171105.14"
Harmonising fat_distr (fat_distr) and Outcome (Outcome)
Harmonising fat_distr (fat_distr) and Outcome (Outcome)
[1] 442
[1] 442
  iteration traits posterior_prob regional_prob candidate_snp
1         1   None             NA        0.0068            NA
  posterior_explained_by_snp dropped_trait  lead_snp
1                         NA      iradjbmi rs8101064
[1] "LEAD INDEX"
[1] 5
[1] "SPLICING EVENT"
[1] "chr19:7904068:7904451:clu_33988_+:ENSG00000076984.18"
Harmonising fat_distr (fat_distr) and Outcome (Outcome)
Harmonising fat_distr (fat_distr) and Outcome (Outcome)
[1] 439
[1] 439
  iteration traits posterior_prob regional_prob candidate_snp
1         1   None             NA        0.0097            NA
  posterior_explained_by_snp dropped_trait  lead_snp
1                         NA      iradjbmi rs4804833
[1] "SPLICING EVENT"
[1] "chr19:7904068:7905808:clu_33988_+:ENSG00000076984.18"
Harmonising fat_distr (fat_distr) and Outcome (Outcome)
Harmonising fat_distr (fat_distr) and Outcome (Outcome)
[1] 439
[1] 439
  iteration traits posterior_prob regional_prob candidate_snp
1         1   None             NA        0.0175            NA
  posterior_explained_by_snp dropped_trait  lead_snp
1                         NA      iradjbmi rs4804833
[1] "SPLICING EVENT"
[1] "chr19:7904068:7909755:clu_33988_+:ENSG00000076984.18"
Harmonising fat_distr (fat_distr) and Outcome (Outcome)
Harmonising fat_distr (fat_distr) and Outcome (Outcome)
[1] 439
[1] 439
  iteration                                                         traits
1         1 iradjbmi, chr19:7904068:7909755:clu_33988_+:ENSG00000076984.18
  posterior_prob regional_prob candidate_snp posterior_explained_by_snp
1         0.4778        0.8351     rs4804833                      0.713
  dropped_trait  lead_snp
1            NA rs4804833
[1] "SPLICING EVENT"
[1] "chr19:7905855:7909755:clu_33988_+:ENSG00000076984.18"
Harmonising fat_distr (fat_distr) and Outcome (Outcome)
Harmonising fat_distr (fat_distr) and Outcome (Outcome)
[1] 439
[1] 439
  iteration traits posterior_prob regional_prob candidate_snp
1         1   None             NA         0.015            NA
  posterior_explained_by_snp dropped_trait  lead_snp
1                         NA      iradjbmi rs4804833
[1] "SPLICING EVENT"
[1] "chr19:7909896:7910063:clu_33989_+:ENSG00000076984.18"
Harmonising fat_distr (fat_distr) and Outcome (Outcome)
Harmonising fat_distr (fat_distr) and Outcome (Outcome)
[1] 439
[1] 439
  iteration traits posterior_prob regional_prob candidate_snp
1         1   None             NA        0.0194            NA
  posterior_explained_by_snp dropped_trait  lead_snp
1                         NA      iradjbmi rs4804833
[1] "SPLICING EVENT"
[1] "chr19:7910129:7910260:clu_33989_+:ENSG00000076984.18"
Harmonising fat_distr (fat_distr) and Outcome (Outcome)
Harmonising fat_distr (fat_distr) and Outcome (Outcome)
[1] 439
[1] 439
  iteration traits posterior_prob regional_prob candidate_snp
1         1   None             NA        0.0176            NA
  posterior_explained_by_snp dropped_trait  lead_snp
1                         NA      iradjbmi rs4804833
[1] "SPLICING EVENT"
[1] "chr19:7911330:7911415:clu_33990_+:ENSG00000076984.18"
Harmonising fat_distr (fat_distr) and Outcome (Outcome)
Harmonising fat_distr (fat_distr) and Outcome (Outcome)
[1] 439
[1] 439
  iteration traits posterior_prob regional_prob candidate_snp
1         1   None             NA        0.0085            NA
  posterior_explained_by_snp dropped_trait  lead_snp
1                         NA      iradjbmi rs4804833
[1] "SPLICING EVENT"
[1] "chr19:7911330:7911436:clu_33990_+:ENSG00000076984.18"
Harmonising fat_distr (fat_distr) and Outcome (Outcome)
Harmonising fat_distr (fat_distr) and Outcome (Outcome)
[1] 439
[1] 439
  iteration traits posterior_prob regional_prob candidate_snp
1         1   None             NA        0.0084            NA
  posterior_explained_by_snp dropped_trait  lead_snp
1                         NA      iradjbmi rs4804833
[1] "SPLICING EVENT"
[1] "chr19:7912194:7912297:clu_33991_+:ENSG00000076984.18"
Harmonising fat_distr (fat_distr) and Outcome (Outcome)
Harmonising fat_distr (fat_distr) and Outcome (Outcome)
[1] 439
[1] 439
  iteration traits posterior_prob regional_prob candidate_snp
1         1   None             NA          0.01            NA
  posterior_explained_by_snp dropped_trait  lead_snp
1                         NA      iradjbmi rs4804833
[1] "LEAD INDEX"
[1] 6
[1] "LEAD INDEX"
[1] 7
[1] "LEAD INDEX"
[1] 8
[1] "SPLICING EVENT"
[1] "chr19:8526935:8527338:clu_32004_-:ENSG00000142347.19"
Harmonising fat_distr (fat_distr) and Outcome (Outcome)
Harmonising fat_distr (fat_distr) and Outcome (Outcome)
[1] 422
[1] 422
  iteration                                                         traits
1         1 iradjbmi, chr19:8526935:8527338:clu_32004_-:ENSG00000142347.19
  posterior_prob regional_prob candidate_snp posterior_explained_by_snp
1         0.7483        0.7555     rs4804311                     0.9819
  dropped_trait  lead_snp
1            NA rs4804311
[1] "SPLICING EVENT"
[1] "chr19:8536396:8536499:clu_32005_-:ENSG00000142347.19"
Harmonising fat_distr (fat_distr) and Outcome (Outcome)
Harmonising fat_distr (fat_distr) and Outcome (Outcome)
[1] 422
[1] 422
  iteration traits posterior_prob regional_prob candidate_snp
1         1   None             NA        0.0131            NA
  posterior_explained_by_snp dropped_trait  lead_snp
1                         NA      iradjbmi rs4804311
[1] "SPLICING EVENT"
[1] "chr19:8536410:8536499:clu_32005_-:ENSG00000142347.19"
Harmonising fat_distr (fat_distr) and Outcome (Outcome)
Harmonising fat_distr (fat_distr) and Outcome (Outcome)
[1] 422
[1] 422
  iteration traits posterior_prob regional_prob candidate_snp
1         1   None             NA          0.01            NA
  posterior_explained_by_snp dropped_trait  lead_snp
1                         NA      iradjbmi rs4804311
[1] "SPLICING EVENT"
[1] "chr19:8536597:8536949:clu_32006_-:ENSG00000142347.19"
Harmonising fat_distr (fat_distr) and Outcome (Outcome)
Harmonising fat_distr (fat_distr) and Outcome (Outcome)
[1] 422
[1] 422
  iteration traits posterior_prob regional_prob candidate_snp
1         1   None             NA        0.0116            NA
  posterior_explained_by_snp dropped_trait  lead_snp
1                         NA      iradjbmi rs4804311
[1] "SPLICING EVENT"
[1] "chr19:8536646:8536949:clu_32006_-:ENSG00000142347.19"
Harmonising fat_distr (fat_distr) and Outcome (Outcome)
Harmonising fat_distr (fat_distr) and Outcome (Outcome)
[1] 422
[1] 422
  iteration traits posterior_prob regional_prob candidate_snp
1         1   None             NA        0.0094            NA
  posterior_explained_by_snp dropped_trait  lead_snp
1                         NA      iradjbmi rs4804311
[1] "SPLICING EVENT"
[1] "chr19:8540028:8541906:clu_32007_-:ENSG00000142347.19"
Harmonising fat_distr (fat_distr) and Outcome (Outcome)
Harmonising fat_distr (fat_distr) and Outcome (Outcome)
[1] 422
[1] 422
  iteration traits posterior_prob regional_prob candidate_snp
1         1   None             NA        0.0119            NA
  posterior_explained_by_snp dropped_trait  lead_snp
1                         NA      iradjbmi rs4804311
[1] "SPLICING EVENT"
[1] "chr19:8540028:8541913:clu_32007_-:ENSG00000142347.19"
Harmonising fat_distr (fat_distr) and Outcome (Outcome)
Harmonising fat_distr (fat_distr) and Outcome (Outcome)
[1] 422
[1] 422
  iteration traits posterior_prob regional_prob candidate_snp
1         1   None             NA        0.0108            NA
  posterior_explained_by_snp dropped_trait  lead_snp
1                         NA      iradjbmi rs4804311
[1] "SPLICING EVENT"
[1] "chr19:8541991:8544297:clu_32007_-:ENSG00000142347.19"
Harmonising fat_distr (fat_distr) and Outcome (Outcome)
Harmonising fat_distr (fat_distr) and Outcome (Outcome)
[1] 422
[1] 422
  iteration traits posterior_prob regional_prob candidate_snp
1         1   None             NA        0.0146            NA
  posterior_explained_by_snp dropped_trait  lead_snp
1                         NA      iradjbmi rs4804311
[1] "SPLICING EVENT"
[1] "chr19:8544464:8545650:clu_32008_-:ENSG00000142347.19"
Harmonising fat_distr (fat_distr) and Outcome (Outcome)
Harmonising fat_distr (fat_distr) and Outcome (Outcome)
[1] 422
[1] 422
  iteration traits posterior_prob regional_prob candidate_snp
1         1   None             NA        0.0107            NA
  posterior_explained_by_snp dropped_trait  lead_snp
1                         NA      iradjbmi rs4804311
[1] "SPLICING EVENT"
[1] "chr19:8545736:8548036:clu_32008_-:ENSG00000142347.19"
Harmonising fat_distr (fat_distr) and Outcome (Outcome)
Harmonising fat_distr (fat_distr) and Outcome (Outcome)
[1] 422
[1] 422
  iteration traits posterior_prob regional_prob candidate_snp
1         1   None             NA        0.0108            NA
  posterior_explained_by_snp dropped_trait  lead_snp
1                         NA      iradjbmi rs4804311
[1] "SPLICING EVENT"
[1] "chr19:8550356:8550562:clu_32009_-:ENSG00000142347.19"
Harmonising fat_distr (fat_distr) and Outcome (Outcome)
Harmonising fat_distr (fat_distr) and Outcome (Outcome)
[1] 422
[1] 422
  iteration traits posterior_prob regional_prob candidate_snp
1         1   None             NA        0.0101            NA
  posterior_explained_by_snp dropped_trait  lead_snp
1                         NA      iradjbmi rs4804311
[1] "SPLICING EVENT"
[1] "chr19:8550694:8551740:clu_32010_-:ENSG00000142347.19"
Harmonising fat_distr (fat_distr) and Outcome (Outcome)
Harmonising fat_distr (fat_distr) and Outcome (Outcome)
[1] 422
[1] 422
  iteration traits posterior_prob regional_prob candidate_snp
1         1   None             NA        0.0159            NA
  posterior_explained_by_snp dropped_trait  lead_snp
1                         NA      iradjbmi rs4804311
[1] "LEAD INDEX"
[1] 9
[1] "LEAD INDEX"
[1] 10
[1] "LEAD INDEX"
[1] 11
[1] "LEAD INDEX"
[1] 12
[1] "LEAD INDEX"
[1] 13
[1] "LEAD INDEX"
[1] 14
[1] "LEAD INDEX"
[1] 15
[1] "LEAD INDEX"
[1] 16
[1] "SPLICING EVENT"
[1] "chr19:48720997:48721106:clu_33181_-:ENSG00000105538.10"
Harmonising fat_distr (fat_distr) and Outcome (Outcome)
Harmonising fat_distr (fat_distr) and Outcome (Outcome)
[1] 414
[1] 414
  iteration traits posterior_prob regional_prob candidate_snp
1         1   None             NA        0.2224            NA
  posterior_explained_by_snp dropped_trait lead_snp
1                         NA      iradjbmi rs485186
[1] "SPLICING EVENT"
[1] "chr19:48720997:48721854:clu_33181_-:ENSG00000105538.10"
Harmonising fat_distr (fat_distr) and Outcome (Outcome)
Harmonising fat_distr (fat_distr) and Outcome (Outcome)
[1] 414
[1] 414
  iteration traits posterior_prob regional_prob candidate_snp
1         1   None             NA        0.2315            NA
  posterior_explained_by_snp dropped_trait lead_snp
1                         NA      iradjbmi rs485186
[1] "SPLICING EVENT"
[1] "chr19:48721027:48721854:clu_33181_-:ENSG00000105538.10"
Harmonising fat_distr (fat_distr) and Outcome (Outcome)
Harmonising fat_distr (fat_distr) and Outcome (Outcome)
[1] 414
[1] 414
  iteration traits posterior_prob regional_prob candidate_snp
1         1   None             NA        0.0052            NA
  posterior_explained_by_snp dropped_trait lead_snp
1                         NA      iradjbmi rs485186
[1] "SPLICING EVENT"
[1] "chr19:48721259:48721854:clu_33181_-:ENSG00000105538.10"
Harmonising fat_distr (fat_distr) and Outcome (Outcome)
Harmonising fat_distr (fat_distr) and Outcome (Outcome)
[1] 414
[1] 414
  iteration traits posterior_prob regional_prob candidate_snp
1         1   None             NA        0.1971            NA
  posterior_explained_by_snp dropped_trait lead_snp
1                         NA      iradjbmi rs485186
[1] "SPLICING EVENT"
[1] "chr19:48722001:48724327:clu_33182_-:ENSG00000105538.10"
Harmonising fat_distr (fat_distr) and Outcome (Outcome)
Harmonising fat_distr (fat_distr) and Outcome (Outcome)
[1] 414
[1] 414
  iteration traits posterior_prob regional_prob candidate_snp
1         1   None             NA        0.0125            NA
  posterior_explained_by_snp dropped_trait lead_snp
1                         NA      iradjbmi rs485186
[1] "SPLICING EVENT"
[1] "chr19:48722001:48724337:clu_33182_-:ENSG00000105538.10"
Harmonising fat_distr (fat_distr) and Outcome (Outcome)
Harmonising fat_distr (fat_distr) and Outcome (Outcome)
[1] 414
[1] 414
  iteration traits posterior_prob regional_prob candidate_snp
1         1   None             NA        0.0114            NA
  posterior_explained_by_snp dropped_trait lead_snp
1                         NA      iradjbmi rs485186
[1] "SPLICING EVENT"
[1] "chr19:48724960:48726785:clu_33183_-:ENSG00000105538.10"
Harmonising fat_distr (fat_distr) and Outcome (Outcome)
Harmonising fat_distr (fat_distr) and Outcome (Outcome)
[1] 414
[1] 414
  iteration traits posterior_prob regional_prob candidate_snp
1         1   None             NA        0.0112            NA
  posterior_explained_by_snp dropped_trait lead_snp
1                         NA      iradjbmi rs485186
[1] "SPLICING EVENT"
[1] "chr19:48724960:48727007:clu_33183_-:ENSG00000105538.10"
Harmonising fat_distr (fat_distr) and Outcome (Outcome)
Harmonising fat_distr (fat_distr) and Outcome (Outcome)
[1] 414
[1] 414
  iteration traits posterior_prob regional_prob candidate_snp
1         1   None             NA        0.0161            NA
  posterior_explained_by_snp dropped_trait lead_snp
1                         NA      iradjbmi rs485186
[1] "SPLICING EVENT"
[1] "chr19:48726888:48727007:clu_33183_-:ENSG00000105538.10"
Harmonising fat_distr (fat_distr) and Outcome (Outcome)
Harmonising fat_distr (fat_distr) and Outcome (Outcome)
[1] 414
[1] 414
  iteration traits posterior_prob regional_prob candidate_snp
1         1   None             NA        0.0105            NA
  posterior_explained_by_snp dropped_trait lead_snp
1                         NA      iradjbmi rs485186
[1] "SPLICING EVENT"
[1] "chr19:48727158:48727393:clu_33183_-:ENSG00000105538.10"
Harmonising fat_distr (fat_distr) and Outcome (Outcome)
Harmonising fat_distr (fat_distr) and Outcome (Outcome)
[1] 414
[1] 414
  iteration traits posterior_prob regional_prob candidate_snp
1         1   None             NA        0.0954            NA
  posterior_explained_by_snp dropped_trait lead_snp
1                         NA      iradjbmi rs485186
[1] "SPLICING EVENT"
[1] "chr19:48727430:48728937:clu_33183_-:ENSG00000105538.10"
Harmonising fat_distr (fat_distr) and Outcome (Outcome)
Harmonising fat_distr (fat_distr) and Outcome (Outcome)
[1] 414
[1] 414
  iteration traits posterior_prob regional_prob candidate_snp
1         1   None             NA        0.0057            NA
  posterior_explained_by_snp dropped_trait lead_snp
1                         NA      iradjbmi rs485186
[1] "SPLICING EVENT"
[1] "chr19:48735551:48737884:clu_33184_-:ENSG00000105538.10"
Harmonising fat_distr (fat_distr) and Outcome (Outcome)
Harmonising fat_distr (fat_distr) and Outcome (Outcome)
[1] 414
[1] 414
  iteration traits posterior_prob regional_prob candidate_snp
1         1   None             NA        0.0053            NA
  posterior_explained_by_snp dropped_trait lead_snp
1                         NA      iradjbmi rs485186
[1] "SPLICING EVENT"
[1] "chr19:48735551:48738960:clu_33184_-:ENSG00000105538.10"
Harmonising fat_distr (fat_distr) and Outcome (Outcome)
Harmonising fat_distr (fat_distr) and Outcome (Outcome)
[1] 414
[1] 414
  iteration traits posterior_prob regional_prob candidate_snp
1         1   None             NA        0.0053            NA
  posterior_explained_by_snp dropped_trait lead_snp
1                         NA      iradjbmi rs485186
[1] "LEAD INDEX"
[1] 17
[1] "CHROMOSOME"
[1] 20
[1] "LEAD INDEX"
[1] 1
[1] "SPLICING EVENT"
[1] "chr20:41340949:41341180:clu_41955_+:ENSG00000132793.12"
Harmonising fat_distr (fat_distr) and Outcome (Outcome)
Harmonising fat_distr (fat_distr) and Outcome (Outcome)
[1] 375
[1] 375
  iteration traits posterior_prob regional_prob candidate_snp
1         1   None             NA        0.0094            NA
  posterior_explained_by_snp dropped_trait  lead_snp
1                         NA      iradjbmi rs6102322
[1] "SPLICING EVENT"
[1] "chr20:41340949:41345796:clu_41955_+:ENSG00000132793.12"
Harmonising fat_distr (fat_distr) and Outcome (Outcome)
Harmonising fat_distr (fat_distr) and Outcome (Outcome)
[1] 375
[1] 375
  iteration                                                           traits
1         1 iradjbmi, chr20:41340949:41345796:clu_41955_+:ENSG00000132793.12
  posterior_prob regional_prob candidate_snp posterior_explained_by_snp
1         0.8989        0.9642     rs3795131                     0.3652
  dropped_trait  lead_snp
1            NA rs6102322
[1] "SPLICING EVENT"
[1] "chr20:41341002:41341180:clu_41955_+:ENSG00000132793.12"
Harmonising fat_distr (fat_distr) and Outcome (Outcome)
Harmonising fat_distr (fat_distr) and Outcome (Outcome)
[1] 375
[1] 375
  iteration traits posterior_prob regional_prob candidate_snp
1         1   None             NA        0.0126            NA
  posterior_explained_by_snp dropped_trait  lead_snp
1                         NA      iradjbmi rs6102322
[1] "SPLICING EVENT"
[1] "chr20:41341002:41345796:clu_41955_+:ENSG00000132793.12"
Harmonising fat_distr (fat_distr) and Outcome (Outcome)
Harmonising fat_distr (fat_distr) and Outcome (Outcome)
[1] 375
[1] 375
  iteration traits posterior_prob regional_prob candidate_snp
1         1   None             NA        0.0157            NA
  posterior_explained_by_snp dropped_trait  lead_snp
1                         NA      iradjbmi rs6102322
[1] "SPLICING EVENT"
[1] "chr20:41341309:41345796:clu_41955_+:ENSG00000132793.12"
Harmonising fat_distr (fat_distr) and Outcome (Outcome)
Harmonising fat_distr (fat_distr) and Outcome (Outcome)
[1] 375
[1] 375
  iteration traits posterior_prob regional_prob candidate_snp
1         1   None             NA        0.0914            NA
  posterior_explained_by_snp dropped_trait  lead_snp
1                         NA      iradjbmi rs6102322
[1] "SPLICING EVENT"
[1] "chr20:41345950:41347552:clu_41956_+:ENSG00000132793.12"
Harmonising fat_distr (fat_distr) and Outcome (Outcome)
Harmonising fat_distr (fat_distr) and Outcome (Outcome)
[1] 375
[1] 375
  iteration traits posterior_prob regional_prob candidate_snp
1         1   None             NA        0.0263            NA
  posterior_explained_by_snp dropped_trait  lead_snp
1                         NA      iradjbmi rs6102322
[1] "SPLICING EVENT"
[1] "chr20:41345995:41347552:clu_41956_+:ENSG00000132793.12"
Harmonising fat_distr (fat_distr) and Outcome (Outcome)
Harmonising fat_distr (fat_distr) and Outcome (Outcome)
[1] 375
[1] 375
  iteration traits posterior_prob regional_prob candidate_snp
1         1   None             NA        0.0782            NA
  posterior_explained_by_snp dropped_trait  lead_snp
1                         NA      iradjbmi rs6102322
[1] "SPLICING EVENT"
[1] "chr20:41348844:41349089:clu_41957_+:ENSG00000132793.12"
Harmonising fat_distr (fat_distr) and Outcome (Outcome)
Harmonising fat_distr (fat_distr) and Outcome (Outcome)
[1] 375
[1] 375
  iteration traits posterior_prob regional_prob candidate_snp
1         1   None             NA        0.0159            NA
  posterior_explained_by_snp dropped_trait  lead_snp
1                         NA      iradjbmi rs6102322
[1] "SPLICING EVENT"
[1] "chr20:41348844:41349092:clu_41957_+:ENSG00000132793.12"
Harmonising fat_distr (fat_distr) and Outcome (Outcome)
Harmonising fat_distr (fat_distr) and Outcome (Outcome)
[1] 375
[1] 375
  iteration traits posterior_prob regional_prob candidate_snp
1         1   None             NA        0.0095            NA
  posterior_explained_by_snp dropped_trait  lead_snp
1                         NA      iradjbmi rs6102322
[1] "SPLICING EVENT"
[1] "chr20:41348887:41349089:clu_41957_+:ENSG00000132793.12"
Harmonising fat_distr (fat_distr) and Outcome (Outcome)
Harmonising fat_distr (fat_distr) and Outcome (Outcome)
[1] 375
[1] 375
  iteration traits posterior_prob regional_prob candidate_snp
1         1   None             NA        0.0245            NA
  posterior_explained_by_snp dropped_trait  lead_snp
1                         NA      iradjbmi rs6102322
[1] "SPLICING EVENT"
[1] "chr20:41348887:41349092:clu_41957_+:ENSG00000132793.12"
Harmonising fat_distr (fat_distr) and Outcome (Outcome)
Harmonising fat_distr (fat_distr) and Outcome (Outcome)
[1] 375
[1] 375
  iteration traits posterior_prob regional_prob candidate_snp
1         1   None             NA        0.0118            NA
  posterior_explained_by_snp dropped_trait  lead_snp
1                         NA      iradjbmi rs6102322
[1] "SPLICING EVENT"
[1] "chr20:41352220:41352338:clu_41958_+:ENSG00000132793.12"
Harmonising fat_distr (fat_distr) and Outcome (Outcome)
Harmonising fat_distr (fat_distr) and Outcome (Outcome)
[1] 375
[1] 375
  iteration traits posterior_prob regional_prob candidate_snp
1         1   None             NA         3e-04            NA
  posterior_explained_by_snp
1                         NA
                                           dropped_trait  lead_snp
1 chr20:41352220:41352338:clu_41958_+:ENSG00000132793.12 rs6102322
[1] "SPLICING EVENT"
[1] "chr20:41352220:41352606:clu_41958_+:ENSG00000132793.12"
Harmonising fat_distr (fat_distr) and Outcome (Outcome)
Harmonising fat_distr (fat_distr) and Outcome (Outcome)
[1] 375
[1] 375
  iteration traits posterior_prob regional_prob candidate_snp
1         1   None             NA         0.014            NA
  posterior_explained_by_snp dropped_trait  lead_snp
1                         NA      iradjbmi rs6102322
[1] "SPLICING EVENT"
[1] "chr20:41352220:41352638:clu_41958_+:ENSG00000132793.12"
Harmonising fat_distr (fat_distr) and Outcome (Outcome)
Harmonising fat_distr (fat_distr) and Outcome (Outcome)
[1] 375
[1] 375
  iteration traits posterior_prob regional_prob candidate_snp
1         1   None             NA        0.0148            NA
  posterior_explained_by_snp dropped_trait  lead_snp
1                         NA      iradjbmi rs6102322
[1] "SPLICING EVENT"
[1] "chr20:41352220:41352798:clu_41958_+:ENSG00000132793.12"
Harmonising fat_distr (fat_distr) and Outcome (Outcome)
Harmonising fat_distr (fat_distr) and Outcome (Outcome)
[1] 375
[1] 375
  iteration traits posterior_prob regional_prob candidate_snp
1         1   None             NA        0.0232            NA
  posterior_explained_by_snp dropped_trait  lead_snp
1                         NA      iradjbmi rs6102322
[1] "SPLICING EVENT"
[1] "chr20:41352422:41352606:clu_41958_+:ENSG00000132793.12"
Harmonising fat_distr (fat_distr) and Outcome (Outcome)
Harmonising fat_distr (fat_distr) and Outcome (Outcome)
[1] 375
[1] 375
  iteration traits posterior_prob regional_prob candidate_snp
1         1   None             NA         3e-04            NA
  posterior_explained_by_snp
1                         NA
                                           dropped_trait  lead_snp
1 chr20:41352422:41352606:clu_41958_+:ENSG00000132793.12 rs6102322
[1] "SPLICING EVENT"
[1] "chr20:41352699:41352798:clu_41958_+:ENSG00000132793.12"
Harmonising fat_distr (fat_distr) and Outcome (Outcome)
Harmonising fat_distr (fat_distr) and Outcome (Outcome)
[1] 375
[1] 375
  iteration traits posterior_prob regional_prob candidate_snp
1         1   None             NA        0.0092            NA
  posterior_explained_by_snp dropped_trait  lead_snp
1                         NA      iradjbmi rs6102322
[1] "SPLICING EVENT"
[1] "chr20:41354737:41354820:clu_41959_+:ENSG00000132793.12"
Harmonising fat_distr (fat_distr) and Outcome (Outcome)
Harmonising fat_distr (fat_distr) and Outcome (Outcome)
[1] 375
[1] 375
  iteration traits posterior_prob regional_prob candidate_snp
1         1   None             NA        0.0104            NA
  posterior_explained_by_snp dropped_trait  lead_snp
1                         NA      iradjbmi rs6102322
[1] "SPLICING EVENT"
[1] "chr20:41354737:41354825:clu_41959_+:ENSG00000132793.12"
Harmonising fat_distr (fat_distr) and Outcome (Outcome)
Harmonising fat_distr (fat_distr) and Outcome (Outcome)
[1] 375
[1] 375
  iteration traits posterior_prob regional_prob candidate_snp
1         1   None             NA        0.0112            NA
  posterior_explained_by_snp dropped_trait  lead_snp
1                         NA      iradjbmi rs6102322
[1] "SPLICING EVENT"
[1] "chr20:41356034:41357040:clu_41960_+:ENSG00000132793.12"
Harmonising fat_distr (fat_distr) and Outcome (Outcome)
Harmonising fat_distr (fat_distr) and Outcome (Outcome)
[1] 375
[1] 375
  iteration traits posterior_prob regional_prob candidate_snp
1         1   None             NA        0.0078            NA
  posterior_explained_by_snp dropped_trait  lead_snp
1                         NA      iradjbmi rs6102322
[1] "SPLICING EVENT"
[1] "chr20:41357188:41357361:clu_41961_+:ENSG00000132793.12"
Harmonising fat_distr (fat_distr) and Outcome (Outcome)
Harmonising fat_distr (fat_distr) and Outcome (Outcome)
[1] 375
[1] 375
  iteration traits posterior_prob regional_prob candidate_snp
1         1   None             NA         0.009            NA
  posterior_explained_by_snp dropped_trait  lead_snp
1                         NA      iradjbmi rs6102322
[1] "SPLICING EVENT"
[1] "chr20:41357447:41357600:clu_41962_+:ENSG00000132793.12"
Harmonising fat_distr (fat_distr) and Outcome (Outcome)
Harmonising fat_distr (fat_distr) and Outcome (Outcome)
[1] 375
[1] 375
  iteration traits posterior_prob regional_prob candidate_snp
1         1   None             NA        0.0092            NA
  posterior_explained_by_snp dropped_trait  lead_snp
1                         NA      iradjbmi rs6102322
[1] "SPLICING EVENT"
[1] "chr20:41357447:41357882:clu_41962_+:ENSG00000132793.12"
Harmonising fat_distr (fat_distr) and Outcome (Outcome)
Harmonising fat_distr (fat_distr) and Outcome (Outcome)
[1] 375
[1] 375
  iteration traits posterior_prob regional_prob candidate_snp
1         1   None             NA         3e-04            NA
  posterior_explained_by_snp
1                         NA
                                           dropped_trait  lead_snp
1 chr20:41357447:41357882:clu_41962_+:ENSG00000132793.12 rs6102322
[1] "SPLICING EVENT"
[1] "chr20:41357772:41357882:clu_41962_+:ENSG00000132793.12"
Harmonising fat_distr (fat_distr) and Outcome (Outcome)
Harmonising fat_distr (fat_distr) and Outcome (Outcome)
[1] 375
[1] 375
  iteration traits posterior_prob regional_prob candidate_snp
1         1   None             NA        0.0142            NA
  posterior_explained_by_snp dropped_trait  lead_snp
1                         NA      iradjbmi rs6102322
[1] "SPLICING EVENT"
[1] "chr20:41357957:41358237:clu_41962_+:ENSG00000132793.12"
Harmonising fat_distr (fat_distr) and Outcome (Outcome)
Harmonising fat_distr (fat_distr) and Outcome (Outcome)
[1] 375
[1] 375
  iteration traits posterior_prob regional_prob candidate_snp
1         1   None             NA        0.0246            NA
  posterior_explained_by_snp dropped_trait  lead_snp
1                         NA      iradjbmi rs6102322
[1] "SPLICING EVENT"
[1] "chr20:41358034:41358237:clu_41962_+:ENSG00000132793.12"
Harmonising fat_distr (fat_distr) and Outcome (Outcome)
Harmonising fat_distr (fat_distr) and Outcome (Outcome)
[1] 375
[1] 375
  iteration traits posterior_prob regional_prob candidate_snp
1         1   None             NA        0.0119            NA
  posterior_explained_by_snp dropped_trait  lead_snp
1                         NA      iradjbmi rs6102322
[1] "LEAD INDEX"
[1] 2
[1] "SPLICING EVENT"
[1] "chr20:63736186:63737533:clu_42306_+:ENSG00000203896.10"
Harmonising fat_distr (fat_distr) and Outcome (Outcome)
Harmonising fat_distr (fat_distr) and Outcome (Outcome)
[1] 425
[1] 425
  iteration traits posterior_prob regional_prob candidate_snp
1         1   None             NA        0.0129            NA
  posterior_explained_by_snp dropped_trait  lead_snp
1                         NA      iradjbmi rs1151625
[1] "SPLICING EVENT"
[1] "chr20:63736712:63737533:clu_42306_+:ENSG00000203896.10"
Harmonising fat_distr (fat_distr) and Outcome (Outcome)
Harmonising fat_distr (fat_distr) and Outcome (Outcome)
[1] 425
[1] 425
  iteration traits posterior_prob regional_prob candidate_snp
1         1   None             NA        0.0072            NA
  posterior_explained_by_snp dropped_trait  lead_snp
1                         NA      iradjbmi rs1151625
[1] "SPLICING EVENT"
[1] "chr20:63737902:63737973:clu_42307_+:ENSG00000203896.10"
Harmonising fat_distr (fat_distr) and Outcome (Outcome)
Harmonising fat_distr (fat_distr) and Outcome (Outcome)
[1] 425
[1] 425
  iteration traits posterior_prob regional_prob candidate_snp
1         1   None             NA        0.0117            NA
  posterior_explained_by_snp dropped_trait  lead_snp
1                         NA      iradjbmi rs1151625
[1] "SPLICING EVENT"
[1] "chr20:63737902:63738008:clu_42307_+:ENSG00000203896.10"
Harmonising fat_distr (fat_distr) and Outcome (Outcome)
Harmonising fat_distr (fat_distr) and Outcome (Outcome)
[1] 425
[1] 425
  iteration traits posterior_prob regional_prob candidate_snp
1         1   None             NA        0.0121            NA
  posterior_explained_by_snp dropped_trait  lead_snp
1                         NA      iradjbmi rs1151625
[1] "SPLICING EVENT"
[1] "chr20:63738499:63738598:clu_42308_+:ENSG00000203896.10"
Harmonising fat_distr (fat_distr) and Outcome (Outcome)
Harmonising fat_distr (fat_distr) and Outcome (Outcome)
[1] 425
[1] 425
  iteration traits posterior_prob regional_prob candidate_snp
1         1   None             NA        0.0074            NA
  posterior_explained_by_snp dropped_trait  lead_snp
1                         NA      iradjbmi rs1151625
[1] "SPLICING EVENT"
[1] "chr20:63740038:63740377:clu_42308_+:ENSG00000203896.10"
Harmonising fat_distr (fat_distr) and Outcome (Outcome)
Harmonising fat_distr (fat_distr) and Outcome (Outcome)
[1] 425
[1] 425
  iteration traits posterior_prob regional_prob candidate_snp
1         1   None             NA        0.0083            NA
  posterior_explained_by_snp dropped_trait  lead_snp
1                         NA      iradjbmi rs1151625
[1] "LEAD INDEX"
[1] 3
[1] "LEAD INDEX"
[1] 4
[1] "LEAD INDEX"
[1] 5
[1] "LEAD INDEX"
[1] 6
[1] "SPLICING EVENT"
[1] "chr20:45888873:45890250:clu_41114_-:ENSG00000124257.7"
Harmonising fat_distr (fat_distr) and Outcome (Outcome)
Harmonising fat_distr (fat_distr) and Outcome (Outcome)
[1] 502
[1] 502
  iteration                                                          traits
1         1 iradjbmi, chr20:45888873:45890250:clu_41114_-:ENSG00000124257.7
  posterior_prob regional_prob candidate_snp posterior_explained_by_snp
1         0.9726        0.9799     rs4810479                     0.9948
  dropped_trait  lead_snp
1            NA rs4810479
[1] "SPLICING EVENT"
[1] "chr20:45888887:45890250:clu_41114_-:ENSG00000124257.7"
Harmonising fat_distr (fat_distr) and Outcome (Outcome)
Harmonising fat_distr (fat_distr) and Outcome (Outcome)
[1] 502
[1] 502
  iteration                                                          traits
1         1 iradjbmi, chr20:45888887:45890250:clu_41114_-:ENSG00000124257.7
  posterior_prob regional_prob candidate_snp posterior_explained_by_snp
1         0.8328        0.8422     rs4810479                     0.9812
  dropped_trait  lead_snp
1            NA rs4810479
[1] "SPLICING EVENT"
[1] "chr20:45907904:45909516:clu_41116_-:ENSG00000100979.15"
Harmonising fat_distr (fat_distr) and Outcome (Outcome)
Harmonising fat_distr (fat_distr) and Outcome (Outcome)
[1] 502
[1] 502
  iteration traits posterior_prob regional_prob candidate_snp
1         1   None             NA        0.0078            NA
  posterior_explained_by_snp dropped_trait  lead_snp
1                         NA      iradjbmi rs4810479
[1] "SPLICING EVENT"
[1] "chr20:45907904:45909942:clu_41116_-:ENSG00000100979.15"
Harmonising fat_distr (fat_distr) and Outcome (Outcome)
Harmonising fat_distr (fat_distr) and Outcome (Outcome)
[1] 502
[1] 502
  iteration traits posterior_prob regional_prob candidate_snp
1         1   None             NA             1            NA
  posterior_explained_by_snp
1                         NA
                                           dropped_trait  lead_snp
1 chr20:45907904:45909942:clu_41116_-:ENSG00000100979.15 rs4810479
[1] "SPLICING EVENT"
[1] "chr20:45909671:45909942:clu_41116_-:ENSG00000100979.15"
Harmonising fat_distr (fat_distr) and Outcome (Outcome)
Harmonising fat_distr (fat_distr) and Outcome (Outcome)
[1] 502
[1] 502
  iteration traits posterior_prob regional_prob candidate_snp
1         1   None             NA        0.0095            NA
  posterior_explained_by_snp dropped_trait  lead_snp
1                         NA      iradjbmi rs4810479
[1] "LEAD INDEX"
[1] 7
[1] "LEAD INDEX"
[1] 8
[1] "LEAD INDEX"
[1] 9
[1] "SPLICING EVENT"
[1] "chr20:47016297:47072185:clu_42055_+:ENSG00000064655.19"
Harmonising fat_distr (fat_distr) and Outcome (Outcome)
Harmonising fat_distr (fat_distr) and Outcome (Outcome)
[1] 500
[1] 500
  iteration traits posterior_prob regional_prob candidate_snp
1         1   None             NA        0.0082            NA
  posterior_explained_by_snp dropped_trait  lead_snp
1                         NA      iradjbmi rs6066149
[1] "SPLICING EVENT"
[1] "chr20:47074335:47089239:clu_42055_+:ENSG00000064655.19"
Harmonising fat_distr (fat_distr) and Outcome (Outcome)
Harmonising fat_distr (fat_distr) and Outcome (Outcome)
[1] 500
[1] 500
  iteration traits posterior_prob regional_prob candidate_snp
1         1   None             NA         0.008            NA
  posterior_explained_by_snp dropped_trait  lead_snp
1                         NA      iradjbmi rs6066149
[1] "SPLICING EVENT"
[1] "chr20:47097168:47143059:clu_42056_+:ENSG00000064655.19"
Harmonising fat_distr (fat_distr) and Outcome (Outcome)
Harmonising fat_distr (fat_distr) and Outcome (Outcome)
[1] 500
[1] 500
  iteration traits posterior_prob regional_prob candidate_snp
1         1   None             NA        0.0128            NA
  posterior_explained_by_snp dropped_trait  lead_snp
1                         NA      iradjbmi rs6066149
[1] "SPLICING EVENT"
[1] "chr20:47143148:47169139:clu_42056_+:ENSG00000064655.19"
Harmonising fat_distr (fat_distr) and Outcome (Outcome)
Harmonising fat_distr (fat_distr) and Outcome (Outcome)
[1] 500
[1] 500
  iteration traits posterior_prob regional_prob candidate_snp
1         1   None             NA        0.0182            NA
  posterior_explained_by_snp dropped_trait  lead_snp
1                         NA      iradjbmi rs6066149
[1] "SPLICING EVENT"
[1] "chr20:47172867:47179798:clu_42057_+:ENSG00000064655.19"
Harmonising fat_distr (fat_distr) and Outcome (Outcome)
Harmonising fat_distr (fat_distr) and Outcome (Outcome)
[1] 500
[1] 500
  iteration traits posterior_prob regional_prob candidate_snp
1         1   None             NA        0.0109            NA
  posterior_explained_by_snp dropped_trait  lead_snp
1                         NA      iradjbmi rs6066149
[1] "SPLICING EVENT"
[1] "chr20:47179912:47180815:clu_42057_+:ENSG00000064655.19"
Harmonising fat_distr (fat_distr) and Outcome (Outcome)
Harmonising fat_distr (fat_distr) and Outcome (Outcome)
[1] 500
[1] 500
  iteration traits posterior_prob regional_prob candidate_snp
1         1   None             NA           0.1            NA
  posterior_explained_by_snp dropped_trait  lead_snp
1                         NA      iradjbmi rs6066149
[1] "SPLICING EVENT"
[1] "chr20:47180936:47183291:clu_42057_+:ENSG00000064655.19"
Harmonising fat_distr (fat_distr) and Outcome (Outcome)
Harmonising fat_distr (fat_distr) and Outcome (Outcome)
[1] 500
[1] 500
  iteration traits posterior_prob regional_prob candidate_snp
1         1   None             NA        0.0935            NA
  posterior_explained_by_snp dropped_trait  lead_snp
1                         NA      iradjbmi rs6066149
[1] "LEAD INDEX"
[1] 10
[1] "SPLICING EVENT"
[1] "chr20:53256444:53487144:clu_42122_+:ENSG00000182463.16"
Harmonising fat_distr (fat_distr) and Outcome (Outcome)
Harmonising fat_distr (fat_distr) and Outcome (Outcome)
[1] 417
[1] 417
  iteration traits posterior_prob regional_prob candidate_snp
1         1   None             NA        0.0078            NA
  posterior_explained_by_snp dropped_trait  lead_snp
1                         NA      iradjbmi rs1033662
[1] "SPLICING EVENT"
[1] "chr20:53256571:53487144:clu_42122_+:ENSG00000182463.16"
Harmonising fat_distr (fat_distr) and Outcome (Outcome)
Harmonising fat_distr (fat_distr) and Outcome (Outcome)
[1] 417
[1] 417
  iteration traits posterior_prob regional_prob candidate_snp
1         1   None             NA        0.0076            NA
  posterior_explained_by_snp dropped_trait  lead_snp
1                         NA      iradjbmi rs1033662
[1] "SPLICING EVENT"
[1] "chr20:53487332:53490866:clu_42123_+:ENSG00000182463.16"
Harmonising fat_distr (fat_distr) and Outcome (Outcome)
Harmonising fat_distr (fat_distr) and Outcome (Outcome)
[1] 417
[1] 417
  iteration traits posterior_prob regional_prob candidate_snp
1         1   None             NA         0.007            NA
  posterior_explained_by_snp dropped_trait  lead_snp
1                         NA      iradjbmi rs1033662
[1] "SPLICING EVENT"
[1] "chr20:53487332:53494871:clu_42123_+:ENSG00000182463.16"
Harmonising fat_distr (fat_distr) and Outcome (Outcome)
Harmonising fat_distr (fat_distr) and Outcome (Outcome)
[1] 417
[1] 417
  iteration traits posterior_prob regional_prob candidate_snp
1         1   None             NA        0.0079            NA
  posterior_explained_by_snp dropped_trait  lead_snp
1                         NA      iradjbmi rs1033662
[1] "SPLICING EVENT"
[1] "chr20:53487332:53494874:clu_42123_+:ENSG00000182463.16"
Harmonising fat_distr (fat_distr) and Outcome (Outcome)
Harmonising fat_distr (fat_distr) and Outcome (Outcome)
[1] 417
[1] 417
  iteration traits posterior_prob regional_prob candidate_snp
1         1   None             NA        0.0077            NA
  posterior_explained_by_snp dropped_trait  lead_snp
1                         NA      iradjbmi rs1033662
[1] "SPLICING EVENT"
[1] "chr20:53490947:53494874:clu_42123_+:ENSG00000182463.16"
Harmonising fat_distr (fat_distr) and Outcome (Outcome)
Harmonising fat_distr (fat_distr) and Outcome (Outcome)
[1] 417
[1] 417
  iteration traits posterior_prob regional_prob candidate_snp
1         1   None             NA        0.0167            NA
  posterior_explained_by_snp dropped_trait  lead_snp
1                         NA      iradjbmi rs1033662
[1] "LEAD INDEX"
[1] 11
[1] "SPLICING EVENT"
[1] "chr20:57561635:57562071:clu_42148_+:ENSG00000124253.11"
Harmonising fat_distr (fat_distr) and Outcome (Outcome)
Harmonising fat_distr (fat_distr) and Outcome (Outcome)
[1] 651
[1] 651
  iteration traits posterior_prob regional_prob candidate_snp
1         1   None             NA        0.0117            NA
  posterior_explained_by_snp dropped_trait  lead_snp
1                         NA      iradjbmi rs8119374
[1] "SPLICING EVENT"
[1] "chr20:57561635:57562696:clu_42148_+:ENSG00000124253.11"
Harmonising fat_distr (fat_distr) and Outcome (Outcome)
Harmonising fat_distr (fat_distr) and Outcome (Outcome)
[1] 651
[1] 651
  iteration traits posterior_prob regional_prob candidate_snp
1         1   None             NA        0.0261            NA
  posterior_explained_by_snp
1                         NA
                                           dropped_trait  lead_snp
1 chr20:57561635:57562696:clu_42148_+:ENSG00000124253.11 rs8119374
[1] "SPLICING EVENT"
[1] "chr20:57562252:57562696:clu_42148_+:ENSG00000124253.11"
Harmonising fat_distr (fat_distr) and Outcome (Outcome)
Harmonising fat_distr (fat_distr) and Outcome (Outcome)
[1] 651
[1] 651
  iteration traits posterior_prob regional_prob candidate_snp
1         1   None             NA        0.0065            NA
  posterior_explained_by_snp dropped_trait  lead_snp
1                         NA      iradjbmi rs8119374
[1] "SPLICING EVENT"
[1] "chr20:57564393:57564482:clu_42149_+:ENSG00000124253.11"
Harmonising fat_distr (fat_distr) and Outcome (Outcome)
Harmonising fat_distr (fat_distr) and Outcome (Outcome)
[1] 651
[1] 651
  iteration traits posterior_prob regional_prob candidate_snp
1         1   None             NA         0.073            NA
  posterior_explained_by_snp
1                         NA
                                           dropped_trait  lead_snp
1 chr20:57564393:57564482:clu_42149_+:ENSG00000124253.11 rs8119374
[1] "CHROMOSOME"
[1] 21
[1] "LEAD INDEX"
[1] 1
[1] "SPLICING EVENT"
[1] "chr21:41168575:41200718:clu_42940_+:ENSG00000182240.16"
Harmonising fat_distr (fat_distr) and Outcome (Outcome)
Harmonising fat_distr (fat_distr) and Outcome (Outcome)
[1] 623
[1] 623
  iteration traits posterior_prob regional_prob candidate_snp
1         1   None             NA        0.0062            NA
  posterior_explained_by_snp dropped_trait  lead_snp
1                         NA      iradjbmi rs2837996
[1] "SPLICING EVENT"
[1] "chr21:41168575:41210523:clu_42940_+:ENSG00000182240.16"
Harmonising fat_distr (fat_distr) and Outcome (Outcome)
Harmonising fat_distr (fat_distr) and Outcome (Outcome)
[1] 623
[1] 623
  iteration traits posterior_prob regional_prob candidate_snp
1         1   None             NA        0.0042            NA
  posterior_explained_by_snp dropped_trait  lead_snp
1                         NA      iradjbmi rs2837996
[1] "SPLICING EVENT"
[1] "chr21:41168575:41210526:clu_42940_+:ENSG00000182240.16"
Harmonising fat_distr (fat_distr) and Outcome (Outcome)
Harmonising fat_distr (fat_distr) and Outcome (Outcome)
[1] 623
[1] 623
  iteration traits posterior_prob regional_prob candidate_snp
1         1   None             NA        0.0043            NA
  posterior_explained_by_snp dropped_trait  lead_snp
1                         NA      iradjbmi rs2837996
[1] "SPLICING EVENT"
[1] "chr21:41168575:41226266:clu_42940_+:ENSG00000182240.16"
Harmonising fat_distr (fat_distr) and Outcome (Outcome)
Harmonising fat_distr (fat_distr) and Outcome (Outcome)
[1] 623
[1] 623
  iteration traits posterior_prob regional_prob candidate_snp
1         1   None             NA        0.0058            NA
  posterior_explained_by_snp dropped_trait  lead_snp
1                         NA      iradjbmi rs2837996
[1] "SPLICING EVENT"
[1] "chr21:41211032:41226266:clu_42940_+:ENSG00000182240.16"
Harmonising fat_distr (fat_distr) and Outcome (Outcome)
Harmonising fat_distr (fat_distr) and Outcome (Outcome)
[1] 623
[1] 623
  iteration traits posterior_prob regional_prob candidate_snp
1         1   None             NA        0.0059            NA
  posterior_explained_by_snp dropped_trait  lead_snp
1                         NA      iradjbmi rs2837996
[1] "SPLICING EVENT"
[1] "chr21:41225695:41226266:clu_42940_+:ENSG00000182240.16"
Harmonising fat_distr (fat_distr) and Outcome (Outcome)
Harmonising fat_distr (fat_distr) and Outcome (Outcome)
[1] 623
[1] 623
  iteration traits posterior_prob regional_prob candidate_snp
1         1   None             NA        0.0049            NA
  posterior_explained_by_snp dropped_trait  lead_snp
1                         NA      iradjbmi rs2837996
[1] "SPLICING EVENT"
[1] "chr21:41226354:41237513:clu_42940_+:ENSG00000182240.16"
Harmonising fat_distr (fat_distr) and Outcome (Outcome)
Harmonising fat_distr (fat_distr) and Outcome (Outcome)
[1] 623
[1] 623
  iteration traits posterior_prob regional_prob candidate_snp
1         1   None             NA        0.0049            NA
  posterior_explained_by_snp dropped_trait  lead_snp
1                         NA      iradjbmi rs2837996
[1] "SPLICING EVENT"
[1] "chr21:41241939:41243376:clu_42941_+:ENSG00000182240.16"
Harmonising fat_distr (fat_distr) and Outcome (Outcome)
Harmonising fat_distr (fat_distr) and Outcome (Outcome)
[1] 623
[1] 623
  iteration traits posterior_prob regional_prob candidate_snp
1         1   None             NA        0.0084            NA
  posterior_explained_by_snp dropped_trait  lead_snp
1                         NA      iradjbmi rs2837996
[1] "SPLICING EVENT"
[1] "chr21:41241947:41243376:clu_42941_+:ENSG00000182240.16"
Harmonising fat_distr (fat_distr) and Outcome (Outcome)
Harmonising fat_distr (fat_distr) and Outcome (Outcome)
[1] 623
[1] 623
  iteration traits posterior_prob regional_prob candidate_snp
1         1   None             NA        0.0104            NA
  posterior_explained_by_snp dropped_trait  lead_snp
1                         NA      iradjbmi rs2837996
[1] "SPLICING EVENT"
[1] "chr21:41250901:41257158:clu_42942_+:ENSG00000182240.16"
Harmonising fat_distr (fat_distr) and Outcome (Outcome)
Harmonising fat_distr (fat_distr) and Outcome (Outcome)
[1] 623
[1] 623
  iteration traits posterior_prob regional_prob candidate_snp
1         1   None             NA        0.0074            NA
  posterior_explained_by_snp dropped_trait  lead_snp
1                         NA      iradjbmi rs2837996
[1] "SPLICING EVENT"
[1] "chr21:41250901:41275371:clu_42942_+:ENSG00000182240.16"
Harmonising fat_distr (fat_distr) and Outcome (Outcome)
Harmonising fat_distr (fat_distr) and Outcome (Outcome)
[1] 623
[1] 623
  iteration traits posterior_prob regional_prob candidate_snp
1         1   None             NA        0.4603            NA
  posterior_explained_by_snp dropped_trait  lead_snp
1                         NA      iradjbmi rs2837996
[1] "SPLICING EVENT"
[1] "chr21:41257326:41275371:clu_42942_+:ENSG00000182240.16"
Harmonising fat_distr (fat_distr) and Outcome (Outcome)
Harmonising fat_distr (fat_distr) and Outcome (Outcome)
[1] 623
[1] 623
  iteration traits posterior_prob regional_prob candidate_snp
1         1   None             NA        0.0052            NA
  posterior_explained_by_snp dropped_trait  lead_snp
1                         NA      iradjbmi rs2837996
[1] "LEAD INDEX"
[1] 2
[1] "SPLICING EVENT"
[1] "chr21:45502969:45503933:clu_42675_-:ENSG00000173638.19"
Harmonising fat_distr (fat_distr) and Outcome (Outcome)
Harmonising fat_distr (fat_distr) and Outcome (Outcome)
[1] 447
[1] 447
  iteration traits posterior_prob regional_prob candidate_snp
1         1   None             NA         0.001            NA
  posterior_explained_by_snp
1                         NA
                                           dropped_trait  lead_snp
1 chr21:45502969:45503933:clu_42675_-:ENSG00000173638.19 rs9980531
[1] "SPLICING EVENT"
[1] "chr21:45515152:45525817:clu_42675_-:ENSG00000173638.19"
Harmonising fat_distr (fat_distr) and Outcome (Outcome)
Harmonising fat_distr (fat_distr) and Outcome (Outcome)
[1] 447
[1] 447
  iteration traits posterior_prob regional_prob candidate_snp
1         1   None             NA        0.0039            NA
  posterior_explained_by_snp dropped_trait  lead_snp
1                         NA      iradjbmi rs9980531
[1] "SPLICING EVENT"
[1] "chr21:45516140:45525817:clu_42675_-:ENSG00000173638.19"
Harmonising fat_distr (fat_distr) and Outcome (Outcome)
Harmonising fat_distr (fat_distr) and Outcome (Outcome)
[1] 447
[1] 447
  iteration traits posterior_prob regional_prob candidate_snp
1         1   None             NA         9e-04            NA
  posterior_explained_by_snp
1                         NA
                                           dropped_trait  lead_snp
1 chr21:45516140:45525817:clu_42675_-:ENSG00000173638.19 rs9980531
[1] "SPLICING EVENT"
[1] "chr21:45525958:45530770:clu_42681_-:ENSG00000173638.19"
Harmonising fat_distr (fat_distr) and Outcome (Outcome)
Harmonising fat_distr (fat_distr) and Outcome (Outcome)
[1] 447
[1] 447
  iteration traits posterior_prob regional_prob candidate_snp
1         1   None             NA        0.0107            NA
  posterior_explained_by_snp dropped_trait  lead_snp
1                         NA      iradjbmi rs9980531
[1] "SPLICING EVENT"
[1] "chr21:45532148:45537767:clu_42682_-:ENSG00000173638.19"
Harmonising fat_distr (fat_distr) and Outcome (Outcome)
Harmonising fat_distr (fat_distr) and Outcome (Outcome)
[1] 447
[1] 447
  iteration traits posterior_prob regional_prob candidate_snp
1         1   None             NA        0.0058            NA
  posterior_explained_by_snp dropped_trait  lead_snp
1                         NA      iradjbmi rs9980531
[1] "SPLICING EVENT"
[1] "chr21:45532148:45537771:clu_42682_-:ENSG00000173638.19"
Harmonising fat_distr (fat_distr) and Outcome (Outcome)
Harmonising fat_distr (fat_distr) and Outcome (Outcome)
[1] 447
[1] 447
  iteration traits posterior_prob regional_prob candidate_snp
1         1   None             NA        0.0073            NA
  posterior_explained_by_snp dropped_trait  lead_snp
1                         NA      iradjbmi rs9980531
[1] "SPLICING EVENT"
[1] "chr21:45538008:45542368:clu_42682_-:ENSG00000173638.19"
Harmonising fat_distr (fat_distr) and Outcome (Outcome)
Harmonising fat_distr (fat_distr) and Outcome (Outcome)
[1] 447
[1] 447
  iteration traits posterior_prob regional_prob candidate_snp
1         1   None             NA        0.0054            NA
  posterior_explained_by_snp dropped_trait  lead_snp
1                         NA      iradjbmi rs9980531
[1] "CHROMOSOME"
[1] 22
[1] "LEAD INDEX"
[1] 1
[1] "LEAD INDEX"
[1] 2
[1] "SPLICING EVENT"
[1] "chr22:35648623:35656379:clu_43599_+:ENSG00000221963.6"
Harmonising fat_distr (fat_distr) and Outcome (Outcome)
Harmonising fat_distr (fat_distr) and Outcome (Outcome)
[1] 417
[1] 417
  iteration traits posterior_prob regional_prob candidate_snp
1         1   None             NA        0.0108            NA
  posterior_explained_by_snp dropped_trait  lead_snp
1                         NA      iradjbmi rs9610329
[1] "SPLICING EVENT"
[1] "chr22:35656475:35658615:clu_43599_+:ENSG00000221963.6"
Harmonising fat_distr (fat_distr) and Outcome (Outcome)
Harmonising fat_distr (fat_distr) and Outcome (Outcome)
[1] 417
[1] 417
  iteration traits posterior_prob regional_prob candidate_snp
1         1   None             NA        0.0071            NA
  posterior_explained_by_snp dropped_trait  lead_snp
1                         NA      iradjbmi rs9610329
[1] "SPLICING EVENT"
[1] "chr22:35746561:35752613:clu_44409_-:ENSG00000100320.23"
Harmonising fat_distr (fat_distr) and Outcome (Outcome)
Harmonising fat_distr (fat_distr) and Outcome (Outcome)
[1] 417
[1] 417
  iteration traits posterior_prob regional_prob candidate_snp
1         1   None             NA         0.009            NA
  posterior_explained_by_snp dropped_trait  lead_snp
1                         NA      iradjbmi rs9610329
[1] "SPLICING EVENT"
[1] "chr22:35746561:35756105:clu_44409_-:ENSG00000100320.23"
Harmonising fat_distr (fat_distr) and Outcome (Outcome)
Harmonising fat_distr (fat_distr) and Outcome (Outcome)
[1] 417
[1] 417
  iteration traits posterior_prob regional_prob candidate_snp
1         1   None             NA        0.1142            NA
  posterior_explained_by_snp dropped_trait  lead_snp
1                         NA      iradjbmi rs9610329
[1] "SPLICING EVENT"
[1] "chr22:35746561:35759888:clu_44409_-:ENSG00000100320.23"
Harmonising fat_distr (fat_distr) and Outcome (Outcome)
Harmonising fat_distr (fat_distr) and Outcome (Outcome)
[1] 417
[1] 417
  iteration traits posterior_prob regional_prob candidate_snp
1         1   None             NA        0.1206            NA
  posterior_explained_by_snp dropped_trait  lead_snp
1                         NA      iradjbmi rs9610329
[1] "SPLICING EVENT"
[1] "chr22:35756144:35759888:clu_44409_-:ENSG00000100320.23"
Harmonising fat_distr (fat_distr) and Outcome (Outcome)
Harmonising fat_distr (fat_distr) and Outcome (Outcome)
[1] 417
[1] 417
  iteration traits posterior_prob regional_prob candidate_snp
1         1   None             NA        0.0081            NA
  posterior_explained_by_snp dropped_trait  lead_snp
1                         NA      iradjbmi rs9610329
[1] "SPLICING EVENT"
[1] "chr22:35760020:35761202:clu_44410_-:ENSG00000100320.23"
Harmonising fat_distr (fat_distr) and Outcome (Outcome)
Harmonising fat_distr (fat_distr) and Outcome (Outcome)
[1] 417
[1] 417
  iteration traits posterior_prob regional_prob candidate_snp
1         1   None             NA        0.0078            NA
  posterior_explained_by_snp dropped_trait  lead_snp
1                         NA      iradjbmi rs9610329
[1] "SPLICING EVENT"
[1] "chr22:35760032:35761202:clu_44410_-:ENSG00000100320.23"
Harmonising fat_distr (fat_distr) and Outcome (Outcome)
Harmonising fat_distr (fat_distr) and Outcome (Outcome)
[1] 417
[1] 417
  iteration traits posterior_prob regional_prob candidate_snp
1         1   None             NA        0.0074            NA
  posterior_explained_by_snp dropped_trait  lead_snp
1                         NA      iradjbmi rs9610329
[1] "SPLICING EVENT"
[1] "chr22:35778075:35781600:clu_44411_-:ENSG00000100320.23"
Harmonising fat_distr (fat_distr) and Outcome (Outcome)
Harmonising fat_distr (fat_distr) and Outcome (Outcome)
[1] 417
[1] 417
  iteration traits posterior_prob regional_prob candidate_snp
1         1   None             NA        0.0123            NA
  posterior_explained_by_snp dropped_trait  lead_snp
1                         NA      iradjbmi rs9610329
[1] "SPLICING EVENT"
[1] "chr22:35778078:35781600:clu_44411_-:ENSG00000100320.23"
Harmonising fat_distr (fat_distr) and Outcome (Outcome)
Harmonising fat_distr (fat_distr) and Outcome (Outcome)
[1] 417
[1] 417
  iteration traits posterior_prob regional_prob candidate_snp
1         1   None             NA        0.0172            NA
  posterior_explained_by_snp dropped_trait  lead_snp
1                         NA      iradjbmi rs9610329
[1] "SPLICING EVENT"
[1] "chr22:35781743:35809780:clu_44412_-:ENSG00000100320.23"
Harmonising fat_distr (fat_distr) and Outcome (Outcome)
Harmonising fat_distr (fat_distr) and Outcome (Outcome)
[1] 417
[1] 417
  iteration traits posterior_prob regional_prob candidate_snp
1         1   None             NA        0.0085            NA
  posterior_explained_by_snp dropped_trait  lead_snp
1                         NA      iradjbmi rs9610329
[1] "SPLICING EVENT"
[1] "chr22:35781746:35809780:clu_44412_-:ENSG00000100320.23"
Harmonising fat_distr (fat_distr) and Outcome (Outcome)
Harmonising fat_distr (fat_distr) and Outcome (Outcome)
[1] 417
[1] 417
  iteration traits posterior_prob regional_prob candidate_snp
1         1   None             NA         0.009            NA
  posterior_explained_by_snp dropped_trait  lead_snp
1                         NA      iradjbmi rs9610329
[1] "SPLICING EVENT"
[1] "chr22:35810004:35840192:clu_44413_-:ENSG00000100320.23"
Harmonising fat_distr (fat_distr) and Outcome (Outcome)
Harmonising fat_distr (fat_distr) and Outcome (Outcome)
[1] 417
[1] 417
  iteration traits posterior_prob regional_prob candidate_snp
1         1   None             NA        0.0307            NA
  posterior_explained_by_snp dropped_trait  lead_snp
1                         NA      iradjbmi rs9610329
[1] "SPLICING EVENT"
[1] "chr22:35810004:35894813:clu_44413_-:ENSG00000100320.23"
Harmonising fat_distr (fat_distr) and Outcome (Outcome)
Harmonising fat_distr (fat_distr) and Outcome (Outcome)
[1] 417
[1] 417
  iteration traits posterior_prob regional_prob candidate_snp
1         1   None             NA        0.0111            NA
  posterior_explained_by_snp dropped_trait  lead_snp
1                         NA      iradjbmi rs9610329
[1] "SPLICING EVENT"
[1] "chr22:35810004:35938847:clu_44413_-:ENSG00000100320.23"
Harmonising fat_distr (fat_distr) and Outcome (Outcome)
Harmonising fat_distr (fat_distr) and Outcome (Outcome)
[1] 417
[1] 417
  iteration traits posterior_prob regional_prob candidate_snp
1         1   None             NA        0.0073            NA
  posterior_explained_by_snp dropped_trait  lead_snp
1                         NA      iradjbmi rs9610329
[1] "SPLICING EVENT"
[1] "chr22:35838684:35840192:clu_44413_-:ENSG00000100320.23"
Harmonising fat_distr (fat_distr) and Outcome (Outcome)
Harmonising fat_distr (fat_distr) and Outcome (Outcome)
[1] 417
[1] 417
  iteration traits posterior_prob regional_prob candidate_snp
1         1   None             NA        0.0062            NA
  posterior_explained_by_snp dropped_trait  lead_snp
1                         NA      iradjbmi rs9610329
[1] "SPLICING EVENT"
[1] "chr22:35938897:36028240:clu_44415_-:ENSG00000100320.23"
Harmonising fat_distr (fat_distr) and Outcome (Outcome)
Harmonising fat_distr (fat_distr) and Outcome (Outcome)
[1] 417
[1] 417
  iteration traits posterior_prob regional_prob candidate_snp
1         1   None             NA        0.0066            NA
  posterior_explained_by_snp dropped_trait  lead_snp
1                         NA      iradjbmi rs9610329
[1] "LEAD INDEX"
[1] 3
[1] "SPLICING EVENT"
[1] "chr22:38202212:38213823:clu_43688_+:ENSG00000185022.12"
Harmonising fat_distr (fat_distr) and Outcome (Outcome)
Harmonising fat_distr (fat_distr) and Outcome (Outcome)
[1] 330
[1] 330
  iteration                                                           traits
1         1 iradjbmi, chr22:38202212:38213823:clu_43688_+:ENSG00000185022.12
  posterior_prob regional_prob candidate_snp posterior_explained_by_snp
1           0.99             1     rs4820325                     0.5136
  dropped_trait  lead_snp
1            NA rs4820325
[1] "SPLICING EVENT"
[1] "chr22:38202238:38213823:clu_43688_+:ENSG00000185022.12"
Harmonising fat_distr (fat_distr) and Outcome (Outcome)
Harmonising fat_distr (fat_distr) and Outcome (Outcome)
[1] 330
[1] 330
  iteration                                                           traits
1         1 iradjbmi, chr22:38202238:38213823:clu_43688_+:ENSG00000185022.12
  posterior_prob regional_prob candidate_snp posterior_explained_by_snp
1         0.9909             1     rs4820325                     0.9256
  dropped_trait  lead_snp
1            NA rs4820325
[1] "SPLICING EVENT"
[1] "chr22:38203084:38213823:clu_43688_+:ENSG00000185022.12"
Harmonising fat_distr (fat_distr) and Outcome (Outcome)
Harmonising fat_distr (fat_distr) and Outcome (Outcome)
[1] 330
[1] 330
  iteration traits posterior_prob regional_prob candidate_snp
1         1   None             NA        0.0156            NA
  posterior_explained_by_snp dropped_trait  lead_snp
1                         NA      iradjbmi rs4820325
[1] "SPLICING EVENT"
[1] "chr22:38213889:38214420:clu_43689_+:ENSG00000185022.12"
Harmonising fat_distr (fat_distr) and Outcome (Outcome)
Harmonising fat_distr (fat_distr) and Outcome (Outcome)
[1] 330
[1] 330
  iteration traits posterior_prob regional_prob candidate_snp
1         1   None             NA        0.0091            NA
  posterior_explained_by_snp dropped_trait  lead_snp
1                         NA      iradjbmi rs4820325
[1] "SPLICING EVENT"
[1] "chr22:38112305:38112504:clu_44478_-:ENSG00000184381.20"
Harmonising fat_distr (fat_distr) and Outcome (Outcome)
Harmonising fat_distr (fat_distr) and Outcome (Outcome)
[1] 330
[1] 330
  iteration traits posterior_prob regional_prob candidate_snp
1         1   None             NA        0.0072            NA
  posterior_explained_by_snp dropped_trait  lead_snp
1                         NA      iradjbmi rs4820325
[1] "SPLICING EVENT"
[1] "chr22:38113654:38114434:clu_44480_-:ENSG00000184381.20"
Harmonising fat_distr (fat_distr) and Outcome (Outcome)
Harmonising fat_distr (fat_distr) and Outcome (Outcome)
[1] 330
[1] 330
  iteration traits posterior_prob regional_prob candidate_snp
1         1   None             NA        0.0049            NA
  posterior_explained_by_snp dropped_trait  lead_snp
1                         NA      iradjbmi rs4820325
[1] "SPLICING EVENT"
[1] "chr22:38113654:38115527:clu_44480_-:ENSG00000184381.20"
Harmonising fat_distr (fat_distr) and Outcome (Outcome)
Harmonising fat_distr (fat_distr) and Outcome (Outcome)
[1] 330
[1] 330
  iteration traits posterior_prob regional_prob candidate_snp
1         1   None             NA        0.0052            NA
  posterior_explained_by_snp dropped_trait  lead_snp
1                         NA      iradjbmi rs4820325
[1] "SPLICING EVENT"
[1] "chr22:38115676:38116075:clu_44481_-:ENSG00000184381.20"
Harmonising fat_distr (fat_distr) and Outcome (Outcome)
Harmonising fat_distr (fat_distr) and Outcome (Outcome)
[1] 330
[1] 330
  iteration traits posterior_prob regional_prob candidate_snp
1         1   None             NA        0.0082            NA
  posterior_explained_by_snp dropped_trait  lead_snp
1                         NA      iradjbmi rs4820325
[1] "SPLICING EVENT"
[1] "chr22:38115681:38116075:clu_44481_-:ENSG00000184381.20"
Harmonising fat_distr (fat_distr) and Outcome (Outcome)
Harmonising fat_distr (fat_distr) and Outcome (Outcome)
[1] 330
[1] 330
  iteration traits posterior_prob regional_prob candidate_snp
1         1   None             NA        0.0117            NA
  posterior_explained_by_snp dropped_trait  lead_snp
1                         NA      iradjbmi rs4820325
[1] "SPLICING EVENT"
[1] "chr22:38115849:38116075:clu_44481_-:ENSG00000184381.20"
Harmonising fat_distr (fat_distr) and Outcome (Outcome)
Harmonising fat_distr (fat_distr) and Outcome (Outcome)
[1] 330
[1] 330
  iteration traits posterior_prob regional_prob candidate_snp
1         1   None             NA        0.0152            NA
  posterior_explained_by_snp dropped_trait  lead_snp
1                         NA      iradjbmi rs4820325
[1] "SPLICING EVENT"
[1] "chr22:38116211:38116320:clu_44482_-:ENSG00000184381.20"
Harmonising fat_distr (fat_distr) and Outcome (Outcome)
Harmonising fat_distr (fat_distr) and Outcome (Outcome)
[1] 330
[1] 330
  iteration traits posterior_prob regional_prob candidate_snp
1         1   None             NA         0.243            NA
  posterior_explained_by_snp dropped_trait  lead_snp
1                         NA      iradjbmi rs4820325
[1] "SPLICING EVENT"
[1] "chr22:38116211:38120759:clu_44482_-:ENSG00000184381.20"
Harmonising fat_distr (fat_distr) and Outcome (Outcome)
Harmonising fat_distr (fat_distr) and Outcome (Outcome)
[1] 330
[1] 330
  iteration                                                           traits
1         1 iradjbmi, chr22:38116211:38120759:clu_44482_-:ENSG00000184381.20
  posterior_prob regional_prob candidate_snp posterior_explained_by_snp
1         0.5628        0.7418     rs6001031                     0.3265
  dropped_trait  lead_snp
1            NA rs4820325
[1] "SPLICING EVENT"
[1] "chr22:38116410:38120759:clu_44482_-:ENSG00000184381.20"
Harmonising fat_distr (fat_distr) and Outcome (Outcome)
Harmonising fat_distr (fat_distr) and Outcome (Outcome)
[1] 330
[1] 330
  iteration traits posterior_prob regional_prob candidate_snp
1         1   None             NA        0.0635            NA
  posterior_explained_by_snp dropped_trait  lead_snp
1                         NA      iradjbmi rs4820325
[1] "SPLICING EVENT"
[1] "chr22:38119805:38120759:clu_44482_-:ENSG00000184381.20"
Harmonising fat_distr (fat_distr) and Outcome (Outcome)
Harmonising fat_distr (fat_distr) and Outcome (Outcome)
[1] 330
[1] 330
  iteration traits posterior_prob regional_prob candidate_snp
1         1   None             NA        0.0069            NA
  posterior_explained_by_snp dropped_trait  lead_snp
1                         NA      iradjbmi rs4820325
[1] "SPLICING EVENT"
[1] "chr22:38120909:38122200:clu_44483_-:ENSG00000184381.20"
Harmonising fat_distr (fat_distr) and Outcome (Outcome)
Harmonising fat_distr (fat_distr) and Outcome (Outcome)
[1] 330
[1] 330
  iteration traits posterior_prob regional_prob candidate_snp
1         1   None             NA        0.4852            NA
  posterior_explained_by_snp dropped_trait  lead_snp
1                         NA      iradjbmi rs4820325
[1] "SPLICING EVENT"
[1] "chr22:38120909:38123095:clu_44483_-:ENSG00000184381.20"
Harmonising fat_distr (fat_distr) and Outcome (Outcome)
Harmonising fat_distr (fat_distr) and Outcome (Outcome)
[1] 330
[1] 330
  iteration traits posterior_prob regional_prob candidate_snp
1         1   None             NA         0.021            NA
  posterior_explained_by_snp dropped_trait  lead_snp
1                         NA      iradjbmi rs4820325
[1] "SPLICING EVENT"
[1] "chr22:38122285:38123095:clu_44483_-:ENSG00000184381.20"
Harmonising fat_distr (fat_distr) and Outcome (Outcome)
Harmonising fat_distr (fat_distr) and Outcome (Outcome)
[1] 330
[1] 330
  iteration traits posterior_prob regional_prob candidate_snp
1         1   None             NA        0.0673            NA
  posterior_explained_by_snp dropped_trait  lead_snp
1                         NA      iradjbmi rs4820325
[1] "SPLICING EVENT"
[1] "chr22:38123258:38125639:clu_44483_-:ENSG00000184381.20"
Harmonising fat_distr (fat_distr) and Outcome (Outcome)
Harmonising fat_distr (fat_distr) and Outcome (Outcome)
[1] 330
[1] 330
  iteration traits posterior_prob regional_prob candidate_snp
1         1   None             NA        0.0073            NA
  posterior_explained_by_snp dropped_trait  lead_snp
1                         NA      iradjbmi rs4820325
[1] "SPLICING EVENT"
[1] "chr22:38123258:38126371:clu_44483_-:ENSG00000184381.20"
Harmonising fat_distr (fat_distr) and Outcome (Outcome)
Harmonising fat_distr (fat_distr) and Outcome (Outcome)
[1] 330
[1] 330
  iteration traits posterior_prob regional_prob candidate_snp
1         1   None             NA         0.226            NA
  posterior_explained_by_snp dropped_trait  lead_snp
1                         NA      iradjbmi rs4820325
[1] "SPLICING EVENT"
[1] "chr22:38125691:38126371:clu_44483_-:ENSG00000184381.20"
Harmonising fat_distr (fat_distr) and Outcome (Outcome)
Harmonising fat_distr (fat_distr) and Outcome (Outcome)
[1] 330
[1] 330
  iteration traits posterior_prob regional_prob candidate_snp
1         1   None             NA          0.02            NA
  posterior_explained_by_snp dropped_trait  lead_snp
1                         NA      iradjbmi rs4820325
[1] "SPLICING EVENT"
[1] "chr22:38126449:38126762:clu_44484_-:ENSG00000184381.20"
Harmonising fat_distr (fat_distr) and Outcome (Outcome)
Harmonising fat_distr (fat_distr) and Outcome (Outcome)
[1] 330
[1] 330
  iteration traits posterior_prob regional_prob candidate_snp
1         1   None             NA        0.7105            NA
  posterior_explained_by_snp dropped_trait  lead_snp
1                         NA      iradjbmi rs4820325
[1] "SPLICING EVENT"
[1] "chr22:38126449:38127407:clu_44484_-:ENSG00000184381.20"
Harmonising fat_distr (fat_distr) and Outcome (Outcome)
Harmonising fat_distr (fat_distr) and Outcome (Outcome)
[1] 330
[1] 330
  iteration traits posterior_prob regional_prob candidate_snp
1         1   None             NA        0.9991            NA
  posterior_explained_by_snp
1                         NA
                                           dropped_trait  lead_snp
1 chr22:38126449:38127407:clu_44484_-:ENSG00000184381.20 rs4820325
[1] "SPLICING EVENT"
[1] "chr22:38126449:38129454:clu_44484_-:ENSG00000184381.20"
Harmonising fat_distr (fat_distr) and Outcome (Outcome)
Harmonising fat_distr (fat_distr) and Outcome (Outcome)
[1] 330
[1] 330
  iteration traits posterior_prob regional_prob candidate_snp
1         1   None             NA        0.9176            NA
  posterior_explained_by_snp dropped_trait  lead_snp
1                         NA      iradjbmi rs4820325
[1] "SPLICING EVENT"
[1] "chr22:38127052:38127407:clu_44484_-:ENSG00000184381.20"
Harmonising fat_distr (fat_distr) and Outcome (Outcome)
Harmonising fat_distr (fat_distr) and Outcome (Outcome)
[1] 330
[1] 330
  iteration traits posterior_prob regional_prob candidate_snp
1         1   None             NA        0.2428            NA
  posterior_explained_by_snp dropped_trait  lead_snp
1                         NA      iradjbmi rs4820325
[1] "SPLICING EVENT"
[1] "chr22:38127458:38128269:clu_44484_-:ENSG00000184381.20"
Harmonising fat_distr (fat_distr) and Outcome (Outcome)
Harmonising fat_distr (fat_distr) and Outcome (Outcome)
[1] 330
[1] 330
  iteration traits posterior_prob regional_prob candidate_snp
1         1   None             NA        0.0415            NA
  posterior_explained_by_snp dropped_trait  lead_snp
1                         NA      iradjbmi rs4820325
[1] "SPLICING EVENT"
[1] "chr22:38128430:38129454:clu_44484_-:ENSG00000184381.20"
Harmonising fat_distr (fat_distr) and Outcome (Outcome)
Harmonising fat_distr (fat_distr) and Outcome (Outcome)
[1] 330
[1] 330
  iteration traits posterior_prob regional_prob candidate_snp
1         1   None             NA        0.0082            NA
  posterior_explained_by_snp dropped_trait  lead_snp
1                         NA      iradjbmi rs4820325
[1] "SPLICING EVENT"
[1] "chr22:38129562:38130075:clu_44485_-:ENSG00000184381.20"
Harmonising fat_distr (fat_distr) and Outcome (Outcome)
Harmonising fat_distr (fat_distr) and Outcome (Outcome)
[1] 330
[1] 330
  iteration traits posterior_prob regional_prob candidate_snp
1         1   None             NA        0.0665            NA
  posterior_explained_by_snp dropped_trait  lead_snp
1                         NA      iradjbmi rs4820325
[1] "SPLICING EVENT"
[1] "chr22:38129562:38132831:clu_44485_-:ENSG00000184381.20"
Harmonising fat_distr (fat_distr) and Outcome (Outcome)
Harmonising fat_distr (fat_distr) and Outcome (Outcome)
[1] 330
[1] 330
  iteration traits posterior_prob regional_prob candidate_snp
1         1   None             NA        0.1205            NA
  posterior_explained_by_snp dropped_trait  lead_snp
1                         NA      iradjbmi rs4820325
[1] "SPLICING EVENT"
[1] "chr22:38130189:38132831:clu_44485_-:ENSG00000184381.20"
Harmonising fat_distr (fat_distr) and Outcome (Outcome)
Harmonising fat_distr (fat_distr) and Outcome (Outcome)
[1] 330
[1] 330
  iteration traits posterior_prob regional_prob candidate_snp
1         1   None             NA        0.0189            NA
  posterior_explained_by_snp dropped_trait  lead_snp
1                         NA      iradjbmi rs4820325
[1] "SPLICING EVENT"
[1] "chr22:38135084:38139982:clu_44486_-:ENSG00000184381.20"
Harmonising fat_distr (fat_distr) and Outcome (Outcome)
Harmonising fat_distr (fat_distr) and Outcome (Outcome)
[1] 330
[1] 330
  iteration traits posterior_prob regional_prob candidate_snp
1         1   None             NA        0.0093            NA
  posterior_explained_by_snp dropped_trait  lead_snp
1                         NA      iradjbmi rs4820325
[1] "SPLICING EVENT"
[1] "chr22:38135084:38143105:clu_44486_-:ENSG00000184381.20"
Harmonising fat_distr (fat_distr) and Outcome (Outcome)
Harmonising fat_distr (fat_distr) and Outcome (Outcome)
[1] 330
[1] 330
  iteration traits posterior_prob regional_prob candidate_snp
1         1   None             NA         0.009            NA
  posterior_explained_by_snp dropped_trait  lead_snp
1                         NA      iradjbmi rs4820325
[1] "SPLICING EVENT"
[1] "chr22:38140169:38143105:clu_44486_-:ENSG00000184381.20"
Harmonising fat_distr (fat_distr) and Outcome (Outcome)
Harmonising fat_distr (fat_distr) and Outcome (Outcome)
[1] 330
[1] 330
  iteration traits posterior_prob regional_prob candidate_snp
1         1   None             NA        0.0075            NA
  posterior_explained_by_snp dropped_trait  lead_snp
1                         NA      iradjbmi rs4820325
[1] "SPLICING EVENT"
[1] "chr22:38143288:38144896:clu_44487_-:ENSG00000184381.20"
Harmonising fat_distr (fat_distr) and Outcome (Outcome)
Harmonising fat_distr (fat_distr) and Outcome (Outcome)
[1] 330
[1] 330
  iteration traits posterior_prob regional_prob candidate_snp
1         1   None             NA        0.8339            NA
  posterior_explained_by_snp dropped_trait  lead_snp
1                         NA      iradjbmi rs4820325
[1] "SPLICING EVENT"
[1] "chr22:38143288:38145438:clu_44487_-:ENSG00000184381.20"
Harmonising fat_distr (fat_distr) and Outcome (Outcome)
Harmonising fat_distr (fat_distr) and Outcome (Outcome)
[1] 330
[1] 330
  iteration                                                           traits
1         1 iradjbmi, chr22:38143288:38145438:clu_44487_-:ENSG00000184381.20
  posterior_prob regional_prob candidate_snp posterior_explained_by_snp
1         0.6906             1     rs3761445                     0.3338
  dropped_trait  lead_snp
1            NA rs4820325
[1] "SPLICING EVENT"
[1] "chr22:38144978:38145438:clu_44487_-:ENSG00000184381.20"
Harmonising fat_distr (fat_distr) and Outcome (Outcome)
Harmonising fat_distr (fat_distr) and Outcome (Outcome)
[1] 330
[1] 330
  iteration                                                           traits
1         1 iradjbmi, chr22:38144978:38145438:clu_44487_-:ENSG00000184381.20
  posterior_prob regional_prob candidate_snp posterior_explained_by_snp
1         0.8462        0.9254     rs3761445                     0.2078
  dropped_trait  lead_snp
1            NA rs4820325
[1] "SPLICING EVENT"
[1] "chr22:38145653:38169218:clu_44488_-:ENSG00000184381.20"
Harmonising fat_distr (fat_distr) and Outcome (Outcome)
Harmonising fat_distr (fat_distr) and Outcome (Outcome)
[1] 330
[1] 330
  iteration traits posterior_prob regional_prob candidate_snp
1         1   None             NA        0.0127            NA
  posterior_explained_by_snp dropped_trait  lead_snp
1                         NA      iradjbmi rs4820325
[1] "SPLICING EVENT"
[1] "chr22:38148623:38169218:clu_44488_-:ENSG00000184381.20"
Harmonising fat_distr (fat_distr) and Outcome (Outcome)
Harmonising fat_distr (fat_distr) and Outcome (Outcome)
[1] 330
[1] 330
  iteration traits posterior_prob regional_prob candidate_snp
1         1   None             NA        0.0133            NA
  posterior_explained_by_snp dropped_trait  lead_snp
1                         NA      iradjbmi rs4820325
[1] "SPLICING EVENT"
[1] "chr22:38169467:38181784:clu_44489_-:ENSG00000184381.20"
Harmonising fat_distr (fat_distr) and Outcome (Outcome)
Harmonising fat_distr (fat_distr) and Outcome (Outcome)
[1] 330
[1] 330
  iteration traits posterior_prob regional_prob candidate_snp
1         1   None             NA        0.0076            NA
  posterior_explained_by_snp dropped_trait  lead_snp
1                         NA      iradjbmi rs4820325
[1] "SPLICING EVENT"
[1] "chr22:38169467:38192033:clu_44489_-:ENSG00000184381.20"
Harmonising fat_distr (fat_distr) and Outcome (Outcome)
Harmonising fat_distr (fat_distr) and Outcome (Outcome)
[1] 330
[1] 330
  iteration traits posterior_prob regional_prob candidate_snp
1         1   None             NA        0.0232            NA
  posterior_explained_by_snp dropped_trait  lead_snp
1                         NA      iradjbmi rs4820325
[1] "SPLICING EVENT"
[1] "chr22:38169471:38181784:clu_44489_-:ENSG00000184381.20"
Harmonising fat_distr (fat_distr) and Outcome (Outcome)
Harmonising fat_distr (fat_distr) and Outcome (Outcome)
[1] 330
[1] 330
  iteration traits posterior_prob regional_prob candidate_snp
1         1   None             NA        0.1205            NA
  posterior_explained_by_snp dropped_trait  lead_snp
1                         NA      iradjbmi rs4820325
[1] "SPLICING EVENT"
[1] "chr22:38169471:38192033:clu_44489_-:ENSG00000184381.20"
Harmonising fat_distr (fat_distr) and Outcome (Outcome)
Harmonising fat_distr (fat_distr) and Outcome (Outcome)
[1] 330
[1] 330
  iteration traits posterior_prob regional_prob candidate_snp
1         1   None             NA        0.0856            NA
  posterior_explained_by_snp dropped_trait  lead_snp
1                         NA      iradjbmi rs4820325
[1] "LEAD INDEX"
[1] 4
[1] "SPLICING EVENT"
[1] "chr22:38656750:38656956:clu_43694_+:ENSG00000100211.11"
Harmonising fat_distr (fat_distr) and Outcome (Outcome)
Harmonising fat_distr (fat_distr) and Outcome (Outcome)
[1] 361
[1] 361
  iteration traits posterior_prob regional_prob candidate_snp
1         1   None             NA        0.0147            NA
  posterior_explained_by_snp dropped_trait  lead_snp
1                         NA      iradjbmi rs4821815
[1] "SPLICING EVENT"
[1] "chr22:38656750:38665546:clu_43694_+:ENSG00000100211.11"
Harmonising fat_distr (fat_distr) and Outcome (Outcome)
Harmonising fat_distr (fat_distr) and Outcome (Outcome)
[1] 361
[1] 361
  iteration traits posterior_prob regional_prob candidate_snp
1         1   None             NA        0.0087            NA
  posterior_explained_by_snp dropped_trait  lead_snp
1                         NA      iradjbmi rs4821815
[1] "SPLICING EVENT"
[1] "chr22:38656750:38668017:clu_43694_+:ENSG00000100211.11"
Harmonising fat_distr (fat_distr) and Outcome (Outcome)
Harmonising fat_distr (fat_distr) and Outcome (Outcome)
[1] 361
[1] 361
  iteration traits posterior_prob regional_prob candidate_snp
1         1   None             NA        0.0063            NA
  posterior_explained_by_snp dropped_trait  lead_snp
1                         NA      iradjbmi rs4821815
[1] "SPLICING EVENT"
[1] "chr22:38656750:38670884:clu_43694_+:ENSG00000100211.11"
Harmonising fat_distr (fat_distr) and Outcome (Outcome)
Harmonising fat_distr (fat_distr) and Outcome (Outcome)
[1] 361
[1] 361
  iteration traits posterior_prob regional_prob candidate_snp
1         1   None             NA        0.0092            NA
  posterior_explained_by_snp dropped_trait  lead_snp
1                         NA      iradjbmi rs4821815
[1] "SPLICING EVENT"
[1] "chr22:38657143:38668017:clu_43694_+:ENSG00000100211.11"
Harmonising fat_distr (fat_distr) and Outcome (Outcome)
Harmonising fat_distr (fat_distr) and Outcome (Outcome)
[1] 361
[1] 361
  iteration traits posterior_prob regional_prob candidate_snp
1         1   None             NA        0.0223            NA
  posterior_explained_by_snp dropped_trait  lead_snp
1                         NA      iradjbmi rs4821815
[1] "SPLICING EVENT"
[1] "chr22:38665685:38668017:clu_43694_+:ENSG00000100211.11"
Harmonising fat_distr (fat_distr) and Outcome (Outcome)
Harmonising fat_distr (fat_distr) and Outcome (Outcome)
[1] 361
[1] 361
  iteration traits posterior_prob regional_prob candidate_snp
1         1   None             NA        0.0129            NA
  posterior_explained_by_snp dropped_trait  lead_snp
1                         NA      iradjbmi rs4821815
[1] "SPLICING EVENT"
[1] "chr22:38668132:38670767:clu_43694_+:ENSG00000100211.11"
Harmonising fat_distr (fat_distr) and Outcome (Outcome)
Harmonising fat_distr (fat_distr) and Outcome (Outcome)
[1] 361
[1] 361
  iteration traits posterior_prob regional_prob candidate_snp
1         1   None             NA             1            NA
  posterior_explained_by_snp
1                         NA
                                           dropped_trait  lead_snp
1 chr22:38668132:38670767:clu_43694_+:ENSG00000100211.11 rs4821815
[1] "SPLICING EVENT"
[1] "chr22:38668132:38670884:clu_43694_+:ENSG00000100211.11"
Harmonising fat_distr (fat_distr) and Outcome (Outcome)
Harmonising fat_distr (fat_distr) and Outcome (Outcome)
[1] 361
[1] 361
  iteration traits posterior_prob regional_prob candidate_snp
1         1   None             NA         0.998            NA
  posterior_explained_by_snp
1                         NA
                                           dropped_trait  lead_snp
1 chr22:38668132:38670884:clu_43694_+:ENSG00000100211.11 rs4821815
[1] "SPLICING EVENT"
[1] "chr22:38670989:38671070:clu_43695_+:ENSG00000100211.11"
Harmonising fat_distr (fat_distr) and Outcome (Outcome)
Harmonising fat_distr (fat_distr) and Outcome (Outcome)
[1] 361
[1] 361
  iteration traits posterior_prob regional_prob candidate_snp
1         1   None             NA        0.0087            NA
  posterior_explained_by_snp dropped_trait  lead_snp
1                         NA      iradjbmi rs4821815
[1] "SPLICING EVENT"
[1] "chr22:38670989:38671076:clu_43695_+:ENSG00000100211.11"
Harmonising fat_distr (fat_distr) and Outcome (Outcome)
Harmonising fat_distr (fat_distr) and Outcome (Outcome)
[1] 361
[1] 361
  iteration traits posterior_prob regional_prob candidate_snp
1         1   None             NA        0.0212            NA
  posterior_explained_by_snp dropped_trait  lead_snp
1                         NA      iradjbmi rs4821815
[1] "SPLICING EVENT"
[1] "chr22:38670989:38673159:clu_43695_+:ENSG00000100211.11"
Harmonising fat_distr (fat_distr) and Outcome (Outcome)
Harmonising fat_distr (fat_distr) and Outcome (Outcome)
[1] 361
[1] 361
  iteration traits posterior_prob regional_prob candidate_snp
1         1   None             NA             1            NA
  posterior_explained_by_snp
1                         NA
                                           dropped_trait  lead_snp
1 chr22:38670989:38673159:clu_43695_+:ENSG00000100211.11 rs4821815
[1] "SPLICING EVENT"
[1] "chr22:38671188:38673159:clu_43695_+:ENSG00000100211.11"
Harmonising fat_distr (fat_distr) and Outcome (Outcome)
Harmonising fat_distr (fat_distr) and Outcome (Outcome)
[1] 361
[1] 361
  iteration traits posterior_prob regional_prob candidate_snp
1         1   None             NA        0.8331            NA
  posterior_explained_by_snp
1                         NA
                                           dropped_trait  lead_snp
1 chr22:38671188:38673159:clu_43695_+:ENSG00000100211.11 rs4821815
[1] "SPLICING EVENT"
[1] "chr22:38682095:38682323:clu_43696_+:ENSG00000100216.6"
Harmonising fat_distr (fat_distr) and Outcome (Outcome)
Harmonising fat_distr (fat_distr) and Outcome (Outcome)
[1] 361
[1] 361
  iteration traits posterior_prob regional_prob candidate_snp
1         1   None             NA        0.0083            NA
  posterior_explained_by_snp dropped_trait  lead_snp
1                         NA      iradjbmi rs4821815
[1] "SPLICING EVENT"
[1] "chr22:38688001:38688935:clu_44512_-:ENSG00000100221.11"
Harmonising fat_distr (fat_distr) and Outcome (Outcome)
Harmonising fat_distr (fat_distr) and Outcome (Outcome)
[1] 361
[1] 361
  iteration traits posterior_prob regional_prob candidate_snp
1         1   None             NA        0.0081            NA
  posterior_explained_by_snp dropped_trait  lead_snp
1                         NA      iradjbmi rs4821815
[1] "SPLICING EVENT"
[1] "chr22:38689129:38689296:clu_44512_-:ENSG00000100221.11"
Harmonising fat_distr (fat_distr) and Outcome (Outcome)
Harmonising fat_distr (fat_distr) and Outcome (Outcome)
[1] 361
[1] 361
  iteration traits posterior_prob regional_prob candidate_snp
1         1   None             NA        0.0091            NA
  posterior_explained_by_snp dropped_trait  lead_snp
1                         NA      iradjbmi rs4821815
[1] "SPLICING EVENT"
[1] "chr22:38689424:38699803:clu_44512_-:ENSG00000100221.11"
Harmonising fat_distr (fat_distr) and Outcome (Outcome)
Harmonising fat_distr (fat_distr) and Outcome (Outcome)
[1] 361
[1] 361
  iteration traits posterior_prob regional_prob candidate_snp
1         1   None             NA        0.0072            NA
  posterior_explained_by_snp dropped_trait  lead_snp
1                         NA      iradjbmi rs4821815
[1] "SPLICING EVENT"
[1] "chr22:38700618:38700800:clu_44513_-:ENSG00000100221.11"
Harmonising fat_distr (fat_distr) and Outcome (Outcome)
Harmonising fat_distr (fat_distr) and Outcome (Outcome)
[1] 361
[1] 361
  iteration traits posterior_prob regional_prob candidate_snp
1         1   None             NA        0.0085            NA
  posterior_explained_by_snp dropped_trait  lead_snp
1                         NA      iradjbmi rs4821815
[1] "SPLICING EVENT"
[1] "chr22:38700618:38700904:clu_44513_-:ENSG00000100221.11"
Harmonising fat_distr (fat_distr) and Outcome (Outcome)
Harmonising fat_distr (fat_distr) and Outcome (Outcome)
[1] 361
[1] 361
  iteration traits posterior_prob regional_prob candidate_snp
1         1   None             NA        0.0112            NA
  posterior_explained_by_snp dropped_trait  lead_snp
1                         NA      iradjbmi rs4821815
