── Attaching core tidyverse packages ──────────────────────── tidyverse 2.0.0 ──
✔ dplyr     1.1.3     ✔ readr     2.1.4
✔ forcats   1.0.0     ✔ stringr   1.5.0
✔ ggplot2   3.5.1     ✔ tibble    3.2.1
✔ lubridate 1.9.3     ✔ tidyr     1.3.0
✔ purrr     1.0.2     
── Conflicts ────────────────────────────────────────── tidyverse_conflicts() ──
✖ dplyr::between()     masks data.table::between()
✖ dplyr::filter()      masks stats::filter()
✖ dplyr::first()       masks data.table::first()
✖ lubridate::hour()    masks data.table::hour()
✖ lubridate::isoweek() masks data.table::isoweek()
✖ dplyr::lag()         masks stats::lag()
✖ dplyr::last()        masks data.table::last()
✖ lubridate::mday()    masks data.table::mday()
✖ lubridate::minute()  masks data.table::minute()
✖ lubridate::month()   masks data.table::month()
✖ lubridate::quarter() masks data.table::quarter()
✖ lubridate::second()  masks data.table::second()
✖ purrr::transpose()   masks data.table::transpose()
✖ lubridate::wday()    masks data.table::wday()
✖ lubridate::week()    masks data.table::week()
✖ lubridate::yday()    masks data.table::yday()
✖ lubridate::year()    masks data.table::year()
ℹ Use the conflicted package (<http://conflicted.r-lib.org/>) to force all conflicts to become errors
TwoSampleMR version 0.5.7 
[>] New: Option to use non-European LD reference panels for clumping etc
[>] Some studies temporarily quarantined to verify effect allele
[>] See news(package='TwoSampleMR') and https://gwas.mrcieu.ac.uk for further details


Warning:
You are running an old version of the TwoSampleMR package.
This version:   0.5.7
Latest version: 0.7.9
Please consider updating using remotes::install_github('MRCIEU/TwoSampleMR')
Warning messages:
1: replacing previous import ‘Matrix::tcrossprod’ by ‘Rmpfr::tcrossprod’ when loading ‘hyprcoloc’ 
2: replacing previous import ‘Matrix::crossprod’ by ‘Rmpfr::crossprod’ when loading ‘hyprcoloc’ 
3: replacing previous import ‘Matrix::.__C__atomicVector’ by ‘Rmpfr::.__C__atomicVector’ when loading ‘hyprcoloc’ 
Loading required package: stats4
Loading required package: BiocGenerics

Attaching package: ‘BiocGenerics’

The following objects are masked from ‘package:lubridate’:

    intersect, setdiff, union

The following objects are masked from ‘package:dplyr’:

    combine, intersect, setdiff, union

The following objects are masked from ‘package:stats’:

    IQR, mad, sd, var, xtabs

The following objects are masked from ‘package:base’:

    anyDuplicated, aperm, append, as.data.frame, basename, cbind,
    colnames, dirname, do.call, duplicated, eval, evalq, Filter, Find,
    get, grep, grepl, intersect, is.unsorted, lapply, Map, mapply,
    match, mget, order, paste, pmax, pmax.int, pmin, pmin.int,
    Position, rank, rbind, Reduce, rownames, sapply, setdiff, sort,
    table, tapply, union, unique, unsplit, which.max, which.min

Loading required package: S4Vectors

Attaching package: ‘S4Vectors’

The following objects are masked from ‘package:lubridate’:

    second, second<-

The following objects are masked from ‘package:dplyr’:

    first, rename

The following object is masked from ‘package:tidyr’:

    expand

The following objects are masked from ‘package:data.table’:

    first, second

The following object is masked from ‘package:utils’:

    findMatches

The following objects are masked from ‘package:base’:

    expand.grid, I, unname

Loading required package: IRanges

Attaching package: ‘IRanges’

The following object is masked from ‘package:TwoSampleMR’:

    trim

The following object is masked from ‘package:lubridate’:

    %within%

The following objects are masked from ‘package:dplyr’:

    collapse, desc, slice

The following object is masked from ‘package:purrr’:

    reduce

The following object is masked from ‘package:data.table’:

    shift

Loading required package: GenomeInfoDb
New names:
• `` -> `...2`
• `` -> `...3`
• `` -> `...4`
• `` -> `...5`
• `` -> `...6`
• `` -> `...7`
• `` -> `...8`
• `` -> `...9`
• `` -> `...10`
• `` -> `...11`
• `` -> `...12`
• `` -> `...13`
• `` -> `...14`
• `` -> `...15`
• `` -> `...16`
• `` -> `...17`
• `` -> `...18`
• `` -> `...19`
• `` -> `...20`
• `` -> `...21`
• `` -> `...22`
• `` -> `...23`
• `` -> `...24`
• `` -> `...25`
• `` -> `...26`
• `` -> `...27`
• `` -> `...28`
• `` -> `...29`
• `` -> `...30`
• `` -> `...31`
• `` -> `...32`
• `` -> `...33`
• `` -> `...34`
• `` -> `...35`
• `` -> `...36`
• `` -> `...37`
• `` -> `...38`
• `` -> `...39`
• `` -> `...40`
• `` -> `...41`
• `` -> `...42`
• `` -> `...43`
• `` -> `...44`
[1] 282
[1] 282
[1] "CHROMOSOME"
[1] 1
[1] "LEAD INDEX"
[1] 1
[1] "LEAD INDEX"
[1] 2
[1] "LEAD INDEX"
[1] 3
[1] "GENE"
[1] "ENSG00000069275"
Harmonising fat_distr (fat_distr) and Outcome (Outcome)
Harmonising fat_distr (fat_distr) and Outcome (Outcome)
[1] 419
[1] 419
  iteration traits posterior_prob regional_prob candidate_snp
1         1   None             NA        0.8698            NA
  posterior_explained_by_snp   dropped_trait lead_snp
1                         NA ENSG00000069275 rs823114
[1] "LEAD INDEX"
[1] 4
[1] "GENE"
[1] "ENSG00000260063"
Harmonising fat_distr (fat_distr) and Outcome (Outcome)
Harmonising fat_distr (fat_distr) and Outcome (Outcome)
[1] 297
[1] 297
  iteration                    traits posterior_prob regional_prob
1         1 iradjbmi, ENSG00000260063         0.8177        0.8764
  candidate_snp posterior_explained_by_snp dropped_trait   lead_snp
1    rs12742115                     0.0967            NA rs12742115
[1] "GENE"
[1] "ENSG00000260063"
Harmonising fat_distr (fat_distr) and Outcome (Outcome)
Harmonising fat_distr (fat_distr) and Outcome (Outcome)
[1] 297
[1] 297
  iteration                    traits posterior_prob regional_prob
1         1 iradjbmi, ENSG00000260063         0.8177        0.8764
  candidate_snp posterior_explained_by_snp dropped_trait   lead_snp
1    rs12742115                     0.0967            NA rs12742115
[1] "GENE"
[1] "ENSG00000260063"
Harmonising fat_distr (fat_distr) and Outcome (Outcome)
Harmonising fat_distr (fat_distr) and Outcome (Outcome)
[1] 297
[1] 297
  iteration                    traits posterior_prob regional_prob
1         1 iradjbmi, ENSG00000260063         0.8177        0.8764
  candidate_snp posterior_explained_by_snp dropped_trait   lead_snp
1    rs12742115                     0.0967            NA rs12742115
[1] "GENE"
[1] "ENSG00000060642"
Harmonising fat_distr (fat_distr) and Outcome (Outcome)
Harmonising fat_distr (fat_distr) and Outcome (Outcome)
[1] 297
[1] 297
  iteration                    traits posterior_prob regional_prob
1         1 iradjbmi, ENSG00000060642          0.915        0.9999
  candidate_snp posterior_explained_by_snp dropped_trait   lead_snp
1    rs34339345                     0.2153            NA rs12742115
[1] "GENE"
[1] "ENSG00000090273"
Harmonising fat_distr (fat_distr) and Outcome (Outcome)
Harmonising fat_distr (fat_distr) and Outcome (Outcome)
[1] 297
[1] 297
  iteration traits posterior_prob regional_prob candidate_snp
1         1   None             NA        0.3305            NA
  posterior_explained_by_snp dropped_trait   lead_snp
1                         NA      iradjbmi rs12742115
[1] "GENE"
[1] "ENSG00000090273"
Harmonising fat_distr (fat_distr) and Outcome (Outcome)
Harmonising fat_distr (fat_distr) and Outcome (Outcome)
[1] 297
[1] 297
  iteration traits posterior_prob regional_prob candidate_snp
1         1   None             NA        0.3305            NA
  posterior_explained_by_snp dropped_trait   lead_snp
1                         NA      iradjbmi rs12742115
[1] "GENE"
[1] "ENSG00000060642"
Harmonising fat_distr (fat_distr) and Outcome (Outcome)
Harmonising fat_distr (fat_distr) and Outcome (Outcome)
[1] 297
[1] 297
  iteration                    traits posterior_prob regional_prob
1         1 iradjbmi, ENSG00000060642          0.915        0.9999
  candidate_snp posterior_explained_by_snp dropped_trait   lead_snp
1    rs34339345                     0.2153            NA rs12742115
[1] "LEAD INDEX"
[1] 5
[1] "GENE"
[1] "ENSG00000090621"
Harmonising fat_distr (fat_distr) and Outcome (Outcome)
Harmonising fat_distr (fat_distr) and Outcome (Outcome)
[1] 356
[1] 356
  iteration                    traits posterior_prob regional_prob
1         1 iradjbmi, ENSG00000090621         0.9155             1
  candidate_snp posterior_explained_by_snp dropped_trait   lead_snp
1     rs4660214                     0.1917            NA rs16826069
[1] "LEAD INDEX"
[1] 6
[1] "GENE"
[1] "ENSG00000043514"
Harmonising fat_distr (fat_distr) and Outcome (Outcome)
Harmonising fat_distr (fat_distr) and Outcome (Outcome)
[1] 381
[1] 381
  iteration traits posterior_prob regional_prob candidate_snp
1         1   None             NA        0.0023            NA
  posterior_explained_by_snp   dropped_trait  lead_snp
1                         NA ENSG00000043514 rs7542907
[1] "LEAD INDEX"
[1] 7
[1] "GENE"
[1] "ENSG00000123080"
Harmonising fat_distr (fat_distr) and Outcome (Outcome)
Harmonising fat_distr (fat_distr) and Outcome (Outcome)
[1] 200
[1] 200
  iteration traits posterior_prob regional_prob candidate_snp
1         1   None             NA         0.012            NA
  posterior_explained_by_snp dropped_trait   lead_snp
1                         NA      iradjbmi rs12088739
[1] "LEAD INDEX"
[1] 8
[1] "LEAD INDEX"
[1] 9
[1] "LEAD INDEX"
[1] 10
[1] "LEAD INDEX"
[1] 11
[1] "GENE"
[1] "ENSG00000163113"
[1] "GENE"
[1] "ENSG00000159164"
Harmonising fat_distr (fat_distr) and Outcome (Outcome)
Harmonising fat_distr (fat_distr) and Outcome (Outcome)
[1] 131
[1] 131
  iteration                    traits posterior_prob regional_prob
1         1 iradjbmi, ENSG00000159164         0.9737             1
  candidate_snp posterior_explained_by_snp dropped_trait   lead_snp
1    rs17643644                     0.8806            NA rs17643644
[1] "LEAD INDEX"
[1] 12
[1] "GENE"
[1] "ENSG00000143437"
Harmonising fat_distr (fat_distr) and Outcome (Outcome)
Harmonising fat_distr (fat_distr) and Outcome (Outcome)
[1] 293
[1] 293
  iteration traits posterior_prob regional_prob candidate_snp
1         1   None             NA        0.0702            NA
  posterior_explained_by_snp   dropped_trait  lead_snp
1                         NA ENSG00000143437 rs2055975
[1] "LEAD INDEX"
[1] 13
[1] "GENE"
[1] "ENSG00000143545"
Harmonising fat_distr (fat_distr) and Outcome (Outcome)
Harmonising fat_distr (fat_distr) and Outcome (Outcome)
[1] 312
[1] 312
  iteration                    traits posterior_prob regional_prob
1         1 iradjbmi, ENSG00000143545         0.9097        0.9725
  candidate_snp posterior_explained_by_snp dropped_trait   lead_snp
1     rs6672856                     0.3037            NA rs11264886
[1] "GENE"
[1] "ENSG00000143545"
Harmonising fat_distr (fat_distr) and Outcome (Outcome)
Harmonising fat_distr (fat_distr) and Outcome (Outcome)
[1] 312
[1] 312
  iteration                    traits posterior_prob regional_prob
1         1 iradjbmi, ENSG00000143545         0.9097        0.9725
  candidate_snp posterior_explained_by_snp dropped_trait   lead_snp
1     rs6672856                     0.3037            NA rs11264886
[1] "GENE"
[1] "ENSG00000143578"
Harmonising fat_distr (fat_distr) and Outcome (Outcome)
Harmonising fat_distr (fat_distr) and Outcome (Outcome)
[1] 312
[1] 312
  iteration traits posterior_prob regional_prob candidate_snp
1         1   None             NA        0.0012            NA
  posterior_explained_by_snp   dropped_trait   lead_snp
1                         NA ENSG00000143578 rs11264886
[1] "GENE"
[1] "ENSG00000284738"
Harmonising fat_distr (fat_distr) and Outcome (Outcome)
Harmonising fat_distr (fat_distr) and Outcome (Outcome)
[1] 312
[1] 312
  iteration traits posterior_prob regional_prob candidate_snp
1         1   None             NA        0.0083            NA
  posterior_explained_by_snp dropped_trait   lead_snp
1                         NA      iradjbmi rs11264886
[1] "GENE"
[1] "ENSG00000143545"
Harmonising fat_distr (fat_distr) and Outcome (Outcome)
Harmonising fat_distr (fat_distr) and Outcome (Outcome)
[1] 312
[1] 312
  iteration                    traits posterior_prob regional_prob
1         1 iradjbmi, ENSG00000143545         0.9097        0.9725
  candidate_snp posterior_explained_by_snp dropped_trait   lead_snp
1     rs6672856                     0.3037            NA rs11264886
[1] "GENE"
[1] "ENSG00000143570"
Harmonising fat_distr (fat_distr) and Outcome (Outcome)
Harmonising fat_distr (fat_distr) and Outcome (Outcome)
[1] 312
[1] 312
  iteration traits posterior_prob regional_prob candidate_snp
1         1   None             NA        0.0076            NA
  posterior_explained_by_snp dropped_trait   lead_snp
1                         NA      iradjbmi rs11264886
[1] "GENE"
[1] "ENSG00000160741"
Harmonising fat_distr (fat_distr) and Outcome (Outcome)
Harmonising fat_distr (fat_distr) and Outcome (Outcome)
[1] 312
[1] 312
  iteration                    traits posterior_prob regional_prob
1         1 iradjbmi, ENSG00000160741         0.5346        0.7145
  candidate_snp posterior_explained_by_snp dropped_trait   lead_snp
1    rs11264743                     0.1164            NA rs11264886
[1] "GENE"
[1] "ENSG00000143612"
Harmonising fat_distr (fat_distr) and Outcome (Outcome)
Harmonising fat_distr (fat_distr) and Outcome (Outcome)
[1] 312
[1] 312
  iteration traits posterior_prob regional_prob candidate_snp
1         1   None             NA        0.0066            NA
  posterior_explained_by_snp dropped_trait   lead_snp
1                         NA      iradjbmi rs11264886
[1] "LEAD INDEX"
[1] 14
[1] "GENE"
[1] "ENSG00000230630"
Harmonising fat_distr (fat_distr) and Outcome (Outcome)
Harmonising fat_distr (fat_distr) and Outcome (Outcome)
[1] 380
[1] 380
  iteration traits posterior_prob regional_prob candidate_snp
1         1   None             NA        0.0067            NA
  posterior_explained_by_snp dropped_trait  lead_snp
1                         NA      iradjbmi rs9425592
[1] "GENE"
[1] "ENSG00000135845"
Harmonising fat_distr (fat_distr) and Outcome (Outcome)
Harmonising fat_distr (fat_distr) and Outcome (Outcome)
[1] 380
[1] 380
  iteration traits posterior_prob regional_prob candidate_snp
1         1   None             NA        0.7739            NA
  posterior_explained_by_snp   dropped_trait  lead_snp
1                         NA ENSG00000135845 rs9425592
[1] "GENE"
[1] "ENSG00000135845"
Harmonising fat_distr (fat_distr) and Outcome (Outcome)
Harmonising fat_distr (fat_distr) and Outcome (Outcome)
[1] 380
[1] 380
  iteration traits posterior_prob regional_prob candidate_snp
1         1   None             NA        0.7739            NA
  posterior_explained_by_snp   dropped_trait  lead_snp
1                         NA ENSG00000135845 rs9425592
[1] "LEAD INDEX"
[1] 15
[1] "LEAD INDEX"
[1] 16
[1] "GENE"
[1] "ENSG00000058668"
Harmonising fat_distr (fat_distr) and Outcome (Outcome)
Harmonising fat_distr (fat_distr) and Outcome (Outcome)
[1] 454
[1] 454
  iteration traits posterior_prob regional_prob candidate_snp
1         1   None             NA        0.0048            NA
  posterior_explained_by_snp dropped_trait  lead_snp
1                         NA      iradjbmi rs6670438
[1] "LEAD INDEX"
[1] 17
[1] "GENE"
[1] "ENSG00000133059"
Harmonising fat_distr (fat_distr) and Outcome (Outcome)
Harmonising fat_distr (fat_distr) and Outcome (Outcome)
[1] 591
[1] 591
  iteration                    traits posterior_prob regional_prob
1         1 iradjbmi, ENSG00000133059         0.6903        0.9923
  candidate_snp posterior_explained_by_snp dropped_trait   lead_snp
1     rs1572993                     0.7919            NA rs11240358
[1] "GENE"
[1] "ENSG00000163545"
Harmonising fat_distr (fat_distr) and Outcome (Outcome)
Harmonising fat_distr (fat_distr) and Outcome (Outcome)
[1] 591
[1] 591
  iteration traits posterior_prob regional_prob candidate_snp
1         1   None             NA         0.017            NA
  posterior_explained_by_snp dropped_trait   lead_snp
1                         NA      iradjbmi rs11240358
[1] "GENE"
[1] "ENSG00000117222"
Harmonising fat_distr (fat_distr) and Outcome (Outcome)
Harmonising fat_distr (fat_distr) and Outcome (Outcome)
[1] 591
[1] 591
  iteration                    traits posterior_prob regional_prob
1         1 iradjbmi, ENSG00000117222         0.9817        0.9996
  candidate_snp posterior_explained_by_snp dropped_trait   lead_snp
1    rs11240358                     0.9999            NA rs11240358
[1] "LEAD INDEX"
[1] 18
[1] "GENE"
[1] "ENSG00000228536"
Harmonising fat_distr (fat_distr) and Outcome (Outcome)
Harmonising fat_distr (fat_distr) and Outcome (Outcome)
[1] 428
[1] 428
  iteration traits posterior_prob regional_prob candidate_snp
1         1   None             NA        0.3369            NA
  posterior_explained_by_snp dropped_trait   lead_snp
1                         NA      iradjbmi rs12025363
[1] "GENE"
[1] "ENSG00000230024"
[1] "LEAD INDEX"
[1] 19
[1] "LEAD INDEX"
[1] 20
[1] "LEAD INDEX"
[1] 21
[1] "LEAD INDEX"
[1] 22
[1] "LEAD INDEX"
[1] 23
[1] "CHROMOSOME"
[1] 2
[1] "LEAD INDEX"
[1] 1
[1] "LEAD INDEX"
[1] 2
[1] "LEAD INDEX"
[1] 3
[1] "LEAD INDEX"
[1] 4
[1] "LEAD INDEX"
[1] 5
[1] "GENE"
[1] "ENSG00000115221"
[1] "GENE"
[1] "ENSG00000285373"
Harmonising fat_distr (fat_distr) and Outcome (Outcome)
Harmonising fat_distr (fat_distr) and Outcome (Outcome)
[1] 403
[1] 403
  iteration                    traits posterior_prob regional_prob
1         1 iradjbmi, ENSG00000285373         0.4098        0.5136
  candidate_snp posterior_explained_by_snp dropped_trait   lead_snp
1     rs7572970                     0.9915            NA rs10181181
[1] "LEAD INDEX"
[1] 6
[1] "GENE"
[1] "ENSG00000118004"
Harmonising fat_distr (fat_distr) and Outcome (Outcome)
Harmonising fat_distr (fat_distr) and Outcome (Outcome)
[1] 546
[1] 546
  iteration traits posterior_prob regional_prob candidate_snp
1         1   None             NA        0.0126            NA
  posterior_explained_by_snp   dropped_trait  lead_snp
1                         NA ENSG00000118004 rs3820897
[1] "GENE"
[1] "ENSG00000151360"
Harmonising fat_distr (fat_distr) and Outcome (Outcome)
Harmonising fat_distr (fat_distr) and Outcome (Outcome)
[1] 546
[1] 546
  iteration traits posterior_prob regional_prob candidate_snp
1         1   None             NA        0.0077            NA
  posterior_explained_by_snp dropped_trait  lead_snp
1                         NA      iradjbmi rs3820897
[1] "LEAD INDEX"
[1] 7
[1] "LEAD INDEX"
[1] 8
[1] "LEAD INDEX"
[1] 9
[1] "LEAD INDEX"
[1] 10
[1] "GENE"
[1] "ENSG00000138039"
Harmonising fat_distr (fat_distr) and Outcome (Outcome)
Harmonising fat_distr (fat_distr) and Outcome (Outcome)
[1] 520
[1] 520
  iteration                    traits posterior_prob regional_prob
1         1 iradjbmi, ENSG00000138039          0.502        0.9374
  candidate_snp posterior_explained_by_snp dropped_trait   lead_snp
1     rs4953618                     0.9952            NA rs17326656
[1] "LEAD INDEX"
[1] 11
[1] "GENE"
[1] "ENSG00000011523"
Harmonising fat_distr (fat_distr) and Outcome (Outcome)
Harmonising fat_distr (fat_distr) and Outcome (Outcome)
[1] 401
[1] 401
  iteration                    traits posterior_prob regional_prob
1         1 iradjbmi, ENSG00000011523         0.9856             1
  candidate_snp posterior_explained_by_snp dropped_trait  lead_snp
1     rs1009358                      0.974            NA rs2252867
[1] "GENE"
[1] "ENSG00000011523"
Harmonising fat_distr (fat_distr) and Outcome (Outcome)
Harmonising fat_distr (fat_distr) and Outcome (Outcome)
[1] 401
[1] 401
  iteration                    traits posterior_prob regional_prob
1         1 iradjbmi, ENSG00000011523         0.9856             1
  candidate_snp posterior_explained_by_snp dropped_trait  lead_snp
1     rs1009358                      0.974            NA rs2252867
[1] "GENE"
[1] "ENSG00000011523"
Harmonising fat_distr (fat_distr) and Outcome (Outcome)
Harmonising fat_distr (fat_distr) and Outcome (Outcome)
[1] 401
[1] 401
  iteration                    traits posterior_prob regional_prob
1         1 iradjbmi, ENSG00000011523         0.9856             1
  candidate_snp posterior_explained_by_snp dropped_trait  lead_snp
1     rs1009358                      0.974            NA rs2252867
[1] "GENE"
[1] "ENSG00000237638"
Harmonising fat_distr (fat_distr) and Outcome (Outcome)
Harmonising fat_distr (fat_distr) and Outcome (Outcome)
[1] 401
[1] 401
  iteration traits posterior_prob regional_prob candidate_snp
1         1   None             NA        0.0084            NA
  posterior_explained_by_snp dropped_trait  lead_snp
1                         NA      iradjbmi rs2252867
[1] "GENE"
[1] "ENSG00000011523"
Harmonising fat_distr (fat_distr) and Outcome (Outcome)
Harmonising fat_distr (fat_distr) and Outcome (Outcome)
[1] 401
[1] 401
  iteration                    traits posterior_prob regional_prob
1         1 iradjbmi, ENSG00000011523         0.9856             1
  candidate_snp posterior_explained_by_snp dropped_trait  lead_snp
1     rs1009358                      0.974            NA rs2252867
[1] "LEAD INDEX"
[1] 12
[1] "GENE"
[1] "ENSG00000204581"
Harmonising fat_distr (fat_distr) and Outcome (Outcome)
Harmonising fat_distr (fat_distr) and Outcome (Outcome)
[1] 309
[1] 309
  iteration traits posterior_prob regional_prob candidate_snp
1         1   None             NA        0.0788            NA
  posterior_explained_by_snp dropped_trait   lead_snp
1                         NA      iradjbmi rs17041868
[1] "LEAD INDEX"
[1] 13
[1] "GENE"
[1] "ENSG00000204581"
Harmonising fat_distr (fat_distr) and Outcome (Outcome)
Harmonising fat_distr (fat_distr) and Outcome (Outcome)
[1] 319
[1] 319
  iteration traits posterior_prob regional_prob candidate_snp
1         1   None             NA        0.0788            NA
  posterior_explained_by_snp dropped_trait   lead_snp
1                         NA      iradjbmi rs13405741
[1] "GENE"
[1] "ENSG00000153093"
Harmonising fat_distr (fat_distr) and Outcome (Outcome)
Harmonising fat_distr (fat_distr) and Outcome (Outcome)
[1] 319
[1] 319
  iteration traits posterior_prob regional_prob candidate_snp
1         1   None             NA        0.0094            NA
  posterior_explained_by_snp   dropped_trait   lead_snp
1                         NA ENSG00000153093 rs13405741
[1] "LEAD INDEX"
[1] 14
[1] "LEAD INDEX"
[1] 15
[1] "GENE"
[1] "ENSG00000115290"
Harmonising fat_distr (fat_distr) and Outcome (Outcome)
Harmonising fat_distr (fat_distr) and Outcome (Outcome)
[1] 337
[1] 337
  iteration traits posterior_prob regional_prob candidate_snp
1         1   None             NA        0.1805            NA
  posterior_explained_by_snp dropped_trait   lead_snp
1                         NA      iradjbmi rs13027837
[1] "LEAD INDEX"
[1] 16
[1] "GENE"
[1] "ENSG00000082438"
Harmonising fat_distr (fat_distr) and Outcome (Outcome)
Harmonising fat_distr (fat_distr) and Outcome (Outcome)
[1] 345
[1] 345
  iteration traits posterior_prob regional_prob candidate_snp
1         1   None             NA        0.0059            NA
  posterior_explained_by_snp dropped_trait  lead_snp
1                         NA      iradjbmi rs1128249
[1] "GENE"
[1] "ENSG00000115290"
Harmonising fat_distr (fat_distr) and Outcome (Outcome)
Harmonising fat_distr (fat_distr) and Outcome (Outcome)
[1] 345
[1] 345
  iteration traits posterior_prob regional_prob candidate_snp
1         1   None             NA        0.1805            NA
  posterior_explained_by_snp dropped_trait  lead_snp
1                         NA      iradjbmi rs1128249
[1] "LEAD INDEX"
[1] 17
[1] "GENE"
[1] "ENSG00000074582"
Harmonising fat_distr (fat_distr) and Outcome (Outcome)
Harmonising fat_distr (fat_distr) and Outcome (Outcome)
[1] 367
[1] 367
  iteration traits posterior_prob regional_prob candidate_snp
1         1   None             NA        0.0759            NA
  posterior_explained_by_snp dropped_trait  lead_snp
1                         NA      iradjbmi rs4674343
[1] "GENE"
[1] "ENSG00000135929"
Harmonising fat_distr (fat_distr) and Outcome (Outcome)
Harmonising fat_distr (fat_distr) and Outcome (Outcome)
[1] 367
[1] 367
  iteration traits posterior_prob regional_prob candidate_snp
1         1   None             NA        0.0137            NA
  posterior_explained_by_snp dropped_trait  lead_snp
1                         NA      iradjbmi rs4674343
[1] "LEAD INDEX"
[1] 18
[1] "GENE"
[1] "ENSG00000272622"
Harmonising fat_distr (fat_distr) and Outcome (Outcome)
Harmonising fat_distr (fat_distr) and Outcome (Outcome)
[1] 359
[1] 359
  iteration                    traits posterior_prob regional_prob
1         1 iradjbmi, ENSG00000272622           0.98             1
  candidate_snp posterior_explained_by_snp dropped_trait  lead_snp
1     rs2943646                     0.5764            NA rs2943646
[1] "GENE"
[1] "ENSG00000169047"
Harmonising fat_distr (fat_distr) and Outcome (Outcome)
Harmonising fat_distr (fat_distr) and Outcome (Outcome)
[1] 359
[1] 359
  iteration                    traits posterior_prob regional_prob
1         1 iradjbmi, ENSG00000169047         0.9878             1
  candidate_snp posterior_explained_by_snp dropped_trait  lead_snp
1     rs2943646                      0.793            NA rs2943646
[1] "GENE"
[1] "ENSG00000261379"
Harmonising fat_distr (fat_distr) and Outcome (Outcome)
Harmonising fat_distr (fat_distr) and Outcome (Outcome)
[1] 356
[1] 356
  iteration                    traits posterior_prob regional_prob
1         1 iradjbmi, ENSG00000261379         0.9823        0.9996
  candidate_snp posterior_explained_by_snp dropped_trait  lead_snp
1     rs2943646                     0.5918            NA rs2943646
[1] "GENE"
[1] "ENSG00000272622"
Harmonising fat_distr (fat_distr) and Outcome (Outcome)
Harmonising fat_distr (fat_distr) and Outcome (Outcome)
[1] 359
[1] 359
  iteration                    traits posterior_prob regional_prob
1         1 iradjbmi, ENSG00000272622           0.98             1
  candidate_snp posterior_explained_by_snp dropped_trait  lead_snp
1     rs2943646                     0.5764            NA rs2943646
[1] "GENE"
[1] "ENSG00000169047"
Harmonising fat_distr (fat_distr) and Outcome (Outcome)
Harmonising fat_distr (fat_distr) and Outcome (Outcome)
[1] 359
[1] 359
  iteration                    traits posterior_prob regional_prob
1         1 iradjbmi, ENSG00000169047         0.9878             1
  candidate_snp posterior_explained_by_snp dropped_trait  lead_snp
1     rs2943646                      0.793            NA rs2943646
[1] "GENE"
[1] "ENSG00000261379"
Harmonising fat_distr (fat_distr) and Outcome (Outcome)
Harmonising fat_distr (fat_distr) and Outcome (Outcome)
[1] 356
[1] 356
  iteration                    traits posterior_prob regional_prob
1         1 iradjbmi, ENSG00000261379         0.9823        0.9996
  candidate_snp posterior_explained_by_snp dropped_trait  lead_snp
1     rs2943646                     0.5918            NA rs2943646
[1] "GENE"
[1] "ENSG00000261379"
Harmonising fat_distr (fat_distr) and Outcome (Outcome)
Harmonising fat_distr (fat_distr) and Outcome (Outcome)
[1] 356
[1] 356
  iteration                    traits posterior_prob regional_prob
1         1 iradjbmi, ENSG00000261379         0.9823        0.9996
  candidate_snp posterior_explained_by_snp dropped_trait  lead_snp
1     rs2943646                     0.5918            NA rs2943646
[1] "GENE"
[1] "ENSG00000169047"
Harmonising fat_distr (fat_distr) and Outcome (Outcome)
Harmonising fat_distr (fat_distr) and Outcome (Outcome)
[1] 359
[1] 359
  iteration                    traits posterior_prob regional_prob
1         1 iradjbmi, ENSG00000169047         0.9878             1
  candidate_snp posterior_explained_by_snp dropped_trait  lead_snp
1     rs2943646                      0.793            NA rs2943646
[1] "LEAD INDEX"
[1] 19
[1] "LEAD INDEX"
[1] 20
[1] "CHROMOSOME"
[1] 3
[1] "LEAD INDEX"
[1] 1
[1] "LEAD INDEX"
[1] 2
[1] "LEAD INDEX"
[1] 3
[1] "LEAD INDEX"
[1] 4
[1] "LEAD INDEX"
[1] 5
[1] "LEAD INDEX"
[1] 6
[1] "LEAD INDEX"
[1] 7
[1] "LEAD INDEX"
[1] 8
[1] "GENE"
[1] "ENSG00000169814"
Harmonising fat_distr (fat_distr) and Outcome (Outcome)
Harmonising fat_distr (fat_distr) and Outcome (Outcome)
[1] 386
[1] 386
  iteration traits posterior_prob regional_prob candidate_snp
1         1   None             NA        0.0062            NA
  posterior_explained_by_snp dropped_trait  lead_snp
1                         NA      iradjbmi rs2455853
[1] "GENE"
[1] "ENSG00000286689"
Harmonising fat_distr (fat_distr) and Outcome (Outcome)
Harmonising fat_distr (fat_distr) and Outcome (Outcome)
[1] 386
[1] 386
  iteration traits posterior_prob regional_prob candidate_snp
1         1   None             NA         1e-04            NA
  posterior_explained_by_snp   dropped_trait  lead_snp
1                         NA ENSG00000286689 rs2455853
[1] "LEAD INDEX"
[1] 9
[1] "GENE"
[1] "ENSG00000151090"
Harmonising fat_distr (fat_distr) and Outcome (Outcome)
Harmonising fat_distr (fat_distr) and Outcome (Outcome)
[1] 504
[1] 504
  iteration traits posterior_prob regional_prob candidate_snp
1         1   None             NA        0.1399            NA
  posterior_explained_by_snp dropped_trait  lead_snp
1                         NA      iradjbmi rs2044756
[1] "LEAD INDEX"
[1] 10
[1] "GENE"
[1] "ENSG00000145020"
Harmonising fat_distr (fat_distr) and Outcome (Outcome)
Harmonising fat_distr (fat_distr) and Outcome (Outcome)
[1] 240
[1] 240
  iteration traits posterior_prob regional_prob candidate_snp
1         1   None             NA        0.9078            NA
  posterior_explained_by_snp   dropped_trait   lead_snp
1                         NA ENSG00000145020 rs13316065
[1] "GENE"
[1] "ENSG00000164068"
Harmonising fat_distr (fat_distr) and Outcome (Outcome)
Harmonising fat_distr (fat_distr) and Outcome (Outcome)
[1] 240
[1] 240
  iteration traits posterior_prob regional_prob candidate_snp
1         1   None             NA        0.9936            NA
  posterior_explained_by_snp   dropped_trait   lead_snp
1                         NA ENSG00000164068 rs13316065
[1] "GENE"
[1] "ENSG00000164068"
Harmonising fat_distr (fat_distr) and Outcome (Outcome)
Harmonising fat_distr (fat_distr) and Outcome (Outcome)
[1] 240
[1] 240
  iteration traits posterior_prob regional_prob candidate_snp
1         1   None             NA        0.9936            NA
  posterior_explained_by_snp   dropped_trait   lead_snp
1                         NA ENSG00000164068 rs13316065
[1] "GENE"
[1] "ENSG00000182179"
Harmonising fat_distr (fat_distr) and Outcome (Outcome)
Harmonising fat_distr (fat_distr) and Outcome (Outcome)
[1] 240
[1] 240
  iteration traits posterior_prob regional_prob candidate_snp
1         1   None             NA        0.0052            NA
  posterior_explained_by_snp dropped_trait   lead_snp
1                         NA      iradjbmi rs13316065
[1] "GENE"
[1] "ENSG00000173402"
Harmonising fat_distr (fat_distr) and Outcome (Outcome)
Harmonising fat_distr (fat_distr) and Outcome (Outcome)
[1] 240
[1] 240
  iteration                    traits posterior_prob regional_prob
1         1 iradjbmi, ENSG00000173402         0.8932        0.9627
  candidate_snp posterior_explained_by_snp dropped_trait   lead_snp
1     rs1799845                     0.2306            NA rs13316065
[1] "GENE"
[1] "ENSG00000164068"
Harmonising fat_distr (fat_distr) and Outcome (Outcome)
Harmonising fat_distr (fat_distr) and Outcome (Outcome)
[1] 240
[1] 240
  iteration traits posterior_prob regional_prob candidate_snp
1         1   None             NA        0.9936            NA
  posterior_explained_by_snp   dropped_trait   lead_snp
1                         NA ENSG00000164068 rs13316065
[1] "LEAD INDEX"
[1] 11
[1] "GENE"
[1] "ENSG00000010318"
Harmonising fat_distr (fat_distr) and Outcome (Outcome)
Harmonising fat_distr (fat_distr) and Outcome (Outcome)
[1] 337
[1] 337
  iteration traits posterior_prob regional_prob candidate_snp
1         1   None             NA        0.0063            NA
  posterior_explained_by_snp dropped_trait   lead_snp
1                         NA      iradjbmi rs17052061
[1] "GENE"
[1] "ENSG00000168237"
Harmonising fat_distr (fat_distr) and Outcome (Outcome)
Harmonising fat_distr (fat_distr) and Outcome (Outcome)
[1] 337
[1] 337
  iteration                    traits posterior_prob regional_prob
1         1 iradjbmi, ENSG00000168237         0.9313             1
  candidate_snp posterior_explained_by_snp dropped_trait   lead_snp
1    rs35860312                      0.277            NA rs17052061
[1] "GENE"
[1] "ENSG00000010322"
Harmonising fat_distr (fat_distr) and Outcome (Outcome)
Harmonising fat_distr (fat_distr) and Outcome (Outcome)
[1] 337
[1] 337
  iteration                    traits posterior_prob regional_prob
1         1 iradjbmi, ENSG00000010322         0.8997        0.9979
  candidate_snp posterior_explained_by_snp dropped_trait   lead_snp
1      rs390802                     0.8672            NA rs17052061
[1] "GENE"
[1] "ENSG00000010319"
Harmonising fat_distr (fat_distr) and Outcome (Outcome)
Harmonising fat_distr (fat_distr) and Outcome (Outcome)
[1] 337
[1] 337
  iteration traits posterior_prob regional_prob candidate_snp
1         1   None             NA        0.0082            NA
  posterior_explained_by_snp dropped_trait   lead_snp
1                         NA      iradjbmi rs17052061
[1] "GENE"
[1] "ENSG00000010319"
Harmonising fat_distr (fat_distr) and Outcome (Outcome)
Harmonising fat_distr (fat_distr) and Outcome (Outcome)
[1] 337
[1] 337
  iteration traits posterior_prob regional_prob candidate_snp
1         1   None             NA        0.0082            NA
  posterior_explained_by_snp dropped_trait   lead_snp
1                         NA      iradjbmi rs17052061
[1] "GENE"
[1] "ENSG00000010322"
Harmonising fat_distr (fat_distr) and Outcome (Outcome)
Harmonising fat_distr (fat_distr) and Outcome (Outcome)
[1] 337
[1] 337
  iteration                    traits posterior_prob regional_prob
1         1 iradjbmi, ENSG00000010322         0.8997        0.9979
  candidate_snp posterior_explained_by_snp dropped_trait   lead_snp
1      rs390802                     0.8672            NA rs17052061
[1] "LEAD INDEX"
[1] 12
[1] "LEAD INDEX"
[1] 13
[1] "GENE"
[1] "ENSG00000174579"
Harmonising fat_distr (fat_distr) and Outcome (Outcome)
Harmonising fat_distr (fat_distr) and Outcome (Outcome)
[1] 274
[1] 274
  iteration traits posterior_prob regional_prob candidate_snp
1         1   None             NA        0.0833            NA
  posterior_explained_by_snp dropped_trait lead_snp
1                         NA      iradjbmi rs645040
[1] "LEAD INDEX"
[1] 14
[1] "CHROMOSOME"
[1] 4
[1] "LEAD INDEX"
[1] 1
[1] "LEAD INDEX"
[1] 2
[1] "LEAD INDEX"
[1] 3
[1] "GENE"
[1] "ENSG00000127415"
Harmonising fat_distr (fat_distr) and Outcome (Outcome)
Harmonising fat_distr (fat_distr) and Outcome (Outcome)
[1] 391
[1] 391
  iteration                    traits posterior_prob regional_prob
1         1 iradjbmi, ENSG00000127415         0.9918        0.9997
  candidate_snp posterior_explained_by_snp dropped_trait   lead_snp
1    rs11724804                     0.9041            NA rs11724804
[1] "GENE"
[1] "ENSG00000145214"
Harmonising fat_distr (fat_distr) and Outcome (Outcome)
Harmonising fat_distr (fat_distr) and Outcome (Outcome)
[1] 391
[1] 391
  iteration                    traits posterior_prob regional_prob
1         1 iradjbmi, ENSG00000145214         0.9924        0.9997
  candidate_snp posterior_explained_by_snp dropped_trait   lead_snp
1    rs11724804                     0.9956            NA rs11724804
[1] "GENE"
[1] "ENSG00000127415"
Harmonising fat_distr (fat_distr) and Outcome (Outcome)
Harmonising fat_distr (fat_distr) and Outcome (Outcome)
[1] 391
[1] 391
  iteration                    traits posterior_prob regional_prob
1         1 iradjbmi, ENSG00000127415         0.9918        0.9997
  candidate_snp posterior_explained_by_snp dropped_trait   lead_snp
1    rs11724804                     0.9041            NA rs11724804
[1] "GENE"
[1] "ENSG00000127415"
Harmonising fat_distr (fat_distr) and Outcome (Outcome)
Harmonising fat_distr (fat_distr) and Outcome (Outcome)
[1] 391
[1] 391
  iteration                    traits posterior_prob regional_prob
1         1 iradjbmi, ENSG00000127415         0.9918        0.9997
  candidate_snp posterior_explained_by_snp dropped_trait   lead_snp
1    rs11724804                     0.9041            NA rs11724804
[1] "LEAD INDEX"
[1] 4
[1] "GENE"
[1] "ENSG00000188981"
Harmonising fat_distr (fat_distr) and Outcome (Outcome)
Harmonising fat_distr (fat_distr) and Outcome (Outcome)
[1] 358
[1] 358
  iteration traits posterior_prob regional_prob candidate_snp
1         1   None             NA        0.0098            NA
  posterior_explained_by_snp dropped_trait lead_snp
1                         NA      iradjbmi rs363066
[1] "LEAD INDEX"
[1] 5
[1] "GENE"
[1] "ENSG00000159788"
Harmonising fat_distr (fat_distr) and Outcome (Outcome)
Harmonising fat_distr (fat_distr) and Outcome (Outcome)
[1] 327
[1] 327
  iteration                    traits posterior_prob regional_prob
1         1 iradjbmi, ENSG00000159788         0.8808        0.9018
  candidate_snp posterior_explained_by_snp dropped_trait   lead_snp
1    rs10027926                     0.3182            NA rs10027926
[1] "LEAD INDEX"
[1] 6
[1] "GENE"
[1] "ENSG00000163132"
Harmonising fat_distr (fat_distr) and Outcome (Outcome)
Harmonising fat_distr (fat_distr) and Outcome (Outcome)
[1] 573
[1] 573
  iteration traits posterior_prob regional_prob candidate_snp
1         1   None             NA         0.004            NA
  posterior_explained_by_snp dropped_trait  lead_snp
1                         NA      iradjbmi rs4450871
[1] "LEAD INDEX"
[1] 7
[1] "GENE"
[1] "ENSG00000163257"
Harmonising fat_distr (fat_distr) and Outcome (Outcome)
Harmonising fat_distr (fat_distr) and Outcome (Outcome)
[1] 302
[1] 302
  iteration traits posterior_prob regional_prob candidate_snp
1         1   None             NA        0.9884            NA
  posterior_explained_by_snp dropped_trait  lead_snp
1                         NA      iradjbmi rs7694806
[1] "LEAD INDEX"
[1] 8
[1] "LEAD INDEX"
[1] 9
[1] "LEAD INDEX"
[1] 10
[1] "GENE"
[1] "ENSG00000138640"
Harmonising fat_distr (fat_distr) and Outcome (Outcome)
Harmonising fat_distr (fat_distr) and Outcome (Outcome)
[1] 413
[1] 413
  iteration traits posterior_prob regional_prob candidate_snp
1         1   None             NA        0.1407            NA
  posterior_explained_by_snp dropped_trait  lead_snp
1                         NA      iradjbmi rs9991328
[1] "GENE"
[1] "ENSG00000138640"
Harmonising fat_distr (fat_distr) and Outcome (Outcome)
Harmonising fat_distr (fat_distr) and Outcome (Outcome)
[1] 413
[1] 413
  iteration traits posterior_prob regional_prob candidate_snp
1         1   None             NA        0.1407            NA
  posterior_explained_by_snp dropped_trait  lead_snp
1                         NA      iradjbmi rs9991328
[1] "LEAD INDEX"
[1] 11
[1] "GENE"
[1] "ENSG00000145431"
Harmonising fat_distr (fat_distr) and Outcome (Outcome)
Harmonising fat_distr (fat_distr) and Outcome (Outcome)
[1] 372
[1] 372
  iteration traits posterior_prob regional_prob candidate_snp
1         1   None             NA        0.0377            NA
  posterior_explained_by_snp dropped_trait  lead_snp
1                         NA      iradjbmi rs1425486
[1] "GENE"
[1] "ENSG00000145431"
Harmonising fat_distr (fat_distr) and Outcome (Outcome)
Harmonising fat_distr (fat_distr) and Outcome (Outcome)
[1] 372
[1] 372
  iteration traits posterior_prob regional_prob candidate_snp
1         1   None             NA        0.0377            NA
  posterior_explained_by_snp dropped_trait  lead_snp
1                         NA      iradjbmi rs1425486
[1] "CHROMOSOME"
[1] 5
[1] "LEAD INDEX"
[1] 1
[1] "LEAD INDEX"
[1] 2
[1] "GENE"
[1] "ENSG00000145632"
Harmonising fat_distr (fat_distr) and Outcome (Outcome)
Harmonising fat_distr (fat_distr) and Outcome (Outcome)
[1] 490
[1] 490
  iteration traits posterior_prob regional_prob candidate_snp
1         1   None             NA        0.0128            NA
  posterior_explained_by_snp dropped_trait lead_snp
1                         NA      iradjbmi rs151913
[1] "LEAD INDEX"
[1] 3
[1] "GENE"
[1] "ENSG00000245937"
Harmonising fat_distr (fat_distr) and Outcome (Outcome)
Harmonising fat_distr (fat_distr) and Outcome (Outcome)
[1] 352
[1] 352
  iteration                    traits posterior_prob regional_prob
1         1 iradjbmi, ENSG00000245937         0.9857        0.9951
  candidate_snp posterior_explained_by_snp dropped_trait   lead_snp
1    rs17764730                     0.7851            NA rs17764730
[1] "GENE"
[1] "ENSG00000245937"
Harmonising fat_distr (fat_distr) and Outcome (Outcome)
Harmonising fat_distr (fat_distr) and Outcome (Outcome)
[1] 352
[1] 352
  iteration                    traits posterior_prob regional_prob
1         1 iradjbmi, ENSG00000245937         0.9857        0.9951
  candidate_snp posterior_explained_by_snp dropped_trait   lead_snp
1    rs17764730                     0.7851            NA rs17764730
[1] "GENE"
[1] "ENSG00000245937"
Harmonising fat_distr (fat_distr) and Outcome (Outcome)
Harmonising fat_distr (fat_distr) and Outcome (Outcome)
[1] 352
[1] 352
  iteration                    traits posterior_prob regional_prob
1         1 iradjbmi, ENSG00000245937         0.9857        0.9951
  candidate_snp posterior_explained_by_snp dropped_trait   lead_snp
1    rs17764730                     0.7851            NA rs17764730
[1] "GENE"
[1] "ENSG00000245937"
Harmonising fat_distr (fat_distr) and Outcome (Outcome)
Harmonising fat_distr (fat_distr) and Outcome (Outcome)
[1] 352
[1] 352
  iteration                    traits posterior_prob regional_prob
1         1 iradjbmi, ENSG00000245937         0.9857        0.9951
  candidate_snp posterior_explained_by_snp dropped_trait   lead_snp
1    rs17764730                     0.7851            NA rs17764730
[1] "GENE"
[1] "ENSG00000064651"
Harmonising fat_distr (fat_distr) and Outcome (Outcome)
Harmonising fat_distr (fat_distr) and Outcome (Outcome)
[1] 352
[1] 352
  iteration traits posterior_prob regional_prob candidate_snp
1         1   None             NA        0.0046            NA
  posterior_explained_by_snp dropped_trait   lead_snp
1                         NA      iradjbmi rs17764730
[1] "LEAD INDEX"
[1] 4
[1] "GENE"
[1] "ENSG00000131435"
Harmonising fat_distr (fat_distr) and Outcome (Outcome)
Harmonising fat_distr (fat_distr) and Outcome (Outcome)
[1] 395
[1] 395
  iteration traits posterior_prob regional_prob candidate_snp
1         1   None             NA        0.0047            NA
  posterior_explained_by_snp   dropped_trait   lead_snp
1                         NA ENSG00000131435 rs10479001
[1] "LEAD INDEX"
[1] 5
[1] "LEAD INDEX"
[1] 6
[1] "LEAD INDEX"
[1] 7
[1] "LEAD INDEX"
[1] 8
[1] "LEAD INDEX"
[1] 9
[1] "GENE"
[1] "ENSG00000155542"
Harmonising fat_distr (fat_distr) and Outcome (Outcome)
Harmonising fat_distr (fat_distr) and Outcome (Outcome)
[1] 494
[1] 494
  iteration traits posterior_prob regional_prob candidate_snp
1         1   None             NA        0.0851            NA
  posterior_explained_by_snp   dropped_trait lead_snp
1                         NA ENSG00000155542 rs702691
[1] "GENE"
[1] "ENSG00000155542"
Harmonising fat_distr (fat_distr) and Outcome (Outcome)
Harmonising fat_distr (fat_distr) and Outcome (Outcome)
[1] 494
[1] 494
  iteration traits posterior_prob regional_prob candidate_snp
1         1   None             NA        0.0851            NA
  posterior_explained_by_snp   dropped_trait lead_snp
1                         NA ENSG00000155542 rs702691
[1] "GENE"
[1] "ENSG00000155542"
Harmonising fat_distr (fat_distr) and Outcome (Outcome)
Harmonising fat_distr (fat_distr) and Outcome (Outcome)
[1] 494
[1] 494
  iteration traits posterior_prob regional_prob candidate_snp
1         1   None             NA        0.0851            NA
  posterior_explained_by_snp   dropped_trait lead_snp
1                         NA ENSG00000155542 rs702691
[1] "GENE"
[1] "ENSG00000271828"
Harmonising fat_distr (fat_distr) and Outcome (Outcome)
Harmonising fat_distr (fat_distr) and Outcome (Outcome)
[1] 494
[1] 494
  iteration traits posterior_prob regional_prob candidate_snp
1         1   None             NA        0.0245            NA
  posterior_explained_by_snp dropped_trait lead_snp
1                         NA      iradjbmi rs702691
[1] "LEAD INDEX"
[1] 10
[1] "LEAD INDEX"
[1] 11
[1] "LEAD INDEX"
[1] 12
[1] "LEAD INDEX"
[1] 13
[1] "GENE"
[1] "ENSG00000171444"
Harmonising fat_distr (fat_distr) and Outcome (Outcome)
Harmonising fat_distr (fat_distr) and Outcome (Outcome)
[1] 464
[1] 464
  iteration                    traits posterior_prob regional_prob
1         1 iradjbmi, ENSG00000171444          0.959         0.984
  candidate_snp posterior_explained_by_snp dropped_trait  lead_snp
1     rs6877769                     0.8391            NA rs7732198
[1] "GENE"
[1] "ENSG00000171444"
Harmonising fat_distr (fat_distr) and Outcome (Outcome)
Harmonising fat_distr (fat_distr) and Outcome (Outcome)
[1] 464
[1] 464
  iteration                    traits posterior_prob regional_prob
1         1 iradjbmi, ENSG00000171444          0.959         0.984
  candidate_snp posterior_explained_by_snp dropped_trait  lead_snp
1     rs6877769                     0.8391            NA rs7732198
[1] "GENE"
[1] "ENSG00000171444"
Harmonising fat_distr (fat_distr) and Outcome (Outcome)
Harmonising fat_distr (fat_distr) and Outcome (Outcome)
[1] 464
[1] 464
  iteration                    traits posterior_prob regional_prob
1         1 iradjbmi, ENSG00000171444          0.959         0.984
  candidate_snp posterior_explained_by_snp dropped_trait  lead_snp
1     rs6877769                     0.8391            NA rs7732198
[1] "GENE"
[1] "ENSG00000171444"
Harmonising fat_distr (fat_distr) and Outcome (Outcome)
Harmonising fat_distr (fat_distr) and Outcome (Outcome)
[1] 464
[1] 464
  iteration                    traits posterior_prob regional_prob
1         1 iradjbmi, ENSG00000171444          0.959         0.984
  candidate_snp posterior_explained_by_snp dropped_trait  lead_snp
1     rs6877769                     0.8391            NA rs7732198
[1] "LEAD INDEX"
[1] 14
[1] "GENE"
[1] "ENSG00000145779"
Harmonising fat_distr (fat_distr) and Outcome (Outcome)
Harmonising fat_distr (fat_distr) and Outcome (Outcome)
[1] 338
[1] 338
  iteration traits posterior_prob regional_prob candidate_snp
1         1   None             NA        0.0292            NA
  posterior_explained_by_snp dropped_trait  lead_snp
1                         NA      iradjbmi rs1045241
[1] "LEAD INDEX"
[1] 15
[1] "LEAD INDEX"
[1] 16
[1] "GENE"
[1] "ENSG00000170606"
Harmonising fat_distr (fat_distr) and Outcome (Outcome)
Harmonising fat_distr (fat_distr) and Outcome (Outcome)
[1] 421
[1] 421
  iteration traits posterior_prob regional_prob candidate_snp
1         1   None             NA        0.0202            NA
  posterior_explained_by_snp dropped_trait lead_snp
1                         NA      iradjbmi  rs13718
[1] "GENE"
[1] "ENSG00000170606"
Harmonising fat_distr (fat_distr) and Outcome (Outcome)
Harmonising fat_distr (fat_distr) and Outcome (Outcome)
[1] 421
[1] 421
  iteration traits posterior_prob regional_prob candidate_snp
1         1   None             NA        0.0202            NA
  posterior_explained_by_snp dropped_trait lead_snp
1                         NA      iradjbmi  rs13718
[1] "GENE"
[1] "ENSG00000170606"
Harmonising fat_distr (fat_distr) and Outcome (Outcome)
Harmonising fat_distr (fat_distr) and Outcome (Outcome)
[1] 421
[1] 421
  iteration traits posterior_prob regional_prob candidate_snp
1         1   None             NA        0.0202            NA
  posterior_explained_by_snp dropped_trait lead_snp
1                         NA      iradjbmi  rs13718
[1] "LEAD INDEX"
[1] 17
[1] "LEAD INDEX"
[1] 18
[1] "GENE"
[1] "ENSG00000170091"
Harmonising fat_distr (fat_distr) and Outcome (Outcome)
Harmonising fat_distr (fat_distr) and Outcome (Outcome)
[1] 610
[1] 610
  iteration traits posterior_prob regional_prob candidate_snp
1         1   None             NA        0.0667            NA
  posterior_explained_by_snp dropped_trait lead_snp
1                         NA      iradjbmi rs747472
[1] "GENE"
[1] "ENSG00000113742"
Harmonising fat_distr (fat_distr) and Outcome (Outcome)
Harmonising fat_distr (fat_distr) and Outcome (Outcome)
[1] 610
[1] 610
  iteration traits posterior_prob regional_prob candidate_snp
1         1   None             NA         0.008            NA
  posterior_explained_by_snp dropped_trait lead_snp
1                         NA      iradjbmi rs747472
[1] "GENE"
[1] "ENSG00000170091"
Harmonising fat_distr (fat_distr) and Outcome (Outcome)
Harmonising fat_distr (fat_distr) and Outcome (Outcome)
[1] 610
[1] 610
  iteration traits posterior_prob regional_prob candidate_snp
1         1   None             NA        0.0667            NA
  posterior_explained_by_snp dropped_trait lead_snp
1                         NA      iradjbmi rs747472
[1] "CHROMOSOME"
[1] 6
[1] "LEAD INDEX"
[1] 1
[1] "LEAD INDEX"
[1] 2
[1] "GENE"
[1] "ENSG00000288021"
[1] "GENE"
[1] "ENSG00000203875"
Harmonising fat_distr (fat_distr) and Outcome (Outcome)
Harmonising fat_distr (fat_distr) and Outcome (Outcome)
[1] 314
[1] 314
  iteration                    traits posterior_prob regional_prob
1         1 iradjbmi, ENSG00000203875         0.7381        0.9717
  candidate_snp posterior_explained_by_snp dropped_trait  lead_snp
1     rs1059307                          1            NA rs6454486
[1] "LEAD INDEX"
[1] 3
[1] "GENE"
[1] "ENSG00000112531"
Harmonising fat_distr (fat_distr) and Outcome (Outcome)
Removing the following SNPs for incompatible alleles:
chr6:163294050
Harmonising fat_distr (fat_distr) and Outcome (Outcome)
[1] 532
[1] 532
  iteration traits posterior_prob regional_prob candidate_snp
1         1   None             NA        0.0036            NA
  posterior_explained_by_snp dropped_trait lead_snp
1                         NA      iradjbmi   rs9306
[1] "LEAD INDEX"
[1] 4
[1] "LEAD INDEX"
[1] 5
[1] "LEAD INDEX"
[1] 6
[1] "GENE"
[1] "ENSG00000112715"
Harmonising fat_distr (fat_distr) and Outcome (Outcome)
Harmonising fat_distr (fat_distr) and Outcome (Outcome)
[1] 447
[1] 447
  iteration traits posterior_prob regional_prob candidate_snp
1         1   None             NA        0.0043            NA
  posterior_explained_by_snp dropped_trait lead_snp
1                         NA      iradjbmi rs998584
[1] "LEAD INDEX"
[1] 7
[1] "LEAD INDEX"
[1] 8
[1] "LEAD INDEX"
[1] 9
[1] "GENE"
[1] "ENSG00000118690"
Harmonising fat_distr (fat_distr) and Outcome (Outcome)
Harmonising fat_distr (fat_distr) and Outcome (Outcome)
[1] 359
[1] 359
  iteration                    traits posterior_prob regional_prob
1         1 iradjbmi, ENSG00000118690         0.9659        0.9926
  candidate_snp posterior_explained_by_snp dropped_trait  lead_snp
1     rs2806369                     0.2224            NA rs2806360
[1] "GENE"
[1] "ENSG00000118690"
Harmonising fat_distr (fat_distr) and Outcome (Outcome)
Harmonising fat_distr (fat_distr) and Outcome (Outcome)
[1] 359
[1] 359
  iteration                    traits posterior_prob regional_prob
1         1 iradjbmi, ENSG00000118690         0.9659        0.9926
  candidate_snp posterior_explained_by_snp dropped_trait  lead_snp
1     rs2806369                     0.2224            NA rs2806360
[1] "LEAD INDEX"
[1] 10
[1] "LEAD INDEX"
[1] 11
[1] "LEAD INDEX"
[1] 12
[1] "GENE"
[1] "ENSG00000164442"
Harmonising fat_distr (fat_distr) and Outcome (Outcome)
Harmonising fat_distr (fat_distr) and Outcome (Outcome)
[1] 448
[1] 448
  iteration traits posterior_prob regional_prob candidate_snp
1         1   None             NA        0.0052            NA
  posterior_explained_by_snp dropped_trait lead_snp
1                         NA      iradjbmi rs634869
[1] "LEAD INDEX"
[1] 13
[1] "LEAD INDEX"
[1] 14
[1] "GENE"
[1] "ENSG00000197081"
Harmonising fat_distr (fat_distr) and Outcome (Outcome)
Harmonising fat_distr (fat_distr) and Outcome (Outcome)
[1] 554
[1] 554
  iteration traits posterior_prob regional_prob candidate_snp
1         1   None             NA        0.9994            NA
  posterior_explained_by_snp   dropped_trait   lead_snp
1                         NA ENSG00000197081 rs12202350
[1] "GENE"
[1] "ENSG00000197081"
Harmonising fat_distr (fat_distr) and Outcome (Outcome)
Harmonising fat_distr (fat_distr) and Outcome (Outcome)
[1] 554
[1] 554
  iteration traits posterior_prob regional_prob candidate_snp
1         1   None             NA        0.9994            NA
  posterior_explained_by_snp   dropped_trait   lead_snp
1                         NA ENSG00000197081 rs12202350
[1] "GENE"
[1] "ENSG00000270949"
[1] "GENE"
[1] "ENSG00000213073"
Harmonising fat_distr (fat_distr) and Outcome (Outcome)
Harmonising fat_distr (fat_distr) and Outcome (Outcome)
[1] 554
[1] 554
  iteration traits posterior_prob regional_prob candidate_snp
1         1   None             NA        0.0074            NA
  posterior_explained_by_snp dropped_trait   lead_snp
1                         NA      iradjbmi rs12202350
[1] "GENE"
[1] "ENSG00000213073"
Harmonising fat_distr (fat_distr) and Outcome (Outcome)
Harmonising fat_distr (fat_distr) and Outcome (Outcome)
[1] 554
[1] 554
  iteration traits posterior_prob regional_prob candidate_snp
1         1   None             NA        0.0074            NA
  posterior_explained_by_snp dropped_trait   lead_snp
1                         NA      iradjbmi rs12202350
[1] "GENE"
[1] "ENSG00000213073"
Harmonising fat_distr (fat_distr) and Outcome (Outcome)
Harmonising fat_distr (fat_distr) and Outcome (Outcome)
[1] 554
[1] 554
  iteration traits posterior_prob regional_prob candidate_snp
1         1   None             NA        0.0074            NA
  posterior_explained_by_snp dropped_trait   lead_snp
1                         NA      iradjbmi rs12202350
[1] "GENE"
[1] "ENSG00000175003"
Harmonising fat_distr (fat_distr) and Outcome (Outcome)
Harmonising fat_distr (fat_distr) and Outcome (Outcome)
[1] 554
[1] 554
  iteration traits posterior_prob regional_prob candidate_snp
1         1   None             NA        0.6067            NA
  posterior_explained_by_snp   dropped_trait   lead_snp
1                         NA ENSG00000175003 rs12202350
[1] "LEAD INDEX"
[1] 15
[1] "LEAD INDEX"
[1] 16
[1] "CHROMOSOME"
[1] 7
[1] "LEAD INDEX"
[1] 1
[1] "GENE"
[1] "ENSG00000106460"
Harmonising fat_distr (fat_distr) and Outcome (Outcome)
Harmonising fat_distr (fat_distr) and Outcome (Outcome)
[1] 622
[1] 622
  iteration traits posterior_prob regional_prob candidate_snp
1         1   None             NA        0.3907            NA
  posterior_explained_by_snp dropped_trait  lead_snp
1                         NA      iradjbmi rs1990622
[1] "LEAD INDEX"
[1] 2
[1] "GENE"
[1] "ENSG00000273055"
Harmonising fat_distr (fat_distr) and Outcome (Outcome)
Harmonising fat_distr (fat_distr) and Outcome (Outcome)
[1] 514
[1] 514
  iteration traits posterior_prob regional_prob candidate_snp
1         1   None             NA        0.0189            NA
  posterior_explained_by_snp   dropped_trait  lead_snp
1                         NA ENSG00000273055 rs4727695
[1] "GENE"
[1] "ENSG00000091136"
Harmonising fat_distr (fat_distr) and Outcome (Outcome)
Harmonising fat_distr (fat_distr) and Outcome (Outcome)
[1] 514
[1] 514
  iteration traits posterior_prob regional_prob candidate_snp
1         1   None             NA        0.2503            NA
  posterior_explained_by_snp   dropped_trait  lead_snp
1                         NA ENSG00000091136 rs4727695
[1] "GENE"
[1] "ENSG00000091136"
Harmonising fat_distr (fat_distr) and Outcome (Outcome)
Harmonising fat_distr (fat_distr) and Outcome (Outcome)
[1] 514
[1] 514
  iteration traits posterior_prob regional_prob candidate_snp
1         1   None             NA        0.2503            NA
  posterior_explained_by_snp   dropped_trait  lead_snp
1                         NA ENSG00000091136 rs4727695
[1] "LEAD INDEX"
[1] 3
[1] "LEAD INDEX"
[1] 4
[1] "GENE"
[1] "ENSG00000164898"
Harmonising fat_distr (fat_distr) and Outcome (Outcome)
Harmonising fat_distr (fat_distr) and Outcome (Outcome)
[1] 356
[1] 356
  iteration traits posterior_prob regional_prob candidate_snp
1         1   None             NA        0.1825            NA
  posterior_explained_by_snp dropped_trait   lead_snp
1                         NA      iradjbmi rs11772771
[1] "GENE"
[1] "ENSG00000273391"
Harmonising fat_distr (fat_distr) and Outcome (Outcome)
Harmonising fat_distr (fat_distr) and Outcome (Outcome)
[1] 356
[1] 356
  iteration traits posterior_prob regional_prob candidate_snp
1         1   None             NA        0.0773            NA
  posterior_explained_by_snp dropped_trait   lead_snp
1                         NA      iradjbmi rs11772771
[1] "GENE"
[1] "ENSG00000146963"
Harmonising fat_distr (fat_distr) and Outcome (Outcome)
Harmonising fat_distr (fat_distr) and Outcome (Outcome)
[1] 356
[1] 356
  iteration                    traits posterior_prob regional_prob
1         1 iradjbmi, ENSG00000146963         0.8624        0.9316
  candidate_snp posterior_explained_by_snp dropped_trait   lead_snp
1     rs6467854                     0.1589            NA rs11772771
[1] "LEAD INDEX"
[1] 5
[1] "GENE"
[1] "ENSG00000164849"
Harmonising fat_distr (fat_distr) and Outcome (Outcome)
Harmonising fat_distr (fat_distr) and Outcome (Outcome)
[1] 337
[1] 337
  iteration                    traits posterior_prob regional_prob
1         1 iradjbmi, ENSG00000164849          0.719        0.7413
  candidate_snp posterior_explained_by_snp dropped_trait  lead_snp
1     rs3808350                     0.3709            NA rs3808350
[1] "LEAD INDEX"
[1] 6
[1] "LEAD INDEX"
[1] 7
[1] "LEAD INDEX"
[1] 8
[1] "LEAD INDEX"
[1] 9
[1] "LEAD INDEX"
[1] 10
[1] "GENE"
[1] "ENSG00000225792"
Harmonising fat_distr (fat_distr) and Outcome (Outcome)
Harmonising fat_distr (fat_distr) and Outcome (Outcome)
[1] 465
[1] 465
  iteration traits posterior_prob regional_prob candidate_snp
1         1   None             NA         0.267            NA
  posterior_explained_by_snp dropped_trait  lead_snp
1                         NA      iradjbmi rs1534696
[1] "GENE"
[1] "ENSG00000214870"
Harmonising fat_distr (fat_distr) and Outcome (Outcome)
Harmonising fat_distr (fat_distr) and Outcome (Outcome)
[1] 465
[1] 465
  iteration traits posterior_prob regional_prob candidate_snp
1         1   None             NA         1e-04            NA
  posterior_explained_by_snp   dropped_trait  lead_snp
1                         NA ENSG00000214870 rs1534696
[1] "GENE"
[1] "ENSG00000122565"
Harmonising fat_distr (fat_distr) and Outcome (Outcome)
Harmonising fat_distr (fat_distr) and Outcome (Outcome)
[1] 465
[1] 465
  iteration traits posterior_prob regional_prob candidate_snp
1         1   None             NA        0.0054            NA
  posterior_explained_by_snp dropped_trait  lead_snp
1                         NA      iradjbmi rs1534696
[1] "GENE"
[1] "ENSG00000225792"
Harmonising fat_distr (fat_distr) and Outcome (Outcome)
Harmonising fat_distr (fat_distr) and Outcome (Outcome)
[1] 465
[1] 465
  iteration traits posterior_prob regional_prob candidate_snp
1         1   None             NA         0.267            NA
  posterior_explained_by_snp dropped_trait  lead_snp
1                         NA      iradjbmi rs1534696
[1] "GENE"
[1] "ENSG00000122566"
Harmonising fat_distr (fat_distr) and Outcome (Outcome)
Harmonising fat_distr (fat_distr) and Outcome (Outcome)
[1] 465
[1] 465
  iteration traits posterior_prob regional_prob candidate_snp
1         1   None             NA         0.004            NA
  posterior_explained_by_snp dropped_trait  lead_snp
1                         NA      iradjbmi rs1534696
[1] "GENE"
[1] "ENSG00000086300"
Harmonising fat_distr (fat_distr) and Outcome (Outcome)
Harmonising fat_distr (fat_distr) and Outcome (Outcome)
[1] 465
[1] 465
  iteration                    traits posterior_prob regional_prob
1         1 iradjbmi, ENSG00000086300         0.9999             1
  candidate_snp posterior_explained_by_snp dropped_trait  lead_snp
1     rs1534696                          1            NA rs1534696
[1] "LEAD INDEX"
[1] 11
[1] "LEAD INDEX"
[1] 12
[1] "GENE"
[1] "ENSG00000015676"
Harmonising fat_distr (fat_distr) and Outcome (Outcome)
Harmonising fat_distr (fat_distr) and Outcome (Outcome)
[1] 339
[1] 339
  iteration                    traits posterior_prob regional_prob
1         1 iradjbmi, ENSG00000015676          0.633        0.8297
  candidate_snp posterior_explained_by_snp dropped_trait   lead_snp
1    rs11772065                     0.1171            NA rs11770515
[1] "GENE"
[1] "ENSG00000015676"
Harmonising fat_distr (fat_distr) and Outcome (Outcome)
Harmonising fat_distr (fat_distr) and Outcome (Outcome)
[1] 339
[1] 339
  iteration                    traits posterior_prob regional_prob
1         1 iradjbmi, ENSG00000015676          0.633        0.8297
  candidate_snp posterior_explained_by_snp dropped_trait   lead_snp
1    rs11772065                     0.1171            NA rs11770515
[1] "GENE"
[1] "ENSG00000015676"
Harmonising fat_distr (fat_distr) and Outcome (Outcome)
Harmonising fat_distr (fat_distr) and Outcome (Outcome)
[1] 339
[1] 339
  iteration                    traits posterior_prob regional_prob
1         1 iradjbmi, ENSG00000015676          0.633        0.8297
  candidate_snp posterior_explained_by_snp dropped_trait   lead_snp
1    rs11772065                     0.1171            NA rs11770515
[1] "GENE"
[1] "ENSG00000015520"
Harmonising fat_distr (fat_distr) and Outcome (Outcome)
Harmonising fat_distr (fat_distr) and Outcome (Outcome)
[1] 339
[1] 339
  iteration traits posterior_prob regional_prob candidate_snp
1         1   None             NA        0.0105            NA
  posterior_explained_by_snp dropped_trait   lead_snp
1                         NA      iradjbmi rs11770515
[1] "GENE"
[1] "ENSG00000015520"
Harmonising fat_distr (fat_distr) and Outcome (Outcome)
Harmonising fat_distr (fat_distr) and Outcome (Outcome)
[1] 339
[1] 339
  iteration traits posterior_prob regional_prob candidate_snp
1         1   None             NA        0.0105            NA
  posterior_explained_by_snp dropped_trait   lead_snp
1                         NA      iradjbmi rs11770515
[1] "LEAD INDEX"
[1] 13
[1] "GENE"
[1] "ENSG00000009954"
Harmonising fat_distr (fat_distr) and Outcome (Outcome)
Harmonising fat_distr (fat_distr) and Outcome (Outcome)
[1] 139
[1] 139
  iteration traits posterior_prob regional_prob candidate_snp
1         1   None             NA        0.2839            NA
  posterior_explained_by_snp dropped_trait lead_snp
1                         NA      iradjbmi   rs2573
[1] "GENE"
[1] "ENSG00000106635"
Harmonising fat_distr (fat_distr) and Outcome (Outcome)
Harmonising fat_distr (fat_distr) and Outcome (Outcome)
[1] 139
[1] 139
  iteration                    traits posterior_prob regional_prob
1         1 iradjbmi, ENSG00000106635         0.9963             1
  candidate_snp posterior_explained_by_snp dropped_trait lead_snp
1        rs2573                     0.9999            NA   rs2573
[1] "GENE"
[1] "ENSG00000106635"
Harmonising fat_distr (fat_distr) and Outcome (Outcome)
Harmonising fat_distr (fat_distr) and Outcome (Outcome)
[1] 139
[1] 139
  iteration                    traits posterior_prob regional_prob
1         1 iradjbmi, ENSG00000106635         0.9963             1
  candidate_snp posterior_explained_by_snp dropped_trait lead_snp
1        rs2573                     0.9999            NA   rs2573
[1] "GENE"
[1] "ENSG00000106635"
Harmonising fat_distr (fat_distr) and Outcome (Outcome)
Harmonising fat_distr (fat_distr) and Outcome (Outcome)
[1] 139
[1] 139
  iteration                    traits posterior_prob regional_prob
1         1 iradjbmi, ENSG00000106635         0.9963             1
  candidate_snp posterior_explained_by_snp dropped_trait lead_snp
1        rs2573                     0.9999            NA   rs2573
[1] "GENE"
[1] "ENSG00000009950"
Harmonising fat_distr (fat_distr) and Outcome (Outcome)
Harmonising fat_distr (fat_distr) and Outcome (Outcome)
[1] 139
[1] 139
  iteration traits posterior_prob regional_prob candidate_snp
1         1   None             NA        0.0137            NA
  posterior_explained_by_snp dropped_trait lead_snp
1                         NA      iradjbmi   rs2573
[1] "LEAD INDEX"
[1] 14
[1] "LEAD INDEX"
[1] 15
[1] "LEAD INDEX"
[1] 16
[1] "GENE"
[1] "ENSG00000174595"
[1] "GENE"
[1] "ENSG00000266265"
Harmonising fat_distr (fat_distr) and Outcome (Outcome)
Harmonising fat_distr (fat_distr) and Outcome (Outcome)
[1] 449
[1] 449
  iteration traits posterior_prob regional_prob candidate_snp
1         1   None             NA        0.0891            NA
  posterior_explained_by_snp dropped_trait  lead_snp
1                         NA      iradjbmi rs4731702
[1] "GENE"
[1] "ENSG00000266265"
Harmonising fat_distr (fat_distr) and Outcome (Outcome)
Harmonising fat_distr (fat_distr) and Outcome (Outcome)
[1] 449
[1] 449
  iteration traits posterior_prob regional_prob candidate_snp
1         1   None             NA        0.0891            NA
  posterior_explained_by_snp dropped_trait  lead_snp
1                         NA      iradjbmi rs4731702
[1] "GENE"
[1] "ENSG00000271204"
Harmonising fat_distr (fat_distr) and Outcome (Outcome)
Harmonising fat_distr (fat_distr) and Outcome (Outcome)
[1] 449
[1] 449
  iteration traits posterior_prob regional_prob candidate_snp
1         1   None             NA        0.0335            NA
  posterior_explained_by_snp dropped_trait  lead_snp
1                         NA      iradjbmi rs4731702
[1] "GENE"
[1] "ENSG00000233559"
Harmonising fat_distr (fat_distr) and Outcome (Outcome)
Harmonising fat_distr (fat_distr) and Outcome (Outcome)
[1] 449
[1] 449
  iteration traits posterior_prob regional_prob candidate_snp
1         1   None             NA        0.0141            NA
  posterior_explained_by_snp dropped_trait  lead_snp
1                         NA      iradjbmi rs4731702
[1] "GENE"
[1] "ENSG00000231721"
Harmonising fat_distr (fat_distr) and Outcome (Outcome)
Harmonising fat_distr (fat_distr) and Outcome (Outcome)
[1] 449
[1] 449
  iteration traits posterior_prob regional_prob candidate_snp
1         1   None             NA        0.0024            NA
  posterior_explained_by_snp dropped_trait  lead_snp
1                         NA      iradjbmi rs4731702
[1] "LEAD INDEX"
[1] 17
[1] "LEAD INDEX"
[1] 18
[1] "GENE"
[1] "ENSG00000179144"
Harmonising fat_distr (fat_distr) and Outcome (Outcome)
Harmonising fat_distr (fat_distr) and Outcome (Outcome)
[1] 394
[1] 394
  iteration traits posterior_prob regional_prob candidate_snp
1         1   None             NA        0.0791            NA
  posterior_explained_by_snp dropped_trait   lead_snp
1                         NA      iradjbmi rs10254829
[1] "GENE"
[1] "ENSG00000133574"
Harmonising fat_distr (fat_distr) and Outcome (Outcome)
Harmonising fat_distr (fat_distr) and Outcome (Outcome)
[1] 394
[1] 394
  iteration traits posterior_prob regional_prob candidate_snp
1         1   None             NA        0.0036            NA
  posterior_explained_by_snp   dropped_trait   lead_snp
1                         NA ENSG00000133574 rs10254829
[1] "LEAD INDEX"
[1] 19
[1] "GENE"
[1] "ENSG00000002726"
Harmonising fat_distr (fat_distr) and Outcome (Outcome)
Harmonising fat_distr (fat_distr) and Outcome (Outcome)
[1] 519
[1] 519
  iteration                    traits posterior_prob regional_prob
1         1 iradjbmi, ENSG00000002726          0.983             1
  candidate_snp posterior_explained_by_snp dropped_trait  lead_snp
1     rs6977081                     0.9996            NA rs6977081
[1] "GENE"
[1] "ENSG00000002933"
Harmonising fat_distr (fat_distr) and Outcome (Outcome)
Harmonising fat_distr (fat_distr) and Outcome (Outcome)
[1] 519
[1] 519
  iteration traits posterior_prob regional_prob candidate_snp
1         1   None             NA        0.0142            NA
  posterior_explained_by_snp   dropped_trait  lead_snp
1                         NA ENSG00000002933 rs6977081
[1] "GENE"
[1] "ENSG00000002726"
Harmonising fat_distr (fat_distr) and Outcome (Outcome)
Harmonising fat_distr (fat_distr) and Outcome (Outcome)
[1] 519
[1] 519
  iteration                    traits posterior_prob regional_prob
1         1 iradjbmi, ENSG00000002726          0.983             1
  candidate_snp posterior_explained_by_snp dropped_trait  lead_snp
1     rs6977081                     0.9996            NA rs6977081
[1] "CHROMOSOME"
[1] 8
[1] "LEAD INDEX"
[1] 1
[1] "GENE"
[1] "ENSG00000154359"
Harmonising fat_distr (fat_distr) and Outcome (Outcome)
Harmonising fat_distr (fat_distr) and Outcome (Outcome)
[1] 370
[1] 370
  iteration                    traits posterior_prob regional_prob
1         1 iradjbmi, ENSG00000154359          0.944        0.9445
  candidate_snp posterior_explained_by_snp dropped_trait  lead_snp
1     rs4474021                     0.9999            NA rs4474021
[1] "GENE"
[1] "ENSG00000154359"
Harmonising fat_distr (fat_distr) and Outcome (Outcome)
Harmonising fat_distr (fat_distr) and Outcome (Outcome)
[1] 370
[1] 370
  iteration                    traits posterior_prob regional_prob
1         1 iradjbmi, ENSG00000154359          0.944        0.9445
  candidate_snp posterior_explained_by_snp dropped_trait  lead_snp
1     rs4474021                     0.9999            NA rs4474021
[1] "LEAD INDEX"
[1] 2
[1] "LEAD INDEX"
[1] 3
[1] "GENE"
[1] "ENSG00000183154"
Harmonising fat_distr (fat_distr) and Outcome (Outcome)
Harmonising fat_distr (fat_distr) and Outcome (Outcome)
[1] 273
[1] 273
  iteration traits posterior_prob regional_prob candidate_snp
1         1   None             NA        0.2344            NA
  posterior_explained_by_snp dropped_trait  lead_snp
1                         NA      iradjbmi rs7816345
[1] "GENE"
[1] "ENSG00000147475"
Harmonising fat_distr (fat_distr) and Outcome (Outcome)
Harmonising fat_distr (fat_distr) and Outcome (Outcome)
[1] 273
[1] 273
  iteration traits posterior_prob regional_prob candidate_snp
1         1   None             NA         0.022            NA
  posterior_explained_by_snp dropped_trait  lead_snp
1                         NA      iradjbmi rs7816345
[1] "GENE"
[1] "ENSG00000254038"
[1] "GENE"
[1] "ENSG00000183779"
Harmonising fat_distr (fat_distr) and Outcome (Outcome)
Harmonising fat_distr (fat_distr) and Outcome (Outcome)
[1] 278
[1] 278
  iteration                    traits posterior_prob regional_prob
1         1 iradjbmi, ENSG00000183779         0.9837        0.9964
  candidate_snp posterior_explained_by_snp dropped_trait  lead_snp
1     rs7816345                     0.4133            NA rs7816345
[1] "GENE"
[1] "ENSG00000254038"
[1] "GENE"
[1] "ENSG00000183779"
Harmonising fat_distr (fat_distr) and Outcome (Outcome)
Harmonising fat_distr (fat_distr) and Outcome (Outcome)
[1] 278
[1] 278
  iteration                    traits posterior_prob regional_prob
1         1 iradjbmi, ENSG00000183779         0.9837        0.9964
  candidate_snp posterior_explained_by_snp dropped_trait  lead_snp
1     rs7816345                     0.4133            NA rs7816345
[1] "GENE"
[1] "ENSG00000215262"
[1] "GENE"
[1] "ENSG00000183779"
Harmonising fat_distr (fat_distr) and Outcome (Outcome)
Harmonising fat_distr (fat_distr) and Outcome (Outcome)
[1] 278
[1] 278
  iteration                    traits posterior_prob regional_prob
1         1 iradjbmi, ENSG00000183779         0.9837        0.9964
  candidate_snp posterior_explained_by_snp dropped_trait  lead_snp
1     rs7816345                     0.4133            NA rs7816345
[1] "LEAD INDEX"
[1] 4
[1] "GENE"
[1] "ENSG00000077782"
Harmonising fat_distr (fat_distr) and Outcome (Outcome)
Harmonising fat_distr (fat_distr) and Outcome (Outcome)
[1] 270
[1] 270
  iteration traits posterior_prob regional_prob candidate_snp
1         1   None             NA         0.005            NA
  posterior_explained_by_snp dropped_trait   lead_snp
1                         NA      iradjbmi rs10958704
[1] "GENE"
[1] "ENSG00000077782"
Harmonising fat_distr (fat_distr) and Outcome (Outcome)
Harmonising fat_distr (fat_distr) and Outcome (Outcome)
[1] 270
[1] 270
  iteration traits posterior_prob regional_prob candidate_snp
1         1   None             NA         0.005            NA
  posterior_explained_by_snp dropped_trait   lead_snp
1                         NA      iradjbmi rs10958704
[1] "LEAD INDEX"
[1] 5
[1] "LEAD INDEX"
[1] 6
[1] "LEAD INDEX"
[1] 7
[1] "LEAD INDEX"
[1] 8
[1] "GENE"
[1] "ENSG00000171056"
Harmonising fat_distr (fat_distr) and Outcome (Outcome)
Removing the following SNPs for incompatible alleles:
chr8:10423934
Harmonising fat_distr (fat_distr) and Outcome (Outcome)
[1] 541
[1] 541
  iteration traits posterior_prob regional_prob candidate_snp
1         1   None             NA        0.0054            NA
  posterior_explained_by_snp dropped_trait  lead_snp
1                         NA      iradjbmi rs9657541
[1] "GENE"
[1] "ENSG00000258724"
[1] "LEAD INDEX"
[1] 9
[1] "LEAD INDEX"
[1] 10
[1] "GENE"
[1] "ENSG00000078674"
Harmonising fat_distr (fat_distr) and Outcome (Outcome)
Harmonising fat_distr (fat_distr) and Outcome (Outcome)
[1] 765
[1] 765
  iteration traits posterior_prob regional_prob candidate_snp
1         1   None             NA        0.0402            NA
  posterior_explained_by_snp   dropped_trait lead_snp
1                         NA ENSG00000078674 rs208062
[1] "GENE"
[1] "ENSG00000078674"
Harmonising fat_distr (fat_distr) and Outcome (Outcome)
Harmonising fat_distr (fat_distr) and Outcome (Outcome)
[1] 765
[1] 765
  iteration traits posterior_prob regional_prob candidate_snp
1         1   None             NA        0.0402            NA
  posterior_explained_by_snp   dropped_trait lead_snp
1                         NA ENSG00000078674 rs208062
[1] "GENE"
[1] "ENSG00000078674"
Harmonising fat_distr (fat_distr) and Outcome (Outcome)
Harmonising fat_distr (fat_distr) and Outcome (Outcome)
[1] 765
[1] 765
  iteration traits posterior_prob regional_prob candidate_snp
1         1   None             NA        0.0402            NA
  posterior_explained_by_snp   dropped_trait lead_snp
1                         NA ENSG00000078674 rs208062
[1] "LEAD INDEX"
[1] 11
[1] "LEAD INDEX"
[1] 12
[1] "LEAD INDEX"
[1] 13
[1] "LEAD INDEX"
[1] 14
[1] "LEAD INDEX"
[1] 15
[1] "LEAD INDEX"
[1] 16
[1] "LEAD INDEX"
[1] 17
[1] "LEAD INDEX"
[1] 18
[1] "GENE"
[1] "ENSG00000159167"
Harmonising fat_distr (fat_distr) and Outcome (Outcome)
Harmonising fat_distr (fat_distr) and Outcome (Outcome)
[1] 515
[1] 515
  iteration traits posterior_prob regional_prob candidate_snp
1         1   None             NA         0.001            NA
  posterior_explained_by_snp dropped_trait  lead_snp
1                         NA      iradjbmi rs1561105
[1] "LEAD INDEX"
[1] 19
[1] "LEAD INDEX"
[1] 20
[1] "LEAD INDEX"
[1] 21
[1] "GENE"
[1] "ENSG00000104313"
Harmonising fat_distr (fat_distr) and Outcome (Outcome)
Harmonising fat_distr (fat_distr) and Outcome (Outcome)
[1] 568
[1] 568
  iteration                    traits posterior_prob regional_prob
1         1 iradjbmi, ENSG00000104313          0.806        0.8599
  candidate_snp posterior_explained_by_snp dropped_trait   lead_snp
1    rs10097671                     0.1907            NA rs10097671
[1] "GENE"
[1] "ENSG00000104313"
Harmonising fat_distr (fat_distr) and Outcome (Outcome)
Harmonising fat_distr (fat_distr) and Outcome (Outcome)
[1] 568
[1] 568
  iteration                    traits posterior_prob regional_prob
1         1 iradjbmi, ENSG00000104313          0.806        0.8599
  candidate_snp posterior_explained_by_snp dropped_trait   lead_snp
1    rs10097671                     0.1907            NA rs10097671
[1] "GENE"
[1] "ENSG00000254031"
[1] "GENE"
[1] "ENSG00000104313"
Harmonising fat_distr (fat_distr) and Outcome (Outcome)
Harmonising fat_distr (fat_distr) and Outcome (Outcome)
[1] 568
[1] 568
  iteration                    traits posterior_prob regional_prob
1         1 iradjbmi, ENSG00000104313          0.806        0.8599
  candidate_snp posterior_explained_by_snp dropped_trait   lead_snp
1    rs10097671                     0.1907            NA rs10097671
[1] "GENE"
[1] "ENSG00000104313"
Harmonising fat_distr (fat_distr) and Outcome (Outcome)
Harmonising fat_distr (fat_distr) and Outcome (Outcome)
[1] 568
[1] 568
  iteration                    traits posterior_prob regional_prob
1         1 iradjbmi, ENSG00000104313          0.806        0.8599
  candidate_snp posterior_explained_by_snp dropped_trait   lead_snp
1    rs10097671                     0.1907            NA rs10097671
[1] "LEAD INDEX"
[1] 22
[1] "LEAD INDEX"
[1] 23
[1] "LEAD INDEX"
[1] 24
[1] "LEAD INDEX"
[1] 25
[1] "LEAD INDEX"
[1] 26
[1] "CHROMOSOME"
[1] 9
[1] "LEAD INDEX"
[1] 1
[1] "LEAD INDEX"
[1] 2
[1] "LEAD INDEX"
[1] 3
[1] "LEAD INDEX"
[1] 4
[1] "GENE"
[1] "ENSG00000164978"
Harmonising fat_distr (fat_distr) and Outcome (Outcome)
Harmonising fat_distr (fat_distr) and Outcome (Outcome)
[1] 320
[1] 320
  iteration traits posterior_prob regional_prob candidate_snp
1         1   None             NA         1e-04            NA
  posterior_explained_by_snp   dropped_trait   lead_snp
1                         NA ENSG00000164978 rs13284229
[1] "GENE"
[1] "ENSG00000165006"
Harmonising fat_distr (fat_distr) and Outcome (Outcome)
Harmonising fat_distr (fat_distr) and Outcome (Outcome)
[1] 320
[1] 320
  iteration                    traits posterior_prob regional_prob
1         1 iradjbmi, ENSG00000165006         0.9852        0.9988
  candidate_snp posterior_explained_by_snp dropped_trait   lead_snp
1    rs13284229                     0.3557            NA rs13284229
[1] "GENE"
[1] "ENSG00000164978"
Harmonising fat_distr (fat_distr) and Outcome (Outcome)
Harmonising fat_distr (fat_distr) and Outcome (Outcome)
[1] 320
[1] 320
  iteration traits posterior_prob regional_prob candidate_snp
1         1   None             NA         1e-04            NA
  posterior_explained_by_snp   dropped_trait   lead_snp
1                         NA ENSG00000164978 rs13284229
[1] "GENE"
[1] "ENSG00000165006"
Harmonising fat_distr (fat_distr) and Outcome (Outcome)
Harmonising fat_distr (fat_distr) and Outcome (Outcome)
[1] 320
[1] 320
  iteration                    traits posterior_prob regional_prob
1         1 iradjbmi, ENSG00000165006         0.9852        0.9988
  candidate_snp posterior_explained_by_snp dropped_trait   lead_snp
1    rs13284229                     0.3557            NA rs13284229
[1] "LEAD INDEX"
[1] 5
[1] "LEAD INDEX"
[1] 6
[1] "GENE"
[1] "ENSG00000106780"
Harmonising fat_distr (fat_distr) and Outcome (Outcome)
Harmonising fat_distr (fat_distr) and Outcome (Outcome)
[1] 320
[1] 320
  iteration                    traits posterior_prob regional_prob
1         1 iradjbmi, ENSG00000106780         0.9483        0.9846
  candidate_snp posterior_explained_by_snp dropped_trait  lead_snp
1     rs2416799                     0.3435            NA rs2416799
[1] "GENE"
[1] "ENSG00000106780"
Harmonising fat_distr (fat_distr) and Outcome (Outcome)
Harmonising fat_distr (fat_distr) and Outcome (Outcome)
[1] 320
[1] 320
  iteration                    traits posterior_prob regional_prob
1         1 iradjbmi, ENSG00000106780         0.9483        0.9846
  candidate_snp posterior_explained_by_snp dropped_trait  lead_snp
1     rs2416799                     0.3435            NA rs2416799
[1] "GENE"
[1] "ENSG00000238181"
[1] "GENE"
[1] "ENSG00000238181"
[1] "GENE"
[1] "ENSG00000106780"
Harmonising fat_distr (fat_distr) and Outcome (Outcome)
Harmonising fat_distr (fat_distr) and Outcome (Outcome)
[1] 320
[1] 320
  iteration                    traits posterior_prob regional_prob
1         1 iradjbmi, ENSG00000106780         0.9483        0.9846
  candidate_snp posterior_explained_by_snp dropped_trait  lead_snp
1     rs2416799                     0.3435            NA rs2416799
[1] "GENE"
[1] "ENSG00000270917"
Harmonising fat_distr (fat_distr) and Outcome (Outcome)
Harmonising fat_distr (fat_distr) and Outcome (Outcome)
[1] 320
[1] 320
  iteration traits posterior_prob regional_prob candidate_snp
1         1   None             NA        0.0124            NA
  posterior_explained_by_snp dropped_trait  lead_snp
1                         NA      iradjbmi rs2416799
[1] "LEAD INDEX"
[1] 7
[1] "GENE"
[1] "ENSG00000119522"
Harmonising fat_distr (fat_distr) and Outcome (Outcome)
Harmonising fat_distr (fat_distr) and Outcome (Outcome)
[1] 443
[1] 443
  iteration                    traits posterior_prob regional_prob
1         1 iradjbmi, ENSG00000119522         0.5463        0.7548
  candidate_snp posterior_explained_by_snp dropped_trait  lead_snp
1     rs2479106                      0.594            NA rs2479106
[1] "LEAD INDEX"
[1] 8
[1] "GENE"
[1] "ENSG00000173253"
Harmonising fat_distr (fat_distr) and Outcome (Outcome)
Harmonising fat_distr (fat_distr) and Outcome (Outcome)
[1] 815
[1] 815
  iteration traits posterior_prob regional_prob candidate_snp
1         1   None             NA        0.0086            NA
  posterior_explained_by_snp   dropped_trait  lead_snp
1                         NA ENSG00000173253 rs2175055
[1] "GENE"
[1] "ENSG00000281769"
Harmonising fat_distr (fat_distr) and Outcome (Outcome)
Harmonising fat_distr (fat_distr) and Outcome (Outcome)
[1] 815
[1] 815
  iteration traits posterior_prob regional_prob candidate_snp
1         1   None             NA        0.0062            NA
  posterior_explained_by_snp   dropped_trait  lead_snp
1                         NA ENSG00000281769 rs2175055
[1] "GENE"
[1] "ENSG00000173253"
Harmonising fat_distr (fat_distr) and Outcome (Outcome)
Harmonising fat_distr (fat_distr) and Outcome (Outcome)
[1] 815
[1] 815
  iteration traits posterior_prob regional_prob candidate_snp
1         1   None             NA        0.0086            NA
  posterior_explained_by_snp   dropped_trait  lead_snp
1                         NA ENSG00000173253 rs2175055
[1] "LEAD INDEX"
[1] 9
[1] "LEAD INDEX"
[1] 10
[1] "GENE"
[1] "ENSG00000188312"
Harmonising fat_distr (fat_distr) and Outcome (Outcome)
Removing the following SNPs for incompatible alleles:
chr9:92420825
Harmonising fat_distr (fat_distr) and Outcome (Outcome)
[1] 408
[1] 408
  iteration traits posterior_prob regional_prob candidate_snp
1         1   None             NA         2e-04            NA
  posterior_explained_by_snp   dropped_trait  lead_snp
1                         NA ENSG00000188312 rs7855203
[1] "GENE"
[1] "ENSG00000127080"
Harmonising fat_distr (fat_distr) and Outcome (Outcome)
Removing the following SNPs for incompatible alleles:
chr9:92420825
Harmonising fat_distr (fat_distr) and Outcome (Outcome)
[1] 408
[1] 408
  iteration traits posterior_prob regional_prob candidate_snp
1         1   None             NA        0.0486            NA
  posterior_explained_by_snp dropped_trait  lead_snp
1                         NA      iradjbmi rs7855203
[1] "LEAD INDEX"
[1] 11
[1] "LEAD INDEX"
[1] 12
[1] "CHROMOSOME"
[1] 10
[1] "LEAD INDEX"
[1] 1
[1] "LEAD INDEX"
[1] 2
[1] "LEAD INDEX"
[1] 3
[1] "GENE"
[1] "ENSG00000165449"
Harmonising fat_distr (fat_distr) and Outcome (Outcome)
Harmonising fat_distr (fat_distr) and Outcome (Outcome)
[1] 514
[1] 514
  iteration traits posterior_prob regional_prob candidate_snp
1         1   None             NA        0.0114            NA
  posterior_explained_by_snp   dropped_trait   lead_snp
1                         NA ENSG00000165449 rs12356193
[1] "GENE"
[1] "ENSG00000165449"
Harmonising fat_distr (fat_distr) and Outcome (Outcome)
Harmonising fat_distr (fat_distr) and Outcome (Outcome)
[1] 514
[1] 514
  iteration traits posterior_prob regional_prob candidate_snp
1         1   None             NA        0.0114            NA
  posterior_explained_by_snp   dropped_trait   lead_snp
1                         NA ENSG00000165449 rs12356193
[1] "LEAD INDEX"
[1] 4
[1] "LEAD INDEX"
[1] 5
[1] "LEAD INDEX"
[1] 6
[1] "LEAD INDEX"
[1] 7
[1] "LEAD INDEX"
[1] 8
[1] "LEAD INDEX"
[1] 9
[1] "GENE"
[1] "ENSG00000119927"
Harmonising fat_distr (fat_distr) and Outcome (Outcome)
Harmonising fat_distr (fat_distr) and Outcome (Outcome)
[1] 441
[1] 441
  iteration                    traits posterior_prob regional_prob
1         1 iradjbmi, ENSG00000119927          0.702        0.9299
  candidate_snp posterior_explained_by_snp dropped_trait  lead_snp
1     rs4573621                     0.9536            NA rs4573621
[1] "LEAD INDEX"
[1] 10
[1] "LEAD INDEX"
[1] 11
[1] "CHROMOSOME"
[1] 11
[1] "LEAD INDEX"
[1] 1
[1] "GENE"
[1] "ENSG00000072952"
Harmonising fat_distr (fat_distr) and Outcome (Outcome)
Harmonising fat_distr (fat_distr) and Outcome (Outcome)
[1] 564
[1] 564
  iteration traits posterior_prob regional_prob candidate_snp
1         1   None             NA        0.0268            NA
  posterior_explained_by_snp dropped_trait  lead_snp
1                         NA      iradjbmi rs4909945
[1] "GENE"
[1] "ENSG00000072952"
Harmonising fat_distr (fat_distr) and Outcome (Outcome)
Harmonising fat_distr (fat_distr) and Outcome (Outcome)
[1] 564
[1] 564
  iteration traits posterior_prob regional_prob candidate_snp
1         1   None             NA        0.0268            NA
  posterior_explained_by_snp dropped_trait  lead_snp
1                         NA      iradjbmi rs4909945
[1] "LEAD INDEX"
[1] 2
[1] "GENE"
[1] "ENSG00000262655"
Harmonising fat_distr (fat_distr) and Outcome (Outcome)
Harmonising fat_distr (fat_distr) and Outcome (Outcome)
[1] 388
[1] 388
  iteration traits posterior_prob regional_prob candidate_snp
1         1   None             NA         3e-04            NA
  posterior_explained_by_snp   dropped_trait  lead_snp
1                         NA ENSG00000262655 rs2303975
[1] "GENE"
[1] "ENSG00000262655"
Harmonising fat_distr (fat_distr) and Outcome (Outcome)
Harmonising fat_distr (fat_distr) and Outcome (Outcome)
[1] 388
[1] 388
  iteration traits posterior_prob regional_prob candidate_snp
1         1   None             NA         3e-04            NA
  posterior_explained_by_snp   dropped_trait  lead_snp
1                         NA ENSG00000262655 rs2303975
[1] "LEAD INDEX"
[1] 3
[1] "LEAD INDEX"
[1] 4
[1] "LEAD INDEX"
[1] 5
[1] "LEAD INDEX"
[1] 6
[1] "GENE"
[1] "ENSG00000110274"
Harmonising fat_distr (fat_distr) and Outcome (Outcome)
Harmonising fat_distr (fat_distr) and Outcome (Outcome)
[1] 337
[1] 337
  iteration traits posterior_prob regional_prob candidate_snp
1         1   None             NA        0.6413            NA
  posterior_explained_by_snp   dropped_trait lead_snp
1                         NA ENSG00000110274 rs593245
[1] "LEAD INDEX"
[1] 7
[1] "GENE"
[1] "ENSG00000280832"
Harmonising fat_distr (fat_distr) and Outcome (Outcome)
Removing the following SNPs for incompatible alleles:
chr11:126226069
Harmonising fat_distr (fat_distr) and Outcome (Outcome)
[1] 664
[1] 664
  iteration                    traits posterior_prob regional_prob
1         1 iradjbmi, ENSG00000280832         0.9573        0.9836
  candidate_snp posterior_explained_by_snp dropped_trait   lead_snp
1    rs17135399                     0.7583            NA rs17135399
[1] "LEAD INDEX"
[1] 8
[1] "LEAD INDEX"
[1] 9
[1] "LEAD INDEX"
[1] 10
[1] "GENE"
[1] "ENSG00000134343"
Harmonising fat_distr (fat_distr) and Outcome (Outcome)
Harmonising fat_distr (fat_distr) and Outcome (Outcome)
[1] 503
[1] 503
  iteration                    traits posterior_prob regional_prob
1         1 iradjbmi, ENSG00000134343         0.9804        0.9857
  candidate_snp posterior_explained_by_snp dropped_trait   lead_snp
1    rs17243091                     0.9432            NA rs17243091
[1] "GENE"
[1] "ENSG00000134343"
Harmonising fat_distr (fat_distr) and Outcome (Outcome)
Harmonising fat_distr (fat_distr) and Outcome (Outcome)
[1] 503
[1] 503
  iteration                    traits posterior_prob regional_prob
1         1 iradjbmi, ENSG00000134343         0.9804        0.9857
  candidate_snp posterior_explained_by_snp dropped_trait   lead_snp
1    rs17243091                     0.9432            NA rs17243091
[1] "LEAD INDEX"
[1] 11
[1] "GENE"
[1] "ENSG00000255498"
[1] "LEAD INDEX"
[1] 12
[1] "GENE"
[1] "ENSG00000149179"
Harmonising fat_distr (fat_distr) and Outcome (Outcome)
Harmonising fat_distr (fat_distr) and Outcome (Outcome)
[1] 191
[1] 191
  iteration traits posterior_prob regional_prob candidate_snp
1         1   None             NA        0.0281            NA
  posterior_explained_by_snp dropped_trait  lead_snp
1                         NA      iradjbmi rs1872896
[1] "GENE"
[1] "ENSG00000134569"
Harmonising fat_distr (fat_distr) and Outcome (Outcome)
Harmonising fat_distr (fat_distr) and Outcome (Outcome)
[1] 191
[1] 191
  iteration traits posterior_prob regional_prob candidate_snp
1         1   None             NA        0.0282            NA
  posterior_explained_by_snp dropped_trait  lead_snp
1                         NA      iradjbmi rs1872896
[1] "GENE"
[1] "ENSG00000134574"
Harmonising fat_distr (fat_distr) and Outcome (Outcome)
Harmonising fat_distr (fat_distr) and Outcome (Outcome)
[1] 191
[1] 191
  iteration traits posterior_prob regional_prob candidate_snp
1         1   None             NA        0.0458            NA
  posterior_explained_by_snp dropped_trait  lead_snp
1                         NA      iradjbmi rs1872896
[1] "LEAD INDEX"
[1] 13
[1] "GENE"
[1] "ENSG00000134825"
Harmonising fat_distr (fat_distr) and Outcome (Outcome)
Harmonising fat_distr (fat_distr) and Outcome (Outcome)
[1] 409
[1] 409
  iteration                    traits posterior_prob regional_prob
1         1 iradjbmi, ENSG00000134825         0.9114             1
  candidate_snp posterior_explained_by_snp dropped_trait lead_snp
1      rs174538                     0.7224            NA rs174574
[1] "GENE"
[1] "ENSG00000134825"
Harmonising fat_distr (fat_distr) and Outcome (Outcome)
Harmonising fat_distr (fat_distr) and Outcome (Outcome)
[1] 409
[1] 409
  iteration                    traits posterior_prob regional_prob
1         1 iradjbmi, ENSG00000134825         0.9114             1
  candidate_snp posterior_explained_by_snp dropped_trait lead_snp
1      rs174538                     0.7224            NA rs174574
[1] "GENE"
[1] "ENSG00000149485"
Harmonising fat_distr (fat_distr) and Outcome (Outcome)
Harmonising fat_distr (fat_distr) and Outcome (Outcome)
[1] 409
[1] 409
  iteration                    traits posterior_prob regional_prob
1         1 iradjbmi, ENSG00000149485         0.9543        0.9969
  candidate_snp posterior_explained_by_snp dropped_trait lead_snp
1      rs174547                     0.1978            NA rs174574
[1] "GENE"
[1] "ENSG00000149485"
Harmonising fat_distr (fat_distr) and Outcome (Outcome)
Harmonising fat_distr (fat_distr) and Outcome (Outcome)
[1] 409
[1] 409
  iteration                    traits posterior_prob regional_prob
1         1 iradjbmi, ENSG00000149485         0.9543        0.9969
  candidate_snp posterior_explained_by_snp dropped_trait lead_snp
1      rs174547                     0.1978            NA rs174574
[1] "GENE"
[1] "ENSG00000149485"
Harmonising fat_distr (fat_distr) and Outcome (Outcome)
Harmonising fat_distr (fat_distr) and Outcome (Outcome)
[1] 409
[1] 409
  iteration                    traits posterior_prob regional_prob
1         1 iradjbmi, ENSG00000149485         0.9543        0.9969
  candidate_snp posterior_explained_by_snp dropped_trait lead_snp
1      rs174547                     0.1978            NA rs174574
[1] "GENE"
[1] "ENSG00000289268"
Harmonising fat_distr (fat_distr) and Outcome (Outcome)
Harmonising fat_distr (fat_distr) and Outcome (Outcome)
[1] 409
[1] 409
  iteration traits posterior_prob regional_prob candidate_snp
1         1   None             NA        0.0516            NA
  posterior_explained_by_snp dropped_trait lead_snp
1                         NA      iradjbmi rs174574
[1] "GENE"
[1] "ENSG00000149485"
Harmonising fat_distr (fat_distr) and Outcome (Outcome)
Harmonising fat_distr (fat_distr) and Outcome (Outcome)
[1] 409
[1] 409
  iteration                    traits posterior_prob regional_prob
1         1 iradjbmi, ENSG00000149485         0.9543        0.9969
  candidate_snp posterior_explained_by_snp dropped_trait lead_snp
1      rs174547                     0.1978            NA rs174574
[1] "GENE"
[1] "ENSG00000134824"
Harmonising fat_distr (fat_distr) and Outcome (Outcome)
Harmonising fat_distr (fat_distr) and Outcome (Outcome)
[1] 409
[1] 409
  iteration traits posterior_prob regional_prob candidate_snp
1         1   None             NA             1            NA
  posterior_explained_by_snp dropped_trait lead_snp
1                         NA      iradjbmi rs174574
[1] "LEAD INDEX"
[1] 14
[1] "GENE"
[1] "ENSG00000254772"
Harmonising fat_distr (fat_distr) and Outcome (Outcome)
Harmonising fat_distr (fat_distr) and Outcome (Outcome)
[1] 365
[1] 365
  iteration                    traits posterior_prob regional_prob
1         1 iradjbmi, ENSG00000254772         0.9443        0.9822
  candidate_snp posterior_explained_by_snp dropped_trait   lead_snp
1    rs11231144                     0.1737            NA rs11231155
[1] "GENE"
[1] "ENSG00000149480"
Harmonising fat_distr (fat_distr) and Outcome (Outcome)
Harmonising fat_distr (fat_distr) and Outcome (Outcome)
[1] 365
[1] 365
  iteration traits posterior_prob regional_prob candidate_snp
1         1   None             NA        0.0075            NA
  posterior_explained_by_snp dropped_trait   lead_snp
1                         NA      iradjbmi rs11231155
[1] "GENE"
[1] "ENSG00000254772"
Harmonising fat_distr (fat_distr) and Outcome (Outcome)
Harmonising fat_distr (fat_distr) and Outcome (Outcome)
[1] 365
[1] 365
  iteration                    traits posterior_prob regional_prob
1         1 iradjbmi, ENSG00000254772         0.9443        0.9822
  candidate_snp posterior_explained_by_snp dropped_trait   lead_snp
1    rs11231144                     0.1737            NA rs11231155
[1] "GENE"
[1] "ENSG00000255508"
[1] "GENE"
[1] "ENSG00000149489"
Harmonising fat_distr (fat_distr) and Outcome (Outcome)
Harmonising fat_distr (fat_distr) and Outcome (Outcome)
[1] 365
[1] 365
  iteration                    traits posterior_prob regional_prob
1         1 iradjbmi, ENSG00000149489         0.9544        0.9854
  candidate_snp posterior_explained_by_snp dropped_trait   lead_snp
1    rs11231154                     0.4345            NA rs11231155
[1] "GENE"
[1] "ENSG00000149489"
Harmonising fat_distr (fat_distr) and Outcome (Outcome)
Harmonising fat_distr (fat_distr) and Outcome (Outcome)
[1] 365
[1] 365
  iteration                    traits posterior_prob regional_prob
1         1 iradjbmi, ENSG00000149489         0.9544        0.9854
  candidate_snp posterior_explained_by_snp dropped_trait   lead_snp
1    rs11231154                     0.4345            NA rs11231155
[1] "GENE"
[1] "ENSG00000149499"
Harmonising fat_distr (fat_distr) and Outcome (Outcome)
Harmonising fat_distr (fat_distr) and Outcome (Outcome)
[1] 365
[1] 365
  iteration                    traits posterior_prob regional_prob
1         1 iradjbmi, ENSG00000149499         0.9492        0.9837
  candidate_snp posterior_explained_by_snp dropped_trait   lead_snp
1    rs11553576                     0.5346            NA rs11231155
[1] "GENE"
[1] "ENSG00000149480"
Harmonising fat_distr (fat_distr) and Outcome (Outcome)
Harmonising fat_distr (fat_distr) and Outcome (Outcome)
[1] 365
[1] 365
  iteration traits posterior_prob regional_prob candidate_snp
1         1   None             NA        0.0075            NA
  posterior_explained_by_snp dropped_trait   lead_snp
1                         NA      iradjbmi rs11231155
[1] "GENE"
[1] "ENSG00000204922"
Harmonising fat_distr (fat_distr) and Outcome (Outcome)
Harmonising fat_distr (fat_distr) and Outcome (Outcome)
[1] 365
[1] 365
  iteration                    traits posterior_prob regional_prob
1         1 iradjbmi, ENSG00000204922         0.6425        0.8562
  candidate_snp posterior_explained_by_snp dropped_trait   lead_snp
1     rs2849030                     0.1639            NA rs11231155
[1] "GENE"
[1] "ENSG00000149499"
Harmonising fat_distr (fat_distr) and Outcome (Outcome)
Harmonising fat_distr (fat_distr) and Outcome (Outcome)
[1] 365
[1] 365
  iteration                    traits posterior_prob regional_prob
1         1 iradjbmi, ENSG00000149499         0.9492        0.9837
  candidate_snp posterior_explained_by_snp dropped_trait   lead_snp
1    rs11553576                     0.5346            NA rs11231155
[1] "GENE"
[1] "ENSG00000149480"
Harmonising fat_distr (fat_distr) and Outcome (Outcome)
Harmonising fat_distr (fat_distr) and Outcome (Outcome)
[1] 365
[1] 365
  iteration traits posterior_prob regional_prob candidate_snp
1         1   None             NA        0.0075            NA
  posterior_explained_by_snp dropped_trait   lead_snp
1                         NA      iradjbmi rs11231155
[1] "GENE"
[1] "ENSG00000149499"
Harmonising fat_distr (fat_distr) and Outcome (Outcome)
Harmonising fat_distr (fat_distr) and Outcome (Outcome)
[1] 365
[1] 365
  iteration                    traits posterior_prob regional_prob
1         1 iradjbmi, ENSG00000149499         0.9492        0.9837
  candidate_snp posterior_explained_by_snp dropped_trait   lead_snp
1    rs11553576                     0.5346            NA rs11231155
[1] "GENE"
[1] "ENSG00000234857"
[1] "GENE"
[1] "ENSG00000149499"
Harmonising fat_distr (fat_distr) and Outcome (Outcome)
Harmonising fat_distr (fat_distr) and Outcome (Outcome)
[1] 365
[1] 365
  iteration                    traits posterior_prob regional_prob
1         1 iradjbmi, ENSG00000149499         0.9492        0.9837
  candidate_snp posterior_explained_by_snp dropped_trait   lead_snp
1    rs11553576                     0.5346            NA rs11231155
[1] "GENE"
[1] "ENSG00000149489"
Harmonising fat_distr (fat_distr) and Outcome (Outcome)
Harmonising fat_distr (fat_distr) and Outcome (Outcome)
[1] 365
[1] 365
  iteration                    traits posterior_prob regional_prob
1         1 iradjbmi, ENSG00000149489         0.9544        0.9854
  candidate_snp posterior_explained_by_snp dropped_trait   lead_snp
1    rs11231154                     0.4345            NA rs11231155
[1] "LEAD INDEX"
[1] 15
[1] "LEAD INDEX"
[1] 16
[1] "LEAD INDEX"
[1] 17
[1] "GENE"
[1] "ENSG00000174851"
Harmonising fat_distr (fat_distr) and Outcome (Outcome)
Harmonising fat_distr (fat_distr) and Outcome (Outcome)
[1] 345
[1] 345
  iteration traits posterior_prob regional_prob candidate_snp
1         1   None             NA        0.0034            NA
  posterior_explained_by_snp dropped_trait  lead_snp
1                         NA      iradjbmi rs2452681
[1] "GENE"
[1] "ENSG00000175115"
Harmonising fat_distr (fat_distr) and Outcome (Outcome)
Harmonising fat_distr (fat_distr) and Outcome (Outcome)
[1] 345
[1] 345
  iteration traits posterior_prob regional_prob candidate_snp
1         1   None             NA        0.9382            NA
  posterior_explained_by_snp dropped_trait  lead_snp
1                         NA      iradjbmi rs2452681
[1] "LEAD INDEX"
[1] 18
[1] "GENE"
[1] "ENSG00000149289"
Harmonising fat_distr (fat_distr) and Outcome (Outcome)
Harmonising fat_distr (fat_distr) and Outcome (Outcome)
[1] 360
[1] 360
  iteration traits posterior_prob regional_prob candidate_snp
1         1   None             NA        0.2032            NA
  posterior_explained_by_snp dropped_trait   lead_snp
1                         NA      iradjbmi rs10789752
[1] "GENE"
[1] "ENSG00000149289"
Harmonising fat_distr (fat_distr) and Outcome (Outcome)
Harmonising fat_distr (fat_distr) and Outcome (Outcome)
[1] 360
[1] 360
  iteration traits posterior_prob regional_prob candidate_snp
1         1   None             NA        0.2032            NA
  posterior_explained_by_snp dropped_trait   lead_snp
1                         NA      iradjbmi rs10789752
[1] "LEAD INDEX"
[1] 19
[1] "LEAD INDEX"
[1] 20
[1] "LEAD INDEX"
[1] 21
[1] "GENE"
[1] "ENSG00000271751"
Harmonising fat_distr (fat_distr) and Outcome (Outcome)
Harmonising fat_distr (fat_distr) and Outcome (Outcome)
[1] 348
[1] 348
  iteration                    traits posterior_prob regional_prob
1         1 iradjbmi, ENSG00000271751         0.9707        0.9974
  candidate_snp posterior_explained_by_snp dropped_trait  lead_snp
1     rs1784461                     0.4336            NA rs1003081
[1] "GENE"
[1] "ENSG00000149428"
Harmonising fat_distr (fat_distr) and Outcome (Outcome)
Harmonising fat_distr (fat_distr) and Outcome (Outcome)
[1] 348
[1] 348
  iteration traits posterior_prob regional_prob candidate_snp
1         1   None             NA        0.0029            NA
  posterior_explained_by_snp dropped_trait  lead_snp
1                         NA      iradjbmi rs1003081
[1] "CHROMOSOME"
[1] 12
[1] "LEAD INDEX"
[1] 1
[1] "GENE"
[1] "ENSG00000139531"
Harmonising fat_distr (fat_distr) and Outcome (Outcome)
Harmonising fat_distr (fat_distr) and Outcome (Outcome)
[1] 274
[1] 274
  iteration                    traits posterior_prob regional_prob
1         1 iradjbmi, ENSG00000139531         0.9252        0.9673
  candidate_snp posterior_explained_by_snp dropped_trait   lead_snp
1      rs705699                     0.6692            NA rs11171739
[1] "GENE"
[1] "ENSG00000123411"
Harmonising fat_distr (fat_distr) and Outcome (Outcome)
Harmonising fat_distr (fat_distr) and Outcome (Outcome)
[1] 274
[1] 274
  iteration traits posterior_prob regional_prob candidate_snp
1         1   None             NA        0.0089            NA
  posterior_explained_by_snp dropped_trait   lead_snp
1                         NA      iradjbmi rs11171739
[1] "GENE"
[1] "ENSG00000197728"
Harmonising fat_distr (fat_distr) and Outcome (Outcome)
Harmonising fat_distr (fat_distr) and Outcome (Outcome)
[1] 274
[1] 274
  iteration                    traits posterior_prob regional_prob
1         1 iradjbmi, ENSG00000197728         0.9634        0.9837
  candidate_snp posterior_explained_by_snp dropped_trait   lead_snp
1    rs10876864                          1            NA rs11171739
[1] "GENE"
[1] "ENSG00000135414"
Harmonising fat_distr (fat_distr) and Outcome (Outcome)
Harmonising fat_distr (fat_distr) and Outcome (Outcome)
[1] 274
[1] 274
  iteration traits posterior_prob regional_prob candidate_snp
1         1   None             NA         0.003            NA
  posterior_explained_by_snp dropped_trait   lead_snp
1                         NA      iradjbmi rs11171739
[1] "GENE"
[1] "ENSG00000139531"
Harmonising fat_distr (fat_distr) and Outcome (Outcome)
Harmonising fat_distr (fat_distr) and Outcome (Outcome)
[1] 274
[1] 274
  iteration                    traits posterior_prob regional_prob
1         1 iradjbmi, ENSG00000139531         0.9252        0.9673
  candidate_snp posterior_explained_by_snp dropped_trait   lead_snp
1      rs705699                     0.6692            NA rs11171739
[1] "LEAD INDEX"
[1] 2
[1] "LEAD INDEX"
[1] 3
[1] "GENE"
[1] "ENSG00000111642"
Harmonising fat_distr (fat_distr) and Outcome (Outcome)
Harmonising fat_distr (fat_distr) and Outcome (Outcome)
[1] 413
[1] 413
  iteration traits posterior_prob regional_prob candidate_snp
1         1   None             NA        0.0127            NA
  posterior_explained_by_snp dropped_trait   lead_snp
1                         NA      iradjbmi rs11064289
[1] "GENE"
[1] "ENSG00000111642"
Harmonising fat_distr (fat_distr) and Outcome (Outcome)
Harmonising fat_distr (fat_distr) and Outcome (Outcome)
[1] 413
[1] 413
  iteration traits posterior_prob regional_prob candidate_snp
1         1   None             NA        0.0127            NA
  posterior_explained_by_snp dropped_trait   lead_snp
1                         NA      iradjbmi rs11064289
[1] "GENE"
[1] "ENSG00000111642"
Harmonising fat_distr (fat_distr) and Outcome (Outcome)
Harmonising fat_distr (fat_distr) and Outcome (Outcome)
[1] 413
[1] 413
  iteration traits posterior_prob regional_prob candidate_snp
1         1   None             NA        0.0127            NA
  posterior_explained_by_snp dropped_trait   lead_snp
1                         NA      iradjbmi rs11064289
[1] "LEAD INDEX"
[1] 4
[1] "GENE"
[1] "ENSG00000172572"
Harmonising fat_distr (fat_distr) and Outcome (Outcome)
Harmonising fat_distr (fat_distr) and Outcome (Outcome)
[1] 494
[1] 494
  iteration traits posterior_prob regional_prob candidate_snp
1         1   None             NA        0.0125            NA
  posterior_explained_by_snp dropped_trait   lead_snp
1                         NA      iradjbmi rs11045171
[1] "LEAD INDEX"
[1] 5
[1] "GENE"
[1] "ENSG00000172572"
Harmonising fat_distr (fat_distr) and Outcome (Outcome)
Harmonising fat_distr (fat_distr) and Outcome (Outcome)
[1] 491
[1] 491
  iteration traits posterior_prob regional_prob candidate_snp
1         1   None             NA        0.0125            NA
  posterior_explained_by_snp dropped_trait  lead_snp
1                         NA      iradjbmi rs7134150
[1] "LEAD INDEX"
[1] 6
[1] "LEAD INDEX"
[1] 7
[1] "LEAD INDEX"
[1] 8
[1] "LEAD INDEX"
[1] 9
[1] "LEAD INDEX"
[1] 10
[1] "LEAD INDEX"
[1] 11
[1] "GENE"
[1] "ENSG00000182782"
Harmonising fat_distr (fat_distr) and Outcome (Outcome)
Harmonising fat_distr (fat_distr) and Outcome (Outcome)
[1] 264
[1] 264
  iteration                    traits posterior_prob regional_prob
1         1 iradjbmi, ENSG00000182782         0.9754        0.9804
  candidate_snp posterior_explained_by_snp dropped_trait  lead_snp
1     rs1798219                     0.8461            NA rs1798219
[1] "GENE"
[1] "ENSG00000255398"
Harmonising fat_distr (fat_distr) and Outcome (Outcome)
Harmonising fat_distr (fat_distr) and Outcome (Outcome)
[1] 264
[1] 264
  iteration traits posterior_prob regional_prob candidate_snp
1         1   None             NA        0.1118            NA
  posterior_explained_by_snp dropped_trait  lead_snp
1                         NA      iradjbmi rs1798219
[1] "LEAD INDEX"
[1] 12
[1] "LEAD INDEX"
[1] 13
[1] "GENE"
[1] "ENSG00000179195"
Harmonising fat_distr (fat_distr) and Outcome (Outcome)
Harmonising fat_distr (fat_distr) and Outcome (Outcome)
[1] 408
[1] 408
  iteration traits posterior_prob regional_prob candidate_snp
1         1   None             NA        0.9999            NA
  posterior_explained_by_snp   dropped_trait  lead_snp
1                         NA ENSG00000179195 rs7133378
[1] "GENE"
[1] "ENSG00000197653"
Harmonising fat_distr (fat_distr) and Outcome (Outcome)
Harmonising fat_distr (fat_distr) and Outcome (Outcome)
[1] 408
[1] 408
  iteration traits posterior_prob regional_prob candidate_snp
1         1   None             NA             1            NA
  posterior_explained_by_snp dropped_trait  lead_snp
1                         NA      iradjbmi rs7133378
[1] "GENE"
[1] "ENSG00000178882"
Harmonising fat_distr (fat_distr) and Outcome (Outcome)
Harmonising fat_distr (fat_distr) and Outcome (Outcome)
[1] 408
[1] 408
  iteration traits posterior_prob regional_prob candidate_snp
1         1   None             NA         3e-04            NA
  posterior_explained_by_snp   dropped_trait  lead_snp
1                         NA ENSG00000178882 rs7133378
[1] "GENE"
[1] "ENSG00000270005"
[1] "GENE"
[1] "ENSG00000270028"
[1] "GENE"
[1] "ENSG00000119242"
Harmonising fat_distr (fat_distr) and Outcome (Outcome)
Harmonising fat_distr (fat_distr) and Outcome (Outcome)
[1] 408
[1] 408
  iteration                    traits posterior_prob regional_prob
1         1 iradjbmi, ENSG00000119242         0.6294             1
  candidate_snp posterior_explained_by_snp dropped_trait  lead_snp
1    rs10846580                     0.5048            NA rs7133378
[1] "GENE"
[1] "ENSG00000250091"
Harmonising fat_distr (fat_distr) and Outcome (Outcome)
Harmonising fat_distr (fat_distr) and Outcome (Outcome)
[1] 408
[1] 408
  iteration                    traits posterior_prob regional_prob
1         1 iradjbmi, ENSG00000250091          0.895             1
  candidate_snp posterior_explained_by_snp dropped_trait  lead_snp
1     rs4930726                     0.3375            NA rs7133378
[1] "GENE"
[1] "ENSG00000119242"
Harmonising fat_distr (fat_distr) and Outcome (Outcome)
Harmonising fat_distr (fat_distr) and Outcome (Outcome)
[1] 408
[1] 408
  iteration                    traits posterior_prob regional_prob
1         1 iradjbmi, ENSG00000119242         0.6294             1
  candidate_snp posterior_explained_by_snp dropped_trait  lead_snp
1    rs10846580                     0.5048            NA rs7133378
[1] "GENE"
[1] "ENSG00000250091"
Harmonising fat_distr (fat_distr) and Outcome (Outcome)
Harmonising fat_distr (fat_distr) and Outcome (Outcome)
[1] 408
[1] 408
  iteration                    traits posterior_prob regional_prob
1         1 iradjbmi, ENSG00000250091          0.895             1
  candidate_snp posterior_explained_by_snp dropped_trait  lead_snp
1     rs4930726                     0.3375            NA rs7133378
[1] "GENE"
[1] "ENSG00000119242"
Harmonising fat_distr (fat_distr) and Outcome (Outcome)
Harmonising fat_distr (fat_distr) and Outcome (Outcome)
[1] 408
[1] 408
  iteration                    traits posterior_prob regional_prob
1         1 iradjbmi, ENSG00000119242         0.6294             1
  candidate_snp posterior_explained_by_snp dropped_trait  lead_snp
1    rs10846580                     0.5048            NA rs7133378
[1] "GENE"
[1] "ENSG00000119242"
Harmonising fat_distr (fat_distr) and Outcome (Outcome)
Harmonising fat_distr (fat_distr) and Outcome (Outcome)
[1] 408
[1] 408
  iteration                    traits posterior_prob regional_prob
1         1 iradjbmi, ENSG00000119242         0.6294             1
  candidate_snp posterior_explained_by_snp dropped_trait  lead_snp
1    rs10846580                     0.5048            NA rs7133378
[1] "GENE"
[1] "ENSG00000250091"
Harmonising fat_distr (fat_distr) and Outcome (Outcome)
Harmonising fat_distr (fat_distr) and Outcome (Outcome)
[1] 408
[1] 408
  iteration                    traits posterior_prob regional_prob
1         1 iradjbmi, ENSG00000250091          0.895             1
  candidate_snp posterior_explained_by_snp dropped_trait  lead_snp
1     rs4930726                     0.3375            NA rs7133378
[1] "GENE"
[1] "ENSG00000119242"
Harmonising fat_distr (fat_distr) and Outcome (Outcome)
Harmonising fat_distr (fat_distr) and Outcome (Outcome)
[1] 408
[1] 408
  iteration                    traits posterior_prob regional_prob
1         1 iradjbmi, ENSG00000119242         0.6294             1
  candidate_snp posterior_explained_by_snp dropped_trait  lead_snp
1    rs10846580                     0.5048            NA rs7133378
[1] "GENE"
[1] "ENSG00000250091"
Harmonising fat_distr (fat_distr) and Outcome (Outcome)
Harmonising fat_distr (fat_distr) and Outcome (Outcome)
[1] 408
[1] 408
  iteration                    traits posterior_prob regional_prob
1         1 iradjbmi, ENSG00000250091          0.895             1
  candidate_snp posterior_explained_by_snp dropped_trait  lead_snp
1     rs4930726                     0.3375            NA rs7133378
[1] "GENE"
[1] "ENSG00000179195"
Harmonising fat_distr (fat_distr) and Outcome (Outcome)
Harmonising fat_distr (fat_distr) and Outcome (Outcome)
[1] 408
[1] 408
  iteration traits posterior_prob regional_prob candidate_snp
1         1   None             NA        0.9999            NA
  posterior_explained_by_snp   dropped_trait  lead_snp
1                         NA ENSG00000179195 rs7133378
[1] "GENE"
[1] "ENSG00000269923"
[1] "GENE"
[1] "ENSG00000197653"
Harmonising fat_distr (fat_distr) and Outcome (Outcome)
Harmonising fat_distr (fat_distr) and Outcome (Outcome)
[1] 408
[1] 408
  iteration traits posterior_prob regional_prob candidate_snp
1         1   None             NA             1            NA
  posterior_explained_by_snp dropped_trait  lead_snp
1                         NA      iradjbmi rs7133378
[1] "GENE"
[1] "ENSG00000119242"
Harmonising fat_distr (fat_distr) and Outcome (Outcome)
Harmonising fat_distr (fat_distr) and Outcome (Outcome)
[1] 408
[1] 408
  iteration                    traits posterior_prob regional_prob
1         1 iradjbmi, ENSG00000119242         0.6294             1
  candidate_snp posterior_explained_by_snp dropped_trait  lead_snp
1    rs10846580                     0.5048            NA rs7133378
[1] "GENE"
[1] "ENSG00000275389"
Harmonising fat_distr (fat_distr) and Outcome (Outcome)
Harmonising fat_distr (fat_distr) and Outcome (Outcome)
[1] 408
[1] 408
  iteration                    traits posterior_prob regional_prob
1         1 iradjbmi, ENSG00000275389         0.9611        0.9998
  candidate_snp posterior_explained_by_snp dropped_trait  lead_snp
1     rs7975482                     0.1798            NA rs7133378
[1] "GENE"
[1] "ENSG00000179195"
Harmonising fat_distr (fat_distr) and Outcome (Outcome)
Harmonising fat_distr (fat_distr) and Outcome (Outcome)
[1] 408
[1] 408
  iteration traits posterior_prob regional_prob candidate_snp
1         1   None             NA        0.9999            NA
  posterior_explained_by_snp   dropped_trait  lead_snp
1                         NA ENSG00000179195 rs7133378
[1] "GENE"
[1] "ENSG00000119242"
Harmonising fat_distr (fat_distr) and Outcome (Outcome)
Harmonising fat_distr (fat_distr) and Outcome (Outcome)
[1] 408
[1] 408
  iteration                    traits posterior_prob regional_prob
1         1 iradjbmi, ENSG00000119242         0.6294             1
  candidate_snp posterior_explained_by_snp dropped_trait  lead_snp
1    rs10846580                     0.5048            NA rs7133378
[1] "LEAD INDEX"
[1] 14
[1] "CHROMOSOME"
[1] 13
[1] "LEAD INDEX"
[1] 1
[1] "GENE"
[1] "ENSG00000229558"
[1] "GENE"
[1] "ENSG00000102683"
Harmonising fat_distr (fat_distr) and Outcome (Outcome)
Harmonising fat_distr (fat_distr) and Outcome (Outcome)
[1] 637
[1] 637
  iteration traits posterior_prob regional_prob candidate_snp
1         1   None             NA         1e-04            NA
  posterior_explained_by_snp   dropped_trait  lead_snp
1                         NA ENSG00000102683 rs3829352
[1] "GENE"
[1] "ENSG00000151835"
Harmonising fat_distr (fat_distr) and Outcome (Outcome)
Harmonising fat_distr (fat_distr) and Outcome (Outcome)
[1] 637
[1] 637
  iteration traits posterior_prob regional_prob candidate_snp
1         1   None             NA        0.0033            NA
  posterior_explained_by_snp dropped_trait  lead_snp
1                         NA      iradjbmi rs3829352
[1] "LEAD INDEX"
[1] 2
[1] "LEAD INDEX"
[1] 3
[1] "GENE"
[1] "ENSG00000185989"
Harmonising fat_distr (fat_distr) and Outcome (Outcome)
Harmonising fat_distr (fat_distr) and Outcome (Outcome)
[1] 246
[1] 246
  iteration traits posterior_prob regional_prob candidate_snp
1         1   None             NA        0.4518            NA
  posterior_explained_by_snp   dropped_trait  lead_snp
1                         NA ENSG00000185989 rs4393438
[1] "CHROMOSOME"
[1] 14
[1] "LEAD INDEX"
[1] 1
[1] "CHROMOSOME"
[1] 15
[1] "LEAD INDEX"
[1] 1
[1] "LEAD INDEX"
[1] 2
[1] "GENE"
[1] "ENSG00000128881"
Harmonising fat_distr (fat_distr) and Outcome (Outcome)
Harmonising fat_distr (fat_distr) and Outcome (Outcome)
[1] 244
[1] 244
  iteration traits posterior_prob regional_prob candidate_snp
1         1   None             NA        0.1543            NA
  posterior_explained_by_snp dropped_trait   lead_snp
1                         NA      iradjbmi rs12917018
[1] "GENE"
[1] "ENSG00000278769"
Harmonising fat_distr (fat_distr) and Outcome (Outcome)
Harmonising fat_distr (fat_distr) and Outcome (Outcome)
[1] 244
[1] 244
  iteration traits posterior_prob regional_prob candidate_snp
1         1   None             NA        0.8377            NA
  posterior_explained_by_snp   dropped_trait   lead_snp
1                         NA ENSG00000278769 rs12917018
[1] "GENE"
[1] "ENSG00000278769"
Harmonising fat_distr (fat_distr) and Outcome (Outcome)
Harmonising fat_distr (fat_distr) and Outcome (Outcome)
[1] 244
[1] 244
  iteration traits posterior_prob regional_prob candidate_snp
1         1   None             NA        0.8377            NA
  posterior_explained_by_snp   dropped_trait   lead_snp
1                         NA ENSG00000278769 rs12917018
[1] "GENE"
[1] "ENSG00000140326"
Harmonising fat_distr (fat_distr) and Outcome (Outcome)
Harmonising fat_distr (fat_distr) and Outcome (Outcome)
[1] 244
[1] 244
  iteration traits posterior_prob regional_prob candidate_snp
1         1   None             NA         0.011            NA
  posterior_explained_by_snp dropped_trait   lead_snp
1                         NA      iradjbmi rs12917018
[1] "GENE"
[1] "ENSG00000278769"
Harmonising fat_distr (fat_distr) and Outcome (Outcome)
Harmonising fat_distr (fat_distr) and Outcome (Outcome)
[1] 244
[1] 244
  iteration traits posterior_prob regional_prob candidate_snp
1         1   None             NA        0.8377            NA
  posterior_explained_by_snp   dropped_trait   lead_snp
1                         NA ENSG00000278769 rs12917018
[1] "LEAD INDEX"
[1] 3
[1] "GENE"
[1] "ENSG00000259279"
[1] "GENE"
[1] "ENSG00000137801"
Harmonising fat_distr (fat_distr) and Outcome (Outcome)
Removing the following SNPs for incompatible alleles:
chr15:39634951
Harmonising fat_distr (fat_distr) and Outcome (Outcome)
[1] 573
[1] 573
  iteration traits posterior_prob regional_prob candidate_snp
1         1   None             NA        0.0298            NA
  posterior_explained_by_snp dropped_trait lead_snp
1                         NA      iradjbmi rs275184
[1] "LEAD INDEX"
[1] 4
[1] "LEAD INDEX"
[1] 5
[1] "GENE"
[1] "ENSG00000259675"
Harmonising fat_distr (fat_distr) and Outcome (Outcome)
Harmonising fat_distr (fat_distr) and Outcome (Outcome)
[1] 528
[1] 528
  iteration                    traits posterior_prob regional_prob
1         1 iradjbmi, ENSG00000259675         0.9907        0.9991
  candidate_snp posterior_explained_by_snp dropped_trait  lead_snp
1     rs4775426                     0.8155            NA rs4775426
[1] "GENE"
[1] "ENSG00000259530"
[1] "GENE"
[1] "ENSG00000259616"
Harmonising fat_distr (fat_distr) and Outcome (Outcome)
Harmonising fat_distr (fat_distr) and Outcome (Outcome)
[1] 528
[1] 528
  iteration                    traits posterior_prob regional_prob
1         1 iradjbmi, ENSG00000259616         0.9934        0.9993
  candidate_snp posterior_explained_by_snp dropped_trait  lead_snp
1     rs4775426                     0.9897            NA rs4775426
[1] "GENE"
[1] "ENSG00000259675"
Harmonising fat_distr (fat_distr) and Outcome (Outcome)
Harmonising fat_distr (fat_distr) and Outcome (Outcome)
[1] 528
[1] 528
  iteration                    traits posterior_prob regional_prob
1         1 iradjbmi, ENSG00000259675         0.9907        0.9991
  candidate_snp posterior_explained_by_snp dropped_trait  lead_snp
1     rs4775426                     0.8155            NA rs4775426
[1] "GENE"
[1] "ENSG00000259675"
Harmonising fat_distr (fat_distr) and Outcome (Outcome)
Harmonising fat_distr (fat_distr) and Outcome (Outcome)
[1] 528
[1] 528
  iteration                    traits posterior_prob regional_prob
1         1 iradjbmi, ENSG00000259675         0.9907        0.9991
  candidate_snp posterior_explained_by_snp dropped_trait  lead_snp
1     rs4775426                     0.8155            NA rs4775426
[1] "GENE"
[1] "ENSG00000259616"
Harmonising fat_distr (fat_distr) and Outcome (Outcome)
Harmonising fat_distr (fat_distr) and Outcome (Outcome)
[1] 528
[1] 528
  iteration                    traits posterior_prob regional_prob
1         1 iradjbmi, ENSG00000259616         0.9934        0.9993
  candidate_snp posterior_explained_by_snp dropped_trait  lead_snp
1     rs4775426                     0.9897            NA rs4775426
[1] "GENE"
[1] "ENSG00000259616"
Harmonising fat_distr (fat_distr) and Outcome (Outcome)
Harmonising fat_distr (fat_distr) and Outcome (Outcome)
[1] 528
[1] 528
  iteration                    traits posterior_prob regional_prob
1         1 iradjbmi, ENSG00000259616         0.9934        0.9993
  candidate_snp posterior_explained_by_snp dropped_trait  lead_snp
1     rs4775426                     0.9897            NA rs4775426
[1] "GENE"
[1] "ENSG00000259530"
[1] "GENE"
[1] "ENSG00000259530"
[1] "GENE"
[1] "ENSG00000259616"
Harmonising fat_distr (fat_distr) and Outcome (Outcome)
Harmonising fat_distr (fat_distr) and Outcome (Outcome)
[1] 528
[1] 528
  iteration                    traits posterior_prob regional_prob
1         1 iradjbmi, ENSG00000259616         0.9934        0.9993
  candidate_snp posterior_explained_by_snp dropped_trait  lead_snp
1     rs4775426                     0.9897            NA rs4775426
[1] "GENE"
[1] "ENSG00000259675"
Harmonising fat_distr (fat_distr) and Outcome (Outcome)
Harmonising fat_distr (fat_distr) and Outcome (Outcome)
[1] 528
[1] 528
  iteration                    traits posterior_prob regional_prob
1         1 iradjbmi, ENSG00000259675         0.9907        0.9991
  candidate_snp posterior_explained_by_snp dropped_trait  lead_snp
1     rs4775426                     0.8155            NA rs4775426
[1] "GENE"
[1] "ENSG00000259284"
Harmonising fat_distr (fat_distr) and Outcome (Outcome)
Harmonising fat_distr (fat_distr) and Outcome (Outcome)
[1] 528
[1] 528
  iteration                    traits posterior_prob regional_prob
1         1 iradjbmi, ENSG00000259284         0.9905        0.9991
  candidate_snp posterior_explained_by_snp dropped_trait  lead_snp
1     rs2249312                     0.7216            NA rs4775426
[1] "LEAD INDEX"
[1] 6
[1] "GENE"
[1] "ENSG00000259627"
[1] "GENE"
[1] "ENSG00000140416"
Harmonising fat_distr (fat_distr) and Outcome (Outcome)
Harmonising fat_distr (fat_distr) and Outcome (Outcome)
[1] 491
[1] 491
  iteration                    traits posterior_prob regional_prob
1         1 iradjbmi, ENSG00000140416         0.8304        0.9999
  candidate_snp posterior_explained_by_snp dropped_trait  lead_snp
1     rs2937859                     0.1623            NA rs2729827
[1] "GENE"
[1] "ENSG00000259498"
Harmonising fat_distr (fat_distr) and Outcome (Outcome)
Harmonising fat_distr (fat_distr) and Outcome (Outcome)
[1] 491
[1] 491
  iteration                    traits posterior_prob regional_prob
1         1 iradjbmi, ENSG00000259498         0.9793             1
  candidate_snp posterior_explained_by_snp dropped_trait  lead_snp
1     rs4238372                     0.6318            NA rs2729827
[1] "GENE"
[1] "ENSG00000140416"
Harmonising fat_distr (fat_distr) and Outcome (Outcome)
Harmonising fat_distr (fat_distr) and Outcome (Outcome)
[1] 491
[1] 491
  iteration                    traits posterior_prob regional_prob
1         1 iradjbmi, ENSG00000140416         0.8304        0.9999
  candidate_snp posterior_explained_by_snp dropped_trait  lead_snp
1     rs2937859                     0.1623            NA rs2729827
[1] "GENE"
[1] "ENSG00000259498"
Harmonising fat_distr (fat_distr) and Outcome (Outcome)
Harmonising fat_distr (fat_distr) and Outcome (Outcome)
[1] 491
[1] 491
  iteration                    traits posterior_prob regional_prob
1         1 iradjbmi, ENSG00000259498         0.9793             1
  candidate_snp posterior_explained_by_snp dropped_trait  lead_snp
1     rs4238372                     0.6318            NA rs2729827
[1] "GENE"
[1] "ENSG00000259498"
Harmonising fat_distr (fat_distr) and Outcome (Outcome)
Harmonising fat_distr (fat_distr) and Outcome (Outcome)
[1] 491
[1] 491
  iteration                    traits posterior_prob regional_prob
1         1 iradjbmi, ENSG00000259498         0.9793             1
  candidate_snp posterior_explained_by_snp dropped_trait  lead_snp
1     rs4238372                     0.6318            NA rs2729827
[1] "GENE"
[1] "ENSG00000140416"
Harmonising fat_distr (fat_distr) and Outcome (Outcome)
Harmonising fat_distr (fat_distr) and Outcome (Outcome)
[1] 491
[1] 491
  iteration                    traits posterior_prob regional_prob
1         1 iradjbmi, ENSG00000140416         0.8304        0.9999
  candidate_snp posterior_explained_by_snp dropped_trait  lead_snp
1     rs2937859                     0.1623            NA rs2729827
[1] "LEAD INDEX"
[1] 7
[1] "LEAD INDEX"
[1] 8
[1] "LEAD INDEX"
[1] 9
[1] "CHROMOSOME"
[1] 16
[1] "LEAD INDEX"
[1] 1
[1] "GENE"
[1] "ENSG00000167005"
Harmonising fat_distr (fat_distr) and Outcome (Outcome)
Harmonising fat_distr (fat_distr) and Outcome (Outcome)
[1] 315
[1] 315
  iteration traits posterior_prob regional_prob candidate_snp
1         1   None             NA        0.0094            NA
  posterior_explained_by_snp dropped_trait  lead_snp
1                         NA      iradjbmi rs9937484
[1] "GENE"
[1] "ENSG00000159461"
Harmonising fat_distr (fat_distr) and Outcome (Outcome)
Harmonising fat_distr (fat_distr) and Outcome (Outcome)
[1] 315
[1] 315
  iteration traits posterior_prob regional_prob candidate_snp
1         1   None             NA        0.3475            NA
  posterior_explained_by_snp dropped_trait  lead_snp
1                         NA      iradjbmi rs9937484
[1] "LEAD INDEX"
[1] 2
[1] "LEAD INDEX"
[1] 3
[1] "GENE"
[1] "ENSG00000157045"
Harmonising fat_distr (fat_distr) and Outcome (Outcome)
Harmonising fat_distr (fat_distr) and Outcome (Outcome)
[1] 101
[1] 101
  iteration traits posterior_prob regional_prob candidate_snp
1         1   None             NA        0.2749            NA
  posterior_explained_by_snp dropped_trait   lead_snp
1                         NA      iradjbmi rs11075253
[1] "GENE"
[1] "ENSG00000157045"
Harmonising fat_distr (fat_distr) and Outcome (Outcome)
Harmonising fat_distr (fat_distr) and Outcome (Outcome)
[1] 101
[1] 101
  iteration traits posterior_prob regional_prob candidate_snp
1         1   None             NA        0.2749            NA
  posterior_explained_by_snp dropped_trait   lead_snp
1                         NA      iradjbmi rs11075253
[1] "LEAD INDEX"
[1] 4
[1] "GENE"
[1] "ENSG00000169592"
Harmonising fat_distr (fat_distr) and Outcome (Outcome)
Harmonising fat_distr (fat_distr) and Outcome (Outcome)
[1] 181
[1] 181
  iteration                    traits posterior_prob regional_prob
1         1 iradjbmi, ENSG00000169592          0.959        0.9994
  candidate_snp posterior_explained_by_snp dropped_trait  lead_snp
1     rs9932702                     0.8852            NA rs4283241
[1] "GENE"
[1] "ENSG00000174943"
Harmonising fat_distr (fat_distr) and Outcome (Outcome)
Harmonising fat_distr (fat_distr) and Outcome (Outcome)
[1] 181
[1] 181
  iteration traits posterior_prob regional_prob candidate_snp
1         1   None             NA        0.2536            NA
  posterior_explained_by_snp dropped_trait  lead_snp
1                         NA      iradjbmi rs4283241
[1] "GENE"
[1] "ENSG00000169592"
Harmonising fat_distr (fat_distr) and Outcome (Outcome)
Harmonising fat_distr (fat_distr) and Outcome (Outcome)
[1] 181
[1] 181
  iteration                    traits posterior_prob regional_prob
1         1 iradjbmi, ENSG00000169592          0.959        0.9994
  candidate_snp posterior_explained_by_snp dropped_trait  lead_snp
1     rs9932702                     0.8852            NA rs4283241
[1] "GENE"
[1] "ENSG00000149927"
Harmonising fat_distr (fat_distr) and Outcome (Outcome)
Harmonising fat_distr (fat_distr) and Outcome (Outcome)
[1] 181
[1] 181
  iteration traits posterior_prob regional_prob candidate_snp
1         1   None             NA         0.884            NA
  posterior_explained_by_snp   dropped_trait  lead_snp
1                         NA ENSG00000149927 rs4283241
[1] "GENE"
[1] "ENSG00000169592"
Harmonising fat_distr (fat_distr) and Outcome (Outcome)
Harmonising fat_distr (fat_distr) and Outcome (Outcome)
[1] 181
[1] 181
  iteration                    traits posterior_prob regional_prob
1         1 iradjbmi, ENSG00000169592          0.959        0.9994
  candidate_snp posterior_explained_by_snp dropped_trait  lead_snp
1     rs9932702                     0.8852            NA rs4283241
[1] "GENE"
[1] "ENSG00000169592"
Harmonising fat_distr (fat_distr) and Outcome (Outcome)
Harmonising fat_distr (fat_distr) and Outcome (Outcome)
[1] 181
[1] 181
  iteration                    traits posterior_prob regional_prob
1         1 iradjbmi, ENSG00000169592          0.959        0.9994
  candidate_snp posterior_explained_by_snp dropped_trait  lead_snp
1     rs9932702                     0.8852            NA rs4283241
[1] "GENE"
[1] "ENSG00000174943"
Harmonising fat_distr (fat_distr) and Outcome (Outcome)
Harmonising fat_distr (fat_distr) and Outcome (Outcome)
[1] 181
[1] 181
  iteration traits posterior_prob regional_prob candidate_snp
1         1   None             NA        0.2536            NA
  posterior_explained_by_snp dropped_trait  lead_snp
1                         NA      iradjbmi rs4283241
[1] "GENE"
[1] "ENSG00000149927"
Harmonising fat_distr (fat_distr) and Outcome (Outcome)
Harmonising fat_distr (fat_distr) and Outcome (Outcome)
[1] 181
[1] 181
  iteration traits posterior_prob regional_prob candidate_snp
1         1   None             NA         0.884            NA
  posterior_explained_by_snp   dropped_trait  lead_snp
1                         NA ENSG00000149927 rs4283241
[1] "GENE"
[1] "ENSG00000149930"
Harmonising fat_distr (fat_distr) and Outcome (Outcome)
Harmonising fat_distr (fat_distr) and Outcome (Outcome)
[1] 181
[1] 181
  iteration traits posterior_prob regional_prob candidate_snp
1         1   None             NA        0.0054            NA
  posterior_explained_by_snp dropped_trait  lead_snp
1                         NA      iradjbmi rs4283241
[1] "LEAD INDEX"
[1] 5
[1] "GENE"
[1] "ENSG00000168676"
Harmonising fat_distr (fat_distr) and Outcome (Outcome)
Harmonising fat_distr (fat_distr) and Outcome (Outcome)
[1] 131
[1] 131
  iteration traits posterior_prob regional_prob candidate_snp
1         1   None             NA        0.0291            NA
  posterior_explained_by_snp   dropped_trait  lead_snp
1                         NA ENSG00000168676 rs8059722
[1] "GENE"
[1] "ENSG00000135740"
Harmonising fat_distr (fat_distr) and Outcome (Outcome)
Harmonising fat_distr (fat_distr) and Outcome (Outcome)
[1] 131
[1] 131
  iteration traits posterior_prob regional_prob candidate_snp
1         1   None             NA        0.0276            NA
  posterior_explained_by_snp dropped_trait  lead_snp
1                         NA      iradjbmi rs8059722
[1] "LEAD INDEX"
[1] 6
[1] "LEAD INDEX"
[1] 7
[1] "GENE"
[1] "ENSG00000153815"
Harmonising fat_distr (fat_distr) and Outcome (Outcome)
Harmonising fat_distr (fat_distr) and Outcome (Outcome)
[1] 706
[1] 706
  iteration traits posterior_prob regional_prob candidate_snp
1         1   None             NA         0.003            NA
  posterior_explained_by_snp dropped_trait  lead_snp
1                         NA      iradjbmi rs2925979
[1] "LEAD INDEX"
[1] 8
[1] "GENE"
[1] "ENSG00000172530"
Harmonising fat_distr (fat_distr) and Outcome (Outcome)
Harmonising fat_distr (fat_distr) and Outcome (Outcome)
[1] 396
[1] 396
  iteration traits posterior_prob regional_prob candidate_snp
1         1   None             NA        0.0099            NA
  posterior_explained_by_snp dropped_trait   lead_snp
1                         NA      iradjbmi rs11117333
[1] "CHROMOSOME"
[1] 17
[1] "LEAD INDEX"
[1] 1
[1] "GENE"
[1] "ENSG00000133027"
Harmonising fat_distr (fat_distr) and Outcome (Outcome)
Harmonising fat_distr (fat_distr) and Outcome (Outcome)
[1] 385
[1] 385
  iteration traits posterior_prob regional_prob candidate_snp
1         1   None             NA        0.0662            NA
  posterior_explained_by_snp   dropped_trait  lead_snp
1                         NA ENSG00000133027 rs1263507
[1] "GENE"
[1] "ENSG00000133027"
Harmonising fat_distr (fat_distr) and Outcome (Outcome)
Harmonising fat_distr (fat_distr) and Outcome (Outcome)
[1] 385
[1] 385
  iteration traits posterior_prob regional_prob candidate_snp
1         1   None             NA        0.0662            NA
  posterior_explained_by_snp   dropped_trait  lead_snp
1                         NA ENSG00000133027 rs1263507
[1] "LEAD INDEX"
[1] 2
[1] "LEAD INDEX"
[1] 3
[1] "LEAD INDEX"
[1] 4
[1] "LEAD INDEX"
[1] 5
[1] "GENE"
[1] "ENSG00000133027"
Harmonising fat_distr (fat_distr) and Outcome (Outcome)
Harmonising fat_distr (fat_distr) and Outcome (Outcome)
[1] 382
[1] 382
  iteration traits posterior_prob regional_prob candidate_snp
1         1   None             NA        0.0662            NA
  posterior_explained_by_snp   dropped_trait  lead_snp
1                         NA ENSG00000133027 rs7222358
[1] "GENE"
[1] "ENSG00000133027"
Harmonising fat_distr (fat_distr) and Outcome (Outcome)
Harmonising fat_distr (fat_distr) and Outcome (Outcome)
[1] 382
[1] 382
  iteration traits posterior_prob regional_prob candidate_snp
1         1   None             NA        0.0662            NA
  posterior_explained_by_snp   dropped_trait  lead_snp
1                         NA ENSG00000133027 rs7222358
[1] "LEAD INDEX"
[1] 6
[1] "GENE"
[1] "ENSG00000108788"
Harmonising fat_distr (fat_distr) and Outcome (Outcome)
Harmonising fat_distr (fat_distr) and Outcome (Outcome)
[1] 237
[1] 237
  iteration traits posterior_prob regional_prob candidate_snp
1         1   None             NA        0.0068            NA
  posterior_explained_by_snp dropped_trait lead_snp
1                         NA      iradjbmi rs646123
[1] "GENE"
[1] "ENSG00000037042"
Harmonising fat_distr (fat_distr) and Outcome (Outcome)
Harmonising fat_distr (fat_distr) and Outcome (Outcome)
[1] 237
[1] 237
  iteration traits posterior_prob regional_prob candidate_snp
1         1   None             NA         0.026            NA
  posterior_explained_by_snp   dropped_trait lead_snp
1                         NA ENSG00000037042 rs646123
[1] "GENE"
[1] "ENSG00000141699"
Harmonising fat_distr (fat_distr) and Outcome (Outcome)
Harmonising fat_distr (fat_distr) and Outcome (Outcome)
[1] 237
[1] 237
  iteration traits posterior_prob regional_prob candidate_snp
1         1   None             NA        0.0034            NA
  posterior_explained_by_snp dropped_trait lead_snp
1                         NA      iradjbmi rs646123
[1] "GENE"
[1] "ENSG00000108785"
Harmonising fat_distr (fat_distr) and Outcome (Outcome)
Harmonising fat_distr (fat_distr) and Outcome (Outcome)
[1] 237
[1] 237
  iteration traits posterior_prob regional_prob candidate_snp
1         1   None             NA        0.1248            NA
  posterior_explained_by_snp dropped_trait lead_snp
1                         NA      iradjbmi rs646123
[1] "GENE"
[1] "ENSG00000108788"
Harmonising fat_distr (fat_distr) and Outcome (Outcome)
Harmonising fat_distr (fat_distr) and Outcome (Outcome)
[1] 237
[1] 237
  iteration traits posterior_prob regional_prob candidate_snp
1         1   None             NA        0.0068            NA
  posterior_explained_by_snp dropped_trait lead_snp
1                         NA      iradjbmi rs646123
[1] "LEAD INDEX"
[1] 7
[1] "GENE"
[1] "ENSG00000067596"
Harmonising fat_distr (fat_distr) and Outcome (Outcome)
Harmonising fat_distr (fat_distr) and Outcome (Outcome)
[1] 305
[1] 305
  iteration traits posterior_prob regional_prob candidate_snp
1         1   None             NA        0.0213            NA
  posterior_explained_by_snp dropped_trait  lead_snp
1                         NA      iradjbmi rs4632174
[1] "LEAD INDEX"
[1] 8
[1] "LEAD INDEX"
[1] 9
[1] "GENE"
[1] "ENSG00000108852"
Harmonising fat_distr (fat_distr) and Outcome (Outcome)
Harmonising fat_distr (fat_distr) and Outcome (Outcome)
[1] 353
[1] 353
  iteration traits posterior_prob regional_prob candidate_snp
1         1   None             NA        0.8841            NA
  posterior_explained_by_snp   dropped_trait lead_snp
1                         NA ENSG00000108852 rs231492
[1] "LEAD INDEX"
[1] 10
[1] "LEAD INDEX"
[1] 11
[1] "GENE"
[1] "ENSG00000263412"
Harmonising fat_distr (fat_distr) and Outcome (Outcome)
Harmonising fat_distr (fat_distr) and Outcome (Outcome)
[1] 430
[1] 430
  iteration                    traits posterior_prob regional_prob
1         1 iradjbmi, ENSG00000263412         0.8649        0.9997
  candidate_snp posterior_explained_by_snp dropped_trait   lead_snp
1     rs8067470                     0.2733            NA rs17618704
[1] "GENE"
[1] "ENSG00000108439"
Harmonising fat_distr (fat_distr) and Outcome (Outcome)
Harmonising fat_distr (fat_distr) and Outcome (Outcome)
[1] 430
[1] 430
  iteration traits posterior_prob regional_prob candidate_snp
1         1   None             NA        0.0018            NA
  posterior_explained_by_snp   dropped_trait   lead_snp
1                         NA ENSG00000108439 rs17618704
[1] "GENE"
[1] "ENSG00000108439"
Harmonising fat_distr (fat_distr) and Outcome (Outcome)
Harmonising fat_distr (fat_distr) and Outcome (Outcome)
[1] 430
[1] 430
  iteration traits posterior_prob regional_prob candidate_snp
1         1   None             NA        0.0018            NA
  posterior_explained_by_snp   dropped_trait   lead_snp
1                         NA ENSG00000108439 rs17618704
[1] "LEAD INDEX"
[1] 12
[1] "LEAD INDEX"
[1] 13
[1] "GENE"
[1] "ENSG00000123700"
Harmonising fat_distr (fat_distr) and Outcome (Outcome)
Harmonising fat_distr (fat_distr) and Outcome (Outcome)
[1] 466
[1] 466
  iteration traits posterior_prob regional_prob candidate_snp
1         1   None             NA        0.0056            NA
  posterior_explained_by_snp dropped_trait  lead_snp
1                         NA      iradjbmi rs9904355
[1] "LEAD INDEX"
[1] 14
[1] "GENE"
[1] "ENSG00000185262"
Harmonising fat_distr (fat_distr) and Outcome (Outcome)
Harmonising fat_distr (fat_distr) and Outcome (Outcome)
[1] 389
[1] 389
  iteration traits posterior_prob regional_prob candidate_snp
1         1   None             NA         3e-04            NA
  posterior_explained_by_snp   dropped_trait  lead_snp
1                         NA ENSG00000185262 rs9674537
[1] "LEAD INDEX"
[1] 15
[1] "GENE"
[1] "ENSG00000087157"
Harmonising fat_distr (fat_distr) and Outcome (Outcome)
Harmonising fat_distr (fat_distr) and Outcome (Outcome)
[1] 471
[1] 471
  iteration traits posterior_prob regional_prob candidate_snp
1         1   None             NA        0.0172            NA
  posterior_explained_by_snp dropped_trait   lead_snp
1                         NA      iradjbmi rs16971107
[1] "CHROMOSOME"
[1] 18
[1] "LEAD INDEX"
[1] 1
[1] "LEAD INDEX"
[1] 2
[1] "LEAD INDEX"
[1] 3
[1] "LEAD INDEX"
[1] 4
[1] "LEAD INDEX"
[1] 5
[1] "LEAD INDEX"
[1] 6
[1] "GENE"
[1] "ENSG00000141452"
Harmonising fat_distr (fat_distr) and Outcome (Outcome)
Harmonising fat_distr (fat_distr) and Outcome (Outcome)
[1] 341
[1] 341
  iteration traits posterior_prob regional_prob candidate_snp
1         1   None             NA        0.9982            NA
  posterior_explained_by_snp   dropped_trait  lead_snp
1                         NA ENSG00000141452 rs1623060
[1] "GENE"
[1] "ENSG00000141458"
Harmonising fat_distr (fat_distr) and Outcome (Outcome)
Harmonising fat_distr (fat_distr) and Outcome (Outcome)
[1] 341
[1] 341
  iteration                    traits posterior_prob regional_prob
1         1 iradjbmi, ENSG00000141458         0.8576             1
  candidate_snp posterior_explained_by_snp dropped_trait  lead_snp
1    rs11663558                     0.9738            NA rs1623060
[1] "GENE"
[1] "ENSG00000141458"
Harmonising fat_distr (fat_distr) and Outcome (Outcome)
Harmonising fat_distr (fat_distr) and Outcome (Outcome)
[1] 341
[1] 341
  iteration                    traits posterior_prob regional_prob
1         1 iradjbmi, ENSG00000141458         0.8576             1
  candidate_snp posterior_explained_by_snp dropped_trait  lead_snp
1    rs11663558                     0.9738            NA rs1623060
[1] "GENE"
[1] "ENSG00000141458"
Harmonising fat_distr (fat_distr) and Outcome (Outcome)
Harmonising fat_distr (fat_distr) and Outcome (Outcome)
[1] 341
[1] 341
  iteration                    traits posterior_prob regional_prob
1         1 iradjbmi, ENSG00000141458         0.8576             1
  candidate_snp posterior_explained_by_snp dropped_trait  lead_snp
1    rs11663558                     0.9738            NA rs1623060
[1] "GENE"
[1] "ENSG00000141452"
Harmonising fat_distr (fat_distr) and Outcome (Outcome)
Harmonising fat_distr (fat_distr) and Outcome (Outcome)
[1] 341
[1] 341
  iteration traits posterior_prob regional_prob candidate_snp
1         1   None             NA        0.9982            NA
  posterior_explained_by_snp   dropped_trait  lead_snp
1                         NA ENSG00000141452 rs1623060
[1] "GENE"
[1] "ENSG00000141458"
Harmonising fat_distr (fat_distr) and Outcome (Outcome)
Harmonising fat_distr (fat_distr) and Outcome (Outcome)
[1] 341
[1] 341
  iteration                    traits posterior_prob regional_prob
1         1 iradjbmi, ENSG00000141458         0.8576             1
  candidate_snp posterior_explained_by_snp dropped_trait  lead_snp
1    rs11663558                     0.9738            NA rs1623060
[1] "GENE"
[1] "ENSG00000141458"
Harmonising fat_distr (fat_distr) and Outcome (Outcome)
Harmonising fat_distr (fat_distr) and Outcome (Outcome)
[1] 341
[1] 341
  iteration                    traits posterior_prob regional_prob
1         1 iradjbmi, ENSG00000141458         0.8576             1
  candidate_snp posterior_explained_by_snp dropped_trait  lead_snp
1    rs11663558                     0.9738            NA rs1623060
[1] "GENE"
[1] "ENSG00000141458"
Harmonising fat_distr (fat_distr) and Outcome (Outcome)
Harmonising fat_distr (fat_distr) and Outcome (Outcome)
[1] 341
[1] 341
  iteration                    traits posterior_prob regional_prob
1         1 iradjbmi, ENSG00000141458         0.8576             1
  candidate_snp posterior_explained_by_snp dropped_trait  lead_snp
1    rs11663558                     0.9738            NA rs1623060
[1] "LEAD INDEX"
[1] 7
[1] "CHROMOSOME"
[1] 19
[1] "LEAD INDEX"
[1] 1
[1] "GENE"
[1] "ENSG00000130518"
Harmonising fat_distr (fat_distr) and Outcome (Outcome)
Harmonising fat_distr (fat_distr) and Outcome (Outcome)
[1] 396
[1] 396
  iteration                    traits posterior_prob regional_prob
1         1 iradjbmi, ENSG00000130518         0.6456        0.7789
  candidate_snp posterior_explained_by_snp dropped_trait  lead_snp
1    rs12461701                     0.9995            NA rs1075403
[1] "GENE"
[1] "ENSG00000130518"
Harmonising fat_distr (fat_distr) and Outcome (Outcome)
Harmonising fat_distr (fat_distr) and Outcome (Outcome)
[1] 396
[1] 396
  iteration                    traits posterior_prob regional_prob
1         1 iradjbmi, ENSG00000130518         0.6456        0.7789
  candidate_snp posterior_explained_by_snp dropped_trait  lead_snp
1    rs12461701                     0.9995            NA rs1075403
[1] "GENE"
[1] "ENSG00000130518"
Harmonising fat_distr (fat_distr) and Outcome (Outcome)
Harmonising fat_distr (fat_distr) and Outcome (Outcome)
[1] 396
[1] 396
  iteration                    traits posterior_prob regional_prob
1         1 iradjbmi, ENSG00000130518         0.6456        0.7789
  candidate_snp posterior_explained_by_snp dropped_trait  lead_snp
1    rs12461701                     0.9995            NA rs1075403
[1] "LEAD INDEX"
[1] 2
[1] "LEAD INDEX"
[1] 3
[1] "LEAD INDEX"
[1] 4
[1] "GENE"
[1] "ENSG00000171105"
Harmonising fat_distr (fat_distr) and Outcome (Outcome)
Harmonising fat_distr (fat_distr) and Outcome (Outcome)
[1] 442
[1] 442
  iteration traits posterior_prob regional_prob candidate_snp
1         1   None             NA        0.0064            NA
  posterior_explained_by_snp dropped_trait  lead_snp
1                         NA      iradjbmi rs8101064
[1] "LEAD INDEX"
[1] 5
[1] "GENE"
[1] "ENSG00000076984"
Harmonising fat_distr (fat_distr) and Outcome (Outcome)
Harmonising fat_distr (fat_distr) and Outcome (Outcome)
[1] 439
[1] 439
  iteration traits posterior_prob regional_prob candidate_snp
1         1   None             NA        0.0244            NA
  posterior_explained_by_snp dropped_trait  lead_snp
1                         NA      iradjbmi rs4804833
[1] "LEAD INDEX"
[1] 6
[1] "LEAD INDEX"
[1] 7
[1] "LEAD INDEX"
[1] 8
[1] "GENE"
[1] "ENSG00000142347"
Harmonising fat_distr (fat_distr) and Outcome (Outcome)
Harmonising fat_distr (fat_distr) and Outcome (Outcome)
[1] 422
[1] 422
  iteration                    traits posterior_prob regional_prob
1         1 iradjbmi, ENSG00000142347         0.9994        0.9998
  candidate_snp posterior_explained_by_snp dropped_trait  lead_snp
1     rs4804311                     0.9998            NA rs4804311
[1] "LEAD INDEX"
[1] 9
[1] "LEAD INDEX"
[1] 10
[1] "LEAD INDEX"
[1] 11
[1] "LEAD INDEX"
[1] 12
[1] "LEAD INDEX"
[1] 13
[1] "LEAD INDEX"
[1] 14
[1] "LEAD INDEX"
[1] 15
[1] "LEAD INDEX"
[1] 16
[1] "GENE"
[1] "ENSG00000142233"
Harmonising fat_distr (fat_distr) and Outcome (Outcome)
Harmonising fat_distr (fat_distr) and Outcome (Outcome)
[1] 414
[1] 414
  iteration                    traits posterior_prob regional_prob
1         1 iradjbmi, ENSG00000142233         0.5071        0.5568
  candidate_snp posterior_explained_by_snp dropped_trait lead_snp
1      rs485186                     0.3438            NA rs485186
[1] "GENE"
[1] "ENSG00000142233"
Harmonising fat_distr (fat_distr) and Outcome (Outcome)
Harmonising fat_distr (fat_distr) and Outcome (Outcome)
[1] 414
[1] 414
  iteration                    traits posterior_prob regional_prob
1         1 iradjbmi, ENSG00000142233         0.5071        0.5568
  candidate_snp posterior_explained_by_snp dropped_trait lead_snp
1      rs485186                     0.3438            NA rs485186
[1] "GENE"
[1] "ENSG00000105538"
Harmonising fat_distr (fat_distr) and Outcome (Outcome)
Harmonising fat_distr (fat_distr) and Outcome (Outcome)
[1] 414
[1] 414
  iteration traits posterior_prob regional_prob candidate_snp
1         1   None             NA        0.0584            NA
  posterior_explained_by_snp dropped_trait lead_snp
1                         NA      iradjbmi rs485186
[1] "GENE"
[1] "ENSG00000142233"
Harmonising fat_distr (fat_distr) and Outcome (Outcome)
Harmonising fat_distr (fat_distr) and Outcome (Outcome)
[1] 414
[1] 414
  iteration                    traits posterior_prob regional_prob
1         1 iradjbmi, ENSG00000142233         0.5071        0.5568
  candidate_snp posterior_explained_by_snp dropped_trait lead_snp
1      rs485186                     0.3438            NA rs485186
[1] "GENE"
[1] "ENSG00000142233"
Harmonising fat_distr (fat_distr) and Outcome (Outcome)
Harmonising fat_distr (fat_distr) and Outcome (Outcome)
[1] 414
[1] 414
  iteration                    traits posterior_prob regional_prob
1         1 iradjbmi, ENSG00000142233         0.5071        0.5568
  candidate_snp posterior_explained_by_snp dropped_trait lead_snp
1      rs485186                     0.3438            NA rs485186
[1] "LEAD INDEX"
[1] 17
[1] "CHROMOSOME"
[1] 20
[1] "LEAD INDEX"
[1] 1
[1] "GENE"
[1] "ENSG00000132793"
Harmonising fat_distr (fat_distr) and Outcome (Outcome)
Harmonising fat_distr (fat_distr) and Outcome (Outcome)
[1] 375
[1] 375
  iteration traits posterior_prob regional_prob candidate_snp
1         1   None             NA        0.0612            NA
  posterior_explained_by_snp dropped_trait  lead_snp
1                         NA      iradjbmi rs6102322
[1] "LEAD INDEX"
[1] 2
[1] "GENE"
[1] "ENSG00000203896"
Harmonising fat_distr (fat_distr) and Outcome (Outcome)
Harmonising fat_distr (fat_distr) and Outcome (Outcome)
[1] 425
[1] 425
  iteration traits posterior_prob regional_prob candidate_snp
1         1   None             NA        0.0041            NA
  posterior_explained_by_snp dropped_trait  lead_snp
1                         NA      iradjbmi rs1151625
[1] "LEAD INDEX"
[1] 3
[1] "LEAD INDEX"
[1] 4
[1] "LEAD INDEX"
[1] 5
[1] "LEAD INDEX"
[1] 6
[1] "GENE"
[1] "ENSG00000124257"
Harmonising fat_distr (fat_distr) and Outcome (Outcome)
Harmonising fat_distr (fat_distr) and Outcome (Outcome)
[1] 502
[1] 502
  iteration                    traits posterior_prob regional_prob
1         1 iradjbmi, ENSG00000124257         0.9939             1
  candidate_snp posterior_explained_by_snp dropped_trait  lead_snp
1     rs4810479                     0.9999            NA rs4810479
[1] "GENE"
[1] "ENSG00000149634"
Harmonising fat_distr (fat_distr) and Outcome (Outcome)
Harmonising fat_distr (fat_distr) and Outcome (Outcome)
[1] 502
[1] 502
  iteration traits posterior_prob regional_prob candidate_snp
1         1   None             NA             1            NA
  posterior_explained_by_snp dropped_trait  lead_snp
1                         NA      iradjbmi rs4810479
[1] "GENE"
[1] "ENSG00000100979"
Harmonising fat_distr (fat_distr) and Outcome (Outcome)
Harmonising fat_distr (fat_distr) and Outcome (Outcome)
[1] 502
[1] 502
  iteration                    traits posterior_prob regional_prob
1         1 iradjbmi, ENSG00000100979          0.997             1
  candidate_snp posterior_explained_by_snp dropped_trait  lead_snp
1     rs4810479                      0.996            NA rs4810479
[1] "LEAD INDEX"
[1] 7
[1] "LEAD INDEX"
[1] 8
[1] "LEAD INDEX"
[1] 9
[1] "GENE"
[1] "ENSG00000239783"
[1] "GENE"
[1] "ENSG00000064655"
Harmonising fat_distr (fat_distr) and Outcome (Outcome)
Harmonising fat_distr (fat_distr) and Outcome (Outcome)
[1] 500
[1] 500
  iteration traits posterior_prob regional_prob candidate_snp
1         1   None             NA        0.0117            NA
  posterior_explained_by_snp dropped_trait  lead_snp
1                         NA      iradjbmi rs6066149
[1] "LEAD INDEX"
[1] 10
[1] "GENE"
[1] "ENSG00000182463"
Harmonising fat_distr (fat_distr) and Outcome (Outcome)
Harmonising fat_distr (fat_distr) and Outcome (Outcome)
[1] 417
[1] 417
  iteration traits posterior_prob regional_prob candidate_snp
1         1   None             NA        0.0031            NA
  posterior_explained_by_snp dropped_trait  lead_snp
1                         NA      iradjbmi rs1033662
[1] "GENE"
[1] "ENSG00000182463"
Harmonising fat_distr (fat_distr) and Outcome (Outcome)
Harmonising fat_distr (fat_distr) and Outcome (Outcome)
[1] 417
[1] 417
  iteration traits posterior_prob regional_prob candidate_snp
1         1   None             NA        0.0031            NA
  posterior_explained_by_snp dropped_trait  lead_snp
1                         NA      iradjbmi rs1033662
[1] "GENE"
[1] "ENSG00000286250"
Harmonising fat_distr (fat_distr) and Outcome (Outcome)
Harmonising fat_distr (fat_distr) and Outcome (Outcome)
[1] 448
[1] 448
  iteration traits posterior_prob regional_prob candidate_snp
1         1   None             NA        0.0092            NA
  posterior_explained_by_snp dropped_trait  lead_snp
1                         NA      iradjbmi rs1033662
[1] "LEAD INDEX"
[1] 11
[1] "GENE"
[1] "ENSG00000124253"
Harmonising fat_distr (fat_distr) and Outcome (Outcome)
Harmonising fat_distr (fat_distr) and Outcome (Outcome)
[1] 651
[1] 651
  iteration                    traits posterior_prob regional_prob
1         1 iradjbmi, ENSG00000124253         0.9775        0.9995
  candidate_snp posterior_explained_by_snp dropped_trait  lead_snp
1     rs8119374                     0.2692            NA rs8119374
[1] "CHROMOSOME"
[1] 21
[1] "LEAD INDEX"
[1] 1
[1] "GENE"
[1] "ENSG00000182240"
Harmonising fat_distr (fat_distr) and Outcome (Outcome)
Harmonising fat_distr (fat_distr) and Outcome (Outcome)
[1] 623
[1] 623
  iteration                    traits posterior_prob regional_prob
1         1 iradjbmi, ENSG00000182240         0.9713        0.9838
  candidate_snp posterior_explained_by_snp dropped_trait  lead_snp
1     rs2837996                     0.8052            NA rs2837996
[1] "LEAD INDEX"
[1] 2
[1] "GENE"
[1] "ENSG00000173638"
Harmonising fat_distr (fat_distr) and Outcome (Outcome)
Harmonising fat_distr (fat_distr) and Outcome (Outcome)
[1] 447
[1] 447
  iteration                    traits posterior_prob regional_prob
1         1 iradjbmi, ENSG00000173638         0.8372        0.8819
  candidate_snp posterior_explained_by_snp dropped_trait  lead_snp
1     rs9976834                     0.9613            NA rs9980531
[1] "GENE"
[1] "ENSG00000173638"
Harmonising fat_distr (fat_distr) and Outcome (Outcome)
Harmonising fat_distr (fat_distr) and Outcome (Outcome)
[1] 447
[1] 447
  iteration                    traits posterior_prob regional_prob
1         1 iradjbmi, ENSG00000173638         0.8372        0.8819
  candidate_snp posterior_explained_by_snp dropped_trait  lead_snp
1     rs9976834                     0.9613            NA rs9980531
[1] "CHROMOSOME"
[1] 22
[1] "LEAD INDEX"
[1] 1
[1] "GENE"
[1] "ENSG00000183579"
Harmonising fat_distr (fat_distr) and Outcome (Outcome)
Harmonising fat_distr (fat_distr) and Outcome (Outcome)
[1] 362
[1] 362
  iteration traits posterior_prob regional_prob candidate_snp
1         1   None             NA        0.0043            NA
  posterior_explained_by_snp dropped_trait  lead_snp
1                         NA      iradjbmi rs2294239
[1] "LEAD INDEX"
[1] 2
[1] "GENE"
[1] "ENSG00000128313"
Harmonising fat_distr (fat_distr) and Outcome (Outcome)
Harmonising fat_distr (fat_distr) and Outcome (Outcome)
[1] 417
[1] 417
  iteration                    traits posterior_prob regional_prob
1         1 iradjbmi, ENSG00000128313         0.9992        0.9995
  candidate_snp posterior_explained_by_snp dropped_trait  lead_snp
1     rs9610329                          1            NA rs9610329
[1] "GENE"
[1] "ENSG00000221963"
Harmonising fat_distr (fat_distr) and Outcome (Outcome)
Harmonising fat_distr (fat_distr) and Outcome (Outcome)
[1] 417
[1] 417
  iteration                    traits posterior_prob regional_prob
1         1 iradjbmi, ENSG00000221963         0.9992        0.9995
  candidate_snp posterior_explained_by_snp dropped_trait  lead_snp
1     rs9610329                          1            NA rs9610329
[1] "GENE"
[1] "ENSG00000100320"
Harmonising fat_distr (fat_distr) and Outcome (Outcome)
Harmonising fat_distr (fat_distr) and Outcome (Outcome)
[1] 417
[1] 417
  iteration traits posterior_prob regional_prob candidate_snp
1         1   None             NA        0.0406            NA
  posterior_explained_by_snp dropped_trait  lead_snp
1                         NA      iradjbmi rs9610329
[1] "LEAD INDEX"
[1] 3
[1] "GENE"
[1] "ENSG00000184381"
Harmonising fat_distr (fat_distr) and Outcome (Outcome)
Harmonising fat_distr (fat_distr) and Outcome (Outcome)
[1] 330
[1] 330
  iteration traits posterior_prob regional_prob candidate_snp
1         1   None             NA        0.0064            NA
  posterior_explained_by_snp dropped_trait  lead_snp
1                         NA      iradjbmi rs4820325
[1] "GENE"
[1] "ENSG00000185022"
Harmonising fat_distr (fat_distr) and Outcome (Outcome)
Harmonising fat_distr (fat_distr) and Outcome (Outcome)
[1] 330
[1] 330
  iteration                    traits posterior_prob regional_prob
1         1 iradjbmi, ENSG00000185022         0.9737        0.9999
  candidate_snp posterior_explained_by_snp dropped_trait  lead_snp
1     rs2267373                     0.3349            NA rs4820325
[1] "GENE"
[1] "ENSG00000185022"
Harmonising fat_distr (fat_distr) and Outcome (Outcome)
Harmonising fat_distr (fat_distr) and Outcome (Outcome)
[1] 330
[1] 330
  iteration                    traits posterior_prob regional_prob
1         1 iradjbmi, ENSG00000185022         0.9737        0.9999
  candidate_snp posterior_explained_by_snp dropped_trait  lead_snp
1     rs2267373                     0.3349            NA rs4820325
[1] "GENE"
[1] "ENSG00000185022"
Harmonising fat_distr (fat_distr) and Outcome (Outcome)
Harmonising fat_distr (fat_distr) and Outcome (Outcome)
[1] 330
[1] 330
  iteration                    traits posterior_prob regional_prob
1         1 iradjbmi, ENSG00000185022         0.9737        0.9999
  candidate_snp posterior_explained_by_snp dropped_trait  lead_snp
1     rs2267373                     0.3349            NA rs4820325
[1] "GENE"
[1] "ENSG00000185022"
Harmonising fat_distr (fat_distr) and Outcome (Outcome)
Harmonising fat_distr (fat_distr) and Outcome (Outcome)
[1] 330
[1] 330
  iteration                    traits posterior_prob regional_prob
1         1 iradjbmi, ENSG00000185022         0.9737        0.9999
  candidate_snp posterior_explained_by_snp dropped_trait  lead_snp
1     rs2267373                     0.3349            NA rs4820325
[1] "LEAD INDEX"
[1] 4
[1] "GENE"
[1] "ENSG00000100211"
Harmonising fat_distr (fat_distr) and Outcome (Outcome)
Harmonising fat_distr (fat_distr) and Outcome (Outcome)
[1] 361
[1] 361
  iteration traits posterior_prob regional_prob candidate_snp
1         1   None             NA             1            NA
  posterior_explained_by_snp   dropped_trait  lead_snp
1                         NA ENSG00000100211 rs4821815
[1] "GENE"
[1] "ENSG00000100221"
Harmonising fat_distr (fat_distr) and Outcome (Outcome)
Harmonising fat_distr (fat_distr) and Outcome (Outcome)
[1] 361
[1] 361
  iteration traits posterior_prob regional_prob candidate_snp
1         1   None             NA        0.0051            NA
  posterior_explained_by_snp dropped_trait  lead_snp
1                         NA      iradjbmi rs4821815
[1] "GENE"
[1] "ENSG00000230912"
Harmonising fat_distr (fat_distr) and Outcome (Outcome)
Harmonising fat_distr (fat_distr) and Outcome (Outcome)
[1] 361
[1] 361
  iteration traits posterior_prob regional_prob candidate_snp
1         1   None             NA        0.9946            NA
  posterior_explained_by_snp   dropped_trait  lead_snp
1                         NA ENSG00000230912 rs4821815
[1] "GENE"
[1] "ENSG00000228274"
Harmonising fat_distr (fat_distr) and Outcome (Outcome)
Harmonising fat_distr (fat_distr) and Outcome (Outcome)
[1] 361
[1] 361
  iteration traits posterior_prob regional_prob candidate_snp
1         1   None             NA             1            NA
  posterior_explained_by_snp   dropped_trait  lead_snp
1                         NA ENSG00000228274 rs4821815
[1] "GENE"
[1] "ENSG00000230912"
Harmonising fat_distr (fat_distr) and Outcome (Outcome)
Harmonising fat_distr (fat_distr) and Outcome (Outcome)
[1] 361
[1] 361
  iteration traits posterior_prob regional_prob candidate_snp
1         1   None             NA        0.9946            NA
  posterior_explained_by_snp   dropped_trait  lead_snp
1                         NA ENSG00000230912 rs4821815
[1] "GENE"
[1] "ENSG00000100211"
Harmonising fat_distr (fat_distr) and Outcome (Outcome)
Harmonising fat_distr (fat_distr) and Outcome (Outcome)
[1] 361
[1] 361
  iteration traits posterior_prob regional_prob candidate_snp
1         1   None             NA             1            NA
  posterior_explained_by_snp   dropped_trait  lead_snp
1                         NA ENSG00000100211 rs4821815
[1] "GENE"
[1] "ENSG00000230912"
Harmonising fat_distr (fat_distr) and Outcome (Outcome)
Harmonising fat_distr (fat_distr) and Outcome (Outcome)
[1] 361
[1] 361
  iteration traits posterior_prob regional_prob candidate_snp
1         1   None             NA        0.9946            NA
  posterior_explained_by_snp   dropped_trait  lead_snp
1                         NA ENSG00000230912 rs4821815
[1] "GENE"
[1] "ENSG00000100216"
Harmonising fat_distr (fat_distr) and Outcome (Outcome)
Harmonising fat_distr (fat_distr) and Outcome (Outcome)
[1] 361
[1] 361
  iteration traits posterior_prob regional_prob candidate_snp
1         1   None             NA         0.004            NA
  posterior_explained_by_snp dropped_trait  lead_snp
1                         NA      iradjbmi rs4821815
[1] "GENE"
[1] "ENSG00000100211"
Harmonising fat_distr (fat_distr) and Outcome (Outcome)
Harmonising fat_distr (fat_distr) and Outcome (Outcome)
[1] 361
[1] 361
  iteration traits posterior_prob regional_prob candidate_snp
1         1   None             NA             1            NA
  posterior_explained_by_snp   dropped_trait  lead_snp
1                         NA ENSG00000100211 rs4821815
