── Attaching core tidyverse packages ──────────────────────── tidyverse 2.0.0 ──
✔ dplyr     1.1.3     ✔ readr     2.1.4
✔ forcats   1.0.0     ✔ stringr   1.5.0
✔ ggplot2   3.5.1     ✔ tibble    3.2.1
✔ lubridate 1.9.3     ✔ tidyr     1.3.0
✔ purrr     1.0.2     
── Conflicts ────────────────────────────────────────── tidyverse_conflicts() ──
✖ dplyr::between()     masks data.table::between()
✖ dplyr::filter()      masks stats::filter()
✖ dplyr::first()       masks data.table::first()
✖ lubridate::hour()    masks data.table::hour()
✖ lubridate::isoweek() masks data.table::isoweek()
✖ dplyr::lag()         masks stats::lag()
✖ dplyr::last()        masks data.table::last()
✖ lubridate::mday()    masks data.table::mday()
✖ lubridate::minute()  masks data.table::minute()
✖ lubridate::month()   masks data.table::month()
✖ lubridate::quarter() masks data.table::quarter()
✖ lubridate::second()  masks data.table::second()
✖ purrr::transpose()   masks data.table::transpose()
✖ lubridate::wday()    masks data.table::wday()
✖ lubridate::week()    masks data.table::week()
✖ lubridate::yday()    masks data.table::yday()
✖ lubridate::year()    masks data.table::year()
ℹ Use the conflicted package (<http://conflicted.r-lib.org/>) to force all conflicts to become errors
TwoSampleMR version 0.5.7 
[>] New: Option to use non-European LD reference panels for clumping etc
[>] Some studies temporarily quarantined to verify effect allele
[>] See news(package='TwoSampleMR') and https://gwas.mrcieu.ac.uk for further details


Warning:
You are running an old version of the TwoSampleMR package.
This version:   0.5.7
Latest version: 0.7.9
Please consider updating using remotes::install_github('MRCIEU/TwoSampleMR')
Warning messages:
1: replacing previous import ‘Matrix::tcrossprod’ by ‘Rmpfr::tcrossprod’ when loading ‘hyprcoloc’ 
2: replacing previous import ‘Matrix::crossprod’ by ‘Rmpfr::crossprod’ when loading ‘hyprcoloc’ 
3: replacing previous import ‘Matrix::.__C__atomicVector’ by ‘Rmpfr::.__C__atomicVector’ when loading ‘hyprcoloc’ 
Loading required package: stats4
Loading required package: BiocGenerics

Attaching package: ‘BiocGenerics’

The following objects are masked from ‘package:lubridate’:

    intersect, setdiff, union

The following objects are masked from ‘package:dplyr’:

    combine, intersect, setdiff, union

The following objects are masked from ‘package:stats’:

    IQR, mad, sd, var, xtabs

The following objects are masked from ‘package:base’:

    anyDuplicated, aperm, append, as.data.frame, basename, cbind,
    colnames, dirname, do.call, duplicated, eval, evalq, Filter, Find,
    get, grep, grepl, intersect, is.unsorted, lapply, Map, mapply,
    match, mget, order, paste, pmax, pmax.int, pmin, pmin.int,
    Position, rank, rbind, Reduce, rownames, sapply, setdiff, sort,
    table, tapply, union, unique, unsplit, which.max, which.min

Loading required package: S4Vectors

Attaching package: ‘S4Vectors’

The following objects are masked from ‘package:lubridate’:

    second, second<-

The following objects are masked from ‘package:dplyr’:

    first, rename

The following object is masked from ‘package:tidyr’:

    expand

The following objects are masked from ‘package:data.table’:

    first, second

The following object is masked from ‘package:utils’:

    findMatches

The following objects are masked from ‘package:base’:

    expand.grid, I, unname

Loading required package: IRanges

Attaching package: ‘IRanges’

The following object is masked from ‘package:TwoSampleMR’:

    trim

The following object is masked from ‘package:lubridate’:

    %within%

The following objects are masked from ‘package:dplyr’:

    collapse, desc, slice

The following object is masked from ‘package:purrr’:

    reduce

The following object is masked from ‘package:data.table’:

    shift

Loading required package: GenomeInfoDb
New names:
• `` -> `...2`
• `` -> `...3`
• `` -> `...4`
• `` -> `...5`
• `` -> `...6`
• `` -> `...7`
• `` -> `...8`
• `` -> `...9`
• `` -> `...10`
• `` -> `...11`
• `` -> `...12`
• `` -> `...13`
• `` -> `...14`
• `` -> `...15`
• `` -> `...16`
• `` -> `...17`
• `` -> `...18`
• `` -> `...19`
• `` -> `...20`
• `` -> `...21`
• `` -> `...22`
• `` -> `...23`
• `` -> `...24`
• `` -> `...25`
• `` -> `...26`
• `` -> `...27`
• `` -> `...28`
• `` -> `...29`
• `` -> `...30`
• `` -> `...31`
• `` -> `...32`
• `` -> `...33`
• `` -> `...34`
• `` -> `...35`
• `` -> `...36`
• `` -> `...37`
• `` -> `...38`
• `` -> `...39`
• `` -> `...40`
• `` -> `...41`
• `` -> `...42`
• `` -> `...43`
• `` -> `...44`
[1] 282
[1] 282
[1] "CHROMOSOME"
[1] 1
[1] "LEAD INDEX"
[1] 1
[1] "LEAD INDEX"
[1] 2
[1] "LEAD INDEX"
[1] 3
[1] "GENE_cond"
[1] "ENSG00000069275_1_205719532_G_A"
Harmonising fat_distr (fat_distr) and Outcome (Outcome)
Harmonising fat_distr (fat_distr) and Outcome (Outcome)
[1] 387
[1] 387
  iteration                                    traits posterior_prob
1         1 iradjbmi, ENSG00000069275_1_205719532_G_A         0.8568
  regional_prob candidate_snp posterior_explained_by_snp dropped_trait lead_snp
1        0.9833      rs823114                     0.8476            NA rs823114
[1] "GENE_cond"
[1] "ENSG00000069275_1_205607153_G_A"
Harmonising fat_distr (fat_distr) and Outcome (Outcome)
Harmonising fat_distr (fat_distr) and Outcome (Outcome)
[1] 386
[1] 386
  iteration traits posterior_prob regional_prob candidate_snp
1         1   None             NA         4e-04            NA
  posterior_explained_by_snp                   dropped_trait lead_snp
1                         NA ENSG00000069275_1_205607153_G_A rs823114
[1] "GENE_cond"
[1] "ENSG00000069275_1_205701870_C_T"
Harmonising fat_distr (fat_distr) and Outcome (Outcome)
Harmonising fat_distr (fat_distr) and Outcome (Outcome)
[1] 386
[1] 386
  iteration traits posterior_prob regional_prob candidate_snp
1         1   None             NA        0.4568            NA
  posterior_explained_by_snp dropped_trait lead_snp
1                         NA      iradjbmi rs823114
[1] "LEAD INDEX"
[1] 4
[1] "GENE_cond"
[1] "ENSG00000090273_1_27238235_G_C"
Harmonising fat_distr (fat_distr) and Outcome (Outcome)
Harmonising fat_distr (fat_distr) and Outcome (Outcome)
[1] 287
[1] 287
[1] "GENE_cond"
[1] "ENSG00000090273_1_27248275_C_T"
Harmonising fat_distr (fat_distr) and Outcome (Outcome)
Harmonising fat_distr (fat_distr) and Outcome (Outcome)
[1] 287
[1] 287
[1] "LEAD INDEX"
[1] 5
[1] "GENE_cond"
[1] "ENSG00000090621_1_40035928_G_T"
Harmonising fat_distr (fat_distr) and Outcome (Outcome)
Harmonising fat_distr (fat_distr) and Outcome (Outcome)
[1] 324
[1] 324
[1] "GENE_cond"
[1] "ENSG00000090621_1_40020020_C_A"
Harmonising fat_distr (fat_distr) and Outcome (Outcome)
Harmonising fat_distr (fat_distr) and Outcome (Outcome)
[1] 324
[1] 324
[1] "GENE_cond"
[1] "ENSG00000090621_1_40037354_C_G"
Harmonising fat_distr (fat_distr) and Outcome (Outcome)
Harmonising fat_distr (fat_distr) and Outcome (Outcome)
[1] 324
[1] 324
[1] "GENE_cond"
[1] "ENSG00000090621_1_39684641_C_T"
Harmonising fat_distr (fat_distr) and Outcome (Outcome)
Harmonising fat_distr (fat_distr) and Outcome (Outcome)
[1] 324
[1] 324
[1] "LEAD INDEX"
[1] 6
[1] "GENE_cond"
[1] "ENSG00000043514_1_40317445_C_G"
Harmonising fat_distr (fat_distr) and Outcome (Outcome)
Harmonising fat_distr (fat_distr) and Outcome (Outcome)
[1] 367
[1] 367
  iteration traits posterior_prob regional_prob candidate_snp
1         1   None             NA        0.0023            NA
  posterior_explained_by_snp                  dropped_trait  lead_snp
1                         NA ENSG00000043514_1_40317445_C_G rs7542907
[1] "GENE_cond"
[1] "ENSG00000043514_1_40319587_A_C"
Harmonising fat_distr (fat_distr) and Outcome (Outcome)
Harmonising fat_distr (fat_distr) and Outcome (Outcome)
[1] 368
[1] 368
  iteration traits posterior_prob regional_prob candidate_snp
1         1   None             NA        0.1666            NA
  posterior_explained_by_snp                  dropped_trait  lead_snp
1                         NA ENSG00000043514_1_40319587_A_C rs7542907
[1] "GENE_cond"
[1] "ENSG00000043514_1_40300843_T_A"
Harmonising fat_distr (fat_distr) and Outcome (Outcome)
Harmonising fat_distr (fat_distr) and Outcome (Outcome)
[1] 367
[1] 367
  iteration traits posterior_prob regional_prob candidate_snp
1         1   None             NA        0.1239            NA
  posterior_explained_by_snp                  dropped_trait  lead_snp
1                         NA ENSG00000043514_1_40300843_T_A rs7542907
[1] "GENE_cond"
[1] "ENSG00000043514_1_40316155_C_T"
Harmonising fat_distr (fat_distr) and Outcome (Outcome)
Harmonising fat_distr (fat_distr) and Outcome (Outcome)
[1] 367
[1] 367
  iteration traits posterior_prob regional_prob candidate_snp
1         1   None             NA        0.0072            NA
  posterior_explained_by_snp dropped_trait  lead_snp
1                         NA      iradjbmi rs7542907
[1] "LEAD INDEX"
[1] 7
[1] "LEAD INDEX"
[1] 8
[1] "LEAD INDEX"
[1] 9
[1] "LEAD INDEX"
[1] 10
[1] "LEAD INDEX"
[1] 11
[1] "LEAD INDEX"
[1] 12
[1] "GENE_cond"
[1] "ENSG00000143437_1_150844583_C_A"
Harmonising fat_distr (fat_distr) and Outcome (Outcome)
Harmonising fat_distr (fat_distr) and Outcome (Outcome)
[1] 272
[1] 272
[1] "GENE_cond"
[1] "ENSG00000143437_1_150618632_A_C"
Harmonising fat_distr (fat_distr) and Outcome (Outcome)
Harmonising fat_distr (fat_distr) and Outcome (Outcome)
[1] 273
[1] 273
  iteration                                    traits posterior_prob
1         1 iradjbmi, ENSG00000143437_1_150618632_A_C         0.9827
  regional_prob candidate_snp posterior_explained_by_snp dropped_trait
1        0.9911     rs2055975                     0.9998            NA
   lead_snp
1 rs2055975
[1] "LEAD INDEX"
[1] 13
[1] "LEAD INDEX"
[1] 14
[1] "GENE_cond"
[1] "ENSG00000135845_1_172351052_T_C"
Harmonising fat_distr (fat_distr) and Outcome (Outcome)
Harmonising fat_distr (fat_distr) and Outcome (Outcome)
[1] 377
[1] 377
  iteration traits posterior_prob regional_prob candidate_snp
1         1   None             NA        0.0788            NA
  posterior_explained_by_snp                   dropped_trait  lead_snp
1                         NA ENSG00000135845_1_172351052_T_C rs9425592
[1] "GENE_cond"
[1] "ENSG00000135845_1_172338724_C_T"
Harmonising fat_distr (fat_distr) and Outcome (Outcome)
Harmonising fat_distr (fat_distr) and Outcome (Outcome)
[1] 376
[1] 376
  iteration traits posterior_prob regional_prob candidate_snp
1         1   None             NA         8e-04            NA
  posterior_explained_by_snp                   dropped_trait  lead_snp
1                         NA ENSG00000135845_1_172338724_C_T rs9425592
[1] "GENE_cond"
[1] "ENSG00000135845_1_172402127_C_G"
Harmonising fat_distr (fat_distr) and Outcome (Outcome)
Harmonising fat_distr (fat_distr) and Outcome (Outcome)
[1] 376
[1] 376
  iteration traits posterior_prob regional_prob candidate_snp
1         1   None             NA        0.8645            NA
  posterior_explained_by_snp dropped_trait  lead_snp
1                         NA      iradjbmi rs9425592
[1] "LEAD INDEX"
[1] 15
[1] "LEAD INDEX"
[1] 16
[1] "GENE_cond"
[1] "ENSG00000058668_1_203517292_A_G"
Harmonising fat_distr (fat_distr) and Outcome (Outcome)
Harmonising fat_distr (fat_distr) and Outcome (Outcome)
[1] 441
[1] 441
[1] "GENE_cond"
[1] "ENSG00000058668_1_203495594_G_A"
Harmonising fat_distr (fat_distr) and Outcome (Outcome)
Harmonising fat_distr (fat_distr) and Outcome (Outcome)
[1] 441
[1] 441
  iteration traits posterior_prob regional_prob candidate_snp
1         1   None             NA        0.0043            NA
  posterior_explained_by_snp dropped_trait  lead_snp
1                         NA      iradjbmi rs6670438
[1] "GENE_cond"
[1] "ENSG00000058668_1_203587538_G_T"
Harmonising fat_distr (fat_distr) and Outcome (Outcome)
Harmonising fat_distr (fat_distr) and Outcome (Outcome)
[1] 442
[1] 442
  iteration traits posterior_prob regional_prob candidate_snp
1         1   None             NA        0.0028            NA
  posterior_explained_by_snp                   dropped_trait  lead_snp
1                         NA ENSG00000058668_1_203587538_G_T rs6670438
[1] "LEAD INDEX"
[1] 17
[1] "GENE_cond"
[1] "ENSG00000133059_1_205201325_A_C"
Harmonising fat_distr (fat_distr) and Outcome (Outcome)
Harmonising fat_distr (fat_distr) and Outcome (Outcome)
[1] 569
[1] 569
[1] "GENE_cond"
[1] "ENSG00000133059_1_205237544_C_A"
Harmonising fat_distr (fat_distr) and Outcome (Outcome)
Harmonising fat_distr (fat_distr) and Outcome (Outcome)
[1] 569
[1] 569
  iteration traits posterior_prob regional_prob candidate_snp
1         1   None             NA        0.9202            NA
  posterior_explained_by_snp                   dropped_trait   lead_snp
1                         NA ENSG00000133059_1_205237544_C_A rs11240358
[1] "GENE_cond"
[1] "ENSG00000163545_1_205045087_G_A"
Harmonising fat_distr (fat_distr) and Outcome (Outcome)
Harmonising fat_distr (fat_distr) and Outcome (Outcome)
[1] 568
[1] 568
  iteration                                    traits posterior_prob
1         1 iradjbmi, ENSG00000163545_1_205045087_G_A         0.9469
  regional_prob candidate_snp posterior_explained_by_snp dropped_trait
1         0.999    rs10157145                     0.7669            NA
    lead_snp
1 rs11240358
[1] "GENE_cond"
[1] "ENSG00000163545_1_205274675_C_T"
Harmonising fat_distr (fat_distr) and Outcome (Outcome)
Harmonising fat_distr (fat_distr) and Outcome (Outcome)
[1] 568
[1] 568
  iteration traits posterior_prob regional_prob candidate_snp
1         1   None             NA        0.0017            NA
  posterior_explained_by_snp                   dropped_trait   lead_snp
1                         NA ENSG00000163545_1_205274675_C_T rs11240358
[1] "LEAD INDEX"
[1] 18
[1] "GENE_cond"
[1] "ENSG00000228536_1_219608253_C_T"
Harmonising fat_distr (fat_distr) and Outcome (Outcome)
Harmonising fat_distr (fat_distr) and Outcome (Outcome)
[1] 420
[1] 420
[1] "GENE_cond"
[1] "ENSG00000228536_1_219620569_A_T"
Harmonising fat_distr (fat_distr) and Outcome (Outcome)
Harmonising fat_distr (fat_distr) and Outcome (Outcome)
[1] 420
[1] 420
  iteration                                    traits posterior_prob
1         1 iradjbmi, ENSG00000228536_1_219620569_A_T         0.9063
  regional_prob candidate_snp posterior_explained_by_snp dropped_trait
1             1     rs1538748                     0.9573            NA
    lead_snp
1 rs12025363
[1] "GENE_cond"
[1] "ENSG00000230024_1_219614004_C_T"
Harmonising fat_distr (fat_distr) and Outcome (Outcome)
Harmonising fat_distr (fat_distr) and Outcome (Outcome)
[1] 419
[1] 419
  iteration traits posterior_prob regional_prob candidate_snp
1         1   None             NA        0.8055            NA
  posterior_explained_by_snp dropped_trait   lead_snp
1                         NA      iradjbmi rs12025363
[1] "GENE_cond"
[1] "ENSG00000230024_1_219623621_C_T"
Harmonising fat_distr (fat_distr) and Outcome (Outcome)
Harmonising fat_distr (fat_distr) and Outcome (Outcome)
[1] 420
[1] 420
  iteration                                    traits posterior_prob
1         1 iradjbmi, ENSG00000230024_1_219623621_C_T         0.9443
  regional_prob candidate_snp posterior_explained_by_snp dropped_trait
1             1     rs1538748                      0.492            NA
    lead_snp
1 rs12025363
[1] "LEAD INDEX"
[1] 19
[1] "LEAD INDEX"
[1] 20
[1] "LEAD INDEX"
[1] 21
[1] "LEAD INDEX"
[1] 22
[1] "LEAD INDEX"
[1] 23
[1] "CHROMOSOME"
[1] 2
[1] "LEAD INDEX"
[1] 1
[1] "LEAD INDEX"
[1] 2
[1] "LEAD INDEX"
[1] 3
[1] "LEAD INDEX"
[1] 4
[1] "LEAD INDEX"
[1] 5
[1] "GENE_cond"
[1] "ENSG00000115221_2_161126732_A_C"
Harmonising fat_distr (fat_distr) and Outcome (Outcome)
Harmonising fat_distr (fat_distr) and Outcome (Outcome)
[1] 395
[1] 395
  iteration traits posterior_prob regional_prob candidate_snp
1         1   None             NA        0.0632            NA
  posterior_explained_by_snp                   dropped_trait   lead_snp
1                         NA ENSG00000115221_2_161126732_A_C rs10181181
[1] "GENE_cond"
[1] "ENSG00000115221_2_161133557_T_C"
Harmonising fat_distr (fat_distr) and Outcome (Outcome)
Harmonising fat_distr (fat_distr) and Outcome (Outcome)
[1] 395
[1] 395
  iteration traits posterior_prob regional_prob candidate_snp
1         1   None             NA        0.0134            NA
  posterior_explained_by_snp                   dropped_trait   lead_snp
1                         NA ENSG00000115221_2_161133557_T_C rs10181181
[1] "LEAD INDEX"
[1] 6
[1] "GENE_cond"
[1] "ENSG00000118004_2_3655743_C_T"
Harmonising fat_distr (fat_distr) and Outcome (Outcome)
Harmonising fat_distr (fat_distr) and Outcome (Outcome)
[1] 511
[1] 511
[1] "GENE_cond"
[1] "ENSG00000118004_2_3648396_T_C"
Harmonising fat_distr (fat_distr) and Outcome (Outcome)
Harmonising fat_distr (fat_distr) and Outcome (Outcome)
[1] 511
[1] 511
  iteration traits posterior_prob regional_prob candidate_snp
1         1   None             NA        0.1698            NA
  posterior_explained_by_snp                 dropped_trait  lead_snp
1                         NA ENSG00000118004_2_3648396_T_C rs3820897
[1] "LEAD INDEX"
[1] 7
[1] "LEAD INDEX"
[1] 8
[1] "LEAD INDEX"
[1] 9
[1] "LEAD INDEX"
[1] 10
[1] "GENE_cond"
[1] "ENSG00000138039_2_48966146_T_C"
Harmonising fat_distr (fat_distr) and Outcome (Outcome)
Harmonising fat_distr (fat_distr) and Outcome (Outcome)
[1] 504
[1] 504
  iteration traits posterior_prob regional_prob candidate_snp
1         1   None             NA        0.0166            NA
  posterior_explained_by_snp                  dropped_trait   lead_snp
1                         NA ENSG00000138039_2_48966146_T_C rs17326656
[1] "GENE_cond"
[1] "ENSG00000138039_2_48989578_G_A"
Harmonising fat_distr (fat_distr) and Outcome (Outcome)
Harmonising fat_distr (fat_distr) and Outcome (Outcome)
[1] 503
[1] 503
  iteration traits posterior_prob regional_prob candidate_snp
1         1   None             NA         7e-04            NA
  posterior_explained_by_snp                  dropped_trait   lead_snp
1                         NA ENSG00000138039_2_48989578_G_A rs17326656
[1] "GENE_cond"
[1] "ENSG00000138039_2_48921375_T_C"
Harmonising fat_distr (fat_distr) and Outcome (Outcome)
Harmonising fat_distr (fat_distr) and Outcome (Outcome)
[1] 504
[1] 504
  iteration traits posterior_prob regional_prob candidate_snp
1         1   None             NA         3e-04            NA
  posterior_explained_by_snp                  dropped_trait   lead_snp
1                         NA ENSG00000138039_2_48921375_T_C rs17326656
[1] "GENE_cond"
[1] "ENSG00000138039_2_48983633_G_A"
Harmonising fat_distr (fat_distr) and Outcome (Outcome)
Harmonising fat_distr (fat_distr) and Outcome (Outcome)
[1] 504
[1] 504
  iteration traits posterior_prob regional_prob candidate_snp
1         1   None             NA         0.001            NA
  posterior_explained_by_snp                  dropped_trait   lead_snp
1                         NA ENSG00000138039_2_48983633_G_A rs17326656
[1] "GENE_cond"
[1] "ENSG00000138039_2_48962291_G_T"
Harmonising fat_distr (fat_distr) and Outcome (Outcome)
Harmonising fat_distr (fat_distr) and Outcome (Outcome)
[1] 504
[1] 504
  iteration                                   traits posterior_prob
1         1 iradjbmi, ENSG00000138039_2_48962291_G_T         0.9986
  regional_prob candidate_snp posterior_explained_by_snp dropped_trait
1        0.9997    rs17326656                          1            NA
    lead_snp
1 rs17326656
[1] "GENE_cond"
[1] "ENSG00000138039_2_48822381_G_A"
Harmonising fat_distr (fat_distr) and Outcome (Outcome)
Harmonising fat_distr (fat_distr) and Outcome (Outcome)
[1] 503
[1] 503
  iteration traits posterior_prob regional_prob candidate_snp
1         1   None             NA        0.0081            NA
  posterior_explained_by_snp                  dropped_trait   lead_snp
1                         NA ENSG00000138039_2_48822381_G_A rs17326656
[1] "LEAD INDEX"
[1] 11
[1] "GENE_cond"
[1] "ENSG00000011523_2_65279805_T_C"
Harmonising fat_distr (fat_distr) and Outcome (Outcome)
Harmonising fat_distr (fat_distr) and Outcome (Outcome)
[1] 378
[1] 378
  iteration                                   traits posterior_prob
1         1 iradjbmi, ENSG00000011523_2_65279805_T_C         0.9854
  regional_prob candidate_snp posterior_explained_by_snp dropped_trait
1             1     rs1009358                          1            NA
   lead_snp
1 rs2252867
[1] "GENE_cond"
[1] "ENSG00000011523_2_65312217_C_T"
Harmonising fat_distr (fat_distr) and Outcome (Outcome)
Harmonising fat_distr (fat_distr) and Outcome (Outcome)
[1] 379
[1] 379
  iteration traits posterior_prob regional_prob candidate_snp
1         1   None             NA        0.9999            NA
  posterior_explained_by_snp                  dropped_trait  lead_snp
1                         NA ENSG00000011523_2_65312217_C_T rs2252867
[1] "LEAD INDEX"
[1] 12
[1] "GENE_cond"
[1] "ENSG00000204581_2_111876613_G_C"
Harmonising fat_distr (fat_distr) and Outcome (Outcome)
Harmonising fat_distr (fat_distr) and Outcome (Outcome)
[1] 299
[1] 299
[1] "GENE_cond"
[1] "ENSG00000204581_2_111918560_T_C"
Harmonising fat_distr (fat_distr) and Outcome (Outcome)
Harmonising fat_distr (fat_distr) and Outcome (Outcome)
[1] 299
[1] 299
[1] "LEAD INDEX"
[1] 13
[1] "GENE_cond"
[1] "ENSG00000204581_2_111876613_G_C"
Harmonising fat_distr (fat_distr) and Outcome (Outcome)
Harmonising fat_distr (fat_distr) and Outcome (Outcome)
[1] 309
[1] 309
[1] "GENE_cond"
[1] "ENSG00000204581_2_111918560_T_C"
Harmonising fat_distr (fat_distr) and Outcome (Outcome)
Harmonising fat_distr (fat_distr) and Outcome (Outcome)
[1] 309
[1] 309
[1] "LEAD INDEX"
[1] 14
[1] "LEAD INDEX"
[1] 15
[1] "GENE_cond"
[1] "ENSG00000115290_2_165414741_C_T"
Harmonising fat_distr (fat_distr) and Outcome (Outcome)
Harmonising fat_distr (fat_distr) and Outcome (Outcome)
[1] 328
[1] 328
  iteration traits posterior_prob regional_prob candidate_snp
1         1   None             NA         0.916            NA
  posterior_explained_by_snp dropped_trait   lead_snp
1                         NA      iradjbmi rs13027837
[1] "GENE_cond"
[1] "ENSG00000115290_2_165539661_T_C"
Harmonising fat_distr (fat_distr) and Outcome (Outcome)
Harmonising fat_distr (fat_distr) and Outcome (Outcome)
[1] 329
[1] 329
  iteration                                    traits posterior_prob
1         1 iradjbmi, ENSG00000115290_2_165539661_T_C         0.9616
  regional_prob candidate_snp posterior_explained_by_snp dropped_trait
1             1     rs1128249                     0.4392            NA
    lead_snp
1 rs13027837
[1] "LEAD INDEX"
[1] 16
[1] "GENE_cond"
[1] "ENSG00000082438_2_165577164_G_C"
Harmonising fat_distr (fat_distr) and Outcome (Outcome)
Harmonising fat_distr (fat_distr) and Outcome (Outcome)
[1] 334
[1] 334
  iteration traits posterior_prob regional_prob candidate_snp
1         1   None             NA             1            NA
  posterior_explained_by_snp dropped_trait  lead_snp
1                         NA      iradjbmi rs1128249
[1] "GENE_cond"
[1] "ENSG00000082438_2_165592390_G_A"
Harmonising fat_distr (fat_distr) and Outcome (Outcome)
Harmonising fat_distr (fat_distr) and Outcome (Outcome)
[1] 335
[1] 335
  iteration traits posterior_prob regional_prob candidate_snp
1         1   None             NA        0.9995            NA
  posterior_explained_by_snp dropped_trait  lead_snp
1                         NA      iradjbmi rs1128249
[1] "GENE_cond"
[1] "ENSG00000082438_2_165543199_A_G"
Harmonising fat_distr (fat_distr) and Outcome (Outcome)
Harmonising fat_distr (fat_distr) and Outcome (Outcome)
[1] 335
[1] 335
  iteration traits posterior_prob regional_prob candidate_snp
1         1   None             NA        0.0384            NA
  posterior_explained_by_snp dropped_trait  lead_snp
1                         NA      iradjbmi rs1128249
[1] "GENE_cond"
[1] "ENSG00000115290_2_165414741_C_T"
Harmonising fat_distr (fat_distr) and Outcome (Outcome)
Harmonising fat_distr (fat_distr) and Outcome (Outcome)
[1] 335
[1] 335
  iteration traits posterior_prob regional_prob candidate_snp
1         1   None             NA         0.916            NA
  posterior_explained_by_snp dropped_trait  lead_snp
1                         NA      iradjbmi rs1128249
[1] "GENE_cond"
[1] "ENSG00000115290_2_165539661_T_C"
Harmonising fat_distr (fat_distr) and Outcome (Outcome)
Harmonising fat_distr (fat_distr) and Outcome (Outcome)
[1] 336
[1] 336
  iteration                                    traits posterior_prob
1         1 iradjbmi, ENSG00000115290_2_165539661_T_C         0.9616
  regional_prob candidate_snp posterior_explained_by_snp dropped_trait
1             1     rs1128249                     0.4392            NA
   lead_snp
1 rs1128249
[1] "LEAD INDEX"
[1] 17
[1] "LEAD INDEX"
[1] 18
[1] "LEAD INDEX"
[1] 19
[1] "LEAD INDEX"
[1] 20
[1] "CHROMOSOME"
[1] 3
[1] "LEAD INDEX"
[1] 1
[1] "LEAD INDEX"
[1] 2
[1] "LEAD INDEX"
[1] 3
[1] "LEAD INDEX"
[1] 4
[1] "LEAD INDEX"
[1] 5
[1] "LEAD INDEX"
[1] 6
[1] "LEAD INDEX"
[1] 7
[1] "LEAD INDEX"
[1] 8
[1] "GENE_cond"
[1] "ENSG00000169814_3_15655343_A_C"
Harmonising fat_distr (fat_distr) and Outcome (Outcome)
Harmonising fat_distr (fat_distr) and Outcome (Outcome)
[1] 376
[1] 376
  iteration                                   traits posterior_prob
1         1 iradjbmi, ENSG00000169814_3_15655343_A_C         0.8358
  regional_prob candidate_snp posterior_explained_by_snp dropped_trait
1        0.9928     rs2455799                     0.1486            NA
   lead_snp
1 rs2455853
[1] "GENE_cond"
[1] "ENSG00000169814_3_15691455_T_G"
Harmonising fat_distr (fat_distr) and Outcome (Outcome)
Harmonising fat_distr (fat_distr) and Outcome (Outcome)
[1] 377
[1] 377
  iteration traits posterior_prob regional_prob candidate_snp
1         1   None             NA         2e-04            NA
  posterior_explained_by_snp                  dropped_trait  lead_snp
1                         NA ENSG00000169814_3_15691455_T_G rs2455853
[1] "GENE_cond"
[1] "ENSG00000169814_3_15557682_T_A"
Harmonising fat_distr (fat_distr) and Outcome (Outcome)
Harmonising fat_distr (fat_distr) and Outcome (Outcome)
[1] 376
[1] 376
  iteration traits posterior_prob regional_prob candidate_snp
1         1   None             NA        0.0271            NA
  posterior_explained_by_snp                  dropped_trait  lead_snp
1                         NA ENSG00000169814_3_15557682_T_A rs2455853
[1] "GENE_cond"
[1] "ENSG00000169814_3_15560149_T_C"
Harmonising fat_distr (fat_distr) and Outcome (Outcome)
Harmonising fat_distr (fat_distr) and Outcome (Outcome)
[1] 376
[1] 376
  iteration traits posterior_prob regional_prob candidate_snp
1         1   None             NA        0.2959            NA
  posterior_explained_by_snp dropped_trait  lead_snp
1                         NA      iradjbmi rs2455853
[1] "LEAD INDEX"
[1] 9
[1] "GENE_cond"
[1] "ENSG00000151090_3_24404959_A_G"
Harmonising fat_distr (fat_distr) and Outcome (Outcome)
Harmonising fat_distr (fat_distr) and Outcome (Outcome)
[1] 485
[1] 485
  iteration traits posterior_prob regional_prob candidate_snp
1         1   None             NA         0.001            NA
  posterior_explained_by_snp                  dropped_trait  lead_snp
1                         NA ENSG00000151090_3_24404959_A_G rs2044756
[1] "GENE_cond"
[1] "ENSG00000151090_3_24304677_C_G"
Harmonising fat_distr (fat_distr) and Outcome (Outcome)
Harmonising fat_distr (fat_distr) and Outcome (Outcome)
[1] 485
[1] 485
  iteration                                   traits posterior_prob
1         1 iradjbmi, ENSG00000151090_3_24304677_C_G         0.9934
  regional_prob candidate_snp posterior_explained_by_snp dropped_trait
1        0.9973     rs2044756                     0.8857            NA
   lead_snp
1 rs2044756
[1] "GENE_cond"
[1] "ENSG00000151090_3_24496555_G_A"
Harmonising fat_distr (fat_distr) and Outcome (Outcome)
Harmonising fat_distr (fat_distr) and Outcome (Outcome)
[1] 485
[1] 485
  iteration traits posterior_prob regional_prob candidate_snp
1         1   None             NA         1e-04            NA
  posterior_explained_by_snp                  dropped_trait  lead_snp
1                         NA ENSG00000151090_3_24496555_G_A rs2044756
[1] "LEAD INDEX"
[1] 10
[1] "GENE_cond"
[1] "ENSG00000164068_3_49769071_C_T"
Harmonising fat_distr (fat_distr) and Outcome (Outcome)
Harmonising fat_distr (fat_distr) and Outcome (Outcome)
[1] 229
[1] 229
  iteration                                   traits posterior_prob
1         1 iradjbmi, ENSG00000164068_3_49769071_C_T         0.9636
  regional_prob candidate_snp posterior_explained_by_snp dropped_trait
1        0.9999    rs13316065                     0.9133            NA
    lead_snp
1 rs13316065
[1] "GENE_cond"
[1] "ENSG00000164068_3_49878113_T_C"
Harmonising fat_distr (fat_distr) and Outcome (Outcome)
Harmonising fat_distr (fat_distr) and Outcome (Outcome)
[1] 229
[1] 229
  iteration                                   traits posterior_prob
1         1 iradjbmi, ENSG00000164068_3_49878113_T_C         0.8868
  regional_prob candidate_snp posterior_explained_by_snp dropped_trait
1        0.9996     rs1317140                     0.1453            NA
    lead_snp
1 rs13316065
[1] "LEAD INDEX"
[1] 11
[1] "GENE_cond"
[1] "ENSG00000010322_3_52261468_T_G"
Harmonising fat_distr (fat_distr) and Outcome (Outcome)
Harmonising fat_distr (fat_distr) and Outcome (Outcome)
[1] 316
[1] 316
  iteration traits posterior_prob regional_prob candidate_snp
1         1   None             NA        0.9999            NA
  posterior_explained_by_snp dropped_trait   lead_snp
1                         NA      iradjbmi rs17052061
[1] "GENE_cond"
[1] "ENSG00000010322_3_52516293_C_G"
Harmonising fat_distr (fat_distr) and Outcome (Outcome)
Harmonising fat_distr (fat_distr) and Outcome (Outcome)
[1] 316
[1] 316
  iteration                                   traits posterior_prob
1         1 iradjbmi, ENSG00000010322_3_52516293_C_G         0.9412
  regional_prob candidate_snp posterior_explained_by_snp dropped_trait
1        0.9993     rs2159607                     0.3301            NA
    lead_snp
1 rs17052061
[1] "GENE_cond"
[1] "ENSG00000168237_3_52273421_G_A"
Harmonising fat_distr (fat_distr) and Outcome (Outcome)
Harmonising fat_distr (fat_distr) and Outcome (Outcome)
[1] 316
[1] 316
  iteration traits posterior_prob regional_prob candidate_snp
1         1   None             NA        0.5018            NA
  posterior_explained_by_snp dropped_trait   lead_snp
1                         NA      iradjbmi rs17052061
[1] "GENE_cond"
[1] "ENSG00000168237_3_52276901_C_T"
Harmonising fat_distr (fat_distr) and Outcome (Outcome)
Harmonising fat_distr (fat_distr) and Outcome (Outcome)
[1] 315
[1] 315
  iteration traits posterior_prob regional_prob candidate_snp
1         1   None             NA          0.99            NA
  posterior_explained_by_snp                  dropped_trait   lead_snp
1                         NA ENSG00000168237_3_52276901_C_T rs17052061
[1] "LEAD INDEX"
[1] 12
[1] "LEAD INDEX"
[1] 13
[1] "LEAD INDEX"
[1] 14
[1] "CHROMOSOME"
[1] 4
[1] "LEAD INDEX"
[1] 1
[1] "LEAD INDEX"
[1] 2
[1] "LEAD INDEX"
[1] 3
[1] "GENE_cond"
[1] "ENSG00000127415_4_831852_A_C"
Harmonising fat_distr (fat_distr) and Outcome (Outcome)
Harmonising fat_distr (fat_distr) and Outcome (Outcome)
[1] 378
[1] 378
  iteration traits posterior_prob regional_prob candidate_snp
1         1   None             NA        0.0099            NA
  posterior_explained_by_snp dropped_trait   lead_snp
1                         NA      iradjbmi rs11724804
[1] "GENE_cond"
[1] "ENSG00000127415_4_939087_C_T"
Harmonising fat_distr (fat_distr) and Outcome (Outcome)
Harmonising fat_distr (fat_distr) and Outcome (Outcome)
[1] 378
[1] 378
  iteration traits posterior_prob regional_prob candidate_snp
1         1   None             NA        0.0142            NA
  posterior_explained_by_snp                dropped_trait   lead_snp
1                         NA ENSG00000127415_4_939087_C_T rs11724804
[1] "GENE_cond"
[1] "ENSG00000127415_4_1077656_C_T"
Harmonising fat_distr (fat_distr) and Outcome (Outcome)
Harmonising fat_distr (fat_distr) and Outcome (Outcome)
[1] 378
[1] 378
  iteration traits posterior_prob regional_prob candidate_snp
1         1   None             NA         0.021            NA
  posterior_explained_by_snp                 dropped_trait   lead_snp
1                         NA ENSG00000127415_4_1077656_C_T rs11724804
[1] "GENE_cond"
[1] "ENSG00000127415_4_980932_G_A"
Harmonising fat_distr (fat_distr) and Outcome (Outcome)
Harmonising fat_distr (fat_distr) and Outcome (Outcome)
[1] 378
[1] 378
  iteration                                 traits posterior_prob regional_prob
1         1 iradjbmi, ENSG00000127415_4_980932_G_A         0.9907        0.9996
  candidate_snp posterior_explained_by_snp dropped_trait   lead_snp
1    rs11724804                     0.7695            NA rs11724804
[1] "GENE_cond"
[1] "ENSG00000127415_4_1010778_T_C"
Harmonising fat_distr (fat_distr) and Outcome (Outcome)
Harmonising fat_distr (fat_distr) and Outcome (Outcome)
[1] 378
[1] 378
  iteration traits posterior_prob regional_prob candidate_snp
1         1   None             NA        0.0418            NA
  posterior_explained_by_snp                 dropped_trait   lead_snp
1                         NA ENSG00000127415_4_1010778_T_C rs11724804
[1] "GENE_cond"
[1] "ENSG00000145214_4_960713_G_A"
Harmonising fat_distr (fat_distr) and Outcome (Outcome)
Harmonising fat_distr (fat_distr) and Outcome (Outcome)
[1] 378
[1] 378
  iteration                                 traits posterior_prob regional_prob
1         1 iradjbmi, ENSG00000145214_4_960713_G_A          0.986        0.9995
  candidate_snp posterior_explained_by_snp dropped_trait   lead_snp
1     rs4690220                          1            NA rs11724804
[1] "GENE_cond"
[1] "ENSG00000145214_4_969111_C_T"
Harmonising fat_distr (fat_distr) and Outcome (Outcome)
Harmonising fat_distr (fat_distr) and Outcome (Outcome)
[1] 378
[1] 378
  iteration                                 traits posterior_prob regional_prob
1         1 iradjbmi, ENSG00000145214_4_969111_C_T         0.8338        0.9804
  candidate_snp posterior_explained_by_snp dropped_trait   lead_snp
1    rs11248060                     0.6375            NA rs11724804
[1] "GENE_cond"
[1] "ENSG00000145214_4_943540_G_A"
Harmonising fat_distr (fat_distr) and Outcome (Outcome)
Harmonising fat_distr (fat_distr) and Outcome (Outcome)
[1] 378
[1] 378
  iteration                                 traits posterior_prob regional_prob
1         1 iradjbmi, ENSG00000145214_4_943540_G_A         0.9405        0.9929
  candidate_snp posterior_explained_by_snp dropped_trait   lead_snp
1     rs6813110                     0.9685            NA rs11724804
[1] "GENE_cond"
[1] "ENSG00000145214_4_943418_C_T"
Harmonising fat_distr (fat_distr) and Outcome (Outcome)
Harmonising fat_distr (fat_distr) and Outcome (Outcome)
[1] 378
[1] 378
  iteration traits posterior_prob regional_prob candidate_snp
1         1   None             NA        0.6497            NA
  posterior_explained_by_snp dropped_trait   lead_snp
1                         NA      iradjbmi rs11724804
[1] "LEAD INDEX"
[1] 4
[1] "GENE_cond"
[1] "ENSG00000188981_4_3261152_G_A"
Harmonising fat_distr (fat_distr) and Outcome (Outcome)
Harmonising fat_distr (fat_distr) and Outcome (Outcome)
[1] 328
[1] 328
[1] "GENE_cond"
[1] "ENSG00000188981_4_3236135_G_T"
Harmonising fat_distr (fat_distr) and Outcome (Outcome)
Harmonising fat_distr (fat_distr) and Outcome (Outcome)
[1] 328
[1] 328
  iteration                                  traits posterior_prob
1         1 iradjbmi, ENSG00000188981_4_3236135_G_T          0.297
  regional_prob candidate_snp posterior_explained_by_snp dropped_trait lead_snp
1        0.5182    rs12508004                     0.4664            NA rs363066
[1] "LEAD INDEX"
[1] 5
[1] "GENE_cond"
[1] "ENSG00000159788_4_3433782_T_A"
Harmonising fat_distr (fat_distr) and Outcome (Outcome)
Harmonising fat_distr (fat_distr) and Outcome (Outcome)
[1] 308
[1] 308
  iteration traits posterior_prob regional_prob candidate_snp
1         1   None             NA        0.6996            NA
  posterior_explained_by_snp dropped_trait   lead_snp
1                         NA      iradjbmi rs10027926
[1] "GENE_cond"
[1] "ENSG00000159788_4_3329789_A_G"
Harmonising fat_distr (fat_distr) and Outcome (Outcome)
Harmonising fat_distr (fat_distr) and Outcome (Outcome)
[1] 308
[1] 308
  iteration traits posterior_prob regional_prob candidate_snp
1         1   None             NA        0.0524            NA
  posterior_explained_by_snp                 dropped_trait   lead_snp
1                         NA ENSG00000159788_4_3329789_A_G rs10027926
[1] "GENE_cond"
[1] "ENSG00000159788_4_3390146_T_C"
Harmonising fat_distr (fat_distr) and Outcome (Outcome)
Harmonising fat_distr (fat_distr) and Outcome (Outcome)
[1] 309
[1] 309
  iteration                                  traits posterior_prob
1         1 iradjbmi, ENSG00000159788_4_3390146_T_C          0.978
  regional_prob candidate_snp posterior_explained_by_snp dropped_trait
1        0.9998     rs2269496                     0.7136            NA
    lead_snp
1 rs10027926
[1] "LEAD INDEX"
[1] 6
[1] "GENE_cond"
[1] "ENSG00000163132_4_4638781_A_C"
Harmonising fat_distr (fat_distr) and Outcome (Outcome)
Harmonising fat_distr (fat_distr) and Outcome (Outcome)
[1] 558
[1] 558
[1] "GENE_cond"
[1] "ENSG00000163132_4_4990298_A_G"
Harmonising fat_distr (fat_distr) and Outcome (Outcome)
Harmonising fat_distr (fat_distr) and Outcome (Outcome)
[1] 559
[1] 559
  iteration                                  traits posterior_prob
1         1 iradjbmi, ENSG00000163132_4_4990298_A_G              1
  regional_prob candidate_snp posterior_explained_by_snp dropped_trait
1             1     rs4450871                          1            NA
   lead_snp
1 rs4450871
[1] "GENE_cond"
[1] "ENSG00000163132_4_4872247_A_G"
Harmonising fat_distr (fat_distr) and Outcome (Outcome)
Harmonising fat_distr (fat_distr) and Outcome (Outcome)
[1] 559
[1] 559
  iteration traits posterior_prob regional_prob candidate_snp
1         1   None             NA         4e-04            NA
  posterior_explained_by_snp                 dropped_trait  lead_snp
1                         NA ENSG00000163132_4_4872247_A_G rs4450871
[1] "GENE_cond"
[1] "ENSG00000163132_4_4914084_G_A"
Harmonising fat_distr (fat_distr) and Outcome (Outcome)
Harmonising fat_distr (fat_distr) and Outcome (Outcome)
[1] 558
[1] 558
  iteration traits posterior_prob regional_prob candidate_snp
1         1   None             NA        0.0175            NA
  posterior_explained_by_snp                 dropped_trait  lead_snp
1                         NA ENSG00000163132_4_4914084_G_A rs4450871
[1] "GENE_cond"
[1] "ENSG00000163132_4_4891932_G_A"
Harmonising fat_distr (fat_distr) and Outcome (Outcome)
Harmonising fat_distr (fat_distr) and Outcome (Outcome)
[1] 558
[1] 558
  iteration traits posterior_prob regional_prob candidate_snp
1         1   None             NA        0.0249            NA
  posterior_explained_by_snp                 dropped_trait  lead_snp
1                         NA ENSG00000163132_4_4891932_G_A rs4450871
[1] "LEAD INDEX"
[1] 7
[1] "GENE_cond"
[1] "ENSG00000163257_4_17798334_G_A"
Harmonising fat_distr (fat_distr) and Outcome (Outcome)
Harmonising fat_distr (fat_distr) and Outcome (Outcome)
[1] 295
[1] 295
  iteration traits posterior_prob regional_prob candidate_snp
1         1   None             NA        0.9884            NA
  posterior_explained_by_snp dropped_trait  lead_snp
1                         NA      iradjbmi rs7694806
[1] "GENE_cond"
[1] "ENSG00000163257_4_17986522_C_T"
Harmonising fat_distr (fat_distr) and Outcome (Outcome)
Harmonising fat_distr (fat_distr) and Outcome (Outcome)
[1] 295
[1] 295
  iteration                                   traits posterior_prob
1         1 iradjbmi, ENSG00000163257_4_17986522_C_T         0.9566
  regional_prob candidate_snp posterior_explained_by_snp dropped_trait
1        0.9999     rs7663818                     0.1784            NA
   lead_snp
1 rs7694806
[1] "LEAD INDEX"
[1] 8
[1] "LEAD INDEX"
[1] 9
[1] "LEAD INDEX"
[1] 10
[1] "GENE_cond"
[1] "ENSG00000138640_4_89753225_A_G"
Harmonising fat_distr (fat_distr) and Outcome (Outcome)
Harmonising fat_distr (fat_distr) and Outcome (Outcome)
[1] 411
[1] 411
  iteration                                   traits posterior_prob
1         1 iradjbmi, ENSG00000138640_4_89753225_A_G         0.8177
  regional_prob candidate_snp posterior_explained_by_snp dropped_trait
1        0.9928     rs2085600                          1            NA
   lead_snp
1 rs9991328
[1] "GENE_cond"
[1] "ENSG00000138640_4_89725466_A_C"
Harmonising fat_distr (fat_distr) and Outcome (Outcome)
Harmonising fat_distr (fat_distr) and Outcome (Outcome)
[1] 411
[1] 411
  iteration                                   traits posterior_prob
1         1 iradjbmi, ENSG00000138640_4_89725466_A_C         0.9918
  regional_prob candidate_snp posterior_explained_by_snp dropped_trait
1             1     rs9991328                     0.7663            NA
   lead_snp
1 rs9991328
[1] "GENE_cond"
[1] "ENSG00000138640_4_89619276_A_G"
Harmonising fat_distr (fat_distr) and Outcome (Outcome)
Harmonising fat_distr (fat_distr) and Outcome (Outcome)
[1] 412
[1] 412
  iteration traits posterior_prob regional_prob candidate_snp
1         1   None             NA        0.2121            NA
  posterior_explained_by_snp                  dropped_trait  lead_snp
1                         NA ENSG00000138640_4_89619276_A_G rs9991328
[1] "LEAD INDEX"
[1] 11
[1] "GENE_cond"
[1] "ENSG00000145431_4_157739565_C_T"
Harmonising fat_distr (fat_distr) and Outcome (Outcome)
Harmonising fat_distr (fat_distr) and Outcome (Outcome)
[1] 355
[1] 355
[1] "GENE_cond"
[1] "ENSG00000145431_4_157064055_C_T"
Harmonising fat_distr (fat_distr) and Outcome (Outcome)
Harmonising fat_distr (fat_distr) and Outcome (Outcome)
[1] 355
[1] 355
  iteration                                    traits posterior_prob
1         1 iradjbmi, ENSG00000145431_4_157064055_C_T         0.5835
  regional_prob candidate_snp posterior_explained_by_snp dropped_trait
1        0.7062     rs1816164                     0.2178            NA
   lead_snp
1 rs1425486
[1] "CHROMOSOME"
[1] 5
[1] "LEAD INDEX"
[1] 1
[1] "LEAD INDEX"
[1] 2
[1] "GENE_cond"
[1] "ENSG00000145632_5_57607142_A_T"
Harmonising fat_distr (fat_distr) and Outcome (Outcome)
Harmonising fat_distr (fat_distr) and Outcome (Outcome)
[1] 488
[1] 488
  iteration                                   traits posterior_prob
1         1 iradjbmi, ENSG00000145632_5_57607142_A_T         0.8383
  regional_prob candidate_snp posterior_explained_by_snp dropped_trait lead_snp
1         0.951      rs151913                     0.9623            NA rs151913
[1] "GENE_cond"
[1] "ENSG00000145632_5_57096935_C_T"
Harmonising fat_distr (fat_distr) and Outcome (Outcome)
Harmonising fat_distr (fat_distr) and Outcome (Outcome)
[1] 488
[1] 488
  iteration traits posterior_prob regional_prob candidate_snp
1         1   None             NA        0.0607            NA
  posterior_explained_by_snp                  dropped_trait lead_snp
1                         NA ENSG00000145632_5_57096935_C_T rs151913
[1] "LEAD INDEX"
[1] 3
[1] "GENE_cond"
[1] "ENSG00000245937_5_127388844_G_A"
Harmonising fat_distr (fat_distr) and Outcome (Outcome)
Harmonising fat_distr (fat_distr) and Outcome (Outcome)
[1] 341
[1] 341
  iteration                                    traits posterior_prob
1         1 iradjbmi, ENSG00000245937_5_127388844_G_A         0.9823
  regional_prob candidate_snp posterior_explained_by_snp dropped_trait
1        0.9941     rs3749748                      0.982            NA
    lead_snp
1 rs17764730
[1] "GENE_cond"
[1] "ENSG00000245937_5_127311272_G_A"
Harmonising fat_distr (fat_distr) and Outcome (Outcome)
Harmonising fat_distr (fat_distr) and Outcome (Outcome)
[1] 341
[1] 341
  iteration traits posterior_prob regional_prob candidate_snp
1         1   None             NA        0.0139            NA
  posterior_explained_by_snp                   dropped_trait   lead_snp
1                         NA ENSG00000245937_5_127311272_G_A rs17764730
[1] "LEAD INDEX"
[1] 4
[1] "GENE_cond"
[1] "ENSG00000131435_5_131604257_G_A"
Harmonising fat_distr (fat_distr) and Outcome (Outcome)
Harmonising fat_distr (fat_distr) and Outcome (Outcome)
[1] 385
[1] 385
  iteration traits posterior_prob regional_prob candidate_snp
1         1   None             NA        0.0025            NA
  posterior_explained_by_snp                   dropped_trait   lead_snp
1                         NA ENSG00000131435_5_131604257_G_A rs10479001
[1] "GENE_cond"
[1] "ENSG00000131435_5_131592870_T_C"
Harmonising fat_distr (fat_distr) and Outcome (Outcome)
Harmonising fat_distr (fat_distr) and Outcome (Outcome)
[1] 386
[1] 386
  iteration traits posterior_prob regional_prob candidate_snp
1         1   None             NA        0.0038            NA
  posterior_explained_by_snp                   dropped_trait   lead_snp
1                         NA ENSG00000131435_5_131592870_T_C rs10479001
[1] "LEAD INDEX"
[1] 5
[1] "LEAD INDEX"
[1] 6
[1] "LEAD INDEX"
[1] 7
[1] "LEAD INDEX"
[1] 8
[1] "LEAD INDEX"
[1] 9
[1] "GENE_cond"
[1] "ENSG00000155542_5_56270181_T_G"
Harmonising fat_distr (fat_distr) and Outcome (Outcome)
Harmonising fat_distr (fat_distr) and Outcome (Outcome)
[1] 478
[1] 478
  iteration traits posterior_prob regional_prob candidate_snp
1         1   None             NA        0.0216            NA
  posterior_explained_by_snp                  dropped_trait lead_snp
1                         NA ENSG00000155542_5_56270181_T_G rs702691
[1] "GENE_cond"
[1] "ENSG00000155542_5_56096029_T_C"
Harmonising fat_distr (fat_distr) and Outcome (Outcome)
Harmonising fat_distr (fat_distr) and Outcome (Outcome)
[1] 477
[1] 477
  iteration traits posterior_prob regional_prob candidate_snp
1         1   None             NA        0.9948            NA
  posterior_explained_by_snp dropped_trait lead_snp
1                         NA      iradjbmi rs702691
[1] "LEAD INDEX"
[1] 10
[1] "LEAD INDEX"
[1] 11
[1] "LEAD INDEX"
[1] 12
[1] "LEAD INDEX"
[1] 13
[1] "GENE_cond"
[1] "ENSG00000171444_5_112386217_A_G"
Harmonising fat_distr (fat_distr) and Outcome (Outcome)
Harmonising fat_distr (fat_distr) and Outcome (Outcome)
[1] 444
[1] 444
  iteration                                    traits posterior_prob
1         1 iradjbmi, ENSG00000171444_5_112386217_A_G         0.9231
  regional_prob candidate_snp posterior_explained_by_snp dropped_trait
1        0.9703     rs7731890                     0.9771            NA
   lead_snp
1 rs7732198
[1] "GENE_cond"
[1] "ENSG00000171444_5_112623292_G_A"
Harmonising fat_distr (fat_distr) and Outcome (Outcome)
Harmonising fat_distr (fat_distr) and Outcome (Outcome)
[1] 443
[1] 443
  iteration traits posterior_prob regional_prob candidate_snp
1         1   None             NA        0.0342            NA
  posterior_explained_by_snp                   dropped_trait  lead_snp
1                         NA ENSG00000171444_5_112623292_G_A rs7732198
[1] "LEAD INDEX"
[1] 14
[1] "GENE_cond"
[1] "ENSG00000145779_5_118732187_C_G"
Harmonising fat_distr (fat_distr) and Outcome (Outcome)
Harmonising fat_distr (fat_distr) and Outcome (Outcome)
[1] 330
[1] 330
[1] "GENE_cond"
[1] "ENSG00000145779_5_118737272_A_G"
Harmonising fat_distr (fat_distr) and Outcome (Outcome)
Harmonising fat_distr (fat_distr) and Outcome (Outcome)
[1] 330
[1] 330
  iteration traits posterior_prob regional_prob candidate_snp
1         1   None             NA        0.0037            NA
  posterior_explained_by_snp dropped_trait  lead_snp
1                         NA      iradjbmi rs1045241
[1] "LEAD INDEX"
[1] 15
[1] "LEAD INDEX"
[1] 16
[1] "GENE_cond"
[1] "ENSG00000170606_5_132444128_G_A"
Harmonising fat_distr (fat_distr) and Outcome (Outcome)
Harmonising fat_distr (fat_distr) and Outcome (Outcome)
[1] 410
[1] 410
  iteration                                    traits posterior_prob
1         1 iradjbmi, ENSG00000170606_5_132444128_G_A         0.6075
  regional_prob candidate_snp posterior_explained_by_snp dropped_trait lead_snp
1        0.6501    rs12332115                          1            NA  rs13718
[1] "GENE_cond"
[1] "ENSG00000170606_5_132386684_G_T"
Harmonising fat_distr (fat_distr) and Outcome (Outcome)
Harmonising fat_distr (fat_distr) and Outcome (Outcome)
[1] 410
[1] 410
[1] "LEAD INDEX"
[1] 17
[1] "LEAD INDEX"
[1] 18
[1] "CHROMOSOME"
[1] 6
[1] "LEAD INDEX"
[1] 1
[1] "LEAD INDEX"
[1] 2
[1] "GENE_cond"
[1] "ENSG00000203875_6_86387888_G_T"
Harmonising fat_distr (fat_distr) and Outcome (Outcome)
Harmonising fat_distr (fat_distr) and Outcome (Outcome)
[1] 302
[1] 302
[1] "GENE_cond"
[1] "ENSG00000203875_6_85440804_G_A"
Harmonising fat_distr (fat_distr) and Outcome (Outcome)
Harmonising fat_distr (fat_distr) and Outcome (Outcome)
[1] 301
[1] 301
  iteration traits posterior_prob regional_prob candidate_snp
1         1   None             NA        0.0022            NA
  posterior_explained_by_snp dropped_trait  lead_snp
1                         NA      iradjbmi rs6454486
[1] "LEAD INDEX"
[1] 3
[1] "LEAD INDEX"
[1] 4
[1] "LEAD INDEX"
[1] 5
[1] "LEAD INDEX"
[1] 6
[1] "GENE_cond"
[1] "ENSG00000112715_6_43744621_C_T"
Harmonising fat_distr (fat_distr) and Outcome (Outcome)
Harmonising fat_distr (fat_distr) and Outcome (Outcome)
[1] 425
[1] 425
  iteration traits posterior_prob regional_prob candidate_snp
1         1   None             NA         1e-04            NA
  posterior_explained_by_snp                  dropped_trait lead_snp
1                         NA ENSG00000112715_6_43744621_C_T rs998584
[1] "GENE_cond"
[1] "ENSG00000112715_6_43693854_G_A"
Harmonising fat_distr (fat_distr) and Outcome (Outcome)
Harmonising fat_distr (fat_distr) and Outcome (Outcome)
[1] 425
[1] 425
  iteration traits posterior_prob regional_prob candidate_snp
1         1   None             NA        0.0033            NA
  posterior_explained_by_snp dropped_trait lead_snp
1                         NA      iradjbmi rs998584
[1] "GENE_cond"
[1] "ENSG00000112715_6_43757896_C_A"
Harmonising fat_distr (fat_distr) and Outcome (Outcome)
Harmonising fat_distr (fat_distr) and Outcome (Outcome)
[1] 426
[1] 426
  iteration                                   traits posterior_prob
1         1 iradjbmi, ENSG00000112715_6_43757896_C_A         0.9993
  regional_prob candidate_snp posterior_explained_by_snp dropped_trait lead_snp
1             1      rs998584                     0.9927            NA rs998584
[1] "LEAD INDEX"
[1] 7
[1] "LEAD INDEX"
[1] 8
[1] "LEAD INDEX"
[1] 9
[1] "LEAD INDEX"
[1] 10
[1] "LEAD INDEX"
[1] 11
[1] "LEAD INDEX"
[1] 12
[1] "LEAD INDEX"
[1] 13
[1] "LEAD INDEX"
[1] 14
[1] "GENE_cond"
[1] "ENSG00000175003_6_160551093_T_G"
Harmonising fat_distr (fat_distr) and Outcome (Outcome)
Harmonising fat_distr (fat_distr) and Outcome (Outcome)
[1] 543
[1] 543
  iteration traits posterior_prob regional_prob candidate_snp
1         1   None             NA         0.033            NA
  posterior_explained_by_snp                   dropped_trait   lead_snp
1                         NA ENSG00000175003_6_160551093_T_G rs12202350
[1] "GENE_cond"
[1] "ENSG00000175003_6_160524578_C_G"
Harmonising fat_distr (fat_distr) and Outcome (Outcome)
Harmonising fat_distr (fat_distr) and Outcome (Outcome)
[1] 543
[1] 543
[1] "GENE_cond"
[1] "ENSG00000197081_6_160338775_A_C"
Harmonising fat_distr (fat_distr) and Outcome (Outcome)
Harmonising fat_distr (fat_distr) and Outcome (Outcome)
[1] 542
[1] 542
  iteration traits posterior_prob regional_prob candidate_snp
1         1   None             NA        0.9999            NA
  posterior_explained_by_snp dropped_trait   lead_snp
1                         NA      iradjbmi rs12202350
[1] "GENE_cond"
[1] "ENSG00000197081_6_160511354_G_A"
Harmonising fat_distr (fat_distr) and Outcome (Outcome)
Harmonising fat_distr (fat_distr) and Outcome (Outcome)
[1] 543
[1] 543
  iteration traits posterior_prob regional_prob candidate_snp
1         1   None             NA        0.0241            NA
  posterior_explained_by_snp                   dropped_trait   lead_snp
1                         NA ENSG00000197081_6_160511354_G_A rs12202350
[1] "GENE_cond"
[1] "ENSG00000213073_6_160506462_G_A"
Harmonising fat_distr (fat_distr) and Outcome (Outcome)
Harmonising fat_distr (fat_distr) and Outcome (Outcome)
[1] 543
[1] 543
  iteration traits posterior_prob regional_prob candidate_snp
1         1   None             NA        0.0125            NA
  posterior_explained_by_snp                   dropped_trait   lead_snp
1                         NA ENSG00000213073_6_160506462_G_A rs12202350
[1] "GENE_cond"
[1] "ENSG00000213073_6_160390603_G_C"
Harmonising fat_distr (fat_distr) and Outcome (Outcome)
Harmonising fat_distr (fat_distr) and Outcome (Outcome)
[1] 542
[1] 542
  iteration traits posterior_prob regional_prob candidate_snp
1         1   None             NA        0.9999            NA
  posterior_explained_by_snp                   dropped_trait   lead_snp
1                         NA ENSG00000213073_6_160390603_G_C rs12202350
[1] "GENE_cond"
[1] "ENSG00000213073_6_160471006_C_G"
Harmonising fat_distr (fat_distr) and Outcome (Outcome)
Harmonising fat_distr (fat_distr) and Outcome (Outcome)
[1] 542
[1] 542
  iteration traits posterior_prob regional_prob candidate_snp
1         1   None             NA        0.0071            NA
  posterior_explained_by_snp                   dropped_trait   lead_snp
1                         NA ENSG00000213073_6_160471006_C_G rs12202350
[1] "GENE_cond"
[1] "ENSG00000270949_6_160556642_C_T"
Harmonising fat_distr (fat_distr) and Outcome (Outcome)
Harmonising fat_distr (fat_distr) and Outcome (Outcome)
[1] 541
[1] 541
  iteration traits posterior_prob regional_prob candidate_snp
1         1   None             NA         2e-04            NA
  posterior_explained_by_snp                   dropped_trait   lead_snp
1                         NA ENSG00000270949_6_160556642_C_T rs12202350
[1] "GENE_cond"
[1] "ENSG00000270949_6_160338775_A_C"
Harmonising fat_distr (fat_distr) and Outcome (Outcome)
Harmonising fat_distr (fat_distr) and Outcome (Outcome)
[1] 540
[1] 540
  iteration traits posterior_prob regional_prob candidate_snp
1         1   None             NA        0.9999            NA
  posterior_explained_by_snp dropped_trait   lead_snp
1                         NA      iradjbmi rs12202350
[1] "GENE_cond"
[1] "ENSG00000270949_6_160435929_G_A"
Harmonising fat_distr (fat_distr) and Outcome (Outcome)
Harmonising fat_distr (fat_distr) and Outcome (Outcome)
[1] 541
[1] 541
  iteration traits posterior_prob regional_prob candidate_snp
1         1   None             NA         2e-04            NA
  posterior_explained_by_snp                   dropped_trait   lead_snp
1                         NA ENSG00000270949_6_160435929_G_A rs12202350
[1] "GENE_cond"
[1] "ENSG00000270949_6_160572866_C_A"
Harmonising fat_distr (fat_distr) and Outcome (Outcome)
Harmonising fat_distr (fat_distr) and Outcome (Outcome)
[1] 541
[1] 541
  iteration traits posterior_prob regional_prob candidate_snp
1         1   None             NA        0.8642            NA
  posterior_explained_by_snp dropped_trait   lead_snp
1                         NA      iradjbmi rs12202350
[1] "LEAD INDEX"
[1] 15
[1] "LEAD INDEX"
[1] 16
[1] "CHROMOSOME"
[1] 7
[1] "LEAD INDEX"
[1] 1
[1] "LEAD INDEX"
[1] 2
[1] "GENE_cond"
[1] "ENSG00000091136_7_107614370_T_G"
Harmonising fat_distr (fat_distr) and Outcome (Outcome)
Harmonising fat_distr (fat_distr) and Outcome (Outcome)
[1] 506
[1] 506
  iteration traits posterior_prob regional_prob candidate_snp
1         1   None             NA         0.328            NA
  posterior_explained_by_snp                   dropped_trait  lead_snp
1                         NA ENSG00000091136_7_107614370_T_G rs4727695
[1] "GENE_cond"
[1] "ENSG00000091136_7_107612784_C_T"
Harmonising fat_distr (fat_distr) and Outcome (Outcome)
Harmonising fat_distr (fat_distr) and Outcome (Outcome)
[1] 506
[1] 506
  iteration                                    traits posterior_prob
1         1 iradjbmi, ENSG00000091136_7_107612784_C_T         0.9571
  regional_prob candidate_snp posterior_explained_by_snp dropped_trait
1        0.9673    rs11769960                     0.3201            NA
   lead_snp
1 rs4727695
[1] "GENE_cond"
[1] "ENSG00000273055_7_107541557_A_T"
Harmonising fat_distr (fat_distr) and Outcome (Outcome)
Harmonising fat_distr (fat_distr) and Outcome (Outcome)
[1] 506
[1] 506
  iteration traits posterior_prob regional_prob candidate_snp
1         1   None             NA        0.0029            NA
  posterior_explained_by_snp                   dropped_trait  lead_snp
1                         NA ENSG00000273055_7_107541557_A_T rs4727695
[1] "GENE_cond"
[1] "ENSG00000273055_7_107614370_T_G"
Harmonising fat_distr (fat_distr) and Outcome (Outcome)
Harmonising fat_distr (fat_distr) and Outcome (Outcome)
[1] 506
[1] 506
  iteration traits posterior_prob regional_prob candidate_snp
1         1   None             NA        0.3296            NA
  posterior_explained_by_snp                   dropped_trait  lead_snp
1                         NA ENSG00000273055_7_107614370_T_G rs4727695
[1] "GENE_cond"
[1] "ENSG00000273055_7_107551759_C_G"
Harmonising fat_distr (fat_distr) and Outcome (Outcome)
Harmonising fat_distr (fat_distr) and Outcome (Outcome)
[1] 506
[1] 506
  iteration traits posterior_prob regional_prob candidate_snp
1         1   None             NA        0.0024            NA
  posterior_explained_by_snp                   dropped_trait  lead_snp
1                         NA ENSG00000273055_7_107551759_C_G rs4727695
[1] "LEAD INDEX"
[1] 3
[1] "LEAD INDEX"
[1] 4
[1] "GENE_cond"
[1] "ENSG00000146963_7_139021214_G_A"
Harmonising fat_distr (fat_distr) and Outcome (Outcome)
Harmonising fat_distr (fat_distr) and Outcome (Outcome)
[1] 333
[1] 333
[1] "GENE_cond"
[1] "ENSG00000146963_7_139037813_A_G"
Harmonising fat_distr (fat_distr) and Outcome (Outcome)
Harmonising fat_distr (fat_distr) and Outcome (Outcome)
[1] 333
[1] 333
[1] "LEAD INDEX"
[1] 5
[1] "GENE_cond"
[1] "ENSG00000164849_7_1081562_G_C"
Harmonising fat_distr (fat_distr) and Outcome (Outcome)
Harmonising fat_distr (fat_distr) and Outcome (Outcome)
[1] 290
[1] 290
[1] "GENE_cond"
[1] "ENSG00000164849_7_1108530_T_C"
Harmonising fat_distr (fat_distr) and Outcome (Outcome)
Harmonising fat_distr (fat_distr) and Outcome (Outcome)
[1] 290
[1] 290
[1] "LEAD INDEX"
[1] 6
[1] "LEAD INDEX"
[1] 7
[1] "LEAD INDEX"
[1] 8
[1] "LEAD INDEX"
[1] 9
[1] "LEAD INDEX"
[1] 10
[1] "GENE_cond"
[1] "ENSG00000086300_7_26397239_C_A"
Harmonising fat_distr (fat_distr) and Outcome (Outcome)
Harmonising fat_distr (fat_distr) and Outcome (Outcome)
[1] 449
[1] 449
[1] "GENE_cond"
[1] "ENSG00000086300_7_26409273_A_G"
Harmonising fat_distr (fat_distr) and Outcome (Outcome)
Harmonising fat_distr (fat_distr) and Outcome (Outcome)
[1] 448
[1] 448
[1] "GENE_cond"
[1] "ENSG00000214870_7_26438699_G_A"
Harmonising fat_distr (fat_distr) and Outcome (Outcome)
Harmonising fat_distr (fat_distr) and Outcome (Outcome)
[1] 447
[1] 447
  iteration traits posterior_prob regional_prob candidate_snp
1         1   None             NA         1e-04            NA
  posterior_explained_by_snp                  dropped_trait  lead_snp
1                         NA ENSG00000214870_7_26438699_G_A rs1534696
[1] "GENE_cond"
[1] "ENSG00000214870_7_26541021_C_G"
Harmonising fat_distr (fat_distr) and Outcome (Outcome)
Harmonising fat_distr (fat_distr) and Outcome (Outcome)
[1] 447
[1] 447
  iteration traits posterior_prob regional_prob candidate_snp
1         1   None             NA         3e-04            NA
  posterior_explained_by_snp                  dropped_trait  lead_snp
1                         NA ENSG00000214870_7_26541021_C_G rs1534696
[1] "GENE_cond"
[1] "ENSG00000214870_7_26397239_C_A"
Harmonising fat_distr (fat_distr) and Outcome (Outcome)
Harmonising fat_distr (fat_distr) and Outcome (Outcome)
[1] 448
[1] 448
  iteration                                   traits posterior_prob
1         1 iradjbmi, ENSG00000214870_7_26397239_C_A         0.9999
  regional_prob candidate_snp posterior_explained_by_snp dropped_trait
1             1     rs1534696                          1            NA
   lead_snp
1 rs1534696
[1] "GENE_cond"
[1] "ENSG00000214870_7_26440133_T_C"
Harmonising fat_distr (fat_distr) and Outcome (Outcome)
Harmonising fat_distr (fat_distr) and Outcome (Outcome)
[1] 448
[1] 448
  iteration traits posterior_prob regional_prob candidate_snp
1         1   None             NA         1e-04            NA
  posterior_explained_by_snp                  dropped_trait  lead_snp
1                         NA ENSG00000214870_7_26440133_T_C rs1534696
[1] "GENE_cond"
[1] "ENSG00000225792_7_26397239_C_A"
Harmonising fat_distr (fat_distr) and Outcome (Outcome)
Harmonising fat_distr (fat_distr) and Outcome (Outcome)
[1] 448
[1] 448
  iteration                                   traits posterior_prob
1         1 iradjbmi, ENSG00000225792_7_26397239_C_A         0.9999
  regional_prob candidate_snp posterior_explained_by_snp dropped_trait
1             1     rs1534696                          1            NA
   lead_snp
1 rs1534696
[1] "GENE_cond"
[1] "ENSG00000225792_7_26416413_A_G"
Harmonising fat_distr (fat_distr) and Outcome (Outcome)
Harmonising fat_distr (fat_distr) and Outcome (Outcome)
[1] 447
[1] 447
[1] "GENE_cond"
[1] "ENSG00000225792_7_26440503_A_G"
Harmonising fat_distr (fat_distr) and Outcome (Outcome)
Harmonising fat_distr (fat_distr) and Outcome (Outcome)
[1] 448
[1] 448
  iteration traits posterior_prob regional_prob candidate_snp
1         1   None             NA         0.005            NA
  posterior_explained_by_snp dropped_trait  lead_snp
1                         NA      iradjbmi rs1534696
[1] "LEAD INDEX"
[1] 11
[1] "LEAD INDEX"
[1] 12
[1] "GENE_cond"
[1] "ENSG00000015676_7_44476105_G_A"
Harmonising fat_distr (fat_distr) and Outcome (Outcome)
Harmonising fat_distr (fat_distr) and Outcome (Outcome)
[1] 330
[1] 330
[1] "GENE_cond"
[1] "ENSG00000015676_7_44594767_C_G"
Harmonising fat_distr (fat_distr) and Outcome (Outcome)
Harmonising fat_distr (fat_distr) and Outcome (Outcome)
[1] 330
[1] 330
  iteration traits posterior_prob regional_prob candidate_snp
1         1   None             NA        0.0029            NA
  posterior_explained_by_snp dropped_trait   lead_snp
1                         NA      iradjbmi rs11770515
[1] "LEAD INDEX"
[1] 13
[1] "GENE_cond"
[1] "ENSG00000009950_7_73037366_G_A"
Harmonising fat_distr (fat_distr) and Outcome (Outcome)
Harmonising fat_distr (fat_distr) and Outcome (Outcome)
[1] 131
[1] 131
[1] "GENE_cond"
[1] "ENSG00000009950_7_73012785_A_G"
Harmonising fat_distr (fat_distr) and Outcome (Outcome)
Harmonising fat_distr (fat_distr) and Outcome (Outcome)
[1] 131
[1] 131
[1] "GENE_cond"
[1] "ENSG00000106635_7_73007606_T_C"
Harmonising fat_distr (fat_distr) and Outcome (Outcome)
Harmonising fat_distr (fat_distr) and Outcome (Outcome)
[1] 131
[1] 131
[1] "GENE_cond"
[1] "ENSG00000106635_7_72982874_C_T"
Harmonising fat_distr (fat_distr) and Outcome (Outcome)
Harmonising fat_distr (fat_distr) and Outcome (Outcome)
[1] 131
[1] 131
  iteration traits posterior_prob regional_prob candidate_snp
1         1   None             NA        0.0064            NA
  posterior_explained_by_snp dropped_trait lead_snp
1                         NA      iradjbmi   rs2573
[1] "LEAD INDEX"
[1] 14
[1] "LEAD INDEX"
[1] 15
[1] "LEAD INDEX"
[1] 16
[1] "GENE_cond"
[1] "ENSG00000231721_7_130646679_G_C"
Harmonising fat_distr (fat_distr) and Outcome (Outcome)
Harmonising fat_distr (fat_distr) and Outcome (Outcome)
[1] 421
[1] 421
  iteration traits posterior_prob regional_prob candidate_snp
1         1   None             NA         1e-04            NA
  posterior_explained_by_snp                   dropped_trait  lead_snp
1                         NA ENSG00000231721_7_130646679_G_C rs4731702
[1] "GENE_cond"
[1] "ENSG00000231721_7_130652503_T_G"
Harmonising fat_distr (fat_distr) and Outcome (Outcome)
Harmonising fat_distr (fat_distr) and Outcome (Outcome)
[1] 421
[1] 421
  iteration traits posterior_prob regional_prob candidate_snp
1         1   None             NA        0.0076            NA
  posterior_explained_by_snp dropped_trait  lead_snp
1                         NA      iradjbmi rs4731702
[1] "GENE_cond"
[1] "ENSG00000231721_7_130466854_A_G"
Harmonising fat_distr (fat_distr) and Outcome (Outcome)
Harmonising fat_distr (fat_distr) and Outcome (Outcome)
[1] 421
[1] 421
  iteration                                    traits posterior_prob
1         1 iradjbmi, ENSG00000231721_7_130466854_A_G         0.9839
  regional_prob candidate_snp posterior_explained_by_snp dropped_trait
1        0.9993    rs13234407                     0.2063            NA
   lead_snp
1 rs4731702
[1] "GENE_cond"
[1] "ENSG00000233559_7_130433384_C_T"
Harmonising fat_distr (fat_distr) and Outcome (Outcome)
Harmonising fat_distr (fat_distr) and Outcome (Outcome)
[1] 421
[1] 421
  iteration                                    traits posterior_prob
1         1 iradjbmi, ENSG00000233559_7_130433384_C_T          0.986
  regional_prob candidate_snp posterior_explained_by_snp dropped_trait
1             1     rs4731702                     0.3437            NA
   lead_snp
1 rs4731702
[1] "GENE_cond"
[1] "ENSG00000233559_7_130420740_A_G"
Harmonising fat_distr (fat_distr) and Outcome (Outcome)
Harmonising fat_distr (fat_distr) and Outcome (Outcome)
[1] 420
[1] 420
  iteration traits posterior_prob regional_prob candidate_snp
1         1   None             NA         0.864            NA
  posterior_explained_by_snp                   dropped_trait  lead_snp
1                         NA ENSG00000233559_7_130420740_A_G rs4731702
[1] "LEAD INDEX"
[1] 17
[1] "LEAD INDEX"
[1] 18
[1] "GENE_cond"
[1] "ENSG00000133574_7_150271129_G_A"
Harmonising fat_distr (fat_distr) and Outcome (Outcome)
Harmonising fat_distr (fat_distr) and Outcome (Outcome)
[1] 390
[1] 390
  iteration traits posterior_prob regional_prob candidate_snp
1         1   None             NA        0.9045            NA
  posterior_explained_by_snp dropped_trait   lead_snp
1                         NA      iradjbmi rs10254829
[1] "GENE_cond"
[1] "ENSG00000133574_7_150307600_T_C"
Harmonising fat_distr (fat_distr) and Outcome (Outcome)
Harmonising fat_distr (fat_distr) and Outcome (Outcome)
[1] 390
[1] 390
  iteration                                    traits posterior_prob
1         1 iradjbmi, ENSG00000133574_7_150307600_T_C         0.9682
  regional_prob candidate_snp posterior_explained_by_snp dropped_trait
1        0.9999     rs3735080                     0.2938            NA
    lead_snp
1 rs10254829
[1] "GENE_cond"
[1] "ENSG00000133574_7_150254030_A_C"
Harmonising fat_distr (fat_distr) and Outcome (Outcome)
Harmonising fat_distr (fat_distr) and Outcome (Outcome)
[1] 391
[1] 391
  iteration traits posterior_prob regional_prob candidate_snp
1         1   None             NA         0.002            NA
  posterior_explained_by_snp dropped_trait   lead_snp
1                         NA      iradjbmi rs10254829
[1] "LEAD INDEX"
[1] 19
[1] "GENE_cond"
[1] "ENSG00000002726_7_150542515_G_T"
Harmonising fat_distr (fat_distr) and Outcome (Outcome)
Harmonising fat_distr (fat_distr) and Outcome (Outcome)
[1] 511
[1] 511
  iteration                                    traits posterior_prob
1         1 iradjbmi, ENSG00000002726_7_150542515_G_T         0.9846
  regional_prob candidate_snp posterior_explained_by_snp dropped_trait
1             1     rs6977081                          1            NA
   lead_snp
1 rs6977081
[1] "GENE_cond"
[1] "ENSG00000002726_7_150543183_C_T"
Harmonising fat_distr (fat_distr) and Outcome (Outcome)
Harmonising fat_distr (fat_distr) and Outcome (Outcome)
[1] 510
[1] 510
  iteration                                    traits posterior_prob
1         1 iradjbmi, ENSG00000002726_7_150543183_C_T         0.5302
  regional_prob candidate_snp posterior_explained_by_snp dropped_trait
1        0.9999    rs17173637                          1            NA
   lead_snp
1 rs6977081
[1] "GENE_cond"
[1] "ENSG00000002726_7_150480007_T_C"
Harmonising fat_distr (fat_distr) and Outcome (Outcome)
Harmonising fat_distr (fat_distr) and Outcome (Outcome)
[1] 510
[1] 510
  iteration traits posterior_prob regional_prob candidate_snp
1         1   None             NA        0.0011            NA
  posterior_explained_by_snp                   dropped_trait  lead_snp
1                         NA ENSG00000002726_7_150480007_T_C rs6977081
[1] "GENE_cond"
[1] "ENSG00000002726_7_150573459_C_T"
Harmonising fat_distr (fat_distr) and Outcome (Outcome)
Harmonising fat_distr (fat_distr) and Outcome (Outcome)
[1] 510
[1] 510
  iteration traits posterior_prob regional_prob candidate_snp
1         1   None             NA        0.0037            NA
  posterior_explained_by_snp dropped_trait  lead_snp
1                         NA      iradjbmi rs6977081
[1] "GENE_cond"
[1] "ENSG00000002933_7_150517022_C_G"
Harmonising fat_distr (fat_distr) and Outcome (Outcome)
Harmonising fat_distr (fat_distr) and Outcome (Outcome)
[1] 509
[1] 509
  iteration traits posterior_prob regional_prob candidate_snp
1         1   None             NA        0.6805            NA
  posterior_explained_by_snp                   dropped_trait  lead_snp
1                         NA ENSG00000002933_7_150517022_C_G rs6977081
[1] "GENE_cond"
[1] "ENSG00000002933_7_150478403_C_T"
Harmonising fat_distr (fat_distr) and Outcome (Outcome)
Harmonising fat_distr (fat_distr) and Outcome (Outcome)
[1] 510
[1] 510
  iteration traits posterior_prob regional_prob candidate_snp
1         1   None             NA        0.0011            NA
  posterior_explained_by_snp                   dropped_trait  lead_snp
1                         NA ENSG00000002933_7_150478403_C_T rs6977081
[1] "GENE_cond"
[1] "ENSG00000002933_7_150495187_A_G"
Harmonising fat_distr (fat_distr) and Outcome (Outcome)
Harmonising fat_distr (fat_distr) and Outcome (Outcome)
[1] 509
[1] 509
  iteration traits posterior_prob regional_prob candidate_snp
1         1   None             NA        0.0061            NA
  posterior_explained_by_snp dropped_trait  lead_snp
1                         NA      iradjbmi rs6977081
[1] "GENE_cond"
[1] "ENSG00000002933_7_150498245_T_C"
Harmonising fat_distr (fat_distr) and Outcome (Outcome)
Harmonising fat_distr (fat_distr) and Outcome (Outcome)
[1] 509
[1] 509
  iteration traits posterior_prob regional_prob candidate_snp
1         1   None             NA        0.0025            NA
  posterior_explained_by_snp                   dropped_trait  lead_snp
1                         NA ENSG00000002933_7_150498245_T_C rs6977081
[1] "GENE_cond"
[1] "ENSG00000002933_7_150476673_G_C"
Harmonising fat_distr (fat_distr) and Outcome (Outcome)
Harmonising fat_distr (fat_distr) and Outcome (Outcome)
[1] 509
[1] 509
  iteration traits posterior_prob regional_prob candidate_snp
1         1   None             NA        0.0023            NA
  posterior_explained_by_snp dropped_trait  lead_snp
1                         NA      iradjbmi rs6977081
[1] "GENE_cond"
[1] "ENSG00000002933_7_150497927_A_G"
Harmonising fat_distr (fat_distr) and Outcome (Outcome)
Harmonising fat_distr (fat_distr) and Outcome (Outcome)
[1] 509
[1] 509
  iteration traits posterior_prob regional_prob candidate_snp
1         1   None             NA        0.0292            NA
  posterior_explained_by_snp dropped_trait  lead_snp
1                         NA      iradjbmi rs6977081
[1] "GENE_cond"
[1] "ENSG00000002933_7_150486083_G_A"
Harmonising fat_distr (fat_distr) and Outcome (Outcome)
Harmonising fat_distr (fat_distr) and Outcome (Outcome)
[1] 509
[1] 509
  iteration traits posterior_prob regional_prob candidate_snp
1         1   None             NA        0.0588            NA
  posterior_explained_by_snp dropped_trait  lead_snp
1                         NA      iradjbmi rs6977081
[1] "GENE_cond"
[1] "ENSG00000002933_7_150542515_G_T"
Harmonising fat_distr (fat_distr) and Outcome (Outcome)
Harmonising fat_distr (fat_distr) and Outcome (Outcome)
[1] 510
[1] 510
  iteration                                    traits posterior_prob
1         1 iradjbmi, ENSG00000002933_7_150542515_G_T         0.9844
  regional_prob candidate_snp posterior_explained_by_snp dropped_trait
1        0.9998     rs6977081                          1            NA
   lead_snp
1 rs6977081
[1] "CHROMOSOME"
[1] 8
[1] "LEAD INDEX"
[1] 1
[1] "GENE_cond"
[1] "ENSG00000154359_8_12624999_G_A"
Harmonising fat_distr (fat_distr) and Outcome (Outcome)
Harmonising fat_distr (fat_distr) and Outcome (Outcome)
[1] 360
[1] 360
[1] "GENE_cond"
[1] "ENSG00000154359_8_12624684_A_G"
Harmonising fat_distr (fat_distr) and Outcome (Outcome)
Harmonising fat_distr (fat_distr) and Outcome (Outcome)
[1] 360
[1] 360
  iteration traits posterior_prob regional_prob candidate_snp
1         1   None             NA        0.0057            NA
  posterior_explained_by_snp                  dropped_trait  lead_snp
1                         NA ENSG00000154359_8_12624684_A_G rs4474021
[1] "LEAD INDEX"
[1] 2
[1] "LEAD INDEX"
[1] 3
[1] "GENE_cond"
[1] "ENSG00000183779_8_36849946_C_G"
Harmonising fat_distr (fat_distr) and Outcome (Outcome)
Harmonising fat_distr (fat_distr) and Outcome (Outcome)
[1] 270
[1] 270
[1] "GENE_cond"
[1] "ENSG00000183779_8_37384868_C_G"
Harmonising fat_distr (fat_distr) and Outcome (Outcome)
Harmonising fat_distr (fat_distr) and Outcome (Outcome)
[1] 270
[1] 270
  iteration traits posterior_prob regional_prob candidate_snp
1         1   None             NA         5e-04            NA
  posterior_explained_by_snp                  dropped_trait  lead_snp
1                         NA ENSG00000183779_8_37384868_C_G rs7816345
[1] "GENE_cond"
[1] "ENSG00000215262_8_36839190_C_G"
Harmonising fat_distr (fat_distr) and Outcome (Outcome)
Harmonising fat_distr (fat_distr) and Outcome (Outcome)
[1] 301
[1] 301
  iteration traits posterior_prob regional_prob candidate_snp
1         1   None             NA         0.043            NA
  posterior_explained_by_snp                  dropped_trait  lead_snp
1                         NA ENSG00000215262_8_36839190_C_G rs7816345
[1] "GENE_cond"
[1] "ENSG00000215262_8_36854711_T_G"
Harmonising fat_distr (fat_distr) and Outcome (Outcome)
Harmonising fat_distr (fat_distr) and Outcome (Outcome)
[1] 301
[1] 301
  iteration                                   traits posterior_prob
1         1 iradjbmi, ENSG00000215262_8_36854711_T_G         0.9668
  regional_prob candidate_snp posterior_explained_by_snp dropped_trait
1        0.9978    rs13365225                      0.378            NA
   lead_snp
1 rs7816345
[1] "GENE_cond"
[1] "ENSG00000254038_8_36849946_C_G"
Harmonising fat_distr (fat_distr) and Outcome (Outcome)
Harmonising fat_distr (fat_distr) and Outcome (Outcome)
[1] 301
[1] 301
  iteration                                   traits posterior_prob
1         1 iradjbmi, ENSG00000254038_8_36849946_C_G         0.9911
  regional_prob candidate_snp posterior_explained_by_snp dropped_trait
1        0.9993     rs7816345                     0.3761            NA
   lead_snp
1 rs7816345
[1] "GENE_cond"
[1] "ENSG00000254038_8_36926607_A_G"
Harmonising fat_distr (fat_distr) and Outcome (Outcome)
Harmonising fat_distr (fat_distr) and Outcome (Outcome)
[1] 301
[1] 301
  iteration traits posterior_prob regional_prob candidate_snp
1         1   None             NA         2e-04            NA
  posterior_explained_by_snp                  dropped_trait  lead_snp
1                         NA ENSG00000254038_8_36926607_A_G rs7816345
[1] "LEAD INDEX"
[1] 4
[1] "GENE_cond"
[1] "ENSG00000077782_8_38326404_T_C"
Harmonising fat_distr (fat_distr) and Outcome (Outcome)
Harmonising fat_distr (fat_distr) and Outcome (Outcome)
[1] 264
[1] 264
[1] "GENE_cond"
[1] "ENSG00000077782_8_38444229_G_A"
Harmonising fat_distr (fat_distr) and Outcome (Outcome)
Harmonising fat_distr (fat_distr) and Outcome (Outcome)
[1] 265
[1] 265
  iteration traits posterior_prob regional_prob candidate_snp
1         1   None             NA         1e-04            NA
  posterior_explained_by_snp                  dropped_trait   lead_snp
1                         NA ENSG00000077782_8_38444229_G_A rs10958704
[1] "LEAD INDEX"
[1] 5
[1] "LEAD INDEX"
[1] 6
[1] "LEAD INDEX"
[1] 7
[1] "LEAD INDEX"
[1] 8
[1] "GENE_cond"
[1] "ENSG00000171056_8_10641965_G_A"
Harmonising fat_distr (fat_distr) and Outcome (Outcome)
Harmonising fat_distr (fat_distr) and Outcome (Outcome)
[1] 526
[1] 526
[1] "GENE_cond"
[1] "ENSG00000171056_8_10573698_A_G"
Harmonising fat_distr (fat_distr) and Outcome (Outcome)
Harmonising fat_distr (fat_distr) and Outcome (Outcome)
[1] 526
[1] 526
  iteration                                   traits posterior_prob
1         1 iradjbmi, ENSG00000171056_8_10573698_A_G         0.8804
  regional_prob candidate_snp posterior_explained_by_snp dropped_trait
1          0.98    rs17152571                     0.5502            NA
   lead_snp
1 rs9657541
[1] "GENE_cond"
[1] "ENSG00000171056_8_10584642_T_C"
Harmonising fat_distr (fat_distr) and Outcome (Outcome)
Harmonising fat_distr (fat_distr) and Outcome (Outcome)
[1] 526
[1] 526
  iteration traits posterior_prob regional_prob candidate_snp
1         1   None             NA        0.4061            NA
  posterior_explained_by_snp dropped_trait  lead_snp
1                         NA      iradjbmi rs9657541
[1] "GENE_cond"
[1] "ENSG00000258724_8_10641965_G_A"
Harmonising fat_distr (fat_distr) and Outcome (Outcome)
Harmonising fat_distr (fat_distr) and Outcome (Outcome)
[1] 526
[1] 526
  iteration                                   traits posterior_prob
1         1 iradjbmi, ENSG00000258724_8_10641965_G_A         0.9965
  regional_prob candidate_snp posterior_explained_by_snp dropped_trait
1             1     rs9657541                     0.9632            NA
   lead_snp
1 rs9657541
[1] "GENE_cond"
[1] "ENSG00000258724_8_10584642_T_C"
Harmonising fat_distr (fat_distr) and Outcome (Outcome)
Harmonising fat_distr (fat_distr) and Outcome (Outcome)
[1] 526
[1] 526
  iteration traits posterior_prob regional_prob candidate_snp
1         1   None             NA        0.0094            NA
  posterior_explained_by_snp dropped_trait  lead_snp
1                         NA      iradjbmi rs9657541
[1] "GENE_cond"
[1] "ENSG00000258724_8_10573698_A_G"
Harmonising fat_distr (fat_distr) and Outcome (Outcome)
Harmonising fat_distr (fat_distr) and Outcome (Outcome)
[1] 526
[1] 526
  iteration                                   traits posterior_prob
1         1 iradjbmi, ENSG00000258724_8_10573698_A_G         0.6202
  regional_prob candidate_snp posterior_explained_by_snp dropped_trait
1         0.664    rs17152571                     0.5274            NA
   lead_snp
1 rs9657541
[1] "LEAD INDEX"
[1] 9
[1] "LEAD INDEX"
[1] 10
[1] "GENE_cond"
[1] "ENSG00000078674_8_17892399_C_T"
Harmonising fat_distr (fat_distr) and Outcome (Outcome)
Harmonising fat_distr (fat_distr) and Outcome (Outcome)
[1] 715
[1] 715
  iteration traits posterior_prob regional_prob candidate_snp
1         1   None             NA        0.0138            NA
  posterior_explained_by_snp                  dropped_trait lead_snp
1                         NA ENSG00000078674_8_17892399_C_T rs208062
[1] "GENE_cond"
[1] "ENSG00000078674_8_17826196_T_C"
Harmonising fat_distr (fat_distr) and Outcome (Outcome)
Harmonising fat_distr (fat_distr) and Outcome (Outcome)
[1] 715
[1] 715
  iteration traits posterior_prob regional_prob candidate_snp
1         1   None             NA        0.0419            NA
  posterior_explained_by_snp                  dropped_trait lead_snp
1                         NA ENSG00000078674_8_17826196_T_C rs208062
[1] "LEAD INDEX"
[1] 11
[1] "LEAD INDEX"
[1] 12
[1] "LEAD INDEX"
[1] 13
[1] "LEAD INDEX"
[1] 14
[1] "LEAD INDEX"
[1] 15
[1] "LEAD INDEX"
[1] 16
[1] "LEAD INDEX"
[1] 17
[1] "LEAD INDEX"
[1] 18
[1] "LEAD INDEX"
[1] 19
[1] "LEAD INDEX"
[1] 20
[1] "LEAD INDEX"
[1] 21
[1] "GENE_cond"
[1] "ENSG00000104313_8_72475748_C_G"
Harmonising fat_distr (fat_distr) and Outcome (Outcome)
Harmonising fat_distr (fat_distr) and Outcome (Outcome)
[1] 565
[1] 565
  iteration                                   traits posterior_prob
1         1 iradjbmi, ENSG00000104313_8_72475748_C_G         0.6656
  regional_prob candidate_snp posterior_explained_by_snp dropped_trait
1        0.9931    rs12679556                     0.9999            NA
    lead_snp
1 rs10097671
[1] "GENE_cond"
[1] "ENSG00000104313_8_72486695_T_C"
Harmonising fat_distr (fat_distr) and Outcome (Outcome)
Harmonising fat_distr (fat_distr) and Outcome (Outcome)
[1] 565
[1] 565
  iteration traits posterior_prob regional_prob candidate_snp
1         1   None             NA        0.7993            NA
  posterior_explained_by_snp                  dropped_trait   lead_snp
1                         NA ENSG00000104313_8_72486695_T_C rs10097671
[1] "GENE_cond"
[1] "ENSG00000104313_8_72407374_G_C"
Harmonising fat_distr (fat_distr) and Outcome (Outcome)
Harmonising fat_distr (fat_distr) and Outcome (Outcome)
[1] 565
[1] 565
  iteration                                   traits posterior_prob
1         1 iradjbmi, ENSG00000104313_8_72407374_G_C         0.9837
  regional_prob candidate_snp posterior_explained_by_snp dropped_trait
1        0.9925    rs35510588                     0.5458            NA
    lead_snp
1 rs10097671
[1] "LEAD INDEX"
[1] 22
[1] "LEAD INDEX"
[1] 23
[1] "LEAD INDEX"
[1] 24
[1] "LEAD INDEX"
[1] 25
[1] "LEAD INDEX"
[1] 26
[1] "CHROMOSOME"
[1] 9
[1] "LEAD INDEX"
[1] 1
[1] "LEAD INDEX"
[1] 2
[1] "LEAD INDEX"
[1] 3
[1] "LEAD INDEX"
[1] 4
[1] "GENE_cond"
[1] "ENSG00000164978_9_34151463_C_T"
Harmonising fat_distr (fat_distr) and Outcome (Outcome)
Harmonising fat_distr (fat_distr) and Outcome (Outcome)
[1] 318
[1] 318
  iteration                                   traits posterior_prob
1         1 iradjbmi, ENSG00000164978_9_34151463_C_T         0.8626
  regional_prob candidate_snp posterior_explained_by_snp dropped_trait
1        0.9888    rs13284229                      0.976            NA
    lead_snp
1 rs13284229
[1] "GENE_cond"
[1] "ENSG00000164978_9_34334793_G_A"
Harmonising fat_distr (fat_distr) and Outcome (Outcome)
Harmonising fat_distr (fat_distr) and Outcome (Outcome)
[1] 318
[1] 318
  iteration traits posterior_prob regional_prob candidate_snp
1         1   None             NA         2e-04            NA
  posterior_explained_by_snp                  dropped_trait   lead_snp
1                         NA ENSG00000164978_9_34334793_G_A rs13284229
[1] "GENE_cond"
[1] "ENSG00000164978_9_34289886_C_T"
Harmonising fat_distr (fat_distr) and Outcome (Outcome)
Harmonising fat_distr (fat_distr) and Outcome (Outcome)
[1] 317
[1] 317
  iteration traits posterior_prob regional_prob candidate_snp
1         1   None             NA        0.1252            NA
  posterior_explained_by_snp                  dropped_trait   lead_snp
1                         NA ENSG00000164978_9_34289886_C_T rs13284229
[1] "GENE_cond"
[1] "ENSG00000165006_9_34262847_A_G"
Harmonising fat_distr (fat_distr) and Outcome (Outcome)
Harmonising fat_distr (fat_distr) and Outcome (Outcome)
[1] 319
[1] 319
  iteration                                   traits posterior_prob
1         1 iradjbmi, ENSG00000165006_9_34262847_A_G         0.9853
  regional_prob candidate_snp posterior_explained_by_snp dropped_trait
1        0.9988     rs2380925                     0.2591            NA
    lead_snp
1 rs13284229
[1] "GENE_cond"
[1] "ENSG00000165006_9_34363566_T_G"
Harmonising fat_distr (fat_distr) and Outcome (Outcome)
Harmonising fat_distr (fat_distr) and Outcome (Outcome)
[1] 319
[1] 319
  iteration traits posterior_prob regional_prob candidate_snp
1         1   None             NA         1e-04            NA
  posterior_explained_by_snp                  dropped_trait   lead_snp
1                         NA ENSG00000165006_9_34363566_T_G rs13284229
[1] "LEAD INDEX"
[1] 5
[1] "LEAD INDEX"
[1] 6
[1] "LEAD INDEX"
[1] 7
[1] "GENE_cond"
[1] "ENSG00000119522_9_126689557_T_C"
Harmonising fat_distr (fat_distr) and Outcome (Outcome)
Harmonising fat_distr (fat_distr) and Outcome (Outcome)
[1] 433
[1] 433
  iteration                                    traits posterior_prob
1         1 iradjbmi, ENSG00000119522_9_126689557_T_C         0.8608
  regional_prob candidate_snp posterior_explained_by_snp dropped_trait
1        0.9313      rs549779                     0.3477            NA
   lead_snp
1 rs2479106
[1] "GENE_cond"
[1] "ENSG00000119522_9_126535553_T_C"
Harmonising fat_distr (fat_distr) and Outcome (Outcome)
Harmonising fat_distr (fat_distr) and Outcome (Outcome)
[1] 433
[1] 433
  iteration                                    traits posterior_prob
1         1 iradjbmi, ENSG00000119522_9_126535553_T_C         0.7845
  regional_prob candidate_snp posterior_explained_by_snp dropped_trait
1        0.8942    rs12000707                     0.3562            NA
   lead_snp
1 rs2479106
[1] "LEAD INDEX"
[1] 8
[1] "GENE_cond"
[1] "ENSG00000173253_9_1039939_G_A"
Harmonising fat_distr (fat_distr) and Outcome (Outcome)
Harmonising fat_distr (fat_distr) and Outcome (Outcome)
[1] 808
[1] 808
  iteration                                  traits posterior_prob
1         1 iradjbmi, ENSG00000173253_9_1039939_G_A         0.9928
  regional_prob candidate_snp posterior_explained_by_snp dropped_trait
1        0.9997     rs7856320                     0.9982            NA
   lead_snp
1 rs2175055
[1] "GENE_cond"
[1] "ENSG00000173253_9_1047536_C_T"
Harmonising fat_distr (fat_distr) and Outcome (Outcome)
Harmonising fat_distr (fat_distr) and Outcome (Outcome)
[1] 808
[1] 808
  iteration                                  traits posterior_prob
1         1 iradjbmi, ENSG00000173253_9_1047536_C_T         0.9553
  regional_prob candidate_snp posterior_explained_by_snp dropped_trait
1        0.9807     rs2275516                          1            NA
   lead_snp
1 rs2175055
[1] "GENE_cond"
[1] "ENSG00000173253_9_1056728_G_C"
Harmonising fat_distr (fat_distr) and Outcome (Outcome)
Harmonising fat_distr (fat_distr) and Outcome (Outcome)
[1] 808
[1] 808
  iteration                                  traits posterior_prob
1         1 iradjbmi, ENSG00000173253_9_1056728_G_C          0.998
  regional_prob candidate_snp posterior_explained_by_snp dropped_trait
1        0.9982     rs2275516                          1            NA
   lead_snp
1 rs2175055
[1] "GENE_cond"
[1] "ENSG00000173253_9_1294441_G_T"
Harmonising fat_distr (fat_distr) and Outcome (Outcome)
Harmonising fat_distr (fat_distr) and Outcome (Outcome)
[1] 809
[1] 809
  iteration traits posterior_prob regional_prob candidate_snp
1         1   None             NA        0.0229            NA
  posterior_explained_by_snp                 dropped_trait  lead_snp
1                         NA ENSG00000173253_9_1294441_G_T rs2175055
[1] "GENE_cond"
[1] "ENSG00000173253_9_1038715_A_T"
Harmonising fat_distr (fat_distr) and Outcome (Outcome)
Harmonising fat_distr (fat_distr) and Outcome (Outcome)
[1] 808
[1] 808
  iteration traits posterior_prob regional_prob candidate_snp
1         1   None             NA         0.008            NA
  posterior_explained_by_snp                 dropped_trait  lead_snp
1                         NA ENSG00000173253_9_1038715_A_T rs2175055
[1] "GENE_cond"
[1] "ENSG00000173253_9_1022714_G_A"
Harmonising fat_distr (fat_distr) and Outcome (Outcome)
Harmonising fat_distr (fat_distr) and Outcome (Outcome)
[1] 808
[1] 808
  iteration traits posterior_prob regional_prob candidate_snp
1         1   None             NA        0.0115            NA
  posterior_explained_by_snp                 dropped_trait  lead_snp
1                         NA ENSG00000173253_9_1022714_G_A rs2175055
[1] "GENE_cond"
[1] "ENSG00000173253_9_1489440_T_G"
Harmonising fat_distr (fat_distr) and Outcome (Outcome)
Harmonising fat_distr (fat_distr) and Outcome (Outcome)
[1] 808
[1] 808
  iteration traits posterior_prob regional_prob candidate_snp
1         1   None             NA        0.0047            NA
  posterior_explained_by_snp dropped_trait  lead_snp
1                         NA      iradjbmi rs2175055
[1] "LEAD INDEX"
[1] 9
[1] "LEAD INDEX"
[1] 10
[1] "GENE_cond"
[1] "ENSG00000127080_9_95352140_T_C"
Harmonising fat_distr (fat_distr) and Outcome (Outcome)
Harmonising fat_distr (fat_distr) and Outcome (Outcome)
[1] 404
[1] 404
  iteration traits posterior_prob regional_prob candidate_snp
1         1   None             NA         2e-04            NA
  posterior_explained_by_snp                  dropped_trait  lead_snp
1                         NA ENSG00000127080_9_95352140_T_C rs7855203
[1] "GENE_cond"
[1] "ENSG00000127080_9_95044229_A_G"
Harmonising fat_distr (fat_distr) and Outcome (Outcome)
Harmonising fat_distr (fat_distr) and Outcome (Outcome)
[1] 403
[1] 403
  iteration traits posterior_prob regional_prob candidate_snp
1         1   None             NA         2e-04            NA
  posterior_explained_by_snp                  dropped_trait  lead_snp
1                         NA ENSG00000127080_9_95044229_A_G rs7855203
[1] "GENE_cond"
[1] "ENSG00000127080_9_95400261_C_T"
Harmonising fat_distr (fat_distr) and Outcome (Outcome)
Harmonising fat_distr (fat_distr) and Outcome (Outcome)
[1] 403
[1] 403
  iteration                                   traits posterior_prob
1         1 iradjbmi, ENSG00000127080_9_95400261_C_T         0.7789
  regional_prob candidate_snp posterior_explained_by_snp dropped_trait
1        0.8584    rs10992447                     0.4498            NA
   lead_snp
1 rs7855203
[1] "GENE_cond"
[1] "ENSG00000188312_9_95088204_A_G"
Harmonising fat_distr (fat_distr) and Outcome (Outcome)
Harmonising fat_distr (fat_distr) and Outcome (Outcome)
[1] 404
[1] 404
  iteration traits posterior_prob regional_prob candidate_snp
1         1   None             NA         2e-04            NA
  posterior_explained_by_snp                  dropped_trait  lead_snp
1                         NA ENSG00000188312_9_95088204_A_G rs7855203
[1] "GENE_cond"
[1] "ENSG00000188312_9_95400261_C_T"
Harmonising fat_distr (fat_distr) and Outcome (Outcome)
Harmonising fat_distr (fat_distr) and Outcome (Outcome)
[1] 404
[1] 404
  iteration                                   traits posterior_prob
1         1 iradjbmi, ENSG00000188312_9_95400261_C_T         0.7947
  regional_prob candidate_snp posterior_explained_by_snp dropped_trait
1        0.8688    rs10992447                     0.1667            NA
   lead_snp
1 rs7855203
[1] "GENE_cond"
[1] "ENSG00000188312_9_95211699_G_A"
Harmonising fat_distr (fat_distr) and Outcome (Outcome)
Harmonising fat_distr (fat_distr) and Outcome (Outcome)
[1] 404
[1] 404
  iteration traits posterior_prob regional_prob candidate_snp
1         1   None             NA         3e-04            NA
  posterior_explained_by_snp                  dropped_trait  lead_snp
1                         NA ENSG00000188312_9_95211699_G_A rs7855203
[1] "LEAD INDEX"
[1] 11
[1] "LEAD INDEX"
[1] 12
[1] "CHROMOSOME"
[1] 10
[1] "LEAD INDEX"
[1] 1
[1] "LEAD INDEX"
[1] 2
[1] "LEAD INDEX"
[1] 3
[1] "LEAD INDEX"
[1] 4
[1] "LEAD INDEX"
[1] 5
[1] "LEAD INDEX"
[1] 6
[1] "LEAD INDEX"
[1] 7
[1] "LEAD INDEX"
[1] 8
[1] "LEAD INDEX"
[1] 9
[1] "GENE_cond"
[1] "ENSG00000119927_10_114026080_T_C"
Harmonising fat_distr (fat_distr) and Outcome (Outcome)
Harmonising fat_distr (fat_distr) and Outcome (Outcome)
[1] 418
[1] 418
  iteration traits posterior_prob regional_prob candidate_snp
1         1   None             NA             1            NA
  posterior_explained_by_snp dropped_trait  lead_snp
1                         NA      iradjbmi rs4573621
[1] "GENE_cond"
[1] "ENSG00000119927_10_113940829_A_G"
Harmonising fat_distr (fat_distr) and Outcome (Outcome)
Harmonising fat_distr (fat_distr) and Outcome (Outcome)
[1] 418
[1] 418
  iteration traits posterior_prob regional_prob candidate_snp
1         1   None             NA             1            NA
  posterior_explained_by_snp dropped_trait  lead_snp
1                         NA      iradjbmi rs4573621
[1] "GENE_cond"
[1] "ENSG00000119927_10_114048792_T_C"
Harmonising fat_distr (fat_distr) and Outcome (Outcome)
Harmonising fat_distr (fat_distr) and Outcome (Outcome)
[1] 419
[1] 419
  iteration traits posterior_prob regional_prob candidate_snp
1         1   None             NA        0.8002            NA
  posterior_explained_by_snp dropped_trait  lead_snp
1                         NA      iradjbmi rs4573621
[1] "LEAD INDEX"
[1] 10
[1] "LEAD INDEX"
[1] 11
[1] "CHROMOSOME"
[1] 11
[1] "LEAD INDEX"
[1] 1
[1] "LEAD INDEX"
[1] 2
[1] "LEAD INDEX"
[1] 3
[1] "LEAD INDEX"
[1] 4
[1] "LEAD INDEX"
[1] 5
[1] "LEAD INDEX"
[1] 6
[1] "GENE_cond"
[1] "ENSG00000110274_11_117192376_A_G"
Harmonising fat_distr (fat_distr) and Outcome (Outcome)
Harmonising fat_distr (fat_distr) and Outcome (Outcome)
[1] 332
[1] 332
[1] "GENE_cond"
[1] "ENSG00000110274_11_117505945_T_G"
Harmonising fat_distr (fat_distr) and Outcome (Outcome)
Harmonising fat_distr (fat_distr) and Outcome (Outcome)
[1] 332
[1] 332
  iteration traits posterior_prob regional_prob candidate_snp
1         1   None             NA         5e-04            NA
  posterior_explained_by_snp                    dropped_trait lead_snp
1                         NA ENSG00000110274_11_117505945_T_G rs593245
[1] "GENE_cond"
[1] "ENSG00000110274_11_117251143_A_G"
Harmonising fat_distr (fat_distr) and Outcome (Outcome)
Harmonising fat_distr (fat_distr) and Outcome (Outcome)
[1] 332
[1] 332
  iteration traits posterior_prob regional_prob candidate_snp
1         1   None             NA        0.0048            NA
  posterior_explained_by_snp dropped_trait lead_snp
1                         NA      iradjbmi rs593245
[1] "LEAD INDEX"
[1] 7
[1] "LEAD INDEX"
[1] 8
[1] "LEAD INDEX"
[1] 9
[1] "LEAD INDEX"
[1] 10
[1] "GENE_cond"
[1] "ENSG00000134343_11_26172201_A_T"
Harmonising fat_distr (fat_distr) and Outcome (Outcome)
Harmonising fat_distr (fat_distr) and Outcome (Outcome)
[1] 487
[1] 487
  iteration traits posterior_prob regional_prob candidate_snp
1         1   None             NA         1e-04            NA
  posterior_explained_by_snp                   dropped_trait   lead_snp
1                         NA ENSG00000134343_11_26172201_A_T rs17243091
[1] "GENE_cond"
[1] "ENSG00000134343_11_26407677_C_G"
Harmonising fat_distr (fat_distr) and Outcome (Outcome)
Harmonising fat_distr (fat_distr) and Outcome (Outcome)
[1] 487
[1] 487
  iteration traits posterior_prob regional_prob candidate_snp
1         1   None             NA         0.222            NA
  posterior_explained_by_snp                   dropped_trait   lead_snp
1                         NA ENSG00000134343_11_26407677_C_G rs17243091
[1] "LEAD INDEX"
[1] 11
[1] "LEAD INDEX"
[1] 12
[1] "LEAD INDEX"
[1] 13
[1] "GENE_cond"
[1] "ENSG00000134824_11_61595564_C_T"
Harmonising fat_distr (fat_distr) and Outcome (Outcome)
Harmonising fat_distr (fat_distr) and Outcome (Outcome)
[1] 405
[1] 405
  iteration traits posterior_prob regional_prob candidate_snp
1         1   None             NA             1            NA
  posterior_explained_by_snp                   dropped_trait lead_snp
1                         NA ENSG00000134824_11_61595564_C_T rs174574
[1] "GENE_cond"
[1] "ENSG00000134824_11_61613137_C_T"
Harmonising fat_distr (fat_distr) and Outcome (Outcome)
Harmonising fat_distr (fat_distr) and Outcome (Outcome)
[1] 404
[1] 404
[1] "LEAD INDEX"
[1] 14
[1] "GENE_cond"
[1] "ENSG00000234857_11_62450588_T_C"
Harmonising fat_distr (fat_distr) and Outcome (Outcome)
Harmonising fat_distr (fat_distr) and Outcome (Outcome)
[1] 349
[1] 349
  iteration traits posterior_prob regional_prob candidate_snp
1         1   None             NA        0.0011            NA
  posterior_explained_by_snp                   dropped_trait   lead_snp
1                         NA ENSG00000234857_11_62450588_T_C rs11231155
[1] "GENE_cond"
[1] "ENSG00000234857_11_62378801_T_C"
Harmonising fat_distr (fat_distr) and Outcome (Outcome)
Harmonising fat_distr (fat_distr) and Outcome (Outcome)
[1] 350
[1] 350
  iteration                                    traits posterior_prob
1         1 iradjbmi, ENSG00000234857_11_62378801_T_C         0.9319
  regional_prob candidate_snp posterior_explained_by_snp dropped_trait
1        0.9783    rs11553576                     0.9298            NA
    lead_snp
1 rs11231155
[1] "GENE_cond"
[1] "ENSG00000234857_11_62912399_G_A"
Harmonising fat_distr (fat_distr) and Outcome (Outcome)
Harmonising fat_distr (fat_distr) and Outcome (Outcome)
[1] 349
[1] 349
  iteration traits posterior_prob regional_prob candidate_snp
1         1   None             NA         4e-04            NA
  posterior_explained_by_snp                   dropped_trait   lead_snp
1                         NA ENSG00000234857_11_62912399_G_A rs11231155
[1] "LEAD INDEX"
[1] 15
[1] "LEAD INDEX"
[1] 16
[1] "LEAD INDEX"
[1] 17
[1] "GENE_cond"
[1] "ENSG00000175115_11_65842693_C_T"
Harmonising fat_distr (fat_distr) and Outcome (Outcome)
Harmonising fat_distr (fat_distr) and Outcome (Outcome)
[1] 340
[1] 340
  iteration traits posterior_prob regional_prob candidate_snp
1         1   None             NA         0.948            NA
  posterior_explained_by_snp dropped_trait  lead_snp
1                         NA      iradjbmi rs2452681
[1] "GENE_cond"
[1] "ENSG00000175115_11_65907242_T_A"
Harmonising fat_distr (fat_distr) and Outcome (Outcome)
Harmonising fat_distr (fat_distr) and Outcome (Outcome)
[1] 340
[1] 340
  iteration traits posterior_prob regional_prob candidate_snp
1         1   None             NA        0.1556            NA
  posterior_explained_by_snp                   dropped_trait  lead_snp
1                         NA ENSG00000175115_11_65907242_T_A rs2452681
[1] "LEAD INDEX"
[1] 18
[1] "LEAD INDEX"
[1] 19
[1] "LEAD INDEX"
[1] 20
[1] "LEAD INDEX"
[1] 21
[1] "CHROMOSOME"
[1] 12
[1] "LEAD INDEX"
[1] 1
[1] "GENE_cond"
[1] "ENSG00000139531_12_56389293_T_C"
Harmonising fat_distr (fat_distr) and Outcome (Outcome)
Harmonising fat_distr (fat_distr) and Outcome (Outcome)
[1] 262
[1] 262
  iteration                                    traits posterior_prob
1         1 iradjbmi, ENSG00000139531_12_56389293_T_C         0.9249
  regional_prob candidate_snp posterior_explained_by_snp dropped_trait
1        0.9578      rs705700                     0.8256            NA
    lead_snp
1 rs11171739
[1] "GENE_cond"
[1] "ENSG00000139531_12_56403577_C_T"
Harmonising fat_distr (fat_distr) and Outcome (Outcome)
Harmonising fat_distr (fat_distr) and Outcome (Outcome)
[1] 262
[1] 262
  iteration                                    traits posterior_prob
1         1 iradjbmi, ENSG00000139531_12_56403577_C_T         0.9393
  regional_prob candidate_snp posterior_explained_by_snp dropped_trait
1        0.9658      rs772921                     0.4677            NA
    lead_snp
1 rs11171739
[1] "GENE_cond"
[1] "ENSG00000139531_12_56393276_G_A"
Harmonising fat_distr (fat_distr) and Outcome (Outcome)
Harmonising fat_distr (fat_distr) and Outcome (Outcome)
[1] 261
[1] 261
  iteration traits posterior_prob regional_prob candidate_snp
1         1   None             NA        0.0021            NA
  posterior_explained_by_snp                   dropped_trait   lead_snp
1                         NA ENSG00000139531_12_56393276_G_A rs11171739
[1] "LEAD INDEX"
[1] 2
[1] "LEAD INDEX"
[1] 3
[1] "LEAD INDEX"
[1] 4
[1] "GENE_cond"
[1] "ENSG00000172572_12_20470199_A_G"
Harmonising fat_distr (fat_distr) and Outcome (Outcome)
Harmonising fat_distr (fat_distr) and Outcome (Outcome)
[1] 479
[1] 479
  iteration                                    traits posterior_prob
1         1 iradjbmi, ENSG00000172572_12_20470199_A_G         0.9998
  regional_prob candidate_snp posterior_explained_by_snp dropped_trait
1             1    rs11045171                          1            NA
    lead_snp
1 rs11045171
[1] "GENE_cond"
[1] "ENSG00000172572_12_20473758_C_A"
Harmonising fat_distr (fat_distr) and Outcome (Outcome)
Harmonising fat_distr (fat_distr) and Outcome (Outcome)
[1] 479
[1] 479
  iteration                                    traits posterior_prob
1         1 iradjbmi, ENSG00000172572_12_20473758_C_A         0.9988
  regional_prob candidate_snp posterior_explained_by_snp dropped_trait
1             1     rs7134375                          1            NA
    lead_snp
1 rs11045171
[1] "GENE_cond"
[1] "ENSG00000172572_12_20579969_G_T"
Harmonising fat_distr (fat_distr) and Outcome (Outcome)
Harmonising fat_distr (fat_distr) and Outcome (Outcome)
[1] 478
[1] 478
  iteration                                    traits posterior_prob
1         1 iradjbmi, ENSG00000172572_12_20579969_G_T          0.925
  regional_prob candidate_snp posterior_explained_by_snp dropped_trait
1         0.998    rs10841520                          1            NA
    lead_snp
1 rs11045171
[1] "GENE_cond"
[1] "ENSG00000172572_12_20592624_G_A"
Harmonising fat_distr (fat_distr) and Outcome (Outcome)
Harmonising fat_distr (fat_distr) and Outcome (Outcome)
[1] 478
[1] 478
  iteration                                    traits posterior_prob
1         1 iradjbmi, ENSG00000172572_12_20592624_G_A          0.991
  regional_prob candidate_snp posterior_explained_by_snp dropped_trait
1        0.9974     rs7134150                     0.9993            NA
    lead_snp
1 rs11045171
[1] "LEAD INDEX"
[1] 5
[1] "GENE_cond"
[1] "ENSG00000172572_12_20470199_A_G"
Harmonising fat_distr (fat_distr) and Outcome (Outcome)
Harmonising fat_distr (fat_distr) and Outcome (Outcome)
[1] 478
[1] 478
  iteration                                    traits posterior_prob
1         1 iradjbmi, ENSG00000172572_12_20470199_A_G         0.9998
  regional_prob candidate_snp posterior_explained_by_snp dropped_trait
1             1    rs11045171                          1            NA
   lead_snp
1 rs7134150
[1] "GENE_cond"
[1] "ENSG00000172572_12_20473758_C_A"
Harmonising fat_distr (fat_distr) and Outcome (Outcome)
Harmonising fat_distr (fat_distr) and Outcome (Outcome)
[1] 478
[1] 478
  iteration                                    traits posterior_prob
1         1 iradjbmi, ENSG00000172572_12_20473758_C_A         0.9988
  regional_prob candidate_snp posterior_explained_by_snp dropped_trait
1             1     rs7134375                          1            NA
   lead_snp
1 rs7134150
[1] "GENE_cond"
[1] "ENSG00000172572_12_20579969_G_T"
Harmonising fat_distr (fat_distr) and Outcome (Outcome)
Harmonising fat_distr (fat_distr) and Outcome (Outcome)
[1] 477
[1] 477
  iteration                                    traits posterior_prob
1         1 iradjbmi, ENSG00000172572_12_20579969_G_T          0.925
  regional_prob candidate_snp posterior_explained_by_snp dropped_trait
1         0.998    rs10841520                          1            NA
   lead_snp
1 rs7134150
[1] "GENE_cond"
[1] "ENSG00000172572_12_20592624_G_A"
Harmonising fat_distr (fat_distr) and Outcome (Outcome)
Harmonising fat_distr (fat_distr) and Outcome (Outcome)
[1] 477
[1] 477
  iteration                                    traits posterior_prob
1         1 iradjbmi, ENSG00000172572_12_20592624_G_A          0.991
  regional_prob candidate_snp posterior_explained_by_snp dropped_trait
1        0.9974     rs7134150                     0.9993            NA
   lead_snp
1 rs7134150
[1] "LEAD INDEX"
[1] 6
[1] "LEAD INDEX"
[1] 7
[1] "LEAD INDEX"
[1] 8
[1] "LEAD INDEX"
[1] 9
[1] "LEAD INDEX"
[1] 10
[1] "LEAD INDEX"
[1] 11
[1] "GENE_cond"
[1] "ENSG00000182782_12_123167138_T_C"
Harmonising fat_distr (fat_distr) and Outcome (Outcome)
Harmonising fat_distr (fat_distr) and Outcome (Outcome)
[1] 261
[1] 261
  iteration traits posterior_prob regional_prob candidate_snp
1         1   None             NA         1e-04            NA
  posterior_explained_by_snp                    dropped_trait  lead_snp
1                         NA ENSG00000182782_12_123167138_T_C rs1798219
[1] "GENE_cond"
[1] "ENSG00000182782_12_123188577_C_T"
Harmonising fat_distr (fat_distr) and Outcome (Outcome)
Harmonising fat_distr (fat_distr) and Outcome (Outcome)
[1] 261
[1] 261
  iteration traits posterior_prob regional_prob candidate_snp
1         1   None             NA        0.8994            NA
  posterior_explained_by_snp                    dropped_trait  lead_snp
1                         NA ENSG00000182782_12_123188577_C_T rs1798219
[1] "GENE_cond"
[1] "ENSG00000182782_12_123170301_C_A"
Harmonising fat_distr (fat_distr) and Outcome (Outcome)
Harmonising fat_distr (fat_distr) and Outcome (Outcome)
[1] 261
[1] 261
  iteration                                     traits posterior_prob
1         1 iradjbmi, ENSG00000182782_12_123170301_C_A         0.9942
  regional_prob candidate_snp posterior_explained_by_snp dropped_trait
1             1     rs1798219                     0.6147            NA
   lead_snp
1 rs1798219
[1] "LEAD INDEX"
[1] 12
[1] "LEAD INDEX"
[1] 13
[1] "GENE_cond"
[1] "ENSG00000119242_12_124505444_C_T"
Harmonising fat_distr (fat_distr) and Outcome (Outcome)
Harmonising fat_distr (fat_distr) and Outcome (Outcome)
[1] 392
[1] 392
  iteration                                     traits posterior_prob
1         1 iradjbmi, ENSG00000119242_12_124505444_C_T         0.9537
  regional_prob candidate_snp posterior_explained_by_snp dropped_trait
1             1      rs863750                          1            NA
   lead_snp
1 rs7133378
[1] "GENE_cond"
[1] "ENSG00000119242_12_124462254_T_A"
Harmonising fat_distr (fat_distr) and Outcome (Outcome)
Harmonising fat_distr (fat_distr) and Outcome (Outcome)
[1] 391
[1] 391
  iteration                                     traits posterior_prob
1         1 iradjbmi, ENSG00000119242_12_124462254_T_A         0.5475
  regional_prob candidate_snp posterior_explained_by_snp dropped_trait
1             1     rs7307053                     0.7883            NA
   lead_snp
1 rs7133378
[1] "GENE_cond"
[1] "ENSG00000119242_12_124556426_C_T"
Harmonising fat_distr (fat_distr) and Outcome (Outcome)
Harmonising fat_distr (fat_distr) and Outcome (Outcome)
[1] 391
[1] 391
  iteration traits posterior_prob regional_prob candidate_snp
1         1   None             NA        0.0572            NA
  posterior_explained_by_snp dropped_trait  lead_snp
1                         NA      iradjbmi rs7133378
[1] "GENE_cond"
[1] "ENSG00000119242_12_124547824_G_A"
Harmonising fat_distr (fat_distr) and Outcome (Outcome)
Harmonising fat_distr (fat_distr) and Outcome (Outcome)
[1] 391
[1] 391
  iteration traits posterior_prob regional_prob candidate_snp
1         1   None             NA        0.5864            NA
  posterior_explained_by_snp                    dropped_trait  lead_snp
1                         NA ENSG00000119242_12_124547824_G_A rs7133378
[1] "GENE_cond"
[1] "ENSG00000119242_12_124483533_A_G"
Harmonising fat_distr (fat_distr) and Outcome (Outcome)
Harmonising fat_distr (fat_distr) and Outcome (Outcome)
[1] 392
[1] 392
  iteration traits posterior_prob regional_prob candidate_snp
1         1   None             NA        0.6415            NA
  posterior_explained_by_snp                    dropped_trait  lead_snp
1                         NA ENSG00000119242_12_124483533_A_G rs7133378
[1] "GENE_cond"
[1] "ENSG00000119242_12_124330440_G_A"
Harmonising fat_distr (fat_distr) and Outcome (Outcome)
Harmonising fat_distr (fat_distr) and Outcome (Outcome)
[1] 392
[1] 392
  iteration traits posterior_prob regional_prob candidate_snp
1         1   None             NA        0.0131            NA
  posterior_explained_by_snp dropped_trait  lead_snp
1                         NA      iradjbmi rs7133378
[1] "GENE_cond"
[1] "ENSG00000119242_12_124416463_C_T"
Harmonising fat_distr (fat_distr) and Outcome (Outcome)
Harmonising fat_distr (fat_distr) and Outcome (Outcome)
[1] 392
[1] 392
  iteration traits posterior_prob regional_prob candidate_snp
1         1   None             NA        0.0052            NA
  posterior_explained_by_snp dropped_trait  lead_snp
1                         NA      iradjbmi rs7133378
[1] "GENE_cond"
[1] "ENSG00000178882_12_124409502_G_A"
Harmonising fat_distr (fat_distr) and Outcome (Outcome)
Harmonising fat_distr (fat_distr) and Outcome (Outcome)
[1] 395
[1] 395
  iteration                                     traits posterior_prob
1         1 iradjbmi, ENSG00000178882_12_124409502_G_A         0.9546
  regional_prob candidate_snp posterior_explained_by_snp dropped_trait
1             1    rs11057408                     0.1261            NA
   lead_snp
1 rs7133378
[1] "GENE_cond"
[1] "ENSG00000178882_12_124506631_T_C"
Harmonising fat_distr (fat_distr) and Outcome (Outcome)
Harmonising fat_distr (fat_distr) and Outcome (Outcome)
[1] 394
[1] 394
  iteration                                     traits posterior_prob
1         1 iradjbmi, ENSG00000178882_12_124506631_T_C         0.9396
  regional_prob candidate_snp posterior_explained_by_snp dropped_trait
1             1      rs863750                     0.9999            NA
   lead_snp
1 rs7133378
[1] "GENE_cond"
[1] "ENSG00000179195_12_124506631_T_C"
Harmonising fat_distr (fat_distr) and Outcome (Outcome)
Harmonising fat_distr (fat_distr) and Outcome (Outcome)
[1] 395
[1] 395
  iteration                                     traits posterior_prob
1         1 iradjbmi, ENSG00000179195_12_124506631_T_C         0.9993
  regional_prob candidate_snp posterior_explained_by_snp dropped_trait
1             1      rs863750                          1            NA
   lead_snp
1 rs7133378
[1] "GENE_cond"
[1] "ENSG00000179195_12_124469738_A_G"
Harmonising fat_distr (fat_distr) and Outcome (Outcome)
Harmonising fat_distr (fat_distr) and Outcome (Outcome)
[1] 395
[1] 395
  iteration                                     traits posterior_prob
1         1 iradjbmi, ENSG00000179195_12_124469738_A_G         0.9576
  regional_prob candidate_snp posterior_explained_by_snp dropped_trait
1             1    rs11057408                     0.4268            NA
   lead_snp
1 rs7133378
[1] "GENE_cond"
[1] "ENSG00000179195_12_124547824_G_A"
Harmonising fat_distr (fat_distr) and Outcome (Outcome)
Harmonising fat_distr (fat_distr) and Outcome (Outcome)
[1] 395
[1] 395
  iteration traits posterior_prob regional_prob candidate_snp
1         1   None             NA        0.8392            NA
  posterior_explained_by_snp                    dropped_trait  lead_snp
1                         NA ENSG00000179195_12_124547824_G_A rs7133378
[1] "GENE_cond"
[1] "ENSG00000179195_12_124443651_G_A"
Harmonising fat_distr (fat_distr) and Outcome (Outcome)
Harmonising fat_distr (fat_distr) and Outcome (Outcome)
[1] 395
[1] 395
  iteration traits posterior_prob regional_prob candidate_snp
1         1   None             NA         0.011            NA
  posterior_explained_by_snp dropped_trait  lead_snp
1                         NA      iradjbmi rs7133378
[1] "GENE_cond"
[1] "ENSG00000179195_12_124519846_T_C"
Harmonising fat_distr (fat_distr) and Outcome (Outcome)
Harmonising fat_distr (fat_distr) and Outcome (Outcome)
[1] 395
[1] 395
  iteration                                     traits posterior_prob
1         1 iradjbmi, ENSG00000179195_12_124519846_T_C         0.8327
  regional_prob candidate_snp posterior_explained_by_snp dropped_trait
1        0.9888     rs1716409                      0.971            NA
   lead_snp
1 rs7133378
[1] "GENE_cond"
[1] "ENSG00000197653_12_124409502_G_A"
Harmonising fat_distr (fat_distr) and Outcome (Outcome)
Harmonising fat_distr (fat_distr) and Outcome (Outcome)
[1] 395
[1] 395
  iteration                                     traits posterior_prob
1         1 iradjbmi, ENSG00000197653_12_124409502_G_A         0.9875
  regional_prob candidate_snp posterior_explained_by_snp dropped_trait
1             1     rs7133378                     0.9999            NA
   lead_snp
1 rs7133378
[1] "GENE_cond"
[1] "ENSG00000197653_12_124616113_C_G"
Harmonising fat_distr (fat_distr) and Outcome (Outcome)
Harmonising fat_distr (fat_distr) and Outcome (Outcome)
[1] 394
[1] 394
  iteration traits posterior_prob regional_prob candidate_snp
1         1   None             NA        0.9931            NA
  posterior_explained_by_snp dropped_trait  lead_snp
1                         NA      iradjbmi rs7133378
[1] "GENE_cond"
[1] "ENSG00000197653_12_124556426_C_T"
Harmonising fat_distr (fat_distr) and Outcome (Outcome)
Harmonising fat_distr (fat_distr) and Outcome (Outcome)
[1] 394
[1] 394
  iteration traits posterior_prob regional_prob candidate_snp
1         1   None             NA        0.6853            NA
  posterior_explained_by_snp dropped_trait  lead_snp
1                         NA      iradjbmi rs7133378
[1] "GENE_cond"
[1] "ENSG00000197653_12_124388784_G_A"
Harmonising fat_distr (fat_distr) and Outcome (Outcome)
Harmonising fat_distr (fat_distr) and Outcome (Outcome)
[1] 394
[1] 394
  iteration traits posterior_prob regional_prob candidate_snp
1         1   None             NA        0.9726            NA
  posterior_explained_by_snp dropped_trait  lead_snp
1                         NA      iradjbmi rs7133378
[1] "GENE_cond"
[1] "ENSG00000250091_12_124415453_T_C"
Harmonising fat_distr (fat_distr) and Outcome (Outcome)
Harmonising fat_distr (fat_distr) and Outcome (Outcome)
[1] 395
[1] 395
  iteration                                     traits posterior_prob
1         1 iradjbmi, ENSG00000250091_12_124415453_T_C         0.9329
  regional_prob candidate_snp posterior_explained_by_snp dropped_trait
1             1    rs10846580                     0.2796            NA
   lead_snp
1 rs7133378
[1] "GENE_cond"
[1] "ENSG00000250091_12_124505602_A_G"
Harmonising fat_distr (fat_distr) and Outcome (Outcome)
Harmonising fat_distr (fat_distr) and Outcome (Outcome)
[1] 394
[1] 394
  iteration traits posterior_prob regional_prob candidate_snp
1         1   None             NA        0.9966            NA
  posterior_explained_by_snp dropped_trait  lead_snp
1                         NA      iradjbmi rs7133378
[1] "GENE_cond"
[1] "ENSG00000270005_12_124409502_G_A"
Harmonising fat_distr (fat_distr) and Outcome (Outcome)
Harmonising fat_distr (fat_distr) and Outcome (Outcome)
[1] 393
[1] 393
  iteration                                     traits posterior_prob
1         1 iradjbmi, ENSG00000270005_12_124409502_G_A         0.9788
  regional_prob candidate_snp posterior_explained_by_snp dropped_trait
1             1     rs7133378                     0.8302            NA
   lead_snp
1 rs7133378
[1] "GENE_cond"
[1] "ENSG00000270005_12_124532426_A_G"
Harmonising fat_distr (fat_distr) and Outcome (Outcome)
Harmonising fat_distr (fat_distr) and Outcome (Outcome)
[1] 393
[1] 393
  iteration traits posterior_prob regional_prob candidate_snp
1         1   None             NA          0.87            NA
  posterior_explained_by_snp                    dropped_trait  lead_snp
1                         NA ENSG00000270005_12_124532426_A_G rs7133378
[1] "GENE_cond"
[1] "ENSG00000270005_12_124505444_C_T"
Harmonising fat_distr (fat_distr) and Outcome (Outcome)
Harmonising fat_distr (fat_distr) and Outcome (Outcome)
[1] 393
[1] 393
  iteration                                     traits posterior_prob
1         1 iradjbmi, ENSG00000270005_12_124505444_C_T         0.9992
  regional_prob candidate_snp posterior_explained_by_snp dropped_trait
1             1      rs863750                          1            NA
   lead_snp
1 rs7133378
[1] "GENE_cond"
[1] "ENSG00000270005_12_123834249_G_A"
Harmonising fat_distr (fat_distr) and Outcome (Outcome)
Harmonising fat_distr (fat_distr) and Outcome (Outcome)
[1] 392
[1] 392
  iteration traits posterior_prob regional_prob candidate_snp
1         1   None             NA        0.0214            NA
  posterior_explained_by_snp dropped_trait  lead_snp
1                         NA      iradjbmi rs7133378
[1] "LEAD INDEX"
[1] 14
[1] "CHROMOSOME"
[1] 13
[1] "LEAD INDEX"
[1] 1
[1] "GENE_cond"
[1] "ENSG00000102683_13_23755788_A_G"
Harmonising fat_distr (fat_distr) and Outcome (Outcome)
Harmonising fat_distr (fat_distr) and Outcome (Outcome)
[1] 627
[1] 627
  iteration traits posterior_prob regional_prob candidate_snp
1         1   None             NA         1e-04            NA
  posterior_explained_by_snp                   dropped_trait  lead_snp
1                         NA ENSG00000102683_13_23755788_A_G rs3829352
[1] "GENE_cond"
[1] "ENSG00000102683_13_23871488_T_C"
Harmonising fat_distr (fat_distr) and Outcome (Outcome)
Harmonising fat_distr (fat_distr) and Outcome (Outcome)
[1] 626
[1] 626
  iteration traits posterior_prob regional_prob candidate_snp
1         1   None             NA        0.0909            NA
  posterior_explained_by_snp                   dropped_trait  lead_snp
1                         NA ENSG00000102683_13_23871488_T_C rs3829352
[1] "GENE_cond"
[1] "ENSG00000102683_13_23872356_G_A"
Harmonising fat_distr (fat_distr) and Outcome (Outcome)
Harmonising fat_distr (fat_distr) and Outcome (Outcome)
[1] 626
[1] 626
  iteration traits posterior_prob regional_prob candidate_snp
1         1   None             NA        0.0434            NA
  posterior_explained_by_snp                   dropped_trait  lead_snp
1                         NA ENSG00000102683_13_23872356_G_A rs3829352
[1] "GENE_cond"
[1] "ENSG00000102683_13_23895598_T_C"
Harmonising fat_distr (fat_distr) and Outcome (Outcome)
Harmonising fat_distr (fat_distr) and Outcome (Outcome)
[1] 626
[1] 626
  iteration traits posterior_prob regional_prob candidate_snp
1         1   None             NA        0.0054            NA
  posterior_explained_by_snp                   dropped_trait  lead_snp
1                         NA ENSG00000102683_13_23895598_T_C rs3829352
[1] "GENE_cond"
[1] "ENSG00000229558_13_23878749_C_T"
Harmonising fat_distr (fat_distr) and Outcome (Outcome)
Harmonising fat_distr (fat_distr) and Outcome (Outcome)
[1] 626
[1] 626
  iteration traits posterior_prob regional_prob candidate_snp
1         1   None             NA        0.0146            NA
  posterior_explained_by_snp                   dropped_trait  lead_snp
1                         NA ENSG00000229558_13_23878749_C_T rs3829352
[1] "GENE_cond"
[1] "ENSG00000229558_13_23892786_A_G"
Harmonising fat_distr (fat_distr) and Outcome (Outcome)
Harmonising fat_distr (fat_distr) and Outcome (Outcome)
[1] 627
[1] 627
[1] "LEAD INDEX"
[1] 2
[1] "LEAD INDEX"
[1] 3
[1] "GENE_cond"
[1] "ENSG00000185989_13_114824554_C_G"
Harmonising fat_distr (fat_distr) and Outcome (Outcome)
Harmonising fat_distr (fat_distr) and Outcome (Outcome)
[1] 211
[1] 211
  iteration traits posterior_prob regional_prob candidate_snp
1         1   None             NA        0.2006            NA
  posterior_explained_by_snp                    dropped_trait  lead_snp
1                         NA ENSG00000185989_13_114824554_C_G rs4393438
[1] "GENE_cond"
[1] "ENSG00000185989_13_114807169_G_A"
Harmonising fat_distr (fat_distr) and Outcome (Outcome)
Harmonising fat_distr (fat_distr) and Outcome (Outcome)
[1] 211
[1] 211
  iteration traits posterior_prob regional_prob candidate_snp
1         1   None             NA        0.4546            NA
  posterior_explained_by_snp                    dropped_trait  lead_snp
1                         NA ENSG00000185989_13_114807169_G_A rs4393438
[1] "GENE_cond"
[1] "ENSG00000185989_13_114744546_C_T"
Harmonising fat_distr (fat_distr) and Outcome (Outcome)
Harmonising fat_distr (fat_distr) and Outcome (Outcome)
[1] 211
[1] 211
  iteration                                     traits posterior_prob
1         1 iradjbmi, ENSG00000185989_13_114744546_C_T         0.9532
  regional_prob candidate_snp posterior_explained_by_snp dropped_trait
1        0.9675     rs9525319                     0.4344            NA
   lead_snp
1 rs4393438
[1] "GENE_cond"
[1] "ENSG00000185989_13_114821828_C_T"
Harmonising fat_distr (fat_distr) and Outcome (Outcome)
Harmonising fat_distr (fat_distr) and Outcome (Outcome)
[1] 211
[1] 211
  iteration traits posterior_prob regional_prob candidate_snp
1         1   None             NA        0.0771            NA
  posterior_explained_by_snp                    dropped_trait  lead_snp
1                         NA ENSG00000185989_13_114821828_C_T rs4393438
[1] "CHROMOSOME"
[1] 14
[1] "LEAD INDEX"
[1] 1
[1] "CHROMOSOME"
[1] 15
[1] "LEAD INDEX"
[1] 1
[1] "LEAD INDEX"
[1] 2
[1] "GENE_cond"
[1] "ENSG00000140326_15_43028749_T_A"
Harmonising fat_distr (fat_distr) and Outcome (Outcome)
Harmonising fat_distr (fat_distr) and Outcome (Outcome)
[1] 219
[1] 219
[1] "GENE_cond"
[1] "ENSG00000140326_15_44027924_C_T"
Harmonising fat_distr (fat_distr) and Outcome (Outcome)
Harmonising fat_distr (fat_distr) and Outcome (Outcome)
[1] 219
[1] 219
  iteration traits posterior_prob regional_prob candidate_snp
1         1   None             NA        0.0033            NA
  posterior_explained_by_snp dropped_trait   lead_snp
1                         NA      iradjbmi rs12917018
[1] "LEAD INDEX"
[1] 3
[1] "GENE_cond"
[1] "ENSG00000137801_15_39459358_A_G"
Harmonising fat_distr (fat_distr) and Outcome (Outcome)
Harmonising fat_distr (fat_distr) and Outcome (Outcome)
[1] 561
[1] 561
[1] "GENE_cond"
[1] "ENSG00000137801_15_39668870_C_T"
Harmonising fat_distr (fat_distr) and Outcome (Outcome)
Harmonising fat_distr (fat_distr) and Outcome (Outcome)
[1] 561
[1] 561
  iteration traits posterior_prob regional_prob candidate_snp
1         1   None             NA        0.1748            NA
  posterior_explained_by_snp                   dropped_trait lead_snp
1                         NA ENSG00000137801_15_39668870_C_T rs275184
[1] "GENE_cond"
[1] "ENSG00000259279_15_39459358_A_G"
Harmonising fat_distr (fat_distr) and Outcome (Outcome)
Harmonising fat_distr (fat_distr) and Outcome (Outcome)
[1] 561
[1] 561
[1] "GENE_cond"
[1] "ENSG00000259279_15_39668870_C_T"
Harmonising fat_distr (fat_distr) and Outcome (Outcome)
Harmonising fat_distr (fat_distr) and Outcome (Outcome)
[1] 561
[1] 561
  iteration traits posterior_prob regional_prob candidate_snp
1         1   None             NA        0.1604            NA
  posterior_explained_by_snp                   dropped_trait lead_snp
1                         NA ENSG00000259279_15_39668870_C_T rs275184
[1] "LEAD INDEX"
[1] 4
[1] "LEAD INDEX"
[1] 5
[1] "GENE_cond"
[1] "ENSG00000259616_15_61947280_C_G"
Harmonising fat_distr (fat_distr) and Outcome (Outcome)
Harmonising fat_distr (fat_distr) and Outcome (Outcome)
[1] 515
[1] 515
[1] "GENE_cond"
[1] "ENSG00000259616_15_61861526_C_A"
Harmonising fat_distr (fat_distr) and Outcome (Outcome)
Harmonising fat_distr (fat_distr) and Outcome (Outcome)
[1] 515
[1] 515
  iteration traits posterior_prob regional_prob candidate_snp
1         1   None             NA        0.0022            NA
  posterior_explained_by_snp                   dropped_trait  lead_snp
1                         NA ENSG00000259616_15_61861526_C_A rs4775426
[1] "LEAD INDEX"
[1] 6
[1] "GENE_cond"
[1] "ENSG00000140416_15_63360446_G_C"
Harmonising fat_distr (fat_distr) and Outcome (Outcome)
Harmonising fat_distr (fat_distr) and Outcome (Outcome)
[1] 465
[1] 465
  iteration                                    traits posterior_prob
1         1 iradjbmi, ENSG00000140416_15_63360446_G_C          0.899
  regional_prob candidate_snp posterior_explained_by_snp dropped_trait
1             1     rs7170462                     0.3743            NA
   lead_snp
1 rs2729827
[1] "GENE_cond"
[1] "ENSG00000140416_15_63344958_G_T"
Harmonising fat_distr (fat_distr) and Outcome (Outcome)
Harmonising fat_distr (fat_distr) and Outcome (Outcome)
[1] 465
[1] 465
  iteration                                    traits posterior_prob
1         1 iradjbmi, ENSG00000140416_15_63344958_G_T         0.8427
  regional_prob candidate_snp posterior_explained_by_snp dropped_trait
1        0.9999     rs6494387                     0.3893            NA
   lead_snp
1 rs2729827
[1] "GENE_cond"
[1] "ENSG00000140416_15_63233316_C_T"
Harmonising fat_distr (fat_distr) and Outcome (Outcome)
Harmonising fat_distr (fat_distr) and Outcome (Outcome)
[1] 465
[1] 465
  iteration traits posterior_prob regional_prob candidate_snp
1         1   None             NA          0.01            NA
  posterior_explained_by_snp dropped_trait  lead_snp
1                         NA      iradjbmi rs2729827
[1] "GENE_cond"
[1] "ENSG00000259498_15_63360446_G_C"
Harmonising fat_distr (fat_distr) and Outcome (Outcome)
Harmonising fat_distr (fat_distr) and Outcome (Outcome)
[1] 465
[1] 465
[1] "GENE_cond"
[1] "ENSG00000259498_15_63341238_G_C"
Harmonising fat_distr (fat_distr) and Outcome (Outcome)
Harmonising fat_distr (fat_distr) and Outcome (Outcome)
[1] 465
[1] 465
  iteration traits posterior_prob regional_prob candidate_snp
1         1   None             NA        0.3591            NA
  posterior_explained_by_snp dropped_trait  lead_snp
1                         NA      iradjbmi rs2729827
[1] "GENE_cond"
[1] "ENSG00000259498_15_63341262_T_C"
Harmonising fat_distr (fat_distr) and Outcome (Outcome)
Harmonising fat_distr (fat_distr) and Outcome (Outcome)
[1] 465
[1] 465
  iteration traits posterior_prob regional_prob candidate_snp
1         1   None             NA        0.1815            NA
  posterior_explained_by_snp dropped_trait  lead_snp
1                         NA      iradjbmi rs2729827
[1] "GENE_cond"
[1] "ENSG00000259627_15_63345622_G_A"
Harmonising fat_distr (fat_distr) and Outcome (Outcome)
Harmonising fat_distr (fat_distr) and Outcome (Outcome)
[1] 465
[1] 465
  iteration                                    traits posterior_prob
1         1 iradjbmi, ENSG00000259627_15_63345622_G_A         0.9817
  regional_prob candidate_snp posterior_explained_by_snp dropped_trait
1             1     rs7170462                     0.5676            NA
   lead_snp
1 rs2729827
[1] "GENE_cond"
[1] "ENSG00000259627_15_63232702_G_T"
Harmonising fat_distr (fat_distr) and Outcome (Outcome)
Harmonising fat_distr (fat_distr) and Outcome (Outcome)
[1] 464
[1] 464
  iteration traits posterior_prob regional_prob candidate_snp
1         1   None             NA        0.0035            NA
  posterior_explained_by_snp dropped_trait  lead_snp
1                         NA      iradjbmi rs2729827
[1] "GENE_cond"
[1] "ENSG00000259627_15_63370329_A_T"
Harmonising fat_distr (fat_distr) and Outcome (Outcome)
Harmonising fat_distr (fat_distr) and Outcome (Outcome)
[1] 464
[1] 464
  iteration                                    traits posterior_prob
1         1 iradjbmi, ENSG00000259627_15_63370329_A_T         0.7478
  regional_prob candidate_snp posterior_explained_by_snp dropped_trait
1        0.9208     rs6494387                     0.4441            NA
   lead_snp
1 rs2729827
[1] "LEAD INDEX"
[1] 7
[1] "LEAD INDEX"
[1] 8
[1] "LEAD INDEX"
[1] 9
[1] "CHROMOSOME"
[1] 16
[1] "LEAD INDEX"
[1] 1
[1] "LEAD INDEX"
[1] 2
[1] "LEAD INDEX"
[1] 3
[1] "GENE_cond"
[1] "ENSG00000157045_16_15189841_C_G"
Harmonising fat_distr (fat_distr) and Outcome (Outcome)
Harmonising fat_distr (fat_distr) and Outcome (Outcome)
[1] 99
[1] 99
  iteration traits posterior_prob regional_prob candidate_snp
1         1   None             NA        0.0011            NA
  posterior_explained_by_snp                   dropped_trait   lead_snp
1                         NA ENSG00000157045_16_15189841_C_G rs11075253
[1] "GENE_cond"
[1] "ENSG00000157045_16_15150773_C_G"
Harmonising fat_distr (fat_distr) and Outcome (Outcome)
Harmonising fat_distr (fat_distr) and Outcome (Outcome)
[1] 99
[1] 99
  iteration traits posterior_prob regional_prob candidate_snp
1         1   None             NA        0.0559            NA
  posterior_explained_by_snp dropped_trait   lead_snp
1                         NA      iradjbmi rs11075253
[1] "LEAD INDEX"
[1] 4
[1] "GENE_cond"
[1] "ENSG00000149927_16_30011618_C_T"
Harmonising fat_distr (fat_distr) and Outcome (Outcome)
Harmonising fat_distr (fat_distr) and Outcome (Outcome)
[1] 176
[1] 176
[1] "GENE_cond"
[1] "ENSG00000149927_16_29965436_C_T"
Harmonising fat_distr (fat_distr) and Outcome (Outcome)
Harmonising fat_distr (fat_distr) and Outcome (Outcome)
[1] 175
[1] 175
  iteration traits posterior_prob regional_prob candidate_snp
1         1   None             NA        0.0022            NA
  posterior_explained_by_snp dropped_trait  lead_snp
1                         NA      iradjbmi rs4283241
[1] "GENE_cond"
[1] "ENSG00000169592_16_29982961_C_T"
Harmonising fat_distr (fat_distr) and Outcome (Outcome)
Harmonising fat_distr (fat_distr) and Outcome (Outcome)
[1] 176
[1] 176
  iteration traits posterior_prob regional_prob candidate_snp
1         1   None             NA        0.8435            NA
  posterior_explained_by_snp dropped_trait  lead_snp
1                         NA      iradjbmi rs4283241
[1] "GENE_cond"
[1] "ENSG00000169592_16_30014975_G_T"
Harmonising fat_distr (fat_distr) and Outcome (Outcome)
Harmonising fat_distr (fat_distr) and Outcome (Outcome)
[1] 175
[1] 175
  iteration traits posterior_prob regional_prob candidate_snp
1         1   None             NA        0.1008            NA
  posterior_explained_by_snp dropped_trait  lead_snp
1                         NA      iradjbmi rs4283241
[1] "GENE_cond"
[1] "ENSG00000169592_16_30022656_G_C"
Harmonising fat_distr (fat_distr) and Outcome (Outcome)
Harmonising fat_distr (fat_distr) and Outcome (Outcome)
[1] 175
[1] 175
  iteration traits posterior_prob regional_prob candidate_snp
1         1   None             NA        0.3442            NA
  posterior_explained_by_snp                   dropped_trait  lead_snp
1                         NA ENSG00000169592_16_30022656_G_C rs4283241
[1] "GENE_cond"
[1] "ENSG00000169592_16_30150407_G_A"
Harmonising fat_distr (fat_distr) and Outcome (Outcome)
Harmonising fat_distr (fat_distr) and Outcome (Outcome)
[1] 175
[1] 175
  iteration traits posterior_prob regional_prob candidate_snp
1         1   None             NA          0.01            NA
  posterior_explained_by_snp dropped_trait  lead_snp
1                         NA      iradjbmi rs4283241
[1] "GENE_cond"
[1] "ENSG00000174943_16_29922988_C_T"
Harmonising fat_distr (fat_distr) and Outcome (Outcome)
Harmonising fat_distr (fat_distr) and Outcome (Outcome)
[1] 176
[1] 176
  iteration traits posterior_prob regional_prob candidate_snp
1         1   None             NA        0.0022            NA
  posterior_explained_by_snp dropped_trait  lead_snp
1                         NA      iradjbmi rs4283241
[1] "GENE_cond"
[1] "ENSG00000174943_16_29937652_G_A"
Harmonising fat_distr (fat_distr) and Outcome (Outcome)
Harmonising fat_distr (fat_distr) and Outcome (Outcome)
[1] 175
[1] 175
[1] "LEAD INDEX"
[1] 5
[1] "GENE_cond"
[1] "ENSG00000135740_16_67369722_A_G"
Harmonising fat_distr (fat_distr) and Outcome (Outcome)
Harmonising fat_distr (fat_distr) and Outcome (Outcome)
[1] 104
[1] 104
[1] "GENE_cond"
[1] "ENSG00000135740_16_67267279_A_G"
Harmonising fat_distr (fat_distr) and Outcome (Outcome)
Harmonising fat_distr (fat_distr) and Outcome (Outcome)
[1] 105
[1] 105
  iteration traits posterior_prob regional_prob candidate_snp
1         1   None             NA         3e-04            NA
  posterior_explained_by_snp                   dropped_trait  lead_snp
1                         NA ENSG00000135740_16_67267279_A_G rs8059722
[1] "GENE_cond"
[1] "ENSG00000135740_16_67437765_C_T"
Harmonising fat_distr (fat_distr) and Outcome (Outcome)
Harmonising fat_distr (fat_distr) and Outcome (Outcome)
[1] 104
[1] 104
  iteration traits posterior_prob regional_prob candidate_snp
1         1   None             NA         0.001            NA
  posterior_explained_by_snp                   dropped_trait  lead_snp
1                         NA ENSG00000135740_16_67437765_C_T rs8059722
[1] "LEAD INDEX"
[1] 6
[1] "LEAD INDEX"
[1] 7
[1] "GENE_cond"
[1] "ENSG00000153815_16_81534790_T_C"
Harmonising fat_distr (fat_distr) and Outcome (Outcome)
Harmonising fat_distr (fat_distr) and Outcome (Outcome)
[1] 698
[1] 698
  iteration                                    traits posterior_prob
1         1 iradjbmi, ENSG00000153815_16_81534790_T_C              1
  regional_prob candidate_snp posterior_explained_by_snp dropped_trait
1             1     rs2925979                          1            NA
   lead_snp
1 rs2925979
[1] "GENE_cond"
[1] "ENSG00000153815_16_81735012_G_A"
Harmonising fat_distr (fat_distr) and Outcome (Outcome)
Harmonising fat_distr (fat_distr) and Outcome (Outcome)
[1] 698
[1] 698
  iteration traits posterior_prob regional_prob candidate_snp
1         1   None             NA        0.0461            NA
  posterior_explained_by_snp                   dropped_trait  lead_snp
1                         NA ENSG00000153815_16_81735012_G_A rs2925979
[1] "GENE_cond"
[1] "ENSG00000153815_16_81726584_A_C"
Harmonising fat_distr (fat_distr) and Outcome (Outcome)
Harmonising fat_distr (fat_distr) and Outcome (Outcome)
[1] 698
[1] 698
[1] "LEAD INDEX"
[1] 8
[1] "CHROMOSOME"
[1] 17
[1] "LEAD INDEX"
[1] 1
[1] "GENE_cond"
[1] "ENSG00000133027_17_17452512_G_A"
Harmonising fat_distr (fat_distr) and Outcome (Outcome)
Harmonising fat_distr (fat_distr) and Outcome (Outcome)
[1] 375
[1] 375
  iteration traits posterior_prob regional_prob candidate_snp
1         1   None             NA         3e-04            NA
  posterior_explained_by_snp                   dropped_trait  lead_snp
1                         NA ENSG00000133027_17_17452512_G_A rs1263507
[1] "GENE_cond"
[1] "ENSG00000133027_17_17483297_G_A"
Harmonising fat_distr (fat_distr) and Outcome (Outcome)
Harmonising fat_distr (fat_distr) and Outcome (Outcome)
[1] 375
[1] 375
  iteration                                    traits posterior_prob
1         1 iradjbmi, ENSG00000133027_17_17483297_G_A         0.9877
  regional_prob candidate_snp posterior_explained_by_snp dropped_trait
1             1     rs7224725                     0.8654            NA
   lead_snp
1 rs1263507
[1] "LEAD INDEX"
[1] 2
[1] "LEAD INDEX"
[1] 3
[1] "LEAD INDEX"
[1] 4
[1] "LEAD INDEX"
[1] 5
[1] "GENE_cond"
[1] "ENSG00000133027_17_17452512_G_A"
Harmonising fat_distr (fat_distr) and Outcome (Outcome)
Harmonising fat_distr (fat_distr) and Outcome (Outcome)
[1] 372
[1] 372
  iteration traits posterior_prob regional_prob candidate_snp
1         1   None             NA         3e-04            NA
  posterior_explained_by_snp                   dropped_trait  lead_snp
1                         NA ENSG00000133027_17_17452512_G_A rs7222358
[1] "GENE_cond"
[1] "ENSG00000133027_17_17483297_G_A"
Harmonising fat_distr (fat_distr) and Outcome (Outcome)
Harmonising fat_distr (fat_distr) and Outcome (Outcome)
[1] 372
[1] 372
  iteration                                    traits posterior_prob
1         1 iradjbmi, ENSG00000133027_17_17483297_G_A         0.9877
  regional_prob candidate_snp posterior_explained_by_snp dropped_trait
1             1     rs7224725                     0.8654            NA
   lead_snp
1 rs7222358
[1] "LEAD INDEX"
[1] 6
[1] "GENE_cond"
[1] "ENSG00000037042_17_40793704_G_T"
Harmonising fat_distr (fat_distr) and Outcome (Outcome)
Harmonising fat_distr (fat_distr) and Outcome (Outcome)
[1] 235
[1] 235
  iteration traits posterior_prob regional_prob candidate_snp
1         1   None             NA        0.0388            NA
  posterior_explained_by_snp                   dropped_trait lead_snp
1                         NA ENSG00000037042_17_40793704_G_T rs646123
[1] "GENE_cond"
[1] "ENSG00000037042_17_40818584_C_T"
Harmonising fat_distr (fat_distr) and Outcome (Outcome)
Harmonising fat_distr (fat_distr) and Outcome (Outcome)
[1] 236
[1] 236
  iteration                                    traits posterior_prob
1         1 iradjbmi, ENSG00000037042_17_40818584_C_T         0.9341
  regional_prob candidate_snp posterior_explained_by_snp dropped_trait lead_snp
1        0.9993     rs2292749                     0.9573            NA rs646123
[1] "GENE_cond"
[1] "ENSG00000108785_17_40707444_A_C"
Harmonising fat_distr (fat_distr) and Outcome (Outcome)
Harmonising fat_distr (fat_distr) and Outcome (Outcome)
[1] 236
[1] 236
  iteration traits posterior_prob regional_prob candidate_snp
1         1   None             NA        0.2543            NA
  posterior_explained_by_snp                   dropped_trait lead_snp
1                         NA ENSG00000108785_17_40707444_A_C rs646123
[1] "GENE_cond"
[1] "ENSG00000108785_17_40721042_C_T"
Harmonising fat_distr (fat_distr) and Outcome (Outcome)
Harmonising fat_distr (fat_distr) and Outcome (Outcome)
[1] 236
[1] 236
  iteration                                    traits posterior_prob
1         1 iradjbmi, ENSG00000108785_17_40721042_C_T         0.9797
  regional_prob candidate_snp posterior_explained_by_snp dropped_trait lead_snp
1        0.9998      rs646123                     0.3596            NA rs646123
[1] "LEAD INDEX"
[1] 7
[1] "GENE_cond"
[1] "ENSG00000067596_17_41606711_G_A"
Harmonising fat_distr (fat_distr) and Outcome (Outcome)
Harmonising fat_distr (fat_distr) and Outcome (Outcome)
[1] 306
[1] 306
  iteration traits posterior_prob regional_prob candidate_snp
1         1   None             NA        0.0611            NA
  posterior_explained_by_snp                   dropped_trait  lead_snp
1                         NA ENSG00000067596_17_41606711_G_A rs4632174
[1] "GENE_cond"
[1] "ENSG00000067596_17_41491410_T_C"
Harmonising fat_distr (fat_distr) and Outcome (Outcome)
Harmonising fat_distr (fat_distr) and Outcome (Outcome)
[1] 306
[1] 306
  iteration traits posterior_prob regional_prob candidate_snp
1         1   None             NA         0.009            NA
  posterior_explained_by_snp dropped_trait  lead_snp
1                         NA      iradjbmi rs4632174
[1] "LEAD INDEX"
[1] 8
[1] "LEAD INDEX"
[1] 9
[1] "GENE_cond"
[1] "ENSG00000108852_17_41953212_G_A"
Harmonising fat_distr (fat_distr) and Outcome (Outcome)
Harmonising fat_distr (fat_distr) and Outcome (Outcome)
[1] 331
[1] 331
  iteration traits posterior_prob regional_prob candidate_snp
1         1   None             NA             1            NA
  posterior_explained_by_snp dropped_trait lead_snp
1                         NA      iradjbmi rs231492
[1] "GENE_cond"
[1] "ENSG00000108852_17_41984849_C_G"
Harmonising fat_distr (fat_distr) and Outcome (Outcome)
Harmonising fat_distr (fat_distr) and Outcome (Outcome)
[1] 330
[1] 330
  iteration                                    traits posterior_prob
1         1 iradjbmi, ENSG00000108852_17_41984849_C_G              1
  regional_prob candidate_snp posterior_explained_by_snp dropped_trait lead_snp
1             1      rs231492                          1            NA rs231492
[1] "LEAD INDEX"
[1] 10
[1] "LEAD INDEX"
[1] 11
[1] "GENE_cond"
[1] "ENSG00000108439_17_46024660_A_C"
Harmonising fat_distr (fat_distr) and Outcome (Outcome)
Harmonising fat_distr (fat_distr) and Outcome (Outcome)
[1] 405
[1] 405
  iteration traits posterior_prob regional_prob candidate_snp
1         1   None             NA         2e-04            NA
  posterior_explained_by_snp                   dropped_trait   lead_snp
1                         NA ENSG00000108439_17_46024660_A_C rs17618704
[1] "GENE_cond"
[1] "ENSG00000108439_17_46027852_G_A"
Harmonising fat_distr (fat_distr) and Outcome (Outcome)
Harmonising fat_distr (fat_distr) and Outcome (Outcome)
[1] 405
[1] 405
  iteration                                    traits posterior_prob
1         1 iradjbmi, ENSG00000108439_17_46027852_G_A         0.9001
  regional_prob candidate_snp posterior_explained_by_snp dropped_trait
1        0.9998    rs11650043                     0.6281            NA
    lead_snp
1 rs17618704
[1] "GENE_cond"
[1] "ENSG00000108439_17_45931413_A_G"
Harmonising fat_distr (fat_distr) and Outcome (Outcome)
Harmonising fat_distr (fat_distr) and Outcome (Outcome)
[1] 404
[1] 404
  iteration traits posterior_prob regional_prob candidate_snp
1         1   None             NA        0.0028            NA
  posterior_explained_by_snp                   dropped_trait   lead_snp
1                         NA ENSG00000108439_17_45931413_A_G rs17618704
[1] "GENE_cond"
[1] "ENSG00000263412_17_46121875_T_C"
Harmonising fat_distr (fat_distr) and Outcome (Outcome)
Harmonising fat_distr (fat_distr) and Outcome (Outcome)
[1] 406
[1] 406
  iteration                                    traits posterior_prob
1         1 iradjbmi, ENSG00000263412_17_46121875_T_C          0.975
  regional_prob candidate_snp posterior_explained_by_snp dropped_trait
1        0.9999     rs9903963                     0.2386            NA
    lead_snp
1 rs17618704
[1] "GENE_cond"
[1] "ENSG00000263412_17_46197755_A_G"
Harmonising fat_distr (fat_distr) and Outcome (Outcome)
Harmonising fat_distr (fat_distr) and Outcome (Outcome)
[1] 406
[1] 406
  iteration                                    traits posterior_prob
1         1 iradjbmi, ENSG00000263412_17_46197755_A_G         0.9035
  regional_prob candidate_snp posterior_explained_by_snp dropped_trait
1        0.9986     rs1468270                     0.1032            NA
    lead_snp
1 rs17618704
[1] "LEAD INDEX"
[1] 12
[1] "LEAD INDEX"
[1] 13
[1] "GENE_cond"
[1] "ENSG00000123700_17_68432122_A_C"
Harmonising fat_distr (fat_distr) and Outcome (Outcome)
Harmonising fat_distr (fat_distr) and Outcome (Outcome)
[1] 460
[1] 460
  iteration                                    traits posterior_prob
1         1 iradjbmi, ENSG00000123700_17_68432122_A_C         0.9389
  regional_prob candidate_snp posterior_explained_by_snp dropped_trait
1        0.9843     rs1396514                     0.3232            NA
   lead_snp
1 rs9904355
[1] "GENE_cond"
[1] "ENSG00000123700_17_68160311_C_T"
Harmonising fat_distr (fat_distr) and Outcome (Outcome)
Harmonising fat_distr (fat_distr) and Outcome (Outcome)
[1] 460
[1] 460
  iteration traits posterior_prob regional_prob candidate_snp
1         1   None             NA        0.0019            NA
  posterior_explained_by_snp                   dropped_trait  lead_snp
1                         NA ENSG00000123700_17_68160311_C_T rs9904355
[1] "LEAD INDEX"
[1] 14
[1] "GENE_cond"
[1] "ENSG00000185262_17_74264857_T_C"
Harmonising fat_distr (fat_distr) and Outcome (Outcome)
Harmonising fat_distr (fat_distr) and Outcome (Outcome)
[1] 372
[1] 372
[1] "GENE_cond"
[1] "ENSG00000185262_17_74259813_C_T"
Harmonising fat_distr (fat_distr) and Outcome (Outcome)
Harmonising fat_distr (fat_distr) and Outcome (Outcome)
[1] 372
[1] 372
  iteration traits posterior_prob regional_prob candidate_snp
1         1   None             NA         0.019            NA
  posterior_explained_by_snp                   dropped_trait  lead_snp
1                         NA ENSG00000185262_17_74259813_C_T rs9674537
[1] "LEAD INDEX"
[1] 15
[1] "GENE_cond"
[1] "ENSG00000087157_17_76431015_C_T"
Harmonising fat_distr (fat_distr) and Outcome (Outcome)
Harmonising fat_distr (fat_distr) and Outcome (Outcome)
[1] 448
[1] 448
[1] "GENE_cond"
[1] "ENSG00000087157_17_76387363_G_T"
Harmonising fat_distr (fat_distr) and Outcome (Outcome)
Harmonising fat_distr (fat_distr) and Outcome (Outcome)
[1] 448
[1] 448
  iteration                                    traits posterior_prob
1         1 iradjbmi, ENSG00000087157_17_76387363_G_T         0.9722
  regional_prob candidate_snp posterior_explained_by_snp dropped_trait
1             1     rs4969178                     0.5801            NA
    lead_snp
1 rs16971107
[1] "GENE_cond"
[1] "ENSG00000087157_17_76423599_G_A"
Harmonising fat_distr (fat_distr) and Outcome (Outcome)
Harmonising fat_distr (fat_distr) and Outcome (Outcome)
[1] 448
[1] 448
  iteration traits posterior_prob regional_prob candidate_snp
1         1   None             NA        0.0132            NA
  posterior_explained_by_snp dropped_trait   lead_snp
1                         NA      iradjbmi rs16971107
[1] "GENE_cond"
[1] "ENSG00000087157_17_76453788_G_A"
Harmonising fat_distr (fat_distr) and Outcome (Outcome)
Harmonising fat_distr (fat_distr) and Outcome (Outcome)
[1] 448
[1] 448
  iteration traits posterior_prob regional_prob candidate_snp
1         1   None             NA        0.0082            NA
  posterior_explained_by_snp dropped_trait   lead_snp
1                         NA      iradjbmi rs16971107
[1] "CHROMOSOME"
[1] 18
[1] "LEAD INDEX"
[1] 1
[1] "LEAD INDEX"
[1] 2
[1] "LEAD INDEX"
[1] 3
[1] "LEAD INDEX"
[1] 4
[1] "LEAD INDEX"
[1] 5
[1] "LEAD INDEX"
[1] 6
[1] "GENE_cond"
[1] "ENSG00000141452_18_21127910_C_T"
Harmonising fat_distr (fat_distr) and Outcome (Outcome)
Harmonising fat_distr (fat_distr) and Outcome (Outcome)
[1] 307
[1] 307
  iteration                                    traits posterior_prob
1         1 iradjbmi, ENSG00000141452_18_21127910_C_T         0.9479
  regional_prob candidate_snp posterior_explained_by_snp dropped_trait
1             1     rs2435307                     0.9225            NA
   lead_snp
1 rs1623060
[1] "GENE_cond"
[1] "ENSG00000141452_18_21112774_C_G"
Harmonising fat_distr (fat_distr) and Outcome (Outcome)
Harmonising fat_distr (fat_distr) and Outcome (Outcome)
[1] 306
[1] 306
  iteration                                    traits posterior_prob
1         1 iradjbmi, ENSG00000141452_18_21112774_C_G         0.7946
  regional_prob candidate_snp posterior_explained_by_snp dropped_trait
1        0.9745     rs1788826                     0.5806            NA
   lead_snp
1 rs1623060
[1] "GENE_cond"
[1] "ENSG00000141458_18_21156593_G_A"
Harmonising fat_distr (fat_distr) and Outcome (Outcome)
Harmonising fat_distr (fat_distr) and Outcome (Outcome)
[1] 307
[1] 307
  iteration                                    traits posterior_prob
1         1 iradjbmi, ENSG00000141458_18_21156593_G_A         0.8581
  regional_prob candidate_snp posterior_explained_by_snp dropped_trait
1             1    rs11663558                          1            NA
   lead_snp
1 rs1623060
[1] "GENE_cond"
[1] "ENSG00000141458_18_21074450_A_G"
Harmonising fat_distr (fat_distr) and Outcome (Outcome)
Harmonising fat_distr (fat_distr) and Outcome (Outcome)
[1] 307
[1] 307
  iteration                                    traits posterior_prob
1         1 iradjbmi, ENSG00000141458_18_21074450_A_G         0.8812
  regional_prob candidate_snp posterior_explained_by_snp dropped_trait
1        0.9789     rs1429934                     0.8776            NA
   lead_snp
1 rs1623060
[1] "GENE_cond"
[1] "ENSG00000141458_18_20968350_C_T"
Harmonising fat_distr (fat_distr) and Outcome (Outcome)
Harmonising fat_distr (fat_distr) and Outcome (Outcome)
[1] 307
[1] 307
  iteration                                    traits posterior_prob
1         1 iradjbmi, ENSG00000141458_18_20968350_C_T         0.5708
  regional_prob candidate_snp posterior_explained_by_snp dropped_trait
1        0.9233     rs1652376                     0.9957            NA
   lead_snp
1 rs1623060
[1] "LEAD INDEX"
[1] 7
[1] "CHROMOSOME"
[1] 19
[1] "LEAD INDEX"
[1] 1
[1] "GENE_cond"
[1] "ENSG00000130518_19_18396297_A_G"
Harmonising fat_distr (fat_distr) and Outcome (Outcome)
Harmonising fat_distr (fat_distr) and Outcome (Outcome)
[1] 382
[1] 382
  iteration traits posterior_prob regional_prob candidate_snp
1         1   None             NA         3e-04            NA
  posterior_explained_by_snp                   dropped_trait  lead_snp
1                         NA ENSG00000130518_19_18396297_A_G rs1075403
[1] "GENE_cond"
[1] "ENSG00000130518_19_18394761_A_G"
Harmonising fat_distr (fat_distr) and Outcome (Outcome)
Harmonising fat_distr (fat_distr) and Outcome (Outcome)
[1] 382
[1] 382
  iteration                                    traits posterior_prob
1         1 iradjbmi, ENSG00000130518_19_18394761_A_G         0.8536
  regional_prob candidate_snp posterior_explained_by_snp dropped_trait
1        0.9116    rs12608504                     0.6457            NA
   lead_snp
1 rs1075403
[1] "GENE_cond"
[1] "ENSG00000130518_19_18375815_G_A"
Harmonising fat_distr (fat_distr) and Outcome (Outcome)
Harmonising fat_distr (fat_distr) and Outcome (Outcome)
[1] 383
[1] 383
  iteration traits posterior_prob regional_prob candidate_snp
1         1   None             NA         2e-04            NA
  posterior_explained_by_snp                   dropped_trait  lead_snp
1                         NA ENSG00000130518_19_18375815_G_A rs1075403
[1] "LEAD INDEX"
[1] 2
[1] "LEAD INDEX"
[1] 3
[1] "LEAD INDEX"
[1] 4
[1] "GENE_cond"
[1] "ENSG00000171105_19_7125519_G_A"
Harmonising fat_distr (fat_distr) and Outcome (Outcome)
Harmonising fat_distr (fat_distr) and Outcome (Outcome)
[1] 381
[1] 381
  iteration traits posterior_prob regional_prob candidate_snp
1         1   None             NA        0.0675            NA
  posterior_explained_by_snp                  dropped_trait  lead_snp
1                         NA ENSG00000171105_19_7125519_G_A rs8101064
[1] "GENE_cond"
[1] "ENSG00000171105_19_7293560_C_T"
Harmonising fat_distr (fat_distr) and Outcome (Outcome)
Harmonising fat_distr (fat_distr) and Outcome (Outcome)
[1] 381
[1] 381
[1] "GENE_cond"
[1] "ENSG00000171105_19_7116963_T_C"
Harmonising fat_distr (fat_distr) and Outcome (Outcome)
Harmonising fat_distr (fat_distr) and Outcome (Outcome)
[1] 382
[1] 382
  iteration traits posterior_prob regional_prob candidate_snp
1         1   None             NA         8e-04            NA
  posterior_explained_by_snp                  dropped_trait  lead_snp
1                         NA ENSG00000171105_19_7116963_T_C rs8101064
[1] "LEAD INDEX"
[1] 5
[1] "LEAD INDEX"
[1] 6
[1] "LEAD INDEX"
[1] 7
[1] "LEAD INDEX"
[1] 8
[1] "LEAD INDEX"
[1] 9
[1] "LEAD INDEX"
[1] 10
[1] "LEAD INDEX"
[1] 11
[1] "LEAD INDEX"
[1] 12
[1] "LEAD INDEX"
[1] 13
[1] "LEAD INDEX"
[1] 14
[1] "LEAD INDEX"
[1] 15
[1] "LEAD INDEX"
[1] 16
[1] "GENE_cond"
[1] "ENSG00000142233_19_49215302_C_T"
Harmonising fat_distr (fat_distr) and Outcome (Outcome)
Harmonising fat_distr (fat_distr) and Outcome (Outcome)
[1] 396
[1] 396
  iteration                                    traits posterior_prob
1         1 iradjbmi, ENSG00000142233_19_49215302_C_T         0.7031
  regional_prob candidate_snp posterior_explained_by_snp dropped_trait lead_snp
1        0.7129      rs281385                     0.9991            NA rs485186
[1] "GENE_cond"
[1] "ENSG00000142233_19_49206108_C_G"
Harmonising fat_distr (fat_distr) and Outcome (Outcome)
Harmonising fat_distr (fat_distr) and Outcome (Outcome)
[1] 396
[1] 396
  iteration                                    traits posterior_prob
1         1 iradjbmi, ENSG00000142233_19_49206108_C_G         0.3949
  regional_prob candidate_snp posterior_explained_by_snp dropped_trait lead_snp
1        0.7042      rs485186                     0.5892            NA rs485186
[1] "GENE_cond"
[1] "ENSG00000142233_19_49177030_C_T"
Harmonising fat_distr (fat_distr) and Outcome (Outcome)
Harmonising fat_distr (fat_distr) and Outcome (Outcome)
[1] 397
[1] 397
  iteration traits posterior_prob regional_prob candidate_snp
1         1   None             NA         2e-04            NA
  posterior_explained_by_snp                   dropped_trait lead_snp
1                         NA ENSG00000142233_19_49177030_C_T rs485186
[1] "GENE_cond"
[1] "ENSG00000142233_19_49206005_C_G"
Harmonising fat_distr (fat_distr) and Outcome (Outcome)
Harmonising fat_distr (fat_distr) and Outcome (Outcome)
[1] 396
[1] 396
  iteration traits posterior_prob regional_prob candidate_snp
1         1   None             NA        0.0166            NA
  posterior_explained_by_snp dropped_trait lead_snp
1                         NA      iradjbmi rs485186
[1] "GENE_cond"
[1] "ENSG00000142233_19_49144401_C_T"
Harmonising fat_distr (fat_distr) and Outcome (Outcome)
Harmonising fat_distr (fat_distr) and Outcome (Outcome)
[1] 396
[1] 396
  iteration traits posterior_prob regional_prob candidate_snp
1         1   None             NA        0.4976            NA
  posterior_explained_by_snp                   dropped_trait lead_snp
1                         NA ENSG00000142233_19_49144401_C_T rs485186
[1] "LEAD INDEX"
[1] 17
[1] "CHROMOSOME"
[1] 20
[1] "LEAD INDEX"
[1] 1
[1] "GENE_cond"
[1] "ENSG00000132793_20_39959119_G_A"
Harmonising fat_distr (fat_distr) and Outcome (Outcome)
Harmonising fat_distr (fat_distr) and Outcome (Outcome)
[1] 366
[1] 366
  iteration traits posterior_prob regional_prob candidate_snp
1         1   None             NA        0.0394            NA
  posterior_explained_by_snp                   dropped_trait  lead_snp
1                         NA ENSG00000132793_20_39959119_G_A rs6102322
[1] "GENE_cond"
[1] "ENSG00000132793_20_39989868_G_A"
Harmonising fat_distr (fat_distr) and Outcome (Outcome)
Harmonising fat_distr (fat_distr) and Outcome (Outcome)
[1] 366
[1] 366
  iteration traits posterior_prob regional_prob candidate_snp
1         1   None             NA         3e-04            NA
  posterior_explained_by_snp                   dropped_trait  lead_snp
1                         NA ENSG00000132793_20_39989868_G_A rs6102322
[1] "GENE_cond"
[1] "ENSG00000132793_20_40013879_A_G"
Harmonising fat_distr (fat_distr) and Outcome (Outcome)
Harmonising fat_distr (fat_distr) and Outcome (Outcome)
[1] 366
[1] 366
  iteration traits posterior_prob regional_prob candidate_snp
1         1   None             NA         1e-04            NA
  posterior_explained_by_snp                   dropped_trait  lead_snp
1                         NA ENSG00000132793_20_40013879_A_G rs6102322
[1] "LEAD INDEX"
[1] 2
[1] "GENE_cond"
[1] "ENSG00000203896_20_62343013_T_C"
Harmonising fat_distr (fat_distr) and Outcome (Outcome)
Harmonising fat_distr (fat_distr) and Outcome (Outcome)
[1] 416
[1] 416
[1] "GENE_cond"
[1] "ENSG00000203896_20_62502541_G_A"
Harmonising fat_distr (fat_distr) and Outcome (Outcome)
Harmonising fat_distr (fat_distr) and Outcome (Outcome)
[1] 416
[1] 416
  iteration traits posterior_prob regional_prob candidate_snp
1         1   None             NA        0.0019            NA
  posterior_explained_by_snp dropped_trait  lead_snp
1                         NA      iradjbmi rs1151625
[1] "LEAD INDEX"
[1] 3
[1] "LEAD INDEX"
[1] 4
[1] "LEAD INDEX"
[1] 5
[1] "LEAD INDEX"
[1] 6
[1] "GENE_cond"
[1] "ENSG00000100979_20_44538484_G_T"
Harmonising fat_distr (fat_distr) and Outcome (Outcome)
Harmonising fat_distr (fat_distr) and Outcome (Outcome)
[1] 486
[1] 486
  iteration traits posterior_prob regional_prob candidate_snp
1         1   None             NA             1            NA
  posterior_explained_by_snp                   dropped_trait  lead_snp
1                         NA ENSG00000100979_20_44538484_G_T rs4810479
[1] "GENE_cond"
[1] "ENSG00000100979_20_44571317_G_A"
Harmonising fat_distr (fat_distr) and Outcome (Outcome)
Harmonising fat_distr (fat_distr) and Outcome (Outcome)
[1] 485
[1] 485
  iteration traits posterior_prob regional_prob candidate_snp
1         1   None             NA             1            NA
  posterior_explained_by_snp                   dropped_trait  lead_snp
1                         NA ENSG00000100979_20_44571317_G_A rs4810479
[1] "GENE_cond"
[1] "ENSG00000100979_20_44591710_G_A"
Harmonising fat_distr (fat_distr) and Outcome (Outcome)
Harmonising fat_distr (fat_distr) and Outcome (Outcome)
[1] 485
[1] 485
  iteration                                    traits posterior_prob
1         1 iradjbmi, ENSG00000100979_20_44591710_G_A         0.5622
  regional_prob candidate_snp posterior_explained_by_snp dropped_trait
1        0.9516     rs6065904                     0.9955            NA
   lead_snp
1 rs4810479
[1] "GENE_cond"
[1] "ENSG00000124257_20_44571317_G_A"
Harmonising fat_distr (fat_distr) and Outcome (Outcome)
Harmonising fat_distr (fat_distr) and Outcome (Outcome)
[1] 485
[1] 485
  iteration traits posterior_prob regional_prob candidate_snp
1         1   None             NA        0.9999            NA
  posterior_explained_by_snp dropped_trait  lead_snp
1                         NA      iradjbmi rs4810479
[1] "GENE_cond"
[1] "ENSG00000124257_20_44574533_C_T"
Harmonising fat_distr (fat_distr) and Outcome (Outcome)
Harmonising fat_distr (fat_distr) and Outcome (Outcome)
[1] 486
[1] 486
  iteration traits posterior_prob regional_prob candidate_snp
1         1   None             NA             1            NA
  posterior_explained_by_snp dropped_trait  lead_snp
1                         NA      iradjbmi rs4810479
[1] "GENE_cond"
[1] "ENSG00000124257_20_44509542_T_A"
Harmonising fat_distr (fat_distr) and Outcome (Outcome)
Harmonising fat_distr (fat_distr) and Outcome (Outcome)
[1] 485
[1] 485
  iteration traits posterior_prob regional_prob candidate_snp
1         1   None             NA             1            NA
  posterior_explained_by_snp                   dropped_trait  lead_snp
1                         NA ENSG00000124257_20_44509542_T_A rs4810479
[1] "LEAD INDEX"
[1] 7
[1] "LEAD INDEX"
[1] 8
[1] "LEAD INDEX"
[1] 9
[1] "GENE_cond"
[1] "ENSG00000064655_20_45557065_A_G"
Harmonising fat_distr (fat_distr) and Outcome (Outcome)
Harmonising fat_distr (fat_distr) and Outcome (Outcome)
[1] 482
[1] 482
  iteration traits posterior_prob regional_prob candidate_snp
1         1   None             NA        0.9921            NA
  posterior_explained_by_snp dropped_trait  lead_snp
1                         NA      iradjbmi rs6066149
[1] "GENE_cond"
[1] "ENSG00000064655_20_45757543_C_G"
Harmonising fat_distr (fat_distr) and Outcome (Outcome)
Harmonising fat_distr (fat_distr) and Outcome (Outcome)
[1] 482
[1] 482
  iteration traits posterior_prob regional_prob candidate_snp
1         1   None             NA        0.0088            NA
  posterior_explained_by_snp dropped_trait  lead_snp
1                         NA      iradjbmi rs6066149
[1] "GENE_cond"
[1] "ENSG00000064655_20_45602037_G_C"
Harmonising fat_distr (fat_distr) and Outcome (Outcome)
Harmonising fat_distr (fat_distr) and Outcome (Outcome)
[1] 482
[1] 482
  iteration                                    traits posterior_prob
1         1 iradjbmi, ENSG00000064655_20_45602037_G_C         0.9961
  regional_prob candidate_snp posterior_explained_by_snp dropped_trait
1        0.9998     rs6066149                     0.9637            NA
   lead_snp
1 rs6066149
[1] "GENE_cond"
[1] "ENSG00000064655_20_45543857_G_T"
Harmonising fat_distr (fat_distr) and Outcome (Outcome)
Harmonising fat_distr (fat_distr) and Outcome (Outcome)
[1] 482
[1] 482
  iteration traits posterior_prob regional_prob candidate_snp
1         1   None             NA        0.0388            NA
  posterior_explained_by_snp dropped_trait  lead_snp
1                         NA      iradjbmi rs6066149
[1] "LEAD INDEX"
[1] 10
[1] "GENE_cond"
[1] "ENSG00000182463_20_51588847_T_C"
Harmonising fat_distr (fat_distr) and Outcome (Outcome)
Harmonising fat_distr (fat_distr) and Outcome (Outcome)
[1] 412
[1] 412
  iteration traits posterior_prob regional_prob candidate_snp
1         1   None             NA        0.0276            NA
  posterior_explained_by_snp dropped_trait  lead_snp
1                         NA      iradjbmi rs1033662
[1] "GENE_cond"
[1] "ENSG00000182463_20_51028070_A_C"
Harmonising fat_distr (fat_distr) and Outcome (Outcome)
Harmonising fat_distr (fat_distr) and Outcome (Outcome)
[1] 412
[1] 412
[1] "GENE_cond"
[1] "ENSG00000182463_20_51705811_A_G"
Harmonising fat_distr (fat_distr) and Outcome (Outcome)
Harmonising fat_distr (fat_distr) and Outcome (Outcome)
[1] 412
[1] 412
  iteration traits posterior_prob regional_prob candidate_snp
1         1   None             NA        0.0215            NA
  posterior_explained_by_snp dropped_trait  lead_snp
1                         NA      iradjbmi rs1033662
[1] "GENE_cond"
[1] "ENSG00000182463_20_51588395_G_C"
Harmonising fat_distr (fat_distr) and Outcome (Outcome)
Harmonising fat_distr (fat_distr) and Outcome (Outcome)
[1] 412
[1] 412
  iteration traits posterior_prob regional_prob candidate_snp
1         1   None             NA         0.048            NA
  posterior_explained_by_snp dropped_trait  lead_snp
1                         NA      iradjbmi rs1033662
[1] "LEAD INDEX"
[1] 11
[1] "CHROMOSOME"
[1] 21
[1] "LEAD INDEX"
[1] 1
[1] "GENE_cond"
[1] "ENSG00000182240_21_42542987_A_G"
Harmonising fat_distr (fat_distr) and Outcome (Outcome)
Harmonising fat_distr (fat_distr) and Outcome (Outcome)
[1] 552
[1] 552
  iteration traits posterior_prob regional_prob candidate_snp
1         1   None             NA         2e-04            NA
  posterior_explained_by_snp                   dropped_trait  lead_snp
1                         NA ENSG00000182240_21_42542987_A_G rs2837996
[1] "GENE_cond"
[1] "ENSG00000182240_21_42619544_C_A"
Harmonising fat_distr (fat_distr) and Outcome (Outcome)
Harmonising fat_distr (fat_distr) and Outcome (Outcome)
[1] 552
[1] 552
  iteration traits posterior_prob regional_prob candidate_snp
1         1   None             NA        0.0023            NA
  posterior_explained_by_snp                   dropped_trait  lead_snp
1                         NA ENSG00000182240_21_42619544_C_A rs2837996
[1] "GENE_cond"
[1] "ENSG00000182240_21_42627969_G_A"
Harmonising fat_distr (fat_distr) and Outcome (Outcome)
Harmonising fat_distr (fat_distr) and Outcome (Outcome)
[1] 551
[1] 551
  iteration traits posterior_prob regional_prob candidate_snp
1         1   None             NA        0.1371            NA
  posterior_explained_by_snp                   dropped_trait  lead_snp
1                         NA ENSG00000182240_21_42627969_G_A rs2837996
[1] "LEAD INDEX"
[1] 2
[1] "GENE_cond"
[1] "ENSG00000173638_21_46787021_C_A"
Harmonising fat_distr (fat_distr) and Outcome (Outcome)
Harmonising fat_distr (fat_distr) and Outcome (Outcome)
[1] 430
[1] 430
  iteration traits posterior_prob regional_prob candidate_snp
1         1   None             NA         2e-04            NA
  posterior_explained_by_snp                   dropped_trait  lead_snp
1                         NA ENSG00000173638_21_46787021_C_A rs9980531
[1] "GENE_cond"
[1] "ENSG00000173638_21_46825723_C_G"
Harmonising fat_distr (fat_distr) and Outcome (Outcome)
Harmonising fat_distr (fat_distr) and Outcome (Outcome)
[1] 430
[1] 430
  iteration traits posterior_prob regional_prob candidate_snp
1         1   None             NA         7e-04            NA
  posterior_explained_by_snp                   dropped_trait  lead_snp
1                         NA ENSG00000173638_21_46825723_C_G rs9980531
[1] "GENE_cond"
[1] "ENSG00000173638_21_46929467_G_A"
Harmonising fat_distr (fat_distr) and Outcome (Outcome)
Harmonising fat_distr (fat_distr) and Outcome (Outcome)
[1] 430
[1] 430
  iteration traits posterior_prob regional_prob candidate_snp
1         1   None             NA         8e-04            NA
  posterior_explained_by_snp                   dropped_trait  lead_snp
1                         NA ENSG00000173638_21_46929467_G_A rs9980531
[1] "GENE_cond"
[1] "ENSG00000173638_21_46995399_T_C"
Harmonising fat_distr (fat_distr) and Outcome (Outcome)
Harmonising fat_distr (fat_distr) and Outcome (Outcome)
[1] 430
[1] 430
  iteration traits posterior_prob regional_prob candidate_snp
1         1   None             NA         3e-04            NA
  posterior_explained_by_snp                   dropped_trait  lead_snp
1                         NA ENSG00000173638_21_46995399_T_C rs9980531
[1] "GENE_cond"
[1] "ENSG00000173638_21_46897079_A_G"
Harmonising fat_distr (fat_distr) and Outcome (Outcome)
Harmonising fat_distr (fat_distr) and Outcome (Outcome)
[1] 431
[1] 431
  iteration                                    traits posterior_prob
1         1 iradjbmi, ENSG00000173638_21_46897079_A_G         0.8224
  regional_prob candidate_snp posterior_explained_by_snp dropped_trait
1        0.8703     rs2236459                     0.8139            NA
   lead_snp
1 rs9980531
[1] "GENE_cond"
[1] "ENSG00000173638_21_46716223_G_A"
Harmonising fat_distr (fat_distr) and Outcome (Outcome)
Harmonising fat_distr (fat_distr) and Outcome (Outcome)
[1] 430
[1] 430
  iteration traits posterior_prob regional_prob candidate_snp
1         1   None             NA        0.0019            NA
  posterior_explained_by_snp dropped_trait  lead_snp
1                         NA      iradjbmi rs9980531
[1] "CHROMOSOME"
[1] 22
[1] "LEAD INDEX"
[1] 1
[1] "GENE_cond"
[1] "ENSG00000183579_22_29453193_G_C"
Harmonising fat_distr (fat_distr) and Outcome (Outcome)
Harmonising fat_distr (fat_distr) and Outcome (Outcome)
[1] 347
[1] 347
  iteration                                    traits posterior_prob
1         1 iradjbmi, ENSG00000183579_22_29453193_G_C         0.9866
  regional_prob candidate_snp posterior_explained_by_snp dropped_trait
1        0.9905     rs2294239                     0.9952            NA
   lead_snp
1 rs2294239
[1] "GENE_cond"
[1] "ENSG00000183579_22_29345890_C_T"
Harmonising fat_distr (fat_distr) and Outcome (Outcome)
Harmonising fat_distr (fat_distr) and Outcome (Outcome)
[1] 348
[1] 348
  iteration traits posterior_prob regional_prob candidate_snp
1         1   None             NA        0.0061            NA
  posterior_explained_by_snp                   dropped_trait  lead_snp
1                         NA ENSG00000183579_22_29345890_C_T rs2294239
[1] "LEAD INDEX"
[1] 2
[1] "GENE_cond"
[1] "ENSG00000128313_22_36042986_C_T"
Harmonising fat_distr (fat_distr) and Outcome (Outcome)
Harmonising fat_distr (fat_distr) and Outcome (Outcome)
[1] 394
[1] 394
  iteration                                    traits posterior_prob
1         1 iradjbmi, ENSG00000128313_22_36042986_C_T         0.9992
  regional_prob candidate_snp posterior_explained_by_snp dropped_trait
1        0.9995     rs9610329                          1            NA
   lead_snp
1 rs9610329
[1] "GENE_cond"
[1] "ENSG00000128313_22_36116535_A_G"
Harmonising fat_distr (fat_distr) and Outcome (Outcome)
Harmonising fat_distr (fat_distr) and Outcome (Outcome)
[1] 393
[1] 393
  iteration traits posterior_prob regional_prob candidate_snp
1         1   None             NA        0.0016            NA
  posterior_explained_by_snp                   dropped_trait  lead_snp
1                         NA ENSG00000128313_22_36116535_A_G rs9610329
[1] "LEAD INDEX"
[1] 3
[1] "GENE_cond"
[1] "ENSG00000184381_22_38573531_G_A"
Harmonising fat_distr (fat_distr) and Outcome (Outcome)
Harmonising fat_distr (fat_distr) and Outcome (Outcome)
[1] 292
[1] 292
  iteration                                    traits posterior_prob
1         1 iradjbmi, ENSG00000184381_22_38573531_G_A         0.8418
  regional_prob candidate_snp posterior_explained_by_snp dropped_trait
1             1     rs2267371                          1            NA
   lead_snp
1 rs4820325
[1] "GENE_cond"
[1] "ENSG00000184381_22_38577515_G_A"
Harmonising fat_distr (fat_distr) and Outcome (Outcome)
Harmonising fat_distr (fat_distr) and Outcome (Outcome)
[1] 292
[1] 292
  iteration traits posterior_prob regional_prob candidate_snp
1         1   None             NA        0.9991            NA
  posterior_explained_by_snp dropped_trait  lead_snp
1                         NA      iradjbmi rs4820325
[1] "GENE_cond"
[1] "ENSG00000184381_22_38523065_T_C"
Harmonising fat_distr (fat_distr) and Outcome (Outcome)
Harmonising fat_distr (fat_distr) and Outcome (Outcome)
[1] 293
[1] 293
  iteration traits posterior_prob regional_prob candidate_snp
1         1   None             NA        0.9991            NA
  posterior_explained_by_snp dropped_trait  lead_snp
1                         NA      iradjbmi rs4820325
[1] "GENE_cond"
[1] "ENSG00000184381_22_38567790_C_T"
Harmonising fat_distr (fat_distr) and Outcome (Outcome)
Harmonising fat_distr (fat_distr) and Outcome (Outcome)
[1] 292
[1] 292
  iteration traits posterior_prob regional_prob candidate_snp
1         1   None             NA        0.9105            NA
  posterior_explained_by_snp                   dropped_trait  lead_snp
1                         NA ENSG00000184381_22_38567790_C_T rs4820325
[1] "GENE_cond"
[1] "ENSG00000185022_22_38601231_G_T"
Harmonising fat_distr (fat_distr) and Outcome (Outcome)
Harmonising fat_distr (fat_distr) and Outcome (Outcome)
[1] 293
[1] 293
[1] "GENE_cond"
[1] "ENSG00000185022_22_38643317_G_A"
Harmonising fat_distr (fat_distr) and Outcome (Outcome)
Harmonising fat_distr (fat_distr) and Outcome (Outcome)
[1] 292
[1] 292
  iteration traits posterior_prob regional_prob candidate_snp
1         1   None             NA        0.9736            NA
  posterior_explained_by_snp                   dropped_trait  lead_snp
1                         NA ENSG00000185022_22_38643317_G_A rs4820325
[1] "LEAD INDEX"
[1] 4
[1] "GENE_cond"
[1] "ENSG00000100221_22_39096602_T_C"
Harmonising fat_distr (fat_distr) and Outcome (Outcome)
Harmonising fat_distr (fat_distr) and Outcome (Outcome)
[1] 324
[1] 324
[1] "GENE_cond"
[1] "ENSG00000100221_22_39156597_G_T"
Harmonising fat_distr (fat_distr) and Outcome (Outcome)
Harmonising fat_distr (fat_distr) and Outcome (Outcome)
[1] 324
[1] 324
  iteration traits posterior_prob regional_prob candidate_snp
1         1   None             NA        0.6437            NA
  posterior_explained_by_snp                   dropped_trait  lead_snp
1                         NA ENSG00000100221_22_39156597_G_T rs4821815
