── Attaching core tidyverse packages ──────────────────────── tidyverse 2.0.0 ──
✔ dplyr     1.1.3     ✔ readr     2.1.4
✔ forcats   1.0.0     ✔ stringr   1.5.0
✔ ggplot2   3.5.1     ✔ tibble    3.2.1
✔ lubridate 1.9.3     ✔ tidyr     1.3.0
✔ purrr     1.0.2     
── Conflicts ────────────────────────────────────────── tidyverse_conflicts() ──
✖ dplyr::between()     masks data.table::between()
✖ dplyr::filter()      masks stats::filter()
✖ dplyr::first()       masks data.table::first()
✖ lubridate::hour()    masks data.table::hour()
✖ lubridate::isoweek() masks data.table::isoweek()
✖ dplyr::lag()         masks stats::lag()
✖ dplyr::last()        masks data.table::last()
✖ lubridate::mday()    masks data.table::mday()
✖ lubridate::minute()  masks data.table::minute()
✖ lubridate::month()   masks data.table::month()
✖ lubridate::quarter() masks data.table::quarter()
✖ lubridate::second()  masks data.table::second()
✖ purrr::transpose()   masks data.table::transpose()
✖ lubridate::wday()    masks data.table::wday()
✖ lubridate::week()    masks data.table::week()
✖ lubridate::yday()    masks data.table::yday()
✖ lubridate::year()    masks data.table::year()
ℹ Use the conflicted package (<http://conflicted.r-lib.org/>) to force all conflicts to become errors
TwoSampleMR version 0.5.7 
[>] New: Option to use non-European LD reference panels for clumping etc
[>] Some studies temporarily quarantined to verify effect allele
[>] See news(package='TwoSampleMR') and https://gwas.mrcieu.ac.uk for further details


Warning:
You are running an old version of the TwoSampleMR package.
This version:   0.5.7
Latest version: 0.7.9
Please consider updating using remotes::install_github('MRCIEU/TwoSampleMR')
Warning messages:
1: replacing previous import ‘Matrix::tcrossprod’ by ‘Rmpfr::tcrossprod’ when loading ‘hyprcoloc’ 
2: replacing previous import ‘Matrix::crossprod’ by ‘Rmpfr::crossprod’ when loading ‘hyprcoloc’ 
3: replacing previous import ‘Matrix::.__C__atomicVector’ by ‘Rmpfr::.__C__atomicVector’ when loading ‘hyprcoloc’ 
Loading required package: stats4
Loading required package: BiocGenerics

Attaching package: ‘BiocGenerics’

The following objects are masked from ‘package:lubridate’:

    intersect, setdiff, union

The following objects are masked from ‘package:dplyr’:

    combine, intersect, setdiff, union

The following objects are masked from ‘package:stats’:

    IQR, mad, sd, var, xtabs

The following objects are masked from ‘package:base’:

    anyDuplicated, aperm, append, as.data.frame, basename, cbind,
    colnames, dirname, do.call, duplicated, eval, evalq, Filter, Find,
    get, grep, grepl, intersect, is.unsorted, lapply, Map, mapply,
    match, mget, order, paste, pmax, pmax.int, pmin, pmin.int,
    Position, rank, rbind, Reduce, rownames, sapply, setdiff, sort,
    table, tapply, union, unique, unsplit, which.max, which.min

Loading required package: S4Vectors

Attaching package: ‘S4Vectors’

The following objects are masked from ‘package:lubridate’:

    second, second<-

The following objects are masked from ‘package:dplyr’:

    first, rename

The following object is masked from ‘package:tidyr’:

    expand

The following objects are masked from ‘package:data.table’:

    first, second

The following object is masked from ‘package:utils’:

    findMatches

The following objects are masked from ‘package:base’:

    expand.grid, I, unname

Loading required package: IRanges

Attaching package: ‘IRanges’

The following object is masked from ‘package:TwoSampleMR’:

    trim

The following object is masked from ‘package:lubridate’:

    %within%

The following objects are masked from ‘package:dplyr’:

    collapse, desc, slice

The following object is masked from ‘package:purrr’:

    reduce

The following object is masked from ‘package:data.table’:

    shift

Loading required package: GenomeInfoDb
New names:
• `` -> `...2`
• `` -> `...3`
• `` -> `...4`
• `` -> `...5`
• `` -> `...6`
• `` -> `...7`
• `` -> `...8`
• `` -> `...9`
• `` -> `...10`
• `` -> `...11`
• `` -> `...12`
• `` -> `...13`
• `` -> `...14`
• `` -> `...15`
• `` -> `...16`
• `` -> `...17`
• `` -> `...18`
• `` -> `...19`
• `` -> `...20`
• `` -> `...21`
• `` -> `...22`
• `` -> `...23`
• `` -> `...24`
• `` -> `...25`
• `` -> `...26`
• `` -> `...27`
• `` -> `...28`
• `` -> `...29`
• `` -> `...30`
• `` -> `...31`
• `` -> `...32`
• `` -> `...33`
• `` -> `...34`
• `` -> `...35`
• `` -> `...36`
• `` -> `...37`
• `` -> `...38`
• `` -> `...39`
• `` -> `...40`
• `` -> `...41`
• `` -> `...42`
• `` -> `...43`
• `` -> `...44`
[1] 282
New names:
• `` -> `...2`
• `` -> `...3`
• `` -> `...4`
• `` -> `...5`
• `` -> `...6`
• `` -> `...7`
• `` -> `...8`
• `` -> `...9`
• `` -> `...10`
• `` -> `...11`
• `` -> `...12`
• `` -> `...13`
• `` -> `...14`
• `` -> `...15`
• `` -> `...16`
• `` -> `...17`
• `` -> `...18`
• `` -> `...19`
• `` -> `...20`
• `` -> `...21`
• `` -> `...22`
• `` -> `...23`
• `` -> `...24`
• `` -> `...25`
• `` -> `...26`
• `` -> `...27`
• `` -> `...28`
• `` -> `...29`
• `` -> `...30`
• `` -> `...31`
• `` -> `...32`
• `` -> `...33`
• `` -> `...34`
[1] 282
[1] "CHROMOSOME"
[1] 1
[1] "LEAD INDEX"
[1] 1
[1] "LEAD INDEX"
[1] 2
[1] "LEAD INDEX"
[1] 3
[1] "GENE"
[1] "ENSG00000069275"
Harmonising fat_distr (fat_distr) and Outcome (Outcome)
Harmonising fat_distr (fat_distr) and Outcome (Outcome)
[1] 387
[1] 387
  iteration                    traits posterior_prob regional_prob
1         1 iradjbmi, ENSG00000069275         0.8743        0.9902
  candidate_snp posterior_explained_by_snp dropped_trait lead_snp
1      rs823114                     0.9737            NA rs823114
[1] "LEAD INDEX"
[1] 4
[1] "GENE"
[1] "ENSG00000260063"
Harmonising fat_distr (fat_distr) and Outcome (Outcome)
Harmonising fat_distr (fat_distr) and Outcome (Outcome)
[1] 287
[1] 287
  iteration                    traits posterior_prob regional_prob
1         1 iradjbmi, ENSG00000260063         0.9429             1
  candidate_snp posterior_explained_by_snp dropped_trait   lead_snp
1    rs12742115                     0.0918            NA rs12742115
[1] "GENE"
[1] "ENSG00000260063"
Harmonising fat_distr (fat_distr) and Outcome (Outcome)
Harmonising fat_distr (fat_distr) and Outcome (Outcome)
[1] 287
[1] 287
  iteration                    traits posterior_prob regional_prob
1         1 iradjbmi, ENSG00000260063         0.9429             1
  candidate_snp posterior_explained_by_snp dropped_trait   lead_snp
1    rs12742115                     0.0918            NA rs12742115
[1] "GENE"
[1] "ENSG00000260063"
Harmonising fat_distr (fat_distr) and Outcome (Outcome)
Harmonising fat_distr (fat_distr) and Outcome (Outcome)
[1] 287
[1] 287
  iteration                    traits posterior_prob regional_prob
1         1 iradjbmi, ENSG00000260063         0.9429             1
  candidate_snp posterior_explained_by_snp dropped_trait   lead_snp
1    rs12742115                     0.0918            NA rs12742115
[1] "GENE"
[1] "ENSG00000060642"
Harmonising fat_distr (fat_distr) and Outcome (Outcome)
Harmonising fat_distr (fat_distr) and Outcome (Outcome)
[1] 287
[1] 287
  iteration                    traits posterior_prob regional_prob
1         1 iradjbmi, ENSG00000060642         0.9437             1
  candidate_snp posterior_explained_by_snp dropped_trait   lead_snp
1       rs12685                     0.1228            NA rs12742115
[1] "GENE"
[1] "ENSG00000090273"
Harmonising fat_distr (fat_distr) and Outcome (Outcome)
Harmonising fat_distr (fat_distr) and Outcome (Outcome)
[1] 287
[1] 287
  iteration traits posterior_prob regional_prob candidate_snp
1         1   None             NA        0.0038            NA
  posterior_explained_by_snp   dropped_trait   lead_snp
1                         NA ENSG00000090273 rs12742115
[1] "GENE"
[1] "ENSG00000090273"
Harmonising fat_distr (fat_distr) and Outcome (Outcome)
Harmonising fat_distr (fat_distr) and Outcome (Outcome)
[1] 287
[1] 287
  iteration traits posterior_prob regional_prob candidate_snp
1         1   None             NA        0.0038            NA
  posterior_explained_by_snp   dropped_trait   lead_snp
1                         NA ENSG00000090273 rs12742115
[1] "GENE"
[1] "ENSG00000060642"
Harmonising fat_distr (fat_distr) and Outcome (Outcome)
Harmonising fat_distr (fat_distr) and Outcome (Outcome)
[1] 287
[1] 287
  iteration                    traits posterior_prob regional_prob
1         1 iradjbmi, ENSG00000060642         0.9437             1
  candidate_snp posterior_explained_by_snp dropped_trait   lead_snp
1       rs12685                     0.1228            NA rs12742115
[1] "LEAD INDEX"
[1] 5
[1] "GENE"
[1] "ENSG00000090621"
Harmonising fat_distr (fat_distr) and Outcome (Outcome)
Harmonising fat_distr (fat_distr) and Outcome (Outcome)
[1] 324
[1] 324
  iteration                    traits posterior_prob regional_prob
1         1 iradjbmi, ENSG00000090621         0.9478             1
  candidate_snp posterior_explained_by_snp dropped_trait   lead_snp
1     rs3754346                     0.4832            NA rs16826069
[1] "LEAD INDEX"
[1] 6
[1] "GENE"
[1] "ENSG00000043514"
Harmonising fat_distr (fat_distr) and Outcome (Outcome)
Harmonising fat_distr (fat_distr) and Outcome (Outcome)
[1] 368
[1] 368
  iteration traits posterior_prob regional_prob candidate_snp
1         1   None             NA        0.0023            NA
  posterior_explained_by_snp   dropped_trait  lead_snp
1                         NA ENSG00000043514 rs7542907
[1] "LEAD INDEX"
[1] 7
[1] "GENE"
[1] "ENSG00000123080"
Harmonising fat_distr (fat_distr) and Outcome (Outcome)
Harmonising fat_distr (fat_distr) and Outcome (Outcome)
[1] 195
[1] 195
  iteration traits posterior_prob regional_prob candidate_snp
1         1   None             NA        0.1611            NA
  posterior_explained_by_snp dropped_trait   lead_snp
1                         NA      iradjbmi rs12088739
[1] "LEAD INDEX"
[1] 8
[1] "LEAD INDEX"
[1] 9
[1] "LEAD INDEX"
[1] 10
[1] "LEAD INDEX"
[1] 11
[1] "GENE"
[1] "ENSG00000163113"
Harmonising fat_distr (fat_distr) and Outcome (Outcome)
Harmonising fat_distr (fat_distr) and Outcome (Outcome)
[1] 100
[1] 100
  iteration                    traits posterior_prob regional_prob
1         1 iradjbmi, ENSG00000163113         0.9638             1
  candidate_snp posterior_explained_by_snp dropped_trait   lead_snp
1     rs1349532                      0.271            NA rs17643644
[1] "GENE"
[1] "ENSG00000159164"
Harmonising fat_distr (fat_distr) and Outcome (Outcome)
Harmonising fat_distr (fat_distr) and Outcome (Outcome)
[1] 100
[1] 100
  iteration                    traits posterior_prob regional_prob
1         1 iradjbmi, ENSG00000159164         0.9875             1
  candidate_snp posterior_explained_by_snp dropped_trait   lead_snp
1    rs17643644                     0.5487            NA rs17643644
[1] "LEAD INDEX"
[1] 12
[1] "GENE"
[1] "ENSG00000143437"
Harmonising fat_distr (fat_distr) and Outcome (Outcome)
Harmonising fat_distr (fat_distr) and Outcome (Outcome)
[1] 273
[1] 273
  iteration traits posterior_prob regional_prob candidate_snp
1         1   None             NA         0.105            NA
  posterior_explained_by_snp   dropped_trait  lead_snp
1                         NA ENSG00000143437 rs2055975
[1] "LEAD INDEX"
[1] 13
[1] "GENE"
[1] "ENSG00000143545"
Harmonising fat_distr (fat_distr) and Outcome (Outcome)
Harmonising fat_distr (fat_distr) and Outcome (Outcome)
[1] 302
[1] 302
  iteration                    traits posterior_prob regional_prob
1         1 iradjbmi, ENSG00000143545         0.8865        0.9652
  candidate_snp posterior_explained_by_snp dropped_trait   lead_snp
1     rs6701341                     0.2192            NA rs11264886
[1] "GENE"
[1] "ENSG00000143545"
Harmonising fat_distr (fat_distr) and Outcome (Outcome)
Harmonising fat_distr (fat_distr) and Outcome (Outcome)
[1] 302
[1] 302
  iteration                    traits posterior_prob regional_prob
1         1 iradjbmi, ENSG00000143545         0.8865        0.9652
  candidate_snp posterior_explained_by_snp dropped_trait   lead_snp
1     rs6701341                     0.2192            NA rs11264886
[1] "GENE"
[1] "ENSG00000143578"
Harmonising fat_distr (fat_distr) and Outcome (Outcome)
Harmonising fat_distr (fat_distr) and Outcome (Outcome)
[1] 302
[1] 302
  iteration traits posterior_prob regional_prob candidate_snp
1         1   None             NA         5e-04            NA
  posterior_explained_by_snp   dropped_trait   lead_snp
1                         NA ENSG00000143578 rs11264886
[1] "GENE"
[1] "ENSG00000284738"
[1] "GENE"
[1] "ENSG00000143545"
Harmonising fat_distr (fat_distr) and Outcome (Outcome)
Harmonising fat_distr (fat_distr) and Outcome (Outcome)
[1] 302
[1] 302
  iteration                    traits posterior_prob regional_prob
1         1 iradjbmi, ENSG00000143545         0.8865        0.9652
  candidate_snp posterior_explained_by_snp dropped_trait   lead_snp
1     rs6701341                     0.2192            NA rs11264886
[1] "GENE"
[1] "ENSG00000143570"
Harmonising fat_distr (fat_distr) and Outcome (Outcome)
Harmonising fat_distr (fat_distr) and Outcome (Outcome)
[1] 302
[1] 302
  iteration                    traits posterior_prob regional_prob
1         1 iradjbmi, ENSG00000143570         0.8964        0.9683
  candidate_snp posterior_explained_by_snp dropped_trait   lead_snp
1     rs6701341                     0.1662            NA rs11264886
[1] "GENE"
[1] "ENSG00000160741"
Harmonising fat_distr (fat_distr) and Outcome (Outcome)
Harmonising fat_distr (fat_distr) and Outcome (Outcome)
[1] 302
[1] 302
  iteration                    traits posterior_prob regional_prob
1         1 iradjbmi, ENSG00000160741         0.5974        0.8541
  candidate_snp posterior_explained_by_snp dropped_trait   lead_snp
1    rs11581644                      0.091            NA rs11264886
[1] "GENE"
[1] "ENSG00000143612"
Harmonising fat_distr (fat_distr) and Outcome (Outcome)
Harmonising fat_distr (fat_distr) and Outcome (Outcome)
[1] 302
[1] 302
  iteration traits posterior_prob regional_prob candidate_snp
1         1   None             NA        0.0244            NA
  posterior_explained_by_snp   dropped_trait   lead_snp
1                         NA ENSG00000143612 rs11264886
[1] "LEAD INDEX"
[1] 14
[1] "GENE"
[1] "ENSG00000230630"
Harmonising fat_distr (fat_distr) and Outcome (Outcome)
Harmonising fat_distr (fat_distr) and Outcome (Outcome)
[1] 377
[1] 377
  iteration                    traits posterior_prob regional_prob
1         1 iradjbmi, ENSG00000230630         0.9806        0.9999
  candidate_snp posterior_explained_by_snp dropped_trait  lead_snp
1      rs714515                     0.1924            NA rs9425592
[1] "GENE"
[1] "ENSG00000135845"
Harmonising fat_distr (fat_distr) and Outcome (Outcome)
Harmonising fat_distr (fat_distr) and Outcome (Outcome)
[1] 377
[1] 377
  iteration traits posterior_prob regional_prob candidate_snp
1         1   None             NA        0.0793            NA
  posterior_explained_by_snp   dropped_trait  lead_snp
1                         NA ENSG00000135845 rs9425592
[1] "GENE"
[1] "ENSG00000135845"
Harmonising fat_distr (fat_distr) and Outcome (Outcome)
Harmonising fat_distr (fat_distr) and Outcome (Outcome)
[1] 377
[1] 377
  iteration traits posterior_prob regional_prob candidate_snp
1         1   None             NA        0.0793            NA
  posterior_explained_by_snp   dropped_trait  lead_snp
1                         NA ENSG00000135845 rs9425592
[1] "LEAD INDEX"
[1] 15
[1] "LEAD INDEX"
[1] 16
[1] "GENE"
[1] "ENSG00000058668"
Harmonising fat_distr (fat_distr) and Outcome (Outcome)
Harmonising fat_distr (fat_distr) and Outcome (Outcome)
[1] 442
[1] 442
  iteration                    traits posterior_prob regional_prob
1         1 iradjbmi, ENSG00000058668         0.9981        0.9988
  candidate_snp posterior_explained_by_snp dropped_trait  lead_snp
1     rs6670438                     0.9986            NA rs6670438
[1] "LEAD INDEX"
[1] 17
[1] "GENE"
[1] "ENSG00000133059"
Harmonising fat_distr (fat_distr) and Outcome (Outcome)
Harmonising fat_distr (fat_distr) and Outcome (Outcome)
[1] 569
[1] 569
  iteration traits posterior_prob regional_prob candidate_snp
1         1   None             NA        0.0023            NA
  posterior_explained_by_snp   dropped_trait   lead_snp
1                         NA ENSG00000133059 rs11240358
[1] "GENE"
[1] "ENSG00000163545"
Harmonising fat_distr (fat_distr) and Outcome (Outcome)
Harmonising fat_distr (fat_distr) and Outcome (Outcome)
[1] 569
[1] 569
  iteration                    traits posterior_prob regional_prob
1         1 iradjbmi, ENSG00000163545         0.9599        0.9992
  candidate_snp posterior_explained_by_snp dropped_trait   lead_snp
1     rs1572993                     0.6797            NA rs11240358
[1] "GENE"
[1] "ENSG00000117222"
Harmonising fat_distr (fat_distr) and Outcome (Outcome)
Harmonising fat_distr (fat_distr) and Outcome (Outcome)
[1] 569
[1] 569
  iteration traits posterior_prob regional_prob candidate_snp
1         1   None             NA        0.0088            NA
  posterior_explained_by_snp   dropped_trait   lead_snp
1                         NA ENSG00000117222 rs11240358
[1] "LEAD INDEX"
[1] 18
[1] "GENE"
[1] "ENSG00000228536"
Harmonising fat_distr (fat_distr) and Outcome (Outcome)
Harmonising fat_distr (fat_distr) and Outcome (Outcome)
[1] 420
[1] 420
  iteration traits posterior_prob regional_prob candidate_snp
1         1   None             NA        0.0257            NA
  posterior_explained_by_snp   dropped_trait   lead_snp
1                         NA ENSG00000228536 rs12025363
[1] "GENE"
[1] "ENSG00000230024"
Harmonising fat_distr (fat_distr) and Outcome (Outcome)
Harmonising fat_distr (fat_distr) and Outcome (Outcome)
[1] 420
[1] 420
  iteration traits posterior_prob regional_prob candidate_snp
1         1   None             NA        0.8229            NA
  posterior_explained_by_snp   dropped_trait   lead_snp
1                         NA ENSG00000230024 rs12025363
[1] "LEAD INDEX"
[1] 19
[1] "LEAD INDEX"
[1] 20
[1] "LEAD INDEX"
[1] 21
[1] "LEAD INDEX"
[1] 22
[1] "LEAD INDEX"
[1] 23
[1] "CHROMOSOME"
[1] 2
[1] "LEAD INDEX"
[1] 1
[1] "LEAD INDEX"
[1] 2
[1] "LEAD INDEX"
[1] 3
[1] "LEAD INDEX"
[1] 4
[1] "LEAD INDEX"
[1] 5
[1] "GENE"
[1] "ENSG00000115221"
Harmonising fat_distr (fat_distr) and Outcome (Outcome)
Harmonising fat_distr (fat_distr) and Outcome (Outcome)
[1] 395
[1] 395
  iteration                    traits posterior_prob regional_prob
1         1 iradjbmi, ENSG00000115221         0.3982        0.5034
  candidate_snp posterior_explained_by_snp dropped_trait   lead_snp
1     rs1563575                     0.9938            NA rs10181181
[1] "GENE"
[1] "ENSG00000285373"
[1] "LEAD INDEX"
[1] 6
[1] "GENE"
[1] "ENSG00000118004"
Harmonising fat_distr (fat_distr) and Outcome (Outcome)
Harmonising fat_distr (fat_distr) and Outcome (Outcome)
[1] 512
[1] 512
  iteration traits posterior_prob regional_prob candidate_snp
1         1   None             NA         1e-04            NA
  posterior_explained_by_snp   dropped_trait  lead_snp
1                         NA ENSG00000118004 rs3820897
[1] "GENE"
[1] "ENSG00000151360"
Harmonising fat_distr (fat_distr) and Outcome (Outcome)
Harmonising fat_distr (fat_distr) and Outcome (Outcome)
[1] 512
[1] 512
  iteration traits posterior_prob regional_prob candidate_snp
1         1   None             NA        0.0062            NA
  posterior_explained_by_snp dropped_trait  lead_snp
1                         NA      iradjbmi rs3820897
[1] "LEAD INDEX"
[1] 7
[1] "LEAD INDEX"
[1] 8
[1] "LEAD INDEX"
[1] 9
[1] "LEAD INDEX"
[1] 10
[1] "GENE"
[1] "ENSG00000138039"
Harmonising fat_distr (fat_distr) and Outcome (Outcome)
Harmonising fat_distr (fat_distr) and Outcome (Outcome)
[1] 507
[1] 507
  iteration traits posterior_prob regional_prob candidate_snp
1         1   None             NA         0.916            NA
  posterior_explained_by_snp   dropped_trait   lead_snp
1                         NA ENSG00000138039 rs17326656
[1] "LEAD INDEX"
[1] 11
[1] "GENE"
[1] "ENSG00000011523"
Harmonising fat_distr (fat_distr) and Outcome (Outcome)
Harmonising fat_distr (fat_distr) and Outcome (Outcome)
[1] 379
[1] 379
  iteration                    traits posterior_prob regional_prob
1         1 iradjbmi, ENSG00000011523         0.9854             1
  candidate_snp posterior_explained_by_snp dropped_trait  lead_snp
1     rs1009358                          1            NA rs2252867
[1] "GENE"
[1] "ENSG00000011523"
Harmonising fat_distr (fat_distr) and Outcome (Outcome)
Harmonising fat_distr (fat_distr) and Outcome (Outcome)
[1] 379
[1] 379
  iteration                    traits posterior_prob regional_prob
1         1 iradjbmi, ENSG00000011523         0.9854             1
  candidate_snp posterior_explained_by_snp dropped_trait  lead_snp
1     rs1009358                          1            NA rs2252867
[1] "GENE"
[1] "ENSG00000011523"
Harmonising fat_distr (fat_distr) and Outcome (Outcome)
Harmonising fat_distr (fat_distr) and Outcome (Outcome)
[1] 379
[1] 379
  iteration                    traits posterior_prob regional_prob
1         1 iradjbmi, ENSG00000011523         0.9854             1
  candidate_snp posterior_explained_by_snp dropped_trait  lead_snp
1     rs1009358                          1            NA rs2252867
[1] "GENE"
[1] "ENSG00000237638"
Harmonising fat_distr (fat_distr) and Outcome (Outcome)
Harmonising fat_distr (fat_distr) and Outcome (Outcome)
[1] 379
[1] 379
  iteration traits posterior_prob regional_prob candidate_snp
1         1   None             NA        0.0144            NA
  posterior_explained_by_snp dropped_trait  lead_snp
1                         NA      iradjbmi rs2252867
[1] "GENE"
[1] "ENSG00000011523"
Harmonising fat_distr (fat_distr) and Outcome (Outcome)
Harmonising fat_distr (fat_distr) and Outcome (Outcome)
[1] 379
[1] 379
  iteration                    traits posterior_prob regional_prob
1         1 iradjbmi, ENSG00000011523         0.9854             1
  candidate_snp posterior_explained_by_snp dropped_trait  lead_snp
1     rs1009358                          1            NA rs2252867
[1] "LEAD INDEX"
[1] 12
[1] "GENE"
[1] "ENSG00000204581"
Harmonising fat_distr (fat_distr) and Outcome (Outcome)
Harmonising fat_distr (fat_distr) and Outcome (Outcome)
[1] 299
[1] 299
  iteration                    traits posterior_prob regional_prob
1         1 iradjbmi, ENSG00000204581         0.9374        0.9799
  candidate_snp posterior_explained_by_snp dropped_trait   lead_snp
1    rs13405741                     0.9932            NA rs17041868
[1] "LEAD INDEX"
[1] 13
[1] "GENE"
[1] "ENSG00000204581"
Harmonising fat_distr (fat_distr) and Outcome (Outcome)
Harmonising fat_distr (fat_distr) and Outcome (Outcome)
[1] 309
[1] 309
  iteration                    traits posterior_prob regional_prob
1         1 iradjbmi, ENSG00000204581         0.9374        0.9799
  candidate_snp posterior_explained_by_snp dropped_trait   lead_snp
1    rs13405741                     0.9932            NA rs13405741
[1] "GENE"
[1] "ENSG00000153093"
Harmonising fat_distr (fat_distr) and Outcome (Outcome)
Harmonising fat_distr (fat_distr) and Outcome (Outcome)
[1] 309
[1] 309
  iteration                    traits posterior_prob regional_prob
1         1 iradjbmi, ENSG00000153093         0.7554        0.8107
  candidate_snp posterior_explained_by_snp dropped_trait   lead_snp
1    rs13405741                     0.9496            NA rs13405741
[1] "LEAD INDEX"
[1] 14
[1] "LEAD INDEX"
[1] 15
[1] "GENE"
[1] "ENSG00000115290"
Harmonising fat_distr (fat_distr) and Outcome (Outcome)
Harmonising fat_distr (fat_distr) and Outcome (Outcome)
[1] 329
[1] 329
  iteration traits posterior_prob regional_prob candidate_snp
1         1   None             NA         0.921            NA
  posterior_explained_by_snp   dropped_trait   lead_snp
1                         NA ENSG00000115290 rs13027837
[1] "LEAD INDEX"
[1] 16
[1] "GENE"
[1] "ENSG00000082438"
Harmonising fat_distr (fat_distr) and Outcome (Outcome)
Harmonising fat_distr (fat_distr) and Outcome (Outcome)
[1] 336
[1] 336
  iteration traits posterior_prob regional_prob candidate_snp
1         1   None             NA             1            NA
  posterior_explained_by_snp   dropped_trait  lead_snp
1                         NA ENSG00000082438 rs1128249
[1] "GENE"
[1] "ENSG00000115290"
Harmonising fat_distr (fat_distr) and Outcome (Outcome)
Harmonising fat_distr (fat_distr) and Outcome (Outcome)
[1] 336
[1] 336
  iteration traits posterior_prob regional_prob candidate_snp
1         1   None             NA         0.921            NA
  posterior_explained_by_snp   dropped_trait  lead_snp
1                         NA ENSG00000115290 rs1128249
[1] "LEAD INDEX"
[1] 17
[1] "GENE"
[1] "ENSG00000074582"
Harmonising fat_distr (fat_distr) and Outcome (Outcome)
Harmonising fat_distr (fat_distr) and Outcome (Outcome)
[1] 343
[1] 343
  iteration                    traits posterior_prob regional_prob
1         1 iradjbmi, ENSG00000074582         0.7354        0.9999
  candidate_snp posterior_explained_by_snp dropped_trait  lead_snp
1     rs1344645                      0.102            NA rs4674343
[1] "GENE"
[1] "ENSG00000135929"
Harmonising fat_distr (fat_distr) and Outcome (Outcome)
Harmonising fat_distr (fat_distr) and Outcome (Outcome)
[1] 343
[1] 343
  iteration                    traits posterior_prob regional_prob
1         1 iradjbmi, ENSG00000135929         0.8809        0.9999
  candidate_snp posterior_explained_by_snp dropped_trait  lead_snp
1     rs6723334                      0.119            NA rs4674343
[1] "LEAD INDEX"
[1] 18
[1] "GENE"
[1] "ENSG00000272622"
Harmonising fat_distr (fat_distr) and Outcome (Outcome)
Harmonising fat_distr (fat_distr) and Outcome (Outcome)
[1] 355
[1] 355
  iteration                    traits posterior_prob regional_prob
1         1 iradjbmi, ENSG00000272622         0.9834             1
  candidate_snp posterior_explained_by_snp dropped_trait  lead_snp
1     rs2943646                     0.4744            NA rs2943646
[1] "GENE"
[1] "ENSG00000169047"
Harmonising fat_distr (fat_distr) and Outcome (Outcome)
Harmonising fat_distr (fat_distr) and Outcome (Outcome)
[1] 355
[1] 355
  iteration                    traits posterior_prob regional_prob
1         1 iradjbmi, ENSG00000169047         0.9849             1
  candidate_snp posterior_explained_by_snp dropped_trait  lead_snp
1     rs2943646                     0.5313            NA rs2943646
[1] "GENE"
[1] "ENSG00000261379"
Harmonising fat_distr (fat_distr) and Outcome (Outcome)
Harmonising fat_distr (fat_distr) and Outcome (Outcome)
[1] 352
[1] 352
  iteration                    traits posterior_prob regional_prob
1         1 iradjbmi, ENSG00000261379         0.9782             1
  candidate_snp posterior_explained_by_snp dropped_trait  lead_snp
1     rs2972144                     0.3684            NA rs2943646
[1] "GENE"
[1] "ENSG00000272622"
Harmonising fat_distr (fat_distr) and Outcome (Outcome)
Harmonising fat_distr (fat_distr) and Outcome (Outcome)
[1] 355
[1] 355
  iteration                    traits posterior_prob regional_prob
1         1 iradjbmi, ENSG00000272622         0.9834             1
  candidate_snp posterior_explained_by_snp dropped_trait  lead_snp
1     rs2943646                     0.4744            NA rs2943646
[1] "GENE"
[1] "ENSG00000169047"
Harmonising fat_distr (fat_distr) and Outcome (Outcome)
Harmonising fat_distr (fat_distr) and Outcome (Outcome)
[1] 355
[1] 355
  iteration                    traits posterior_prob regional_prob
1         1 iradjbmi, ENSG00000169047         0.9849             1
  candidate_snp posterior_explained_by_snp dropped_trait  lead_snp
1     rs2943646                     0.5313            NA rs2943646
[1] "GENE"
[1] "ENSG00000261379"
Harmonising fat_distr (fat_distr) and Outcome (Outcome)
Harmonising fat_distr (fat_distr) and Outcome (Outcome)
[1] 352
[1] 352
  iteration                    traits posterior_prob regional_prob
1         1 iradjbmi, ENSG00000261379         0.9782             1
  candidate_snp posterior_explained_by_snp dropped_trait  lead_snp
1     rs2972144                     0.3684            NA rs2943646
[1] "GENE"
[1] "ENSG00000261379"
Harmonising fat_distr (fat_distr) and Outcome (Outcome)
Harmonising fat_distr (fat_distr) and Outcome (Outcome)
[1] 352
[1] 352
  iteration                    traits posterior_prob regional_prob
1         1 iradjbmi, ENSG00000261379         0.9782             1
  candidate_snp posterior_explained_by_snp dropped_trait  lead_snp
1     rs2972144                     0.3684            NA rs2943646
[1] "GENE"
[1] "ENSG00000169047"
Harmonising fat_distr (fat_distr) and Outcome (Outcome)
Harmonising fat_distr (fat_distr) and Outcome (Outcome)
[1] 355
[1] 355
  iteration                    traits posterior_prob regional_prob
1         1 iradjbmi, ENSG00000169047         0.9849             1
  candidate_snp posterior_explained_by_snp dropped_trait  lead_snp
1     rs2943646                     0.5313            NA rs2943646
[1] "LEAD INDEX"
[1] 19
[1] "LEAD INDEX"
[1] 20
[1] "CHROMOSOME"
[1] 3
[1] "LEAD INDEX"
[1] 1
[1] "LEAD INDEX"
[1] 2
[1] "LEAD INDEX"
[1] 3
[1] "LEAD INDEX"
[1] 4
[1] "LEAD INDEX"
[1] 5
[1] "LEAD INDEX"
[1] 6
[1] "LEAD INDEX"
[1] 7
[1] "LEAD INDEX"
[1] 8
[1] "GENE"
[1] "ENSG00000169814"
Harmonising fat_distr (fat_distr) and Outcome (Outcome)
Harmonising fat_distr (fat_distr) and Outcome (Outcome)
[1] 377
[1] 377
  iteration                    traits posterior_prob regional_prob
1         1 iradjbmi, ENSG00000169814         0.8289        0.9939
  candidate_snp posterior_explained_by_snp dropped_trait  lead_snp
1     rs2455799                     0.4864            NA rs2455853
[1] "GENE"
[1] "ENSG00000286689"
[1] "LEAD INDEX"
[1] 9
[1] "GENE"
[1] "ENSG00000151090"
Harmonising fat_distr (fat_distr) and Outcome (Outcome)
Harmonising fat_distr (fat_distr) and Outcome (Outcome)
[1] 485
[1] 485
  iteration                    traits posterior_prob regional_prob
1         1 iradjbmi, ENSG00000151090          0.993        0.9972
  candidate_snp posterior_explained_by_snp dropped_trait  lead_snp
1     rs2044756                      0.763            NA rs2044756
[1] "LEAD INDEX"
[1] 10
[1] "GENE"
[1] "ENSG00000145020"
Harmonising fat_distr (fat_distr) and Outcome (Outcome)
Harmonising fat_distr (fat_distr) and Outcome (Outcome)
[1] 230
[1] 230
  iteration traits posterior_prob regional_prob candidate_snp
1         1   None             NA        0.8968            NA
  posterior_explained_by_snp dropped_trait   lead_snp
1                         NA      iradjbmi rs13316065
[1] "GENE"
[1] "ENSG00000164068"
Harmonising fat_distr (fat_distr) and Outcome (Outcome)
Harmonising fat_distr (fat_distr) and Outcome (Outcome)
[1] 230
[1] 230
  iteration traits posterior_prob regional_prob candidate_snp
1         1   None             NA         2e-04            NA
  posterior_explained_by_snp   dropped_trait   lead_snp
1                         NA ENSG00000164068 rs13316065
[1] "GENE"
[1] "ENSG00000164068"
Harmonising fat_distr (fat_distr) and Outcome (Outcome)
Harmonising fat_distr (fat_distr) and Outcome (Outcome)
[1] 230
[1] 230
  iteration traits posterior_prob regional_prob candidate_snp
1         1   None             NA         2e-04            NA
  posterior_explained_by_snp   dropped_trait   lead_snp
1                         NA ENSG00000164068 rs13316065
[1] "GENE"
[1] "ENSG00000182179"
Harmonising fat_distr (fat_distr) and Outcome (Outcome)
Harmonising fat_distr (fat_distr) and Outcome (Outcome)
[1] 230
[1] 230
  iteration traits posterior_prob regional_prob candidate_snp
1         1   None             NA        0.0025            NA
  posterior_explained_by_snp dropped_trait   lead_snp
1                         NA      iradjbmi rs13316065
[1] "GENE"
[1] "ENSG00000173402"
Harmonising fat_distr (fat_distr) and Outcome (Outcome)
Harmonising fat_distr (fat_distr) and Outcome (Outcome)
[1] 230
[1] 230
  iteration traits posterior_prob regional_prob candidate_snp
1         1   None             NA        0.7803            NA
  posterior_explained_by_snp dropped_trait   lead_snp
1                         NA      iradjbmi rs13316065
[1] "GENE"
[1] "ENSG00000164068"
Harmonising fat_distr (fat_distr) and Outcome (Outcome)
Harmonising fat_distr (fat_distr) and Outcome (Outcome)
[1] 230
[1] 230
  iteration traits posterior_prob regional_prob candidate_snp
1         1   None             NA         2e-04            NA
  posterior_explained_by_snp   dropped_trait   lead_snp
1                         NA ENSG00000164068 rs13316065
[1] "LEAD INDEX"
[1] 11
[1] "GENE"
[1] "ENSG00000010318"
Harmonising fat_distr (fat_distr) and Outcome (Outcome)
Harmonising fat_distr (fat_distr) and Outcome (Outcome)
[1] 316
[1] 316
  iteration traits posterior_prob regional_prob candidate_snp
1         1   None             NA        0.0095            NA
  posterior_explained_by_snp dropped_trait   lead_snp
1                         NA      iradjbmi rs17052061
[1] "GENE"
[1] "ENSG00000168237"
Harmonising fat_distr (fat_distr) and Outcome (Outcome)
Harmonising fat_distr (fat_distr) and Outcome (Outcome)
[1] 316
[1] 316
  iteration traits posterior_prob regional_prob candidate_snp
1         1   None             NA         0.501            NA
  posterior_explained_by_snp dropped_trait   lead_snp
1                         NA      iradjbmi rs17052061
[1] "GENE"
[1] "ENSG00000010322"
Harmonising fat_distr (fat_distr) and Outcome (Outcome)
Harmonising fat_distr (fat_distr) and Outcome (Outcome)
[1] 316
[1] 316
  iteration traits posterior_prob regional_prob candidate_snp
1         1   None             NA        0.9999            NA
  posterior_explained_by_snp dropped_trait   lead_snp
1                         NA      iradjbmi rs17052061
[1] "GENE"
[1] "ENSG00000010319"
Harmonising fat_distr (fat_distr) and Outcome (Outcome)
Harmonising fat_distr (fat_distr) and Outcome (Outcome)
[1] 316
[1] 316
  iteration traits posterior_prob regional_prob candidate_snp
1         1   None             NA        0.0096            NA
  posterior_explained_by_snp dropped_trait   lead_snp
1                         NA      iradjbmi rs17052061
[1] "GENE"
[1] "ENSG00000010319"
Harmonising fat_distr (fat_distr) and Outcome (Outcome)
Harmonising fat_distr (fat_distr) and Outcome (Outcome)
[1] 316
[1] 316
  iteration traits posterior_prob regional_prob candidate_snp
1         1   None             NA        0.0096            NA
  posterior_explained_by_snp dropped_trait   lead_snp
1                         NA      iradjbmi rs17052061
[1] "GENE"
[1] "ENSG00000010322"
Harmonising fat_distr (fat_distr) and Outcome (Outcome)
Harmonising fat_distr (fat_distr) and Outcome (Outcome)
[1] 316
[1] 316
  iteration traits posterior_prob regional_prob candidate_snp
1         1   None             NA        0.9999            NA
  posterior_explained_by_snp dropped_trait   lead_snp
1                         NA      iradjbmi rs17052061
[1] "LEAD INDEX"
[1] 12
[1] "LEAD INDEX"
[1] 13
[1] "GENE"
[1] "ENSG00000174579"
Harmonising fat_distr (fat_distr) and Outcome (Outcome)
Harmonising fat_distr (fat_distr) and Outcome (Outcome)
[1] 268
[1] 268
  iteration traits posterior_prob regional_prob candidate_snp
1         1   None             NA        0.0109            NA
  posterior_explained_by_snp dropped_trait lead_snp
1                         NA      iradjbmi rs645040
[1] "LEAD INDEX"
[1] 14
[1] "CHROMOSOME"
[1] 4
[1] "LEAD INDEX"
[1] 1
[1] "LEAD INDEX"
[1] 2
[1] "LEAD INDEX"
[1] 3
[1] "GENE"
[1] "ENSG00000127415"
Harmonising fat_distr (fat_distr) and Outcome (Outcome)
Harmonising fat_distr (fat_distr) and Outcome (Outcome)
[1] 378
[1] 378
  iteration                    traits posterior_prob regional_prob
1         1 iradjbmi, ENSG00000127415         0.9924        0.9997
  candidate_snp posterior_explained_by_snp dropped_trait   lead_snp
1    rs11724804                     0.9952            NA rs11724804
[1] "GENE"
[1] "ENSG00000145214"
Harmonising fat_distr (fat_distr) and Outcome (Outcome)
Harmonising fat_distr (fat_distr) and Outcome (Outcome)
[1] 378
[1] 378
  iteration                    traits posterior_prob regional_prob
1         1 iradjbmi, ENSG00000145214         0.9853        0.9995
  candidate_snp posterior_explained_by_snp dropped_trait   lead_snp
1     rs4690220                          1            NA rs11724804
[1] "GENE"
[1] "ENSG00000127415"
Harmonising fat_distr (fat_distr) and Outcome (Outcome)
Harmonising fat_distr (fat_distr) and Outcome (Outcome)
[1] 378
[1] 378
  iteration                    traits posterior_prob regional_prob
1         1 iradjbmi, ENSG00000127415         0.9924        0.9997
  candidate_snp posterior_explained_by_snp dropped_trait   lead_snp
1    rs11724804                     0.9952            NA rs11724804
[1] "GENE"
[1] "ENSG00000127415"
Harmonising fat_distr (fat_distr) and Outcome (Outcome)
Harmonising fat_distr (fat_distr) and Outcome (Outcome)
[1] 378
[1] 378
  iteration                    traits posterior_prob regional_prob
1         1 iradjbmi, ENSG00000127415         0.9924        0.9997
  candidate_snp posterior_explained_by_snp dropped_trait   lead_snp
1    rs11724804                     0.9952            NA rs11724804
[1] "LEAD INDEX"
[1] 4
[1] "GENE"
[1] "ENSG00000188981"
Harmonising fat_distr (fat_distr) and Outcome (Outcome)
Harmonising fat_distr (fat_distr) and Outcome (Outcome)
[1] 328
[1] 328
  iteration traits posterior_prob regional_prob candidate_snp
1         1   None             NA         0.968            NA
  posterior_explained_by_snp   dropped_trait lead_snp
1                         NA ENSG00000188981 rs363066
[1] "LEAD INDEX"
[1] 5
[1] "GENE"
[1] "ENSG00000159788"
Harmonising fat_distr (fat_distr) and Outcome (Outcome)
Harmonising fat_distr (fat_distr) and Outcome (Outcome)
[1] 309
[1] 309
  iteration                    traits posterior_prob regional_prob
1         1 iradjbmi, ENSG00000159788         0.8677        0.9994
  candidate_snp posterior_explained_by_snp dropped_trait   lead_snp
1    rs10027926                     0.4968            NA rs10027926
[1] "LEAD INDEX"
[1] 6
[1] "GENE"
[1] "ENSG00000163132"
Harmonising fat_distr (fat_distr) and Outcome (Outcome)
Harmonising fat_distr (fat_distr) and Outcome (Outcome)
[1] 560
[1] 560
  iteration                    traits posterior_prob regional_prob
1         1 iradjbmi, ENSG00000163132         0.9954        0.9999
  candidate_snp posterior_explained_by_snp dropped_trait  lead_snp
1     rs4450871                          1            NA rs4450871
[1] "LEAD INDEX"
[1] 7
[1] "GENE"
[1] "ENSG00000163257"
Harmonising fat_distr (fat_distr) and Outcome (Outcome)
Harmonising fat_distr (fat_distr) and Outcome (Outcome)
[1] 295
[1] 295
  iteration traits posterior_prob regional_prob candidate_snp
1         1   None             NA        0.9884            NA
  posterior_explained_by_snp dropped_trait  lead_snp
1                         NA      iradjbmi rs7694806
[1] "LEAD INDEX"
[1] 8
[1] "LEAD INDEX"
[1] 9
[1] "LEAD INDEX"
[1] 10
[1] "GENE"
[1] "ENSG00000138640"
Harmonising fat_distr (fat_distr) and Outcome (Outcome)
Harmonising fat_distr (fat_distr) and Outcome (Outcome)
[1] 412
[1] 412
  iteration traits posterior_prob regional_prob candidate_snp
1         1   None             NA        0.9928            NA
  posterior_explained_by_snp   dropped_trait  lead_snp
1                         NA ENSG00000138640 rs9991328
[1] "GENE"
[1] "ENSG00000138640"
Harmonising fat_distr (fat_distr) and Outcome (Outcome)
Harmonising fat_distr (fat_distr) and Outcome (Outcome)
[1] 412
[1] 412
  iteration traits posterior_prob regional_prob candidate_snp
1         1   None             NA        0.9928            NA
  posterior_explained_by_snp   dropped_trait  lead_snp
1                         NA ENSG00000138640 rs9991328
[1] "LEAD INDEX"
[1] 11
[1] "GENE"
[1] "ENSG00000145431"
Harmonising fat_distr (fat_distr) and Outcome (Outcome)
Harmonising fat_distr (fat_distr) and Outcome (Outcome)
[1] 355
[1] 355
  iteration                    traits posterior_prob regional_prob
1         1 iradjbmi, ENSG00000145431         0.9314             1
  candidate_snp posterior_explained_by_snp dropped_trait  lead_snp
1     rs1425482                     0.1196            NA rs1425486
[1] "GENE"
[1] "ENSG00000145431"
Harmonising fat_distr (fat_distr) and Outcome (Outcome)
Harmonising fat_distr (fat_distr) and Outcome (Outcome)
[1] 355
[1] 355
  iteration                    traits posterior_prob regional_prob
1         1 iradjbmi, ENSG00000145431         0.9314             1
  candidate_snp posterior_explained_by_snp dropped_trait  lead_snp
1     rs1425482                     0.1196            NA rs1425486
[1] "CHROMOSOME"
[1] 5
[1] "LEAD INDEX"
[1] 1
[1] "LEAD INDEX"
[1] 2
[1] "LEAD INDEX"
[1] 3
[1] "GENE"
[1] "ENSG00000245937"
Harmonising fat_distr (fat_distr) and Outcome (Outcome)
Harmonising fat_distr (fat_distr) and Outcome (Outcome)
[1] 341
[1] 341
  iteration                    traits posterior_prob regional_prob
1         1 iradjbmi, ENSG00000245937         0.9824        0.9941
  candidate_snp posterior_explained_by_snp dropped_trait   lead_snp
1     rs3749748                     0.9681            NA rs17764730
[1] "GENE"
[1] "ENSG00000245937"
Harmonising fat_distr (fat_distr) and Outcome (Outcome)
Harmonising fat_distr (fat_distr) and Outcome (Outcome)
[1] 341
[1] 341
  iteration                    traits posterior_prob regional_prob
1         1 iradjbmi, ENSG00000245937         0.9824        0.9941
  candidate_snp posterior_explained_by_snp dropped_trait   lead_snp
1     rs3749748                     0.9681            NA rs17764730
[1] "GENE"
[1] "ENSG00000245937"
Harmonising fat_distr (fat_distr) and Outcome (Outcome)
Harmonising fat_distr (fat_distr) and Outcome (Outcome)
[1] 341
[1] 341
  iteration                    traits posterior_prob regional_prob
1         1 iradjbmi, ENSG00000245937         0.9824        0.9941
  candidate_snp posterior_explained_by_snp dropped_trait   lead_snp
1     rs3749748                     0.9681            NA rs17764730
[1] "GENE"
[1] "ENSG00000245937"
Harmonising fat_distr (fat_distr) and Outcome (Outcome)
Harmonising fat_distr (fat_distr) and Outcome (Outcome)
[1] 341
[1] 341
  iteration                    traits posterior_prob regional_prob
1         1 iradjbmi, ENSG00000245937         0.9824        0.9941
  candidate_snp posterior_explained_by_snp dropped_trait   lead_snp
1     rs3749748                     0.9681            NA rs17764730
[1] "GENE"
[1] "ENSG00000064651"
Harmonising fat_distr (fat_distr) and Outcome (Outcome)
Harmonising fat_distr (fat_distr) and Outcome (Outcome)
[1] 341
[1] 341
  iteration traits posterior_prob regional_prob candidate_snp
1         1   None             NA        0.0029            NA
  posterior_explained_by_snp   dropped_trait   lead_snp
1                         NA ENSG00000064651 rs17764730
[1] "LEAD INDEX"
[1] 4
[1] "GENE"
[1] "ENSG00000131435"
Harmonising fat_distr (fat_distr) and Outcome (Outcome)
Harmonising fat_distr (fat_distr) and Outcome (Outcome)
[1] 386
[1] 386
  iteration traits posterior_prob regional_prob candidate_snp
1         1   None             NA        0.0036            NA
  posterior_explained_by_snp   dropped_trait   lead_snp
1                         NA ENSG00000131435 rs10479001
[1] "LEAD INDEX"
[1] 5
[1] "LEAD INDEX"
[1] 6
[1] "LEAD INDEX"
[1] 7
[1] "LEAD INDEX"
[1] 8
[1] "LEAD INDEX"
[1] 9
[1] "GENE"
[1] "ENSG00000155542"
Harmonising fat_distr (fat_distr) and Outcome (Outcome)
Harmonising fat_distr (fat_distr) and Outcome (Outcome)
[1] 478
[1] 478
  iteration traits posterior_prob regional_prob candidate_snp
1         1   None             NA        0.0942            NA
  posterior_explained_by_snp   dropped_trait lead_snp
1                         NA ENSG00000155542 rs702691
[1] "GENE"
[1] "ENSG00000155542"
Harmonising fat_distr (fat_distr) and Outcome (Outcome)
Harmonising fat_distr (fat_distr) and Outcome (Outcome)
[1] 478
[1] 478
  iteration traits posterior_prob regional_prob candidate_snp
1         1   None             NA        0.0942            NA
  posterior_explained_by_snp   dropped_trait lead_snp
1                         NA ENSG00000155542 rs702691
[1] "GENE"
[1] "ENSG00000155542"
Harmonising fat_distr (fat_distr) and Outcome (Outcome)
Harmonising fat_distr (fat_distr) and Outcome (Outcome)
[1] 478
[1] 478
  iteration traits posterior_prob regional_prob candidate_snp
1         1   None             NA        0.0942            NA
  posterior_explained_by_snp   dropped_trait lead_snp
1                         NA ENSG00000155542 rs702691
[1] "GENE"
[1] "ENSG00000271828"
Harmonising fat_distr (fat_distr) and Outcome (Outcome)
Harmonising fat_distr (fat_distr) and Outcome (Outcome)
[1] 478
[1] 478
  iteration traits posterior_prob regional_prob candidate_snp
1         1   None             NA        0.9975            NA
  posterior_explained_by_snp   dropped_trait lead_snp
1                         NA ENSG00000271828 rs702691
[1] "LEAD INDEX"
[1] 10
[1] "LEAD INDEX"
[1] 11
[1] "LEAD INDEX"
[1] 12
[1] "LEAD INDEX"
[1] 13
[1] "GENE"
[1] "ENSG00000171444"
Harmonising fat_distr (fat_distr) and Outcome (Outcome)
Harmonising fat_distr (fat_distr) and Outcome (Outcome)
[1] 444
[1] 444
  iteration                    traits posterior_prob regional_prob
1         1 iradjbmi, ENSG00000171444          0.923        0.9703
  candidate_snp posterior_explained_by_snp dropped_trait  lead_snp
1     rs7731890                     0.9791            NA rs7732198
[1] "GENE"
[1] "ENSG00000171444"
Harmonising fat_distr (fat_distr) and Outcome (Outcome)
Harmonising fat_distr (fat_distr) and Outcome (Outcome)
[1] 444
[1] 444
  iteration                    traits posterior_prob regional_prob
1         1 iradjbmi, ENSG00000171444          0.923        0.9703
  candidate_snp posterior_explained_by_snp dropped_trait  lead_snp
1     rs7731890                     0.9791            NA rs7732198
[1] "GENE"
[1] "ENSG00000171444"
Harmonising fat_distr (fat_distr) and Outcome (Outcome)
Harmonising fat_distr (fat_distr) and Outcome (Outcome)
[1] 444
[1] 444
  iteration                    traits posterior_prob regional_prob
1         1 iradjbmi, ENSG00000171444          0.923        0.9703
  candidate_snp posterior_explained_by_snp dropped_trait  lead_snp
1     rs7731890                     0.9791            NA rs7732198
[1] "GENE"
[1] "ENSG00000171444"
Harmonising fat_distr (fat_distr) and Outcome (Outcome)
Harmonising fat_distr (fat_distr) and Outcome (Outcome)
[1] 444
[1] 444
  iteration                    traits posterior_prob regional_prob
1         1 iradjbmi, ENSG00000171444          0.923        0.9703
  candidate_snp posterior_explained_by_snp dropped_trait  lead_snp
1     rs7731890                     0.9791            NA rs7732198
[1] "LEAD INDEX"
[1] 14
[1] "GENE"
[1] "ENSG00000145779"
Harmonising fat_distr (fat_distr) and Outcome (Outcome)
Harmonising fat_distr (fat_distr) and Outcome (Outcome)
[1] 330
[1] 330
  iteration                    traits posterior_prob regional_prob
1         1 iradjbmi, ENSG00000145779         0.9973             1
  candidate_snp posterior_explained_by_snp dropped_trait  lead_snp
1     rs1045241                     0.9997            NA rs1045241
[1] "LEAD INDEX"
[1] 15
[1] "LEAD INDEX"
[1] 16
[1] "GENE"
[1] "ENSG00000170606"
Harmonising fat_distr (fat_distr) and Outcome (Outcome)
Harmonising fat_distr (fat_distr) and Outcome (Outcome)
[1] 410
[1] 410
  iteration                    traits posterior_prob regional_prob
1         1 iradjbmi, ENSG00000170606          0.965        0.9999
  candidate_snp posterior_explained_by_snp dropped_trait lead_snp
1       rs13718                     0.1514            NA  rs13718
[1] "GENE"
[1] "ENSG00000170606"
Harmonising fat_distr (fat_distr) and Outcome (Outcome)
Harmonising fat_distr (fat_distr) and Outcome (Outcome)
[1] 410
[1] 410
  iteration                    traits posterior_prob regional_prob
1         1 iradjbmi, ENSG00000170606          0.965        0.9999
  candidate_snp posterior_explained_by_snp dropped_trait lead_snp
1       rs13718                     0.1514            NA  rs13718
[1] "GENE"
[1] "ENSG00000170606"
Harmonising fat_distr (fat_distr) and Outcome (Outcome)
Harmonising fat_distr (fat_distr) and Outcome (Outcome)
[1] 410
[1] 410
  iteration                    traits posterior_prob regional_prob
1         1 iradjbmi, ENSG00000170606          0.965        0.9999
  candidate_snp posterior_explained_by_snp dropped_trait lead_snp
1       rs13718                     0.1514            NA  rs13718
[1] "LEAD INDEX"
[1] 17
[1] "LEAD INDEX"
[1] 18
[1] "GENE"
[1] "ENSG00000170091"
Harmonising fat_distr (fat_distr) and Outcome (Outcome)
Harmonising fat_distr (fat_distr) and Outcome (Outcome)
[1] 588
[1] 588
  iteration                    traits posterior_prob regional_prob
1         1 iradjbmi, ENSG00000170091         0.9864        0.9988
  candidate_snp posterior_explained_by_snp dropped_trait lead_snp
1      rs747472                     0.2044            NA rs747472
[1] "GENE"
[1] "ENSG00000113742"
Harmonising fat_distr (fat_distr) and Outcome (Outcome)
Harmonising fat_distr (fat_distr) and Outcome (Outcome)
[1] 588
[1] 588
  iteration                    traits posterior_prob regional_prob
1         1 iradjbmi, ENSG00000113742         0.9866        0.9988
  candidate_snp posterior_explained_by_snp dropped_trait lead_snp
1      rs747472                     0.2127            NA rs747472
[1] "GENE"
[1] "ENSG00000170091"
Harmonising fat_distr (fat_distr) and Outcome (Outcome)
Harmonising fat_distr (fat_distr) and Outcome (Outcome)
[1] 588
[1] 588
  iteration                    traits posterior_prob regional_prob
1         1 iradjbmi, ENSG00000170091         0.9864        0.9988
  candidate_snp posterior_explained_by_snp dropped_trait lead_snp
1      rs747472                     0.2044            NA rs747472
[1] "CHROMOSOME"
[1] 6
[1] "LEAD INDEX"
[1] 1
[1] "LEAD INDEX"
[1] 2
[1] "GENE"
[1] "ENSG00000288021"
[1] "GENE"
[1] "ENSG00000203875"
Harmonising fat_distr (fat_distr) and Outcome (Outcome)
Harmonising fat_distr (fat_distr) and Outcome (Outcome)
[1] 302
[1] 302
  iteration                    traits posterior_prob regional_prob
1         1 iradjbmi, ENSG00000203875         0.7393        0.9717
  candidate_snp posterior_explained_by_snp dropped_trait  lead_snp
1     rs1059307                          1            NA rs6454486
[1] "LEAD INDEX"
[1] 3
[1] "GENE"
[1] "ENSG00000112531"
Harmonising fat_distr (fat_distr) and Outcome (Outcome)
Harmonising fat_distr (fat_distr) and Outcome (Outcome)
[1] 519
[1] 519
  iteration                    traits posterior_prob regional_prob
1         1 iradjbmi, ENSG00000112531          0.872        0.9604
  candidate_snp posterior_explained_by_snp dropped_trait lead_snp
1        rs9306                     0.9977            NA   rs9306
[1] "LEAD INDEX"
[1] 4
[1] "LEAD INDEX"
[1] 5
[1] "LEAD INDEX"
[1] 6
[1] "GENE"
[1] "ENSG00000112715"
Harmonising fat_distr (fat_distr) and Outcome (Outcome)
Harmonising fat_distr (fat_distr) and Outcome (Outcome)
[1] 426
[1] 426
  iteration traits posterior_prob regional_prob candidate_snp
1         1   None             NA             1            NA
  posterior_explained_by_snp   dropped_trait lead_snp
1                         NA ENSG00000112715 rs998584
[1] "LEAD INDEX"
[1] 7
[1] "LEAD INDEX"
[1] 8
[1] "LEAD INDEX"
[1] 9
[1] "GENE"
[1] "ENSG00000118690"
Harmonising fat_distr (fat_distr) and Outcome (Outcome)
Harmonising fat_distr (fat_distr) and Outcome (Outcome)
[1] 352
[1] 352
  iteration traits posterior_prob regional_prob candidate_snp
1         1   None             NA        0.3959            NA
  posterior_explained_by_snp dropped_trait  lead_snp
1                         NA      iradjbmi rs2806360
[1] "GENE"
[1] "ENSG00000118690"
Harmonising fat_distr (fat_distr) and Outcome (Outcome)
Harmonising fat_distr (fat_distr) and Outcome (Outcome)
[1] 352
[1] 352
  iteration traits posterior_prob regional_prob candidate_snp
1         1   None             NA        0.3959            NA
  posterior_explained_by_snp dropped_trait  lead_snp
1                         NA      iradjbmi rs2806360
[1] "LEAD INDEX"
[1] 10
[1] "LEAD INDEX"
[1] 11
[1] "LEAD INDEX"
[1] 12
[1] "GENE"
[1] "ENSG00000164442"
Harmonising fat_distr (fat_distr) and Outcome (Outcome)
Harmonising fat_distr (fat_distr) and Outcome (Outcome)
[1] 443
[1] 443
  iteration                    traits posterior_prob regional_prob
1         1 iradjbmi, ENSG00000164442         0.9847        0.9998
  candidate_snp posterior_explained_by_snp dropped_trait lead_snp
1      rs668459                     0.4414            NA rs634869
[1] "LEAD INDEX"
[1] 13
[1] "LEAD INDEX"
[1] 14
[1] "GENE"
[1] "ENSG00000197081"
Harmonising fat_distr (fat_distr) and Outcome (Outcome)
Harmonising fat_distr (fat_distr) and Outcome (Outcome)
[1] 543
[1] 543
  iteration traits posterior_prob regional_prob candidate_snp
1         1   None             NA        0.9999            NA
  posterior_explained_by_snp dropped_trait   lead_snp
1                         NA      iradjbmi rs12202350
[1] "GENE"
[1] "ENSG00000197081"
Harmonising fat_distr (fat_distr) and Outcome (Outcome)
Harmonising fat_distr (fat_distr) and Outcome (Outcome)
[1] 543
[1] 543
  iteration traits posterior_prob regional_prob candidate_snp
1         1   None             NA        0.9999            NA
  posterior_explained_by_snp dropped_trait   lead_snp
1                         NA      iradjbmi rs12202350
[1] "GENE"
[1] "ENSG00000270949"
Harmonising fat_distr (fat_distr) and Outcome (Outcome)
Harmonising fat_distr (fat_distr) and Outcome (Outcome)
[1] 543
[1] 543
  iteration traits posterior_prob regional_prob candidate_snp
1         1   None             NA        0.8895            NA
  posterior_explained_by_snp   dropped_trait   lead_snp
1                         NA ENSG00000270949 rs12202350
[1] "GENE"
[1] "ENSG00000213073"
Harmonising fat_distr (fat_distr) and Outcome (Outcome)
Harmonising fat_distr (fat_distr) and Outcome (Outcome)
[1] 543
[1] 543
  iteration traits posterior_prob regional_prob candidate_snp
1         1   None             NA        0.0125            NA
  posterior_explained_by_snp   dropped_trait   lead_snp
1                         NA ENSG00000213073 rs12202350
[1] "GENE"
[1] "ENSG00000213073"
Harmonising fat_distr (fat_distr) and Outcome (Outcome)
Harmonising fat_distr (fat_distr) and Outcome (Outcome)
[1] 543
[1] 543
  iteration traits posterior_prob regional_prob candidate_snp
1         1   None             NA        0.0125            NA
  posterior_explained_by_snp   dropped_trait   lead_snp
1                         NA ENSG00000213073 rs12202350
[1] "GENE"
[1] "ENSG00000213073"
Harmonising fat_distr (fat_distr) and Outcome (Outcome)
Harmonising fat_distr (fat_distr) and Outcome (Outcome)
[1] 543
[1] 543
  iteration traits posterior_prob regional_prob candidate_snp
1         1   None             NA        0.0125            NA
  posterior_explained_by_snp   dropped_trait   lead_snp
1                         NA ENSG00000213073 rs12202350
[1] "GENE"
[1] "ENSG00000175003"
Harmonising fat_distr (fat_distr) and Outcome (Outcome)
Harmonising fat_distr (fat_distr) and Outcome (Outcome)
[1] 543
[1] 543
  iteration traits posterior_prob regional_prob candidate_snp
1         1   None             NA        0.5961            NA
  posterior_explained_by_snp dropped_trait   lead_snp
1                         NA      iradjbmi rs12202350
[1] "LEAD INDEX"
[1] 15
[1] "LEAD INDEX"
[1] 16
[1] "CHROMOSOME"
[1] 7
[1] "LEAD INDEX"
[1] 1
[1] "GENE"
[1] "ENSG00000106460"
Harmonising fat_distr (fat_distr) and Outcome (Outcome)
Harmonising fat_distr (fat_distr) and Outcome (Outcome)
[1] 601
[1] 601
  iteration traits posterior_prob regional_prob candidate_snp
1         1   None             NA        0.0177            NA
  posterior_explained_by_snp   dropped_trait  lead_snp
1                         NA ENSG00000106460 rs1990622
[1] "LEAD INDEX"
[1] 2
[1] "GENE"
[1] "ENSG00000273055"
Harmonising fat_distr (fat_distr) and Outcome (Outcome)
Harmonising fat_distr (fat_distr) and Outcome (Outcome)
[1] 506
[1] 506
  iteration traits posterior_prob regional_prob candidate_snp
1         1   None             NA        0.0079            NA
  posterior_explained_by_snp   dropped_trait  lead_snp
1                         NA ENSG00000273055 rs4727695
[1] "GENE"
[1] "ENSG00000091136"
Harmonising fat_distr (fat_distr) and Outcome (Outcome)
Harmonising fat_distr (fat_distr) and Outcome (Outcome)
[1] 506
[1] 506
  iteration traits posterior_prob regional_prob candidate_snp
1         1   None             NA        0.3311            NA
  posterior_explained_by_snp   dropped_trait  lead_snp
1                         NA ENSG00000091136 rs4727695
[1] "GENE"
[1] "ENSG00000091136"
Harmonising fat_distr (fat_distr) and Outcome (Outcome)
Harmonising fat_distr (fat_distr) and Outcome (Outcome)
[1] 506
[1] 506
  iteration traits posterior_prob regional_prob candidate_snp
1         1   None             NA        0.3311            NA
  posterior_explained_by_snp   dropped_trait  lead_snp
1                         NA ENSG00000091136 rs4727695
[1] "LEAD INDEX"
[1] 3
[1] "LEAD INDEX"
[1] 4
[1] "GENE"
[1] "ENSG00000164898"
Harmonising fat_distr (fat_distr) and Outcome (Outcome)
Harmonising fat_distr (fat_distr) and Outcome (Outcome)
[1] 333
[1] 333
  iteration traits posterior_prob regional_prob candidate_snp
1         1   None             NA        0.0093            NA
  posterior_explained_by_snp dropped_trait   lead_snp
1                         NA      iradjbmi rs11772771
[1] "GENE"
[1] "ENSG00000273391"
Harmonising fat_distr (fat_distr) and Outcome (Outcome)
Harmonising fat_distr (fat_distr) and Outcome (Outcome)
[1] 333
[1] 333
  iteration                    traits posterior_prob regional_prob
1         1 iradjbmi, ENSG00000273391         0.4794        0.6968
  candidate_snp posterior_explained_by_snp dropped_trait   lead_snp
1     rs4728464                     0.2503            NA rs11772771
[1] "GENE"
[1] "ENSG00000146963"
Harmonising fat_distr (fat_distr) and Outcome (Outcome)
Harmonising fat_distr (fat_distr) and Outcome (Outcome)
[1] 333
[1] 333
  iteration                    traits posterior_prob regional_prob
1         1 iradjbmi, ENSG00000146963          0.865         0.931
  candidate_snp posterior_explained_by_snp dropped_trait   lead_snp
1     rs6961812                     0.1574            NA rs11772771
[1] "LEAD INDEX"
[1] 5
[1] "GENE"
[1] "ENSG00000164849"
Harmonising fat_distr (fat_distr) and Outcome (Outcome)
Harmonising fat_distr (fat_distr) and Outcome (Outcome)
[1] 290
[1] 290
  iteration                    traits posterior_prob regional_prob
1         1 iradjbmi, ENSG00000164849         0.9838        0.9914
  candidate_snp posterior_explained_by_snp dropped_trait  lead_snp
1     rs4265085                     0.5543            NA rs3808350
[1] "LEAD INDEX"
[1] 6
[1] "LEAD INDEX"
[1] 7
[1] "LEAD INDEX"
[1] 8
[1] "LEAD INDEX"
[1] 9
[1] "LEAD INDEX"
[1] 10
[1] "GENE"
[1] "ENSG00000225792"
Harmonising fat_distr (fat_distr) and Outcome (Outcome)
Harmonising fat_distr (fat_distr) and Outcome (Outcome)
[1] 449
[1] 449
  iteration                    traits posterior_prob regional_prob
1         1 iradjbmi, ENSG00000225792         0.9999             1
  candidate_snp posterior_explained_by_snp dropped_trait  lead_snp
1     rs1534696                          1            NA rs1534696
[1] "GENE"
[1] "ENSG00000214870"
Harmonising fat_distr (fat_distr) and Outcome (Outcome)
Harmonising fat_distr (fat_distr) and Outcome (Outcome)
[1] 449
[1] 449
  iteration traits posterior_prob regional_prob candidate_snp
1         1   None             NA         1e-04            NA
  posterior_explained_by_snp   dropped_trait  lead_snp
1                         NA ENSG00000214870 rs1534696
[1] "GENE"
[1] "ENSG00000122565"
Harmonising fat_distr (fat_distr) and Outcome (Outcome)
Harmonising fat_distr (fat_distr) and Outcome (Outcome)
[1] 449
[1] 449
  iteration                    traits posterior_prob regional_prob
1         1 iradjbmi, ENSG00000122565         0.9999             1
  candidate_snp posterior_explained_by_snp dropped_trait  lead_snp
1     rs1534696                          1            NA rs1534696
[1] "GENE"
[1] "ENSG00000225792"
Harmonising fat_distr (fat_distr) and Outcome (Outcome)
Harmonising fat_distr (fat_distr) and Outcome (Outcome)
[1] 449
[1] 449
  iteration                    traits posterior_prob regional_prob
1         1 iradjbmi, ENSG00000225792         0.9999             1
  candidate_snp posterior_explained_by_snp dropped_trait  lead_snp
1     rs1534696                          1            NA rs1534696
[1] "GENE"
[1] "ENSG00000122566"
Harmonising fat_distr (fat_distr) and Outcome (Outcome)
Harmonising fat_distr (fat_distr) and Outcome (Outcome)
[1] 449
[1] 449
  iteration                    traits posterior_prob regional_prob
1         1 iradjbmi, ENSG00000122566         0.9999             1
  candidate_snp posterior_explained_by_snp dropped_trait  lead_snp
1     rs1534696                          1            NA rs1534696
[1] "GENE"
[1] "ENSG00000086300"
Harmonising fat_distr (fat_distr) and Outcome (Outcome)
Harmonising fat_distr (fat_distr) and Outcome (Outcome)
[1] 449
[1] 449
  iteration                    traits posterior_prob regional_prob
1         1 iradjbmi, ENSG00000086300         0.9999             1
  candidate_snp posterior_explained_by_snp dropped_trait  lead_snp
1     rs1534696                          1            NA rs1534696
[1] "LEAD INDEX"
[1] 11
[1] "LEAD INDEX"
[1] 12
[1] "GENE"
[1] "ENSG00000015676"
Harmonising fat_distr (fat_distr) and Outcome (Outcome)
Harmonising fat_distr (fat_distr) and Outcome (Outcome)
[1] 330
[1] 330
  iteration                    traits posterior_prob regional_prob
1         1 iradjbmi, ENSG00000015676         0.6489        0.8382
  candidate_snp posterior_explained_by_snp dropped_trait   lead_snp
1     rs6960714                     0.5617            NA rs11770515
[1] "GENE"
[1] "ENSG00000015676"
Harmonising fat_distr (fat_distr) and Outcome (Outcome)
Harmonising fat_distr (fat_distr) and Outcome (Outcome)
[1] 330
[1] 330
  iteration                    traits posterior_prob regional_prob
1         1 iradjbmi, ENSG00000015676         0.6489        0.8382
  candidate_snp posterior_explained_by_snp dropped_trait   lead_snp
1     rs6960714                     0.5617            NA rs11770515
[1] "GENE"
[1] "ENSG00000015676"
Harmonising fat_distr (fat_distr) and Outcome (Outcome)
Harmonising fat_distr (fat_distr) and Outcome (Outcome)
[1] 330
[1] 330
  iteration                    traits posterior_prob regional_prob
1         1 iradjbmi, ENSG00000015676         0.6489        0.8382
  candidate_snp posterior_explained_by_snp dropped_trait   lead_snp
1     rs6960714                     0.5617            NA rs11770515
[1] "GENE"
[1] "ENSG00000015520"
Harmonising fat_distr (fat_distr) and Outcome (Outcome)
Harmonising fat_distr (fat_distr) and Outcome (Outcome)
[1] 330
[1] 330
  iteration traits posterior_prob regional_prob candidate_snp
1         1   None             NA        0.0184            NA
  posterior_explained_by_snp   dropped_trait   lead_snp
1                         NA ENSG00000015520 rs11770515
[1] "GENE"
[1] "ENSG00000015520"
Harmonising fat_distr (fat_distr) and Outcome (Outcome)
Harmonising fat_distr (fat_distr) and Outcome (Outcome)
[1] 330
[1] 330
  iteration traits posterior_prob regional_prob candidate_snp
1         1   None             NA        0.0184            NA
  posterior_explained_by_snp   dropped_trait   lead_snp
1                         NA ENSG00000015520 rs11770515
[1] "LEAD INDEX"
[1] 13
[1] "GENE"
[1] "ENSG00000009954"
Harmonising fat_distr (fat_distr) and Outcome (Outcome)
Harmonising fat_distr (fat_distr) and Outcome (Outcome)
[1] 131
[1] 131
  iteration                    traits posterior_prob regional_prob
1         1 iradjbmi, ENSG00000009954         0.9939        0.9997
  candidate_snp posterior_explained_by_snp dropped_trait lead_snp
1    rs11974034                     0.8196            NA   rs2573
[1] "GENE"
[1] "ENSG00000106635"
Harmonising fat_distr (fat_distr) and Outcome (Outcome)
Harmonising fat_distr (fat_distr) and Outcome (Outcome)
[1] 131
[1] 131
  iteration                    traits posterior_prob regional_prob
1         1 iradjbmi, ENSG00000106635         0.9953             1
  candidate_snp posterior_explained_by_snp dropped_trait lead_snp
1        rs2573                     0.5562            NA   rs2573
[1] "GENE"
[1] "ENSG00000106635"
Harmonising fat_distr (fat_distr) and Outcome (Outcome)
Harmonising fat_distr (fat_distr) and Outcome (Outcome)
[1] 131
[1] 131
  iteration                    traits posterior_prob regional_prob
1         1 iradjbmi, ENSG00000106635         0.9953             1
  candidate_snp posterior_explained_by_snp dropped_trait lead_snp
1        rs2573                     0.5562            NA   rs2573
[1] "GENE"
[1] "ENSG00000106635"
Harmonising fat_distr (fat_distr) and Outcome (Outcome)
Harmonising fat_distr (fat_distr) and Outcome (Outcome)
[1] 131
[1] 131
  iteration                    traits posterior_prob regional_prob
1         1 iradjbmi, ENSG00000106635         0.9953             1
  candidate_snp posterior_explained_by_snp dropped_trait lead_snp
1        rs2573                     0.5562            NA   rs2573
[1] "GENE"
[1] "ENSG00000009950"
Harmonising fat_distr (fat_distr) and Outcome (Outcome)
Harmonising fat_distr (fat_distr) and Outcome (Outcome)
[1] 131
[1] 131
  iteration                    traits posterior_prob regional_prob
1         1 iradjbmi, ENSG00000009950         0.9963             1
  candidate_snp posterior_explained_by_snp dropped_trait lead_snp
1        rs2573                     0.9981            NA   rs2573
[1] "LEAD INDEX"
[1] 14
[1] "LEAD INDEX"
[1] 15
[1] "LEAD INDEX"
[1] 16
[1] "GENE"
[1] "ENSG00000174595"
Harmonising fat_distr (fat_distr) and Outcome (Outcome)
Harmonising fat_distr (fat_distr) and Outcome (Outcome)
[1] 421
[1] 421
  iteration                    traits posterior_prob regional_prob
1         1 iradjbmi, ENSG00000174595         0.9851             1
  candidate_snp posterior_explained_by_snp dropped_trait  lead_snp
1    rs13230111                     0.2184            NA rs4731702
[1] "GENE"
[1] "ENSG00000266265"
[1] "GENE"
[1] "ENSG00000266265"
[1] "GENE"
[1] "ENSG00000271204"
Harmonising fat_distr (fat_distr) and Outcome (Outcome)
Harmonising fat_distr (fat_distr) and Outcome (Outcome)
[1] 421
[1] 421
  iteration                    traits posterior_prob regional_prob
1         1 iradjbmi, ENSG00000271204         0.9842        0.9988
  candidate_snp posterior_explained_by_snp dropped_trait  lead_snp
1     rs4731702                     0.2318            NA rs4731702
[1] "GENE"
[1] "ENSG00000233559"
Harmonising fat_distr (fat_distr) and Outcome (Outcome)
Harmonising fat_distr (fat_distr) and Outcome (Outcome)
[1] 421
[1] 421
  iteration                    traits posterior_prob regional_prob
1         1 iradjbmi, ENSG00000233559         0.9861             1
  candidate_snp posterior_explained_by_snp dropped_trait  lead_snp
1     rs4731702                     0.3599            NA rs4731702
[1] "GENE"
[1] "ENSG00000231721"
Harmonising fat_distr (fat_distr) and Outcome (Outcome)
Harmonising fat_distr (fat_distr) and Outcome (Outcome)
[1] 421
[1] 421
  iteration traits posterior_prob regional_prob candidate_snp
1         1   None             NA         1e-04            NA
  posterior_explained_by_snp   dropped_trait  lead_snp
1                         NA ENSG00000231721 rs4731702
[1] "LEAD INDEX"
[1] 17
[1] "LEAD INDEX"
[1] 18
[1] "GENE"
[1] "ENSG00000179144"
Harmonising fat_distr (fat_distr) and Outcome (Outcome)
Harmonising fat_distr (fat_distr) and Outcome (Outcome)
[1] 391
[1] 391
  iteration traits posterior_prob regional_prob candidate_snp
1         1   None             NA        0.0036            NA
  posterior_explained_by_snp   dropped_trait   lead_snp
1                         NA ENSG00000179144 rs10254829
[1] "GENE"
[1] "ENSG00000133574"
Harmonising fat_distr (fat_distr) and Outcome (Outcome)
Harmonising fat_distr (fat_distr) and Outcome (Outcome)
[1] 391
[1] 391
  iteration traits posterior_prob regional_prob candidate_snp
1         1   None             NA         0.905            NA
  posterior_explained_by_snp   dropped_trait   lead_snp
1                         NA ENSG00000133574 rs10254829
[1] "LEAD INDEX"
[1] 19
[1] "GENE"
[1] "ENSG00000002726"
Harmonising fat_distr (fat_distr) and Outcome (Outcome)
Harmonising fat_distr (fat_distr) and Outcome (Outcome)
[1] 511
[1] 511
  iteration                    traits posterior_prob regional_prob
1         1 iradjbmi, ENSG00000002726         0.9846             1
  candidate_snp posterior_explained_by_snp dropped_trait  lead_snp
1     rs6977081                          1            NA rs6977081
[1] "GENE"
[1] "ENSG00000002933"
Harmonising fat_distr (fat_distr) and Outcome (Outcome)
Harmonising fat_distr (fat_distr) and Outcome (Outcome)
[1] 511
[1] 511
  iteration traits posterior_prob regional_prob candidate_snp
1         1   None             NA        0.0011            NA
  posterior_explained_by_snp   dropped_trait  lead_snp
1                         NA ENSG00000002933 rs6977081
[1] "GENE"
[1] "ENSG00000002726"
Harmonising fat_distr (fat_distr) and Outcome (Outcome)
Harmonising fat_distr (fat_distr) and Outcome (Outcome)
[1] 511
[1] 511
  iteration                    traits posterior_prob regional_prob
1         1 iradjbmi, ENSG00000002726         0.9846             1
  candidate_snp posterior_explained_by_snp dropped_trait  lead_snp
1     rs6977081                          1            NA rs6977081
[1] "CHROMOSOME"
[1] 8
[1] "LEAD INDEX"
[1] 1
[1] "GENE"
[1] "ENSG00000154359"
Harmonising fat_distr (fat_distr) and Outcome (Outcome)
Harmonising fat_distr (fat_distr) and Outcome (Outcome)
[1] 360
[1] 360
  iteration                    traits posterior_prob regional_prob
1         1 iradjbmi, ENSG00000154359         0.9611        0.9615
  candidate_snp posterior_explained_by_snp dropped_trait  lead_snp
1     rs4474021                          1            NA rs4474021
[1] "GENE"
[1] "ENSG00000154359"
Harmonising fat_distr (fat_distr) and Outcome (Outcome)
Harmonising fat_distr (fat_distr) and Outcome (Outcome)
[1] 360
[1] 360
  iteration                    traits posterior_prob regional_prob
1         1 iradjbmi, ENSG00000154359         0.9611        0.9615
  candidate_snp posterior_explained_by_snp dropped_trait  lead_snp
1     rs4474021                          1            NA rs4474021
[1] "LEAD INDEX"
[1] 2
[1] "LEAD INDEX"
[1] 3
[1] "GENE"
[1] "ENSG00000183154"
Harmonising fat_distr (fat_distr) and Outcome (Outcome)
Harmonising fat_distr (fat_distr) and Outcome (Outcome)
[1] 269
[1] 269
  iteration                    traits posterior_prob regional_prob
1         1 iradjbmi, ENSG00000183154         0.9901        0.9986
  candidate_snp posterior_explained_by_snp dropped_trait  lead_snp
1     rs7816345                     0.5961            NA rs7816345
[1] "GENE"
[1] "ENSG00000147475"
Harmonising fat_distr (fat_distr) and Outcome (Outcome)
Harmonising fat_distr (fat_distr) and Outcome (Outcome)
[1] 269
[1] 269
  iteration                    traits posterior_prob regional_prob
1         1 iradjbmi, ENSG00000147475         0.9891        0.9992
  candidate_snp posterior_explained_by_snp dropped_trait  lead_snp
1     rs7816345                     0.3661            NA rs7816345
[1] "GENE"
[1] "ENSG00000254038"
Harmonising fat_distr (fat_distr) and Outcome (Outcome)
Harmonising fat_distr (fat_distr) and Outcome (Outcome)
[1] 301
[1] 301
  iteration                    traits posterior_prob regional_prob
1         1 iradjbmi, ENSG00000254038         0.9912        0.9993
  candidate_snp posterior_explained_by_snp dropped_trait  lead_snp
1     rs7816345                     0.4024            NA rs7816345
[1] "GENE"
[1] "ENSG00000183779"
Harmonising fat_distr (fat_distr) and Outcome (Outcome)
Harmonising fat_distr (fat_distr) and Outcome (Outcome)
[1] 270
[1] 270
  iteration                    traits posterior_prob regional_prob
1         1 iradjbmi, ENSG00000183779         0.9916        0.9993
  candidate_snp posterior_explained_by_snp dropped_trait  lead_snp
1    rs10955009                     0.7037            NA rs7816345
[1] "GENE"
[1] "ENSG00000254038"
Harmonising fat_distr (fat_distr) and Outcome (Outcome)
Harmonising fat_distr (fat_distr) and Outcome (Outcome)
[1] 301
[1] 301
  iteration                    traits posterior_prob regional_prob
1         1 iradjbmi, ENSG00000254038         0.9912        0.9993
  candidate_snp posterior_explained_by_snp dropped_trait  lead_snp
1     rs7816345                     0.4024            NA rs7816345
[1] "GENE"
[1] "ENSG00000183779"
Harmonising fat_distr (fat_distr) and Outcome (Outcome)
Harmonising fat_distr (fat_distr) and Outcome (Outcome)
[1] 270
[1] 270
  iteration                    traits posterior_prob regional_prob
1         1 iradjbmi, ENSG00000183779         0.9916        0.9993
  candidate_snp posterior_explained_by_snp dropped_trait  lead_snp
1    rs10955009                     0.7037            NA rs7816345
[1] "GENE"
[1] "ENSG00000215262"
Harmonising fat_distr (fat_distr) and Outcome (Outcome)
Harmonising fat_distr (fat_distr) and Outcome (Outcome)
[1] 301
[1] 301
  iteration traits posterior_prob regional_prob candidate_snp
1         1   None             NA         1e-04            NA
  posterior_explained_by_snp   dropped_trait  lead_snp
1                         NA ENSG00000215262 rs7816345
[1] "GENE"
[1] "ENSG00000183779"
Harmonising fat_distr (fat_distr) and Outcome (Outcome)
Harmonising fat_distr (fat_distr) and Outcome (Outcome)
[1] 270
[1] 270
  iteration                    traits posterior_prob regional_prob
1         1 iradjbmi, ENSG00000183779         0.9916        0.9993
  candidate_snp posterior_explained_by_snp dropped_trait  lead_snp
1    rs10955009                     0.7037            NA rs7816345
[1] "LEAD INDEX"
[1] 4
[1] "GENE"
[1] "ENSG00000077782"
Harmonising fat_distr (fat_distr) and Outcome (Outcome)
Harmonising fat_distr (fat_distr) and Outcome (Outcome)
[1] 265
[1] 265
  iteration                    traits posterior_prob regional_prob
1         1 iradjbmi, ENSG00000077782         0.9983        0.9991
  candidate_snp posterior_explained_by_snp dropped_trait   lead_snp
1    rs10958704                          1            NA rs10958704
[1] "GENE"
[1] "ENSG00000077782"
Harmonising fat_distr (fat_distr) and Outcome (Outcome)
Harmonising fat_distr (fat_distr) and Outcome (Outcome)
[1] 265
[1] 265
  iteration                    traits posterior_prob regional_prob
1         1 iradjbmi, ENSG00000077782         0.9983        0.9991
  candidate_snp posterior_explained_by_snp dropped_trait   lead_snp
1    rs10958704                          1            NA rs10958704
[1] "LEAD INDEX"
[1] 5
[1] "LEAD INDEX"
[1] 6
[1] "LEAD INDEX"
[1] 7
[1] "LEAD INDEX"
[1] 8
[1] "GENE"
[1] "ENSG00000171056"
Harmonising fat_distr (fat_distr) and Outcome (Outcome)
Harmonising fat_distr (fat_distr) and Outcome (Outcome)
[1] 526
[1] 526
  iteration                    traits posterior_prob regional_prob
1         1 iradjbmi, ENSG00000171056         0.9982             1
  candidate_snp posterior_explained_by_snp dropped_trait  lead_snp
1     rs9657541                          1            NA rs9657541
[1] "GENE"
[1] "ENSG00000258724"
Harmonising fat_distr (fat_distr) and Outcome (Outcome)
Harmonising fat_distr (fat_distr) and Outcome (Outcome)
[1] 526
[1] 526
  iteration                    traits posterior_prob regional_prob
1         1 iradjbmi, ENSG00000258724         0.9982             1
  candidate_snp posterior_explained_by_snp dropped_trait  lead_snp
1     rs9657541                          1            NA rs9657541
[1] "LEAD INDEX"
[1] 9
[1] "LEAD INDEX"
[1] 10
[1] "GENE"
[1] "ENSG00000078674"
Harmonising fat_distr (fat_distr) and Outcome (Outcome)
Harmonising fat_distr (fat_distr) and Outcome (Outcome)
[1] 715
[1] 715
  iteration traits posterior_prob regional_prob candidate_snp
1         1   None             NA        0.0138            NA
  posterior_explained_by_snp   dropped_trait lead_snp
1                         NA ENSG00000078674 rs208062
[1] "GENE"
[1] "ENSG00000078674"
Harmonising fat_distr (fat_distr) and Outcome (Outcome)
Harmonising fat_distr (fat_distr) and Outcome (Outcome)
[1] 715
[1] 715
  iteration traits posterior_prob regional_prob candidate_snp
1         1   None             NA        0.0138            NA
  posterior_explained_by_snp   dropped_trait lead_snp
1                         NA ENSG00000078674 rs208062
[1] "GENE"
[1] "ENSG00000078674"
Harmonising fat_distr (fat_distr) and Outcome (Outcome)
Harmonising fat_distr (fat_distr) and Outcome (Outcome)
[1] 715
[1] 715
  iteration traits posterior_prob regional_prob candidate_snp
1         1   None             NA        0.0138            NA
  posterior_explained_by_snp   dropped_trait lead_snp
1                         NA ENSG00000078674 rs208062
[1] "LEAD INDEX"
[1] 11
[1] "LEAD INDEX"
[1] 12
[1] "LEAD INDEX"
[1] 13
[1] "LEAD INDEX"
[1] 14
[1] "LEAD INDEX"
[1] 15
[1] "LEAD INDEX"
[1] 16
[1] "LEAD INDEX"
[1] 17
[1] "LEAD INDEX"
[1] 18
[1] "GENE"
[1] "ENSG00000159167"
Harmonising fat_distr (fat_distr) and Outcome (Outcome)
Harmonising fat_distr (fat_distr) and Outcome (Outcome)
[1] 482
[1] 482
  iteration                    traits posterior_prob regional_prob
1         1 iradjbmi, ENSG00000159167         0.9759        0.9763
  candidate_snp posterior_explained_by_snp dropped_trait  lead_snp
1     rs1561105                     0.9992            NA rs1561105
[1] "LEAD INDEX"
[1] 19
[1] "LEAD INDEX"
[1] 20
[1] "LEAD INDEX"
[1] 21
[1] "GENE"
[1] "ENSG00000104313"
Harmonising fat_distr (fat_distr) and Outcome (Outcome)
Harmonising fat_distr (fat_distr) and Outcome (Outcome)
[1] 565
[1] 565
  iteration                    traits posterior_prob regional_prob
1         1 iradjbmi, ENSG00000104313          0.895        0.9998
  candidate_snp posterior_explained_by_snp dropped_trait   lead_snp
1    rs12679556                          1            NA rs10097671
[1] "GENE"
[1] "ENSG00000254031"
Harmonising fat_distr (fat_distr) and Outcome (Outcome)
Harmonising fat_distr (fat_distr) and Outcome (Outcome)
[1] 565
[1] 565
  iteration                    traits posterior_prob regional_prob
1         1 iradjbmi, ENSG00000254031         0.9202        0.9978
  candidate_snp posterior_explained_by_snp dropped_trait   lead_snp
1    rs12679556                     0.6651            NA rs10097671
[1] "GENE"
[1] "ENSG00000104313"
Harmonising fat_distr (fat_distr) and Outcome (Outcome)
Harmonising fat_distr (fat_distr) and Outcome (Outcome)
[1] 565
[1] 565
  iteration                    traits posterior_prob regional_prob
1         1 iradjbmi, ENSG00000104313          0.895        0.9998
  candidate_snp posterior_explained_by_snp dropped_trait   lead_snp
1    rs12679556                          1            NA rs10097671
[1] "GENE"
[1] "ENSG00000104313"
Harmonising fat_distr (fat_distr) and Outcome (Outcome)
Harmonising fat_distr (fat_distr) and Outcome (Outcome)
[1] 565
[1] 565
  iteration                    traits posterior_prob regional_prob
1         1 iradjbmi, ENSG00000104313          0.895        0.9998
  candidate_snp posterior_explained_by_snp dropped_trait   lead_snp
1    rs12679556                          1            NA rs10097671
[1] "LEAD INDEX"
[1] 22
[1] "LEAD INDEX"
[1] 23
[1] "LEAD INDEX"
[1] 24
[1] "LEAD INDEX"
[1] 25
[1] "LEAD INDEX"
[1] 26
[1] "CHROMOSOME"
[1] 9
[1] "LEAD INDEX"
[1] 1
[1] "LEAD INDEX"
[1] 2
[1] "LEAD INDEX"
[1] 3
[1] "LEAD INDEX"
[1] 4
[1] "GENE"
[1] "ENSG00000164978"
Harmonising fat_distr (fat_distr) and Outcome (Outcome)
Harmonising fat_distr (fat_distr) and Outcome (Outcome)
[1] 319
[1] 319
  iteration                    traits posterior_prob regional_prob
1         1 iradjbmi, ENSG00000164978         0.9753         0.998
  candidate_snp posterior_explained_by_snp dropped_trait   lead_snp
1    rs10971957                          1            NA rs13284229
[1] "GENE"
[1] "ENSG00000165006"
Harmonising fat_distr (fat_distr) and Outcome (Outcome)
Harmonising fat_distr (fat_distr) and Outcome (Outcome)
[1] 319
[1] 319
  iteration                    traits posterior_prob regional_prob
1         1 iradjbmi, ENSG00000165006         0.9853        0.9988
  candidate_snp posterior_explained_by_snp dropped_trait   lead_snp
1     rs2380925                     0.2765            NA rs13284229
[1] "GENE"
[1] "ENSG00000164978"
Harmonising fat_distr (fat_distr) and Outcome (Outcome)
Harmonising fat_distr (fat_distr) and Outcome (Outcome)
[1] 319
[1] 319
  iteration                    traits posterior_prob regional_prob
1         1 iradjbmi, ENSG00000164978         0.9753         0.998
  candidate_snp posterior_explained_by_snp dropped_trait   lead_snp
1    rs10971957                          1            NA rs13284229
[1] "LEAD INDEX"
[1] 5
[1] "LEAD INDEX"
[1] 6
[1] "GENE"
[1] "ENSG00000106780"
Harmonising fat_distr (fat_distr) and Outcome (Outcome)
Harmonising fat_distr (fat_distr) and Outcome (Outcome)
[1] 296
[1] 296
  iteration                    traits posterior_prob regional_prob
1         1 iradjbmi, ENSG00000106780         0.9589        0.9877
  candidate_snp posterior_explained_by_snp dropped_trait  lead_snp
1     rs4836830                     0.7502            NA rs2416799
[1] "GENE"
[1] "ENSG00000106780"
Harmonising fat_distr (fat_distr) and Outcome (Outcome)
Harmonising fat_distr (fat_distr) and Outcome (Outcome)
[1] 296
[1] 296
  iteration                    traits posterior_prob regional_prob
1         1 iradjbmi, ENSG00000106780         0.9589        0.9877
  candidate_snp posterior_explained_by_snp dropped_trait  lead_snp
1     rs4836830                     0.7502            NA rs2416799
[1] "GENE"
[1] "ENSG00000238181"
Harmonising fat_distr (fat_distr) and Outcome (Outcome)
Harmonising fat_distr (fat_distr) and Outcome (Outcome)
[1] 296
[1] 296
  iteration                    traits posterior_prob regional_prob
1         1 iradjbmi, ENSG00000238181         0.9483        0.9846
  candidate_snp posterior_explained_by_snp dropped_trait  lead_snp
1     rs4836830                     0.2107            NA rs2416799
[1] "GENE"
[1] "ENSG00000238181"
Harmonising fat_distr (fat_distr) and Outcome (Outcome)
Harmonising fat_distr (fat_distr) and Outcome (Outcome)
[1] 296
[1] 296
  iteration                    traits posterior_prob regional_prob
1         1 iradjbmi, ENSG00000238181         0.9483        0.9846
  candidate_snp posterior_explained_by_snp dropped_trait  lead_snp
1     rs4836830                     0.2107            NA rs2416799
[1] "GENE"
[1] "ENSG00000106780"
Harmonising fat_distr (fat_distr) and Outcome (Outcome)
Harmonising fat_distr (fat_distr) and Outcome (Outcome)
[1] 296
[1] 296
  iteration                    traits posterior_prob regional_prob
1         1 iradjbmi, ENSG00000106780         0.9589        0.9877
  candidate_snp posterior_explained_by_snp dropped_trait  lead_snp
1     rs4836830                     0.7502            NA rs2416799
[1] "GENE"
[1] "ENSG00000270917"
Harmonising fat_distr (fat_distr) and Outcome (Outcome)
Harmonising fat_distr (fat_distr) and Outcome (Outcome)
[1] 296
[1] 296
  iteration                    traits posterior_prob regional_prob
1         1 iradjbmi, ENSG00000270917         0.9319        0.9797
  candidate_snp posterior_explained_by_snp dropped_trait  lead_snp
1    rs10985008                     0.2181            NA rs2416799
[1] "LEAD INDEX"
[1] 7
[1] "GENE"
[1] "ENSG00000119522"
Harmonising fat_distr (fat_distr) and Outcome (Outcome)
Harmonising fat_distr (fat_distr) and Outcome (Outcome)
[1] 433
[1] 433
  iteration                    traits posterior_prob regional_prob
1         1 iradjbmi, ENSG00000119522         0.8737        0.9425
  candidate_snp posterior_explained_by_snp dropped_trait  lead_snp
1      rs549779                     0.5275            NA rs2479106
[1] "LEAD INDEX"
[1] 8
[1] "GENE"
[1] "ENSG00000173253"
Harmonising fat_distr (fat_distr) and Outcome (Outcome)
Harmonising fat_distr (fat_distr) and Outcome (Outcome)
[1] 809
[1] 809
  iteration                    traits posterior_prob regional_prob
1         1 iradjbmi, ENSG00000173253         0.9929        0.9997
  candidate_snp posterior_explained_by_snp dropped_trait  lead_snp
1     rs7856320                     0.9901            NA rs2175055
[1] "GENE"
[1] "ENSG00000281769"
[1] "GENE"
[1] "ENSG00000173253"
Harmonising fat_distr (fat_distr) and Outcome (Outcome)
Harmonising fat_distr (fat_distr) and Outcome (Outcome)
[1] 809
[1] 809
  iteration                    traits posterior_prob regional_prob
1         1 iradjbmi, ENSG00000173253         0.9929        0.9997
  candidate_snp posterior_explained_by_snp dropped_trait  lead_snp
1     rs7856320                     0.9901            NA rs2175055
[1] "LEAD INDEX"
[1] 9
[1] "LEAD INDEX"
[1] 10
[1] "GENE"
[1] "ENSG00000188312"
Harmonising fat_distr (fat_distr) and Outcome (Outcome)
Harmonising fat_distr (fat_distr) and Outcome (Outcome)
[1] 404
[1] 404
  iteration traits posterior_prob regional_prob candidate_snp
1         1   None             NA         2e-04            NA
  posterior_explained_by_snp   dropped_trait  lead_snp
1                         NA ENSG00000188312 rs7855203
[1] "GENE"
[1] "ENSG00000127080"
Harmonising fat_distr (fat_distr) and Outcome (Outcome)
Harmonising fat_distr (fat_distr) and Outcome (Outcome)
[1] 404
[1] 404
  iteration traits posterior_prob regional_prob candidate_snp
1         1   None             NA         2e-04            NA
  posterior_explained_by_snp   dropped_trait  lead_snp
1                         NA ENSG00000127080 rs7855203
[1] "LEAD INDEX"
[1] 11
[1] "LEAD INDEX"
[1] 12
[1] "CHROMOSOME"
[1] 10
[1] "LEAD INDEX"
[1] 1
[1] "LEAD INDEX"
[1] 2
[1] "LEAD INDEX"
[1] 3
[1] "GENE"
[1] "ENSG00000165449"
Harmonising fat_distr (fat_distr) and Outcome (Outcome)
Harmonising fat_distr (fat_distr) and Outcome (Outcome)
[1] 497
[1] 497
  iteration traits posterior_prob regional_prob candidate_snp
1         1   None             NA        0.2638            NA
  posterior_explained_by_snp   dropped_trait   lead_snp
1                         NA ENSG00000165449 rs12356193
[1] "GENE"
[1] "ENSG00000165449"
Harmonising fat_distr (fat_distr) and Outcome (Outcome)
Harmonising fat_distr (fat_distr) and Outcome (Outcome)
[1] 497
[1] 497
  iteration traits posterior_prob regional_prob candidate_snp
1         1   None             NA        0.2638            NA
  posterior_explained_by_snp   dropped_trait   lead_snp
1                         NA ENSG00000165449 rs12356193
[1] "LEAD INDEX"
[1] 4
[1] "LEAD INDEX"
[1] 5
[1] "LEAD INDEX"
[1] 6
[1] "LEAD INDEX"
[1] 7
[1] "LEAD INDEX"
[1] 8
[1] "LEAD INDEX"
[1] 9
[1] "GENE"
[1] "ENSG00000119927"
Harmonising fat_distr (fat_distr) and Outcome (Outcome)
Harmonising fat_distr (fat_distr) and Outcome (Outcome)
[1] 419
[1] 419
  iteration traits posterior_prob regional_prob candidate_snp
1         1   None             NA             1            NA
  posterior_explained_by_snp dropped_trait  lead_snp
1                         NA      iradjbmi rs4573621
[1] "LEAD INDEX"
[1] 10
[1] "LEAD INDEX"
[1] 11
[1] "CHROMOSOME"
[1] 11
[1] "LEAD INDEX"
[1] 1
[1] "GENE"
[1] "ENSG00000072952"
Harmonising fat_distr (fat_distr) and Outcome (Outcome)
Harmonising fat_distr (fat_distr) and Outcome (Outcome)
[1] 541
[1] 541
  iteration                    traits posterior_prob regional_prob
1         1 iradjbmi, ENSG00000072952         0.9727        0.9895
  candidate_snp posterior_explained_by_snp dropped_trait  lead_snp
1    rs10840457                     0.3996            NA rs4909945
[1] "GENE"
[1] "ENSG00000072952"
Harmonising fat_distr (fat_distr) and Outcome (Outcome)
Harmonising fat_distr (fat_distr) and Outcome (Outcome)
[1] 541
[1] 541
  iteration                    traits posterior_prob regional_prob
1         1 iradjbmi, ENSG00000072952         0.9727        0.9895
  candidate_snp posterior_explained_by_snp dropped_trait  lead_snp
1    rs10840457                     0.3996            NA rs4909945
[1] "LEAD INDEX"
[1] 2
[1] "GENE"
[1] "ENSG00000262655"
[1] "GENE"
[1] "ENSG00000262655"
[1] "LEAD INDEX"
[1] 3
[1] "LEAD INDEX"
[1] 4
[1] "LEAD INDEX"
[1] 5
[1] "LEAD INDEX"
[1] 6
[1] "GENE"
[1] "ENSG00000110274"
Harmonising fat_distr (fat_distr) and Outcome (Outcome)
Harmonising fat_distr (fat_distr) and Outcome (Outcome)
[1] 332
[1] 332
  iteration                    traits posterior_prob regional_prob
1         1 iradjbmi, ENSG00000110274         0.5021             1
  candidate_snp posterior_explained_by_snp dropped_trait lead_snp
1      rs593245                     0.9993            NA rs593245
[1] "LEAD INDEX"
[1] 7
[1] "GENE"
[1] "ENSG00000280832"
[1] "LEAD INDEX"
[1] 8
[1] "LEAD INDEX"
[1] 9
[1] "LEAD INDEX"
[1] 10
[1] "LEAD INDEX"
[1] 11
[1] "GENE"
[1] "ENSG00000255498"
Harmonising fat_distr (fat_distr) and Outcome (Outcome)
Harmonising fat_distr (fat_distr) and Outcome (Outcome)
[1] 373
[1] 373
  iteration                    traits posterior_prob regional_prob
1         1 iradjbmi, ENSG00000255498           0.97        0.9757
  candidate_snp posterior_explained_by_snp dropped_trait  lead_snp
1     rs4756026                     0.9597            NA rs4756026
[1] "LEAD INDEX"
[1] 12
[1] "GENE"
[1] "ENSG00000149179"
Harmonising fat_distr (fat_distr) and Outcome (Outcome)
Harmonising fat_distr (fat_distr) and Outcome (Outcome)
[1] 189
[1] 189
  iteration traits posterior_prob regional_prob candidate_snp
1         1   None             NA        0.1139            NA
  posterior_explained_by_snp   dropped_trait  lead_snp
1                         NA ENSG00000149179 rs1872896
[1] "GENE"
[1] "ENSG00000134569"
Harmonising fat_distr (fat_distr) and Outcome (Outcome)
Harmonising fat_distr (fat_distr) and Outcome (Outcome)
[1] 189
[1] 189
  iteration                    traits posterior_prob regional_prob
1         1 iradjbmi, ENSG00000134569         0.9494             1
  candidate_snp posterior_explained_by_snp dropped_trait  lead_snp
1     rs7121418                     0.2851            NA rs1872896
[1] "GENE"
[1] "ENSG00000134574"
Harmonising fat_distr (fat_distr) and Outcome (Outcome)
Harmonising fat_distr (fat_distr) and Outcome (Outcome)
[1] 189
[1] 189
  iteration traits posterior_prob regional_prob candidate_snp
1         1   None             NA        0.9277            NA
  posterior_explained_by_snp dropped_trait  lead_snp
1                         NA      iradjbmi rs1872896
[1] "LEAD INDEX"
[1] 13
[1] "GENE"
[1] "ENSG00000134825"
Harmonising fat_distr (fat_distr) and Outcome (Outcome)
Harmonising fat_distr (fat_distr) and Outcome (Outcome)
[1] 405
[1] 405
  iteration                    traits posterior_prob regional_prob
1         1 iradjbmi, ENSG00000134825         0.9613             1
  candidate_snp posterior_explained_by_snp dropped_trait lead_snp
1      rs174538                      0.986            NA rs174574
[1] "GENE"
[1] "ENSG00000134825"
Harmonising fat_distr (fat_distr) and Outcome (Outcome)
Harmonising fat_distr (fat_distr) and Outcome (Outcome)
[1] 405
[1] 405
  iteration                    traits posterior_prob regional_prob
1         1 iradjbmi, ENSG00000134825         0.9613             1
  candidate_snp posterior_explained_by_snp dropped_trait lead_snp
1      rs174538                      0.986            NA rs174574
[1] "GENE"
[1] "ENSG00000149485"
Harmonising fat_distr (fat_distr) and Outcome (Outcome)
Harmonising fat_distr (fat_distr) and Outcome (Outcome)
[1] 405
[1] 405
  iteration                    traits posterior_prob regional_prob
1         1 iradjbmi, ENSG00000149485         0.9555             1
  candidate_snp posterior_explained_by_snp dropped_trait lead_snp
1      rs174547                     0.4206            NA rs174574
[1] "GENE"
[1] "ENSG00000149485"
Harmonising fat_distr (fat_distr) and Outcome (Outcome)
Harmonising fat_distr (fat_distr) and Outcome (Outcome)
[1] 405
[1] 405
  iteration                    traits posterior_prob regional_prob
1         1 iradjbmi, ENSG00000149485         0.9555             1
  candidate_snp posterior_explained_by_snp dropped_trait lead_snp
1      rs174547                     0.4206            NA rs174574
[1] "GENE"
[1] "ENSG00000149485"
Harmonising fat_distr (fat_distr) and Outcome (Outcome)
Harmonising fat_distr (fat_distr) and Outcome (Outcome)
[1] 405
[1] 405
  iteration                    traits posterior_prob regional_prob
1         1 iradjbmi, ENSG00000149485         0.9555             1
  candidate_snp posterior_explained_by_snp dropped_trait lead_snp
1      rs174547                     0.4206            NA rs174574
[1] "GENE"
[1] "ENSG00000289268"
[1] "GENE"
[1] "ENSG00000149485"
Harmonising fat_distr (fat_distr) and Outcome (Outcome)
Harmonising fat_distr (fat_distr) and Outcome (Outcome)
[1] 405
[1] 405
  iteration                    traits posterior_prob regional_prob
1         1 iradjbmi, ENSG00000149485         0.9555             1
  candidate_snp posterior_explained_by_snp dropped_trait lead_snp
1      rs174547                     0.4206            NA rs174574
[1] "GENE"
[1] "ENSG00000134824"
Harmonising fat_distr (fat_distr) and Outcome (Outcome)
Harmonising fat_distr (fat_distr) and Outcome (Outcome)
[1] 405
[1] 405
  iteration traits posterior_prob regional_prob candidate_snp
1         1   None             NA             1            NA
  posterior_explained_by_snp   dropped_trait lead_snp
1                         NA ENSG00000134824 rs174574
[1] "LEAD INDEX"
[1] 14
[1] "GENE"
[1] "ENSG00000254772"
Harmonising fat_distr (fat_distr) and Outcome (Outcome)
Harmonising fat_distr (fat_distr) and Outcome (Outcome)
[1] 350
[1] 350
  iteration                    traits posterior_prob regional_prob
1         1 iradjbmi, ENSG00000254772         0.9394        0.9807
  candidate_snp posterior_explained_by_snp dropped_trait   lead_snp
1     rs7124057                     0.5802            NA rs11231155
[1] "GENE"
[1] "ENSG00000149480"
Harmonising fat_distr (fat_distr) and Outcome (Outcome)
Harmonising fat_distr (fat_distr) and Outcome (Outcome)
[1] 350
[1] 350
  iteration                    traits posterior_prob regional_prob
1         1 iradjbmi, ENSG00000149480         0.9584        0.9866
  candidate_snp posterior_explained_by_snp dropped_trait   lead_snp
1     rs2849031                     0.1974            NA rs11231155
[1] "GENE"
[1] "ENSG00000254772"
Harmonising fat_distr (fat_distr) and Outcome (Outcome)
Harmonising fat_distr (fat_distr) and Outcome (Outcome)
[1] 350
[1] 350
  iteration                    traits posterior_prob regional_prob
1         1 iradjbmi, ENSG00000254772         0.9394        0.9807
  candidate_snp posterior_explained_by_snp dropped_trait   lead_snp
1     rs7124057                     0.5802            NA rs11231155
[1] "GENE"
[1] "ENSG00000255508"
Harmonising fat_distr (fat_distr) and Outcome (Outcome)
Harmonising fat_distr (fat_distr) and Outcome (Outcome)
[1] 350
[1] 350
  iteration                    traits posterior_prob regional_prob
1         1 iradjbmi, ENSG00000255508         0.9394        0.9807
  candidate_snp posterior_explained_by_snp dropped_trait   lead_snp
1     rs7124057                     0.4291            NA rs11231155
[1] "GENE"
[1] "ENSG00000149489"
Harmonising fat_distr (fat_distr) and Outcome (Outcome)
Harmonising fat_distr (fat_distr) and Outcome (Outcome)
[1] 350
[1] 350
  iteration                    traits posterior_prob regional_prob
1         1 iradjbmi, ENSG00000149489         0.9529        0.9849
  candidate_snp posterior_explained_by_snp dropped_trait   lead_snp
1    rs11231154                     0.6322            NA rs11231155
[1] "GENE"
[1] "ENSG00000149489"
Harmonising fat_distr (fat_distr) and Outcome (Outcome)
Harmonising fat_distr (fat_distr) and Outcome (Outcome)
[1] 350
[1] 350
  iteration                    traits posterior_prob regional_prob
1         1 iradjbmi, ENSG00000149489         0.9529        0.9849
  candidate_snp posterior_explained_by_snp dropped_trait   lead_snp
1    rs11231154                     0.6322            NA rs11231155
[1] "GENE"
[1] "ENSG00000149499"
Harmonising fat_distr (fat_distr) and Outcome (Outcome)
Harmonising fat_distr (fat_distr) and Outcome (Outcome)
[1] 350
[1] 350
  iteration                    traits posterior_prob regional_prob
1         1 iradjbmi, ENSG00000149499          0.948        0.9834
  candidate_snp posterior_explained_by_snp dropped_trait   lead_snp
1    rs11553576                     0.5929            NA rs11231155
[1] "GENE"
[1] "ENSG00000149480"
Harmonising fat_distr (fat_distr) and Outcome (Outcome)
Harmonising fat_distr (fat_distr) and Outcome (Outcome)
[1] 350
[1] 350
  iteration                    traits posterior_prob regional_prob
1         1 iradjbmi, ENSG00000149480         0.9584        0.9866
  candidate_snp posterior_explained_by_snp dropped_trait   lead_snp
1     rs2849031                     0.1974            NA rs11231155
[1] "GENE"
[1] "ENSG00000204922"
Harmonising fat_distr (fat_distr) and Outcome (Outcome)
Harmonising fat_distr (fat_distr) and Outcome (Outcome)
[1] 350
[1] 350
  iteration traits posterior_prob regional_prob candidate_snp
1         1   None             NA        0.4418            NA
  posterior_explained_by_snp   dropped_trait   lead_snp
1                         NA ENSG00000204922 rs11231155
[1] "GENE"
[1] "ENSG00000149499"
Harmonising fat_distr (fat_distr) and Outcome (Outcome)
Harmonising fat_distr (fat_distr) and Outcome (Outcome)
[1] 350
[1] 350
  iteration                    traits posterior_prob regional_prob
1         1 iradjbmi, ENSG00000149499          0.948        0.9834
  candidate_snp posterior_explained_by_snp dropped_trait   lead_snp
1    rs11553576                     0.5929            NA rs11231155
[1] "GENE"
[1] "ENSG00000149480"
Harmonising fat_distr (fat_distr) and Outcome (Outcome)
Harmonising fat_distr (fat_distr) and Outcome (Outcome)
[1] 350
[1] 350
  iteration                    traits posterior_prob regional_prob
1         1 iradjbmi, ENSG00000149480         0.9584        0.9866
  candidate_snp posterior_explained_by_snp dropped_trait   lead_snp
1     rs2849031                     0.1974            NA rs11231155
[1] "GENE"
[1] "ENSG00000149499"
Harmonising fat_distr (fat_distr) and Outcome (Outcome)
Harmonising fat_distr (fat_distr) and Outcome (Outcome)
[1] 350
[1] 350
  iteration                    traits posterior_prob regional_prob
1         1 iradjbmi, ENSG00000149499          0.948        0.9834
  candidate_snp posterior_explained_by_snp dropped_trait   lead_snp
1    rs11553576                     0.5929            NA rs11231155
[1] "GENE"
[1] "ENSG00000234857"
Harmonising fat_distr (fat_distr) and Outcome (Outcome)
Harmonising fat_distr (fat_distr) and Outcome (Outcome)
[1] 350
[1] 350
  iteration traits posterior_prob regional_prob candidate_snp
1         1   None             NA        0.0011            NA
  posterior_explained_by_snp   dropped_trait   lead_snp
1                         NA ENSG00000234857 rs11231155
[1] "GENE"
[1] "ENSG00000149499"
Harmonising fat_distr (fat_distr) and Outcome (Outcome)
Harmonising fat_distr (fat_distr) and Outcome (Outcome)
[1] 350
[1] 350
  iteration                    traits posterior_prob regional_prob
1         1 iradjbmi, ENSG00000149499          0.948        0.9834
  candidate_snp posterior_explained_by_snp dropped_trait   lead_snp
1    rs11553576                     0.5929            NA rs11231155
[1] "GENE"
[1] "ENSG00000149489"
Harmonising fat_distr (fat_distr) and Outcome (Outcome)
Harmonising fat_distr (fat_distr) and Outcome (Outcome)
[1] 350
[1] 350
  iteration                    traits posterior_prob regional_prob
1         1 iradjbmi, ENSG00000149489         0.9529        0.9849
  candidate_snp posterior_explained_by_snp dropped_trait   lead_snp
1    rs11231154                     0.6322            NA rs11231155
[1] "LEAD INDEX"
[1] 15
[1] "LEAD INDEX"
[1] 16
[1] "LEAD INDEX"
[1] 17
[1] "GENE"
[1] "ENSG00000174851"
Harmonising fat_distr (fat_distr) and Outcome (Outcome)
Harmonising fat_distr (fat_distr) and Outcome (Outcome)
[1] 340
[1] 340
  iteration traits posterior_prob regional_prob candidate_snp
1         1   None             NA        0.2994            NA
  posterior_explained_by_snp dropped_trait  lead_snp
1                         NA      iradjbmi rs2452681
[1] "GENE"
[1] "ENSG00000175115"
Harmonising fat_distr (fat_distr) and Outcome (Outcome)
Harmonising fat_distr (fat_distr) and Outcome (Outcome)
[1] 340
[1] 340
  iteration traits posterior_prob regional_prob candidate_snp
1         1   None             NA        0.9475            NA
  posterior_explained_by_snp dropped_trait  lead_snp
1                         NA      iradjbmi rs2452681
[1] "LEAD INDEX"
[1] 18
[1] "GENE"
[1] "ENSG00000149289"
Harmonising fat_distr (fat_distr) and Outcome (Outcome)
Harmonising fat_distr (fat_distr) and Outcome (Outcome)
[1] 347
[1] 347
  iteration                    traits posterior_prob regional_prob
1         1 iradjbmi, ENSG00000149289         0.9753        0.9959
  candidate_snp posterior_explained_by_snp dropped_trait   lead_snp
1      rs630839                     0.3283            NA rs10789752
[1] "GENE"
[1] "ENSG00000149289"
Harmonising fat_distr (fat_distr) and Outcome (Outcome)
Harmonising fat_distr (fat_distr) and Outcome (Outcome)
[1] 347
[1] 347
  iteration                    traits posterior_prob regional_prob
1         1 iradjbmi, ENSG00000149289         0.9753        0.9959
  candidate_snp posterior_explained_by_snp dropped_trait   lead_snp
1      rs630839                     0.3283            NA rs10789752
[1] "LEAD INDEX"
[1] 19
[1] "LEAD INDEX"
[1] 20
[1] "LEAD INDEX"
[1] 21
[1] "GENE"
[1] "ENSG00000271751"
Harmonising fat_distr (fat_distr) and Outcome (Outcome)
Harmonising fat_distr (fat_distr) and Outcome (Outcome)
[1] 340
[1] 340
  iteration                    traits posterior_prob regional_prob
1         1 iradjbmi, ENSG00000271751         0.9716        0.9974
  candidate_snp posterior_explained_by_snp dropped_trait  lead_snp
1     rs1784461                     0.2878            NA rs1003081
[1] "GENE"
[1] "ENSG00000149428"
Harmonising fat_distr (fat_distr) and Outcome (Outcome)
Harmonising fat_distr (fat_distr) and Outcome (Outcome)
[1] 340
[1] 340
  iteration                    traits posterior_prob regional_prob
1         1 iradjbmi, ENSG00000149428         0.9774        0.9978
  candidate_snp posterior_explained_by_snp dropped_trait  lead_snp
1     rs1003081                     0.9077            NA rs1003081
[1] "CHROMOSOME"
[1] 12
[1] "LEAD INDEX"
[1] 1
[1] "GENE"
[1] "ENSG00000139531"
Harmonising fat_distr (fat_distr) and Outcome (Outcome)
Harmonising fat_distr (fat_distr) and Outcome (Outcome)
[1] 263
[1] 263
  iteration                    traits posterior_prob regional_prob
1         1 iradjbmi, ENSG00000139531          0.906        0.9588
  candidate_snp posterior_explained_by_snp dropped_trait   lead_snp
1      rs705700                      0.641            NA rs11171739
[1] "GENE"
[1] "ENSG00000123411"
Harmonising fat_distr (fat_distr) and Outcome (Outcome)
Harmonising fat_distr (fat_distr) and Outcome (Outcome)
[1] 263
[1] 263
  iteration                    traits posterior_prob regional_prob
1         1 iradjbmi, ENSG00000123411         0.9656        0.9846
  candidate_snp posterior_explained_by_snp dropped_trait   lead_snp
1    rs10876864                     0.8729            NA rs11171739
[1] "GENE"
[1] "ENSG00000197728"
Harmonising fat_distr (fat_distr) and Outcome (Outcome)
Harmonising fat_distr (fat_distr) and Outcome (Outcome)
[1] 263
[1] 263
  iteration                    traits posterior_prob regional_prob
1         1 iradjbmi, ENSG00000197728         0.9634        0.9837
  candidate_snp posterior_explained_by_snp dropped_trait   lead_snp
1    rs10876864                          1            NA rs11171739
[1] "GENE"
[1] "ENSG00000135414"
Harmonising fat_distr (fat_distr) and Outcome (Outcome)
Harmonising fat_distr (fat_distr) and Outcome (Outcome)
[1] 263
[1] 263
  iteration traits posterior_prob regional_prob candidate_snp
1         1   None             NA        0.0158            NA
  posterior_explained_by_snp dropped_trait   lead_snp
1                         NA      iradjbmi rs11171739
[1] "GENE"
[1] "ENSG00000139531"
Harmonising fat_distr (fat_distr) and Outcome (Outcome)
Harmonising fat_distr (fat_distr) and Outcome (Outcome)
[1] 263
[1] 263
  iteration                    traits posterior_prob regional_prob
1         1 iradjbmi, ENSG00000139531          0.906        0.9588
  candidate_snp posterior_explained_by_snp dropped_trait   lead_snp
1      rs705700                      0.641            NA rs11171739
[1] "LEAD INDEX"
[1] 2
[1] "LEAD INDEX"
[1] 3
[1] "GENE"
[1] "ENSG00000111642"
Harmonising fat_distr (fat_distr) and Outcome (Outcome)
Harmonising fat_distr (fat_distr) and Outcome (Outcome)
[1] 378
[1] 378
  iteration traits posterior_prob regional_prob candidate_snp
1         1   None             NA        0.0175            NA
  posterior_explained_by_snp dropped_trait   lead_snp
1                         NA      iradjbmi rs11064289
[1] "GENE"
[1] "ENSG00000111642"
Harmonising fat_distr (fat_distr) and Outcome (Outcome)
Harmonising fat_distr (fat_distr) and Outcome (Outcome)
[1] 378
[1] 378
  iteration traits posterior_prob regional_prob candidate_snp
1         1   None             NA        0.0175            NA
  posterior_explained_by_snp dropped_trait   lead_snp
1                         NA      iradjbmi rs11064289
[1] "GENE"
[1] "ENSG00000111642"
Harmonising fat_distr (fat_distr) and Outcome (Outcome)
Harmonising fat_distr (fat_distr) and Outcome (Outcome)
[1] 378
[1] 378
  iteration traits posterior_prob regional_prob candidate_snp
1         1   None             NA        0.0175            NA
  posterior_explained_by_snp dropped_trait   lead_snp
1                         NA      iradjbmi rs11064289
[1] "LEAD INDEX"
[1] 4
[1] "GENE"
[1] "ENSG00000172572"
Harmonising fat_distr (fat_distr) and Outcome (Outcome)
Harmonising fat_distr (fat_distr) and Outcome (Outcome)
[1] 480
[1] 480
  iteration                    traits posterior_prob regional_prob
1         1 iradjbmi, ENSG00000172572          0.999             1
  candidate_snp posterior_explained_by_snp dropped_trait   lead_snp
1    rs11045171                     0.9938            NA rs11045171
[1] "LEAD INDEX"
[1] 5
[1] "GENE"
[1] "ENSG00000172572"
Harmonising fat_distr (fat_distr) and Outcome (Outcome)
Harmonising fat_distr (fat_distr) and Outcome (Outcome)
[1] 479
[1] 479
  iteration                    traits posterior_prob regional_prob
1         1 iradjbmi, ENSG00000172572          0.999             1
  candidate_snp posterior_explained_by_snp dropped_trait  lead_snp
1    rs11045171                     0.9938            NA rs7134150
[1] "LEAD INDEX"
[1] 6
[1] "LEAD INDEX"
[1] 7
[1] "LEAD INDEX"
[1] 8
[1] "LEAD INDEX"
[1] 9
[1] "LEAD INDEX"
[1] 10
[1] "LEAD INDEX"
[1] 11
[1] "GENE"
[1] "ENSG00000182782"
Harmonising fat_distr (fat_distr) and Outcome (Outcome)
Harmonising fat_distr (fat_distr) and Outcome (Outcome)
[1] 261
[1] 261
  iteration                    traits posterior_prob regional_prob
1         1 iradjbmi, ENSG00000182782         0.5397        0.9997
  candidate_snp posterior_explained_by_snp dropped_trait  lead_snp
1     rs1798192                          1            NA rs1798219
[1] "GENE"
[1] "ENSG00000255398"
Harmonising fat_distr (fat_distr) and Outcome (Outcome)
Harmonising fat_distr (fat_distr) and Outcome (Outcome)
[1] 261
[1] 261
  iteration                    traits posterior_prob regional_prob
1         1 iradjbmi, ENSG00000255398         0.9963             1
  candidate_snp posterior_explained_by_snp dropped_trait  lead_snp
1     rs1798219                     0.9988            NA rs1798219
[1] "LEAD INDEX"
[1] 12
[1] "LEAD INDEX"
[1] 13
[1] "GENE"
[1] "ENSG00000179195"
Harmonising fat_distr (fat_distr) and Outcome (Outcome)
Harmonising fat_distr (fat_distr) and Outcome (Outcome)
[1] 395
[1] 395
  iteration traits posterior_prob regional_prob candidate_snp
1         1   None             NA             1            NA
  posterior_explained_by_snp   dropped_trait  lead_snp
1                         NA ENSG00000179195 rs7133378
[1] "GENE"
[1] "ENSG00000197653"
Harmonising fat_distr (fat_distr) and Outcome (Outcome)
Harmonising fat_distr (fat_distr) and Outcome (Outcome)
[1] 395
[1] 395
  iteration                    traits posterior_prob regional_prob
1         1 iradjbmi, ENSG00000197653         0.9874             1
  candidate_snp posterior_explained_by_snp dropped_trait  lead_snp
1     rs7133378                     0.9994            NA rs7133378
[1] "GENE"
[1] "ENSG00000178882"
Harmonising fat_distr (fat_distr) and Outcome (Outcome)
Harmonising fat_distr (fat_distr) and Outcome (Outcome)
[1] 395
[1] 395
  iteration                    traits posterior_prob regional_prob
1         1 iradjbmi, ENSG00000178882          0.964             1
  candidate_snp posterior_explained_by_snp dropped_trait  lead_snp
1     rs7133378                     0.3122            NA rs7133378
[1] "GENE"
[1] "ENSG00000270005"
Harmonising fat_distr (fat_distr) and Outcome (Outcome)
Harmonising fat_distr (fat_distr) and Outcome (Outcome)
[1] 395
[1] 395
  iteration                    traits posterior_prob regional_prob
1         1 iradjbmi, ENSG00000270005         0.9841             1
  candidate_snp posterior_explained_by_snp dropped_trait  lead_snp
1     rs7133378                     0.9972            NA rs7133378
[1] "GENE"
[1] "ENSG00000270028"
Harmonising fat_distr (fat_distr) and Outcome (Outcome)
Harmonising fat_distr (fat_distr) and Outcome (Outcome)
[1] 395
[1] 395
  iteration                    traits posterior_prob regional_prob
1         1 iradjbmi, ENSG00000270028         0.9845             1
  candidate_snp posterior_explained_by_snp dropped_trait  lead_snp
1     rs7133378                     0.9248            NA rs7133378
[1] "GENE"
[1] "ENSG00000119242"
Harmonising fat_distr (fat_distr) and Outcome (Outcome)
Harmonising fat_distr (fat_distr) and Outcome (Outcome)
[1] 395
[1] 395
  iteration traits posterior_prob regional_prob candidate_snp
1         1   None             NA             1            NA
  posterior_explained_by_snp   dropped_trait  lead_snp
1                         NA ENSG00000119242 rs7133378
[1] "GENE"
[1] "ENSG00000250091"
Harmonising fat_distr (fat_distr) and Outcome (Outcome)
Harmonising fat_distr (fat_distr) and Outcome (Outcome)
[1] 395
[1] 395
  iteration                    traits posterior_prob regional_prob
1         1 iradjbmi, ENSG00000250091         0.9466             1
  candidate_snp posterior_explained_by_snp dropped_trait  lead_snp
1     rs7133378                     0.2904            NA rs7133378
[1] "GENE"
[1] "ENSG00000119242"
Harmonising fat_distr (fat_distr) and Outcome (Outcome)
Harmonising fat_distr (fat_distr) and Outcome (Outcome)
[1] 395
[1] 395
  iteration traits posterior_prob regional_prob candidate_snp
1         1   None             NA             1            NA
  posterior_explained_by_snp   dropped_trait  lead_snp
1                         NA ENSG00000119242 rs7133378
[1] "GENE"
[1] "ENSG00000250091"
Harmonising fat_distr (fat_distr) and Outcome (Outcome)
Harmonising fat_distr (fat_distr) and Outcome (Outcome)
[1] 395
[1] 395
  iteration                    traits posterior_prob regional_prob
1         1 iradjbmi, ENSG00000250091         0.9466             1
  candidate_snp posterior_explained_by_snp dropped_trait  lead_snp
1     rs7133378                     0.2904            NA rs7133378
[1] "GENE"
[1] "ENSG00000119242"
Harmonising fat_distr (fat_distr) and Outcome (Outcome)
Harmonising fat_distr (fat_distr) and Outcome (Outcome)
[1] 395
[1] 395
  iteration traits posterior_prob regional_prob candidate_snp
1         1   None             NA             1            NA
  posterior_explained_by_snp   dropped_trait  lead_snp
1                         NA ENSG00000119242 rs7133378
[1] "GENE"
[1] "ENSG00000119242"
Harmonising fat_distr (fat_distr) and Outcome (Outcome)
Harmonising fat_distr (fat_distr) and Outcome (Outcome)
[1] 395
[1] 395
  iteration traits posterior_prob regional_prob candidate_snp
1         1   None             NA             1            NA
  posterior_explained_by_snp   dropped_trait  lead_snp
1                         NA ENSG00000119242 rs7133378
[1] "GENE"
[1] "ENSG00000250091"
Harmonising fat_distr (fat_distr) and Outcome (Outcome)
Harmonising fat_distr (fat_distr) and Outcome (Outcome)
[1] 395
[1] 395
  iteration                    traits posterior_prob regional_prob
1         1 iradjbmi, ENSG00000250091         0.9466             1
  candidate_snp posterior_explained_by_snp dropped_trait  lead_snp
1     rs7133378                     0.2904            NA rs7133378
[1] "GENE"
[1] "ENSG00000119242"
Harmonising fat_distr (fat_distr) and Outcome (Outcome)
Harmonising fat_distr (fat_distr) and Outcome (Outcome)
[1] 395
[1] 395
  iteration traits posterior_prob regional_prob candidate_snp
1         1   None             NA             1            NA
  posterior_explained_by_snp   dropped_trait  lead_snp
1                         NA ENSG00000119242 rs7133378
[1] "GENE"
[1] "ENSG00000250091"
Harmonising fat_distr (fat_distr) and Outcome (Outcome)
Harmonising fat_distr (fat_distr) and Outcome (Outcome)
[1] 395
[1] 395
  iteration                    traits posterior_prob regional_prob
1         1 iradjbmi, ENSG00000250091         0.9466             1
  candidate_snp posterior_explained_by_snp dropped_trait  lead_snp
1     rs7133378                     0.2904            NA rs7133378
[1] "GENE"
[1] "ENSG00000179195"
Harmonising fat_distr (fat_distr) and Outcome (Outcome)
Harmonising fat_distr (fat_distr) and Outcome (Outcome)
[1] 395
[1] 395
  iteration traits posterior_prob regional_prob candidate_snp
1         1   None             NA             1            NA
  posterior_explained_by_snp   dropped_trait  lead_snp
1                         NA ENSG00000179195 rs7133378
[1] "GENE"
[1] "ENSG00000269923"
Harmonising fat_distr (fat_distr) and Outcome (Outcome)
Harmonising fat_distr (fat_distr) and Outcome (Outcome)
[1] 395
[1] 395
  iteration                    traits posterior_prob regional_prob
1         1 iradjbmi, ENSG00000269923         0.9515             1
  candidate_snp posterior_explained_by_snp dropped_trait  lead_snp
1     rs7975482                      0.179            NA rs7133378
[1] "GENE"
[1] "ENSG00000197653"
Harmonising fat_distr (fat_distr) and Outcome (Outcome)
Harmonising fat_distr (fat_distr) and Outcome (Outcome)
[1] 395
[1] 395
  iteration                    traits posterior_prob regional_prob
1         1 iradjbmi, ENSG00000197653         0.9874             1
  candidate_snp posterior_explained_by_snp dropped_trait  lead_snp
1     rs7133378                     0.9994            NA rs7133378
[1] "GENE"
[1] "ENSG00000119242"
Harmonising fat_distr (fat_distr) and Outcome (Outcome)
Harmonising fat_distr (fat_distr) and Outcome (Outcome)
[1] 395
[1] 395
  iteration traits posterior_prob regional_prob candidate_snp
1         1   None             NA             1            NA
  posterior_explained_by_snp   dropped_trait  lead_snp
1                         NA ENSG00000119242 rs7133378
[1] "GENE"
[1] "ENSG00000275389"
[1] "GENE"
[1] "ENSG00000179195"
Harmonising fat_distr (fat_distr) and Outcome (Outcome)
Harmonising fat_distr (fat_distr) and Outcome (Outcome)
[1] 395
[1] 395
  iteration traits posterior_prob regional_prob candidate_snp
1         1   None             NA             1            NA
  posterior_explained_by_snp   dropped_trait  lead_snp
1                         NA ENSG00000179195 rs7133378
[1] "GENE"
[1] "ENSG00000119242"
Harmonising fat_distr (fat_distr) and Outcome (Outcome)
Harmonising fat_distr (fat_distr) and Outcome (Outcome)
[1] 395
[1] 395
  iteration traits posterior_prob regional_prob candidate_snp
1         1   None             NA             1            NA
  posterior_explained_by_snp   dropped_trait  lead_snp
1                         NA ENSG00000119242 rs7133378
[1] "LEAD INDEX"
[1] 14
[1] "CHROMOSOME"
[1] 13
[1] "LEAD INDEX"
[1] 1
[1] "GENE"
[1] "ENSG00000229558"
Harmonising fat_distr (fat_distr) and Outcome (Outcome)
Harmonising fat_distr (fat_distr) and Outcome (Outcome)
[1] 627
[1] 627
  iteration                    traits posterior_prob regional_prob
1         1 iradjbmi, ENSG00000229558         0.9829        0.9906
  candidate_snp posterior_explained_by_snp dropped_trait  lead_snp
1     rs9552923                     0.7288            NA rs3829352
[1] "GENE"
[1] "ENSG00000102683"
Harmonising fat_distr (fat_distr) and Outcome (Outcome)
Harmonising fat_distr (fat_distr) and Outcome (Outcome)
[1] 627
[1] 627
  iteration traits posterior_prob regional_prob candidate_snp
1         1   None             NA         1e-04            NA
  posterior_explained_by_snp   dropped_trait  lead_snp
1                         NA ENSG00000102683 rs3829352
[1] "GENE"
[1] "ENSG00000151835"
Harmonising fat_distr (fat_distr) and Outcome (Outcome)
Harmonising fat_distr (fat_distr) and Outcome (Outcome)
[1] 627
[1] 627
  iteration traits posterior_prob regional_prob candidate_snp
1         1   None             NA        0.0013            NA
  posterior_explained_by_snp   dropped_trait  lead_snp
1                         NA ENSG00000151835 rs3829352
[1] "LEAD INDEX"
[1] 2
[1] "LEAD INDEX"
[1] 3
[1] "GENE"
[1] "ENSG00000185989"
Harmonising fat_distr (fat_distr) and Outcome (Outcome)
Harmonising fat_distr (fat_distr) and Outcome (Outcome)
[1] 211
[1] 211
  iteration traits posterior_prob regional_prob candidate_snp
1         1   None             NA        0.4585            NA
  posterior_explained_by_snp   dropped_trait  lead_snp
1                         NA ENSG00000185989 rs4393438
[1] "CHROMOSOME"
[1] 14
[1] "LEAD INDEX"
[1] 1
[1] "CHROMOSOME"
[1] 15
[1] "LEAD INDEX"
[1] 1
[1] "LEAD INDEX"
[1] 2
[1] "GENE"
[1] "ENSG00000128881"
Harmonising fat_distr (fat_distr) and Outcome (Outcome)
Harmonising fat_distr (fat_distr) and Outcome (Outcome)
[1] 219
[1] 219
  iteration                    traits posterior_prob regional_prob
1         1 iradjbmi, ENSG00000128881         0.4557        0.8804
  candidate_snp posterior_explained_by_snp dropped_trait   lead_snp
1     rs4923956                      0.194            NA rs12917018
[1] "GENE"
[1] "ENSG00000278769"
[1] "GENE"
[1] "ENSG00000278769"
[1] "GENE"
[1] "ENSG00000140326"
Harmonising fat_distr (fat_distr) and Outcome (Outcome)
Harmonising fat_distr (fat_distr) and Outcome (Outcome)
[1] 219
[1] 219
  iteration                    traits posterior_prob regional_prob
1         1 iradjbmi, ENSG00000140326          0.874         0.982
  candidate_snp posterior_explained_by_snp dropped_trait   lead_snp
1    rs16957091                     0.3858            NA rs12917018
[1] "GENE"
[1] "ENSG00000278769"
[1] "LEAD INDEX"
[1] 3
[1] "GENE"
[1] "ENSG00000259279"
Harmonising fat_distr (fat_distr) and Outcome (Outcome)
Harmonising fat_distr (fat_distr) and Outcome (Outcome)
[1] 561
[1] 561
  iteration                    traits posterior_prob regional_prob
1         1 iradjbmi, ENSG00000259279         0.9859        0.9997
  candidate_snp posterior_explained_by_snp dropped_trait lead_snp
1     rs2062062                     0.5338            NA rs275184
[1] "GENE"
[1] "ENSG00000137801"
Harmonising fat_distr (fat_distr) and Outcome (Outcome)
Harmonising fat_distr (fat_distr) and Outcome (Outcome)
[1] 561
[1] 561
  iteration                    traits posterior_prob regional_prob
1         1 iradjbmi, ENSG00000137801         0.9859        0.9997
  candidate_snp posterior_explained_by_snp dropped_trait lead_snp
1     rs2062062                     0.5517            NA rs275184
[1] "LEAD INDEX"
[1] 4
[1] "LEAD INDEX"
[1] 5
[1] "GENE"
[1] "ENSG00000259675"
Harmonising fat_distr (fat_distr) and Outcome (Outcome)
Harmonising fat_distr (fat_distr) and Outcome (Outcome)
[1] 515
[1] 515
  iteration                    traits posterior_prob regional_prob
1         1 iradjbmi, ENSG00000259675         0.9904        0.9991
  candidate_snp posterior_explained_by_snp dropped_trait  lead_snp
1     rs2249312                     0.9971            NA rs4775426
[1] "GENE"
[1] "ENSG00000259530"
Harmonising fat_distr (fat_distr) and Outcome (Outcome)
Harmonising fat_distr (fat_distr) and Outcome (Outcome)
[1] 515
[1] 515
  iteration                    traits posterior_prob regional_prob
1         1 iradjbmi, ENSG00000259530         0.9904        0.9991
  candidate_snp posterior_explained_by_snp dropped_trait  lead_snp
1     rs2249312                     0.9994            NA rs4775426
[1] "GENE"
[1] "ENSG00000259616"
Harmonising fat_distr (fat_distr) and Outcome (Outcome)
Harmonising fat_distr (fat_distr) and Outcome (Outcome)
[1] 515
[1] 515
  iteration                    traits posterior_prob regional_prob
1         1 iradjbmi, ENSG00000259616         0.9915        0.9992
  candidate_snp posterior_explained_by_snp dropped_trait  lead_snp
1     rs2249312                     0.4367            NA rs4775426
[1] "GENE"
[1] "ENSG00000259675"
Harmonising fat_distr (fat_distr) and Outcome (Outcome)
Harmonising fat_distr (fat_distr) and Outcome (Outcome)
[1] 515
[1] 515
  iteration                    traits posterior_prob regional_prob
1         1 iradjbmi, ENSG00000259675         0.9904        0.9991
  candidate_snp posterior_explained_by_snp dropped_trait  lead_snp
1     rs2249312                     0.9971            NA rs4775426
[1] "GENE"
[1] "ENSG00000259675"
Harmonising fat_distr (fat_distr) and Outcome (Outcome)
Harmonising fat_distr (fat_distr) and Outcome (Outcome)
[1] 515
[1] 515
  iteration                    traits posterior_prob regional_prob
1         1 iradjbmi, ENSG00000259675         0.9904        0.9991
  candidate_snp posterior_explained_by_snp dropped_trait  lead_snp
1     rs2249312                     0.9971            NA rs4775426
[1] "GENE"
[1] "ENSG00000259616"
Harmonising fat_distr (fat_distr) and Outcome (Outcome)
Harmonising fat_distr (fat_distr) and Outcome (Outcome)
[1] 515
[1] 515
  iteration                    traits posterior_prob regional_prob
1         1 iradjbmi, ENSG00000259616         0.9915        0.9992
  candidate_snp posterior_explained_by_snp dropped_trait  lead_snp
1     rs2249312                     0.4367            NA rs4775426
[1] "GENE"
[1] "ENSG00000259616"
Harmonising fat_distr (fat_distr) and Outcome (Outcome)
Harmonising fat_distr (fat_distr) and Outcome (Outcome)
[1] 515
[1] 515
  iteration                    traits posterior_prob regional_prob
1         1 iradjbmi, ENSG00000259616         0.9915        0.9992
  candidate_snp posterior_explained_by_snp dropped_trait  lead_snp
1     rs2249312                     0.4367            NA rs4775426
[1] "GENE"
[1] "ENSG00000259530"
Harmonising fat_distr (fat_distr) and Outcome (Outcome)
Harmonising fat_distr (fat_distr) and Outcome (Outcome)
[1] 515
[1] 515
  iteration                    traits posterior_prob regional_prob
1         1 iradjbmi, ENSG00000259530         0.9904        0.9991
  candidate_snp posterior_explained_by_snp dropped_trait  lead_snp
1     rs2249312                     0.9994            NA rs4775426
[1] "GENE"
[1] "ENSG00000259530"
Harmonising fat_distr (fat_distr) and Outcome (Outcome)
Harmonising fat_distr (fat_distr) and Outcome (Outcome)
[1] 515
[1] 515
  iteration                    traits posterior_prob regional_prob
1         1 iradjbmi, ENSG00000259530         0.9904        0.9991
  candidate_snp posterior_explained_by_snp dropped_trait  lead_snp
1     rs2249312                     0.9994            NA rs4775426
[1] "GENE"
[1] "ENSG00000259616"
Harmonising fat_distr (fat_distr) and Outcome (Outcome)
Harmonising fat_distr (fat_distr) and Outcome (Outcome)
[1] 515
[1] 515
  iteration                    traits posterior_prob regional_prob
1         1 iradjbmi, ENSG00000259616         0.9915        0.9992
  candidate_snp posterior_explained_by_snp dropped_trait  lead_snp
1     rs2249312                     0.4367            NA rs4775426
[1] "GENE"
[1] "ENSG00000259675"
Harmonising fat_distr (fat_distr) and Outcome (Outcome)
Harmonising fat_distr (fat_distr) and Outcome (Outcome)
[1] 515
[1] 515
  iteration                    traits posterior_prob regional_prob
1         1 iradjbmi, ENSG00000259675         0.9904        0.9991
  candidate_snp posterior_explained_by_snp dropped_trait  lead_snp
1     rs2249312                     0.9971            NA rs4775426
[1] "GENE"
[1] "ENSG00000259284"
Harmonising fat_distr (fat_distr) and Outcome (Outcome)
Harmonising fat_distr (fat_distr) and Outcome (Outcome)
[1] 515
[1] 515
  iteration                    traits posterior_prob regional_prob
1         1 iradjbmi, ENSG00000259284         0.5529        0.6307
  candidate_snp posterior_explained_by_snp dropped_trait  lead_snp
1     rs4775426                     0.2537            NA rs4775426
[1] "LEAD INDEX"
[1] 6
[1] "GENE"
[1] "ENSG00000259627"
Harmonising fat_distr (fat_distr) and Outcome (Outcome)
Harmonising fat_distr (fat_distr) and Outcome (Outcome)
[1] 465
[1] 465
  iteration                    traits posterior_prob regional_prob
1         1 iradjbmi, ENSG00000259627          0.982             1
  candidate_snp posterior_explained_by_snp dropped_trait  lead_snp
1     rs7170462                      0.555            NA rs2729827
[1] "GENE"
[1] "ENSG00000140416"
Harmonising fat_distr (fat_distr) and Outcome (Outcome)
Harmonising fat_distr (fat_distr) and Outcome (Outcome)
[1] 465
[1] 465
  iteration                    traits posterior_prob regional_prob
1         1 iradjbmi, ENSG00000140416         0.9809             1
  candidate_snp posterior_explained_by_snp dropped_trait  lead_snp
1     rs7170462                     0.3683            NA rs2729827
[1] "GENE"
[1] "ENSG00000259498"
Harmonising fat_distr (fat_distr) and Outcome (Outcome)
Harmonising fat_distr (fat_distr) and Outcome (Outcome)
[1] 465
[1] 465
  iteration                    traits posterior_prob regional_prob
1         1 iradjbmi, ENSG00000259498         0.9824             1
  candidate_snp posterior_explained_by_snp dropped_trait  lead_snp
1     rs4775614                     0.7704            NA rs2729827
[1] "GENE"
[1] "ENSG00000140416"
Harmonising fat_distr (fat_distr) and Outcome (Outcome)
Harmonising fat_distr (fat_distr) and Outcome (Outcome)
[1] 465
[1] 465
  iteration                    traits posterior_prob regional_prob
1         1 iradjbmi, ENSG00000140416         0.9809             1
  candidate_snp posterior_explained_by_snp dropped_trait  lead_snp
1     rs7170462                     0.3683            NA rs2729827
[1] "GENE"
[1] "ENSG00000259498"
Harmonising fat_distr (fat_distr) and Outcome (Outcome)
Harmonising fat_distr (fat_distr) and Outcome (Outcome)
[1] 465
[1] 465
  iteration                    traits posterior_prob regional_prob
1         1 iradjbmi, ENSG00000259498         0.9824             1
  candidate_snp posterior_explained_by_snp dropped_trait  lead_snp
1     rs4775614                     0.7704            NA rs2729827
[1] "GENE"
[1] "ENSG00000259498"
Harmonising fat_distr (fat_distr) and Outcome (Outcome)
Harmonising fat_distr (fat_distr) and Outcome (Outcome)
[1] 465
[1] 465
  iteration                    traits posterior_prob regional_prob
1         1 iradjbmi, ENSG00000259498         0.9824             1
  candidate_snp posterior_explained_by_snp dropped_trait  lead_snp
1     rs4775614                     0.7704            NA rs2729827
[1] "GENE"
[1] "ENSG00000140416"
Harmonising fat_distr (fat_distr) and Outcome (Outcome)
Harmonising fat_distr (fat_distr) and Outcome (Outcome)
[1] 465
[1] 465
  iteration                    traits posterior_prob regional_prob
1         1 iradjbmi, ENSG00000140416         0.9809             1
  candidate_snp posterior_explained_by_snp dropped_trait  lead_snp
1     rs7170462                     0.3683            NA rs2729827
[1] "LEAD INDEX"
[1] 7
[1] "LEAD INDEX"
[1] 8
[1] "LEAD INDEX"
[1] 9
[1] "CHROMOSOME"
[1] 16
[1] "LEAD INDEX"
[1] 1
[1] "GENE"
[1] "ENSG00000167005"
Harmonising fat_distr (fat_distr) and Outcome (Outcome)
Harmonising fat_distr (fat_distr) and Outcome (Outcome)
[1] 306
[1] 306
  iteration traits posterior_prob regional_prob candidate_snp
1         1   None             NA        0.0037            NA
  posterior_explained_by_snp   dropped_trait  lead_snp
1                         NA ENSG00000167005 rs9937484
[1] "GENE"
[1] "ENSG00000159461"
Harmonising fat_distr (fat_distr) and Outcome (Outcome)
Harmonising fat_distr (fat_distr) and Outcome (Outcome)
[1] 306
[1] 306
  iteration traits posterior_prob regional_prob candidate_snp
1         1   None             NA        0.0024            NA
  posterior_explained_by_snp   dropped_trait  lead_snp
1                         NA ENSG00000159461 rs9937484
[1] "LEAD INDEX"
[1] 2
[1] "LEAD INDEX"
[1] 3
[1] "GENE"
[1] "ENSG00000157045"
Harmonising fat_distr (fat_distr) and Outcome (Outcome)
Harmonising fat_distr (fat_distr) and Outcome (Outcome)
[1] 99
[1] 99
  iteration traits posterior_prob regional_prob candidate_snp
1         1   None             NA        0.0011            NA
  posterior_explained_by_snp   dropped_trait   lead_snp
1                         NA ENSG00000157045 rs11075253
[1] "GENE"
[1] "ENSG00000157045"
Harmonising fat_distr (fat_distr) and Outcome (Outcome)
Harmonising fat_distr (fat_distr) and Outcome (Outcome)
[1] 99
[1] 99
  iteration traits posterior_prob regional_prob candidate_snp
1         1   None             NA        0.0011            NA
  posterior_explained_by_snp   dropped_trait   lead_snp
1                         NA ENSG00000157045 rs11075253
[1] "LEAD INDEX"
[1] 4
[1] "GENE"
[1] "ENSG00000169592"
Harmonising fat_distr (fat_distr) and Outcome (Outcome)
Harmonising fat_distr (fat_distr) and Outcome (Outcome)
[1] 176
[1] 176
  iteration                    traits posterior_prob regional_prob
1         1 iradjbmi, ENSG00000169592         0.9592        0.9994
  candidate_snp posterior_explained_by_snp dropped_trait  lead_snp
1     rs9932702                     0.8588            NA rs4283241
[1] "GENE"
[1] "ENSG00000174943"
Harmonising fat_distr (fat_distr) and Outcome (Outcome)
Harmonising fat_distr (fat_distr) and Outcome (Outcome)
[1] 176
[1] 176
  iteration traits posterior_prob regional_prob candidate_snp
1         1   None             NA        0.5615            NA
  posterior_explained_by_snp   dropped_trait  lead_snp
1                         NA ENSG00000174943 rs4283241
[1] "GENE"
[1] "ENSG00000169592"
Harmonising fat_distr (fat_distr) and Outcome (Outcome)
Harmonising fat_distr (fat_distr) and Outcome (Outcome)
[1] 176
[1] 176
  iteration                    traits posterior_prob regional_prob
1         1 iradjbmi, ENSG00000169592         0.9592        0.9994
  candidate_snp posterior_explained_by_snp dropped_trait  lead_snp
1     rs9932702                     0.8588            NA rs4283241
[1] "GENE"
[1] "ENSG00000149927"
Harmonising fat_distr (fat_distr) and Outcome (Outcome)
Harmonising fat_distr (fat_distr) and Outcome (Outcome)
[1] 176
[1] 176
  iteration                    traits posterior_prob regional_prob
1         1 iradjbmi, ENSG00000149927           0.96        0.9994
  candidate_snp posterior_explained_by_snp dropped_trait  lead_snp
1    rs12921996                     0.1217            NA rs4283241
[1] "GENE"
[1] "ENSG00000169592"
Harmonising fat_distr (fat_distr) and Outcome (Outcome)
Harmonising fat_distr (fat_distr) and Outcome (Outcome)
[1] 176
[1] 176
  iteration                    traits posterior_prob regional_prob
1         1 iradjbmi, ENSG00000169592         0.9592        0.9994
  candidate_snp posterior_explained_by_snp dropped_trait  lead_snp
1     rs9932702                     0.8588            NA rs4283241
[1] "GENE"
[1] "ENSG00000169592"
Harmonising fat_distr (fat_distr) and Outcome (Outcome)
Harmonising fat_distr (fat_distr) and Outcome (Outcome)
[1] 176
[1] 176
  iteration                    traits posterior_prob regional_prob
1         1 iradjbmi, ENSG00000169592         0.9592        0.9994
  candidate_snp posterior_explained_by_snp dropped_trait  lead_snp
1     rs9932702                     0.8588            NA rs4283241
[1] "GENE"
[1] "ENSG00000174943"
Harmonising fat_distr (fat_distr) and Outcome (Outcome)
Harmonising fat_distr (fat_distr) and Outcome (Outcome)
[1] 176
[1] 176
  iteration traits posterior_prob regional_prob candidate_snp
1         1   None             NA        0.5615            NA
  posterior_explained_by_snp   dropped_trait  lead_snp
1                         NA ENSG00000174943 rs4283241
[1] "GENE"
[1] "ENSG00000149927"
Harmonising fat_distr (fat_distr) and Outcome (Outcome)
Harmonising fat_distr (fat_distr) and Outcome (Outcome)
[1] 176
[1] 176
  iteration                    traits posterior_prob regional_prob
1         1 iradjbmi, ENSG00000149927           0.96        0.9994
  candidate_snp posterior_explained_by_snp dropped_trait  lead_snp
1    rs12921996                     0.1217            NA rs4283241
[1] "GENE"
[1] "ENSG00000149930"
Harmonising fat_distr (fat_distr) and Outcome (Outcome)
Harmonising fat_distr (fat_distr) and Outcome (Outcome)
[1] 176
[1] 176
  iteration traits posterior_prob regional_prob candidate_snp
1         1   None             NA        0.0086            NA
  posterior_explained_by_snp dropped_trait  lead_snp
1                         NA      iradjbmi rs4283241
[1] "LEAD INDEX"
[1] 5
[1] "GENE"
[1] "ENSG00000168676"
Harmonising fat_distr (fat_distr) and Outcome (Outcome)
Harmonising fat_distr (fat_distr) and Outcome (Outcome)
[1] 105
[1] 105
  iteration traits posterior_prob regional_prob candidate_snp
1         1   None             NA         4e-04            NA
  posterior_explained_by_snp   dropped_trait  lead_snp
1                         NA ENSG00000168676 rs8059722
[1] "GENE"
[1] "ENSG00000135740"
Harmonising fat_distr (fat_distr) and Outcome (Outcome)
Harmonising fat_distr (fat_distr) and Outcome (Outcome)
[1] 105
[1] 105
  iteration                    traits posterior_prob regional_prob
1         1 iradjbmi, ENSG00000135740         0.9358        0.9821
  candidate_snp posterior_explained_by_snp dropped_trait  lead_snp
1     rs1053612                     0.3512            NA rs8059722
[1] "LEAD INDEX"
[1] 6
[1] "LEAD INDEX"
[1] 7
[1] "GENE"
[1] "ENSG00000153815"
Harmonising fat_distr (fat_distr) and Outcome (Outcome)
Harmonising fat_distr (fat_distr) and Outcome (Outcome)
[1] 700
[1] 700
  iteration                    traits posterior_prob regional_prob
1         1 iradjbmi, ENSG00000153815              1             1
  candidate_snp posterior_explained_by_snp dropped_trait  lead_snp
1     rs2925979                          1            NA rs2925979
[1] "LEAD INDEX"
[1] 8
[1] "GENE"
[1] "ENSG00000172530"
Harmonising fat_distr (fat_distr) and Outcome (Outcome)
Harmonising fat_distr (fat_distr) and Outcome (Outcome)
[1] 371
[1] 371
  iteration traits posterior_prob regional_prob candidate_snp
1         1   None             NA        0.1526            NA
  posterior_explained_by_snp dropped_trait   lead_snp
1                         NA      iradjbmi rs11117333
[1] "CHROMOSOME"
[1] 17
[1] "LEAD INDEX"
[1] 1
[1] "GENE"
[1] "ENSG00000133027"
Harmonising fat_distr (fat_distr) and Outcome (Outcome)
Harmonising fat_distr (fat_distr) and Outcome (Outcome)
[1] 375
[1] 375
  iteration traits posterior_prob regional_prob candidate_snp
1         1   None             NA        0.0592            NA
  posterior_explained_by_snp   dropped_trait  lead_snp
1                         NA ENSG00000133027 rs1263507
[1] "GENE"
[1] "ENSG00000133027"
Harmonising fat_distr (fat_distr) and Outcome (Outcome)
Harmonising fat_distr (fat_distr) and Outcome (Outcome)
[1] 375
[1] 375
  iteration traits posterior_prob regional_prob candidate_snp
1         1   None             NA        0.0592            NA
  posterior_explained_by_snp   dropped_trait  lead_snp
1                         NA ENSG00000133027 rs1263507
[1] "LEAD INDEX"
[1] 2
[1] "LEAD INDEX"
[1] 3
[1] "LEAD INDEX"
[1] 4
[1] "LEAD INDEX"
[1] 5
[1] "GENE"
[1] "ENSG00000133027"
Harmonising fat_distr (fat_distr) and Outcome (Outcome)
Harmonising fat_distr (fat_distr) and Outcome (Outcome)
[1] 372
[1] 372
  iteration traits posterior_prob regional_prob candidate_snp
1         1   None             NA        0.0592            NA
  posterior_explained_by_snp   dropped_trait  lead_snp
1                         NA ENSG00000133027 rs7222358
[1] "GENE"
[1] "ENSG00000133027"
Harmonising fat_distr (fat_distr) and Outcome (Outcome)
Harmonising fat_distr (fat_distr) and Outcome (Outcome)
[1] 372
[1] 372
  iteration traits posterior_prob regional_prob candidate_snp
1         1   None             NA        0.0592            NA
  posterior_explained_by_snp   dropped_trait  lead_snp
1                         NA ENSG00000133027 rs7222358
[1] "LEAD INDEX"
[1] 6
[1] "GENE"
[1] "ENSG00000108788"
Harmonising fat_distr (fat_distr) and Outcome (Outcome)
Harmonising fat_distr (fat_distr) and Outcome (Outcome)
[1] 236
[1] 236
  iteration traits posterior_prob regional_prob candidate_snp
1         1   None             NA        0.0273            NA
  posterior_explained_by_snp   dropped_trait lead_snp
1                         NA ENSG00000108788 rs646123
[1] "GENE"
[1] "ENSG00000037042"
Harmonising fat_distr (fat_distr) and Outcome (Outcome)
Harmonising fat_distr (fat_distr) and Outcome (Outcome)
[1] 236
[1] 236
  iteration traits posterior_prob regional_prob candidate_snp
1         1   None             NA          0.04            NA
  posterior_explained_by_snp   dropped_trait lead_snp
1                         NA ENSG00000037042 rs646123
[1] "GENE"
[1] "ENSG00000141699"
Harmonising fat_distr (fat_distr) and Outcome (Outcome)
Harmonising fat_distr (fat_distr) and Outcome (Outcome)
[1] 236
[1] 236
  iteration traits posterior_prob regional_prob candidate_snp
1         1   None             NA        0.9135            NA
  posterior_explained_by_snp   dropped_trait lead_snp
1                         NA ENSG00000141699 rs646123
[1] "GENE"
[1] "ENSG00000108785"
Harmonising fat_distr (fat_distr) and Outcome (Outcome)
Harmonising fat_distr (fat_distr) and Outcome (Outcome)
[1] 236
[1] 236
  iteration traits posterior_prob regional_prob candidate_snp
1         1   None             NA        0.2554            NA
  posterior_explained_by_snp   dropped_trait lead_snp
1                         NA ENSG00000108785 rs646123
[1] "GENE"
[1] "ENSG00000108788"
Harmonising fat_distr (fat_distr) and Outcome (Outcome)
Harmonising fat_distr (fat_distr) and Outcome (Outcome)
[1] 236
[1] 236
  iteration traits posterior_prob regional_prob candidate_snp
1         1   None             NA        0.0273            NA
  posterior_explained_by_snp   dropped_trait lead_snp
1                         NA ENSG00000108788 rs646123
[1] "LEAD INDEX"
[1] 7
[1] "GENE"
[1] "ENSG00000067596"
Harmonising fat_distr (fat_distr) and Outcome (Outcome)
Harmonising fat_distr (fat_distr) and Outcome (Outcome)
[1] 306
[1] 306
  iteration traits posterior_prob regional_prob candidate_snp
1         1   None             NA        0.0525            NA
  posterior_explained_by_snp   dropped_trait  lead_snp
1                         NA ENSG00000067596 rs4632174
[1] "LEAD INDEX"
[1] 8
[1] "LEAD INDEX"
[1] 9
[1] "GENE"
[1] "ENSG00000108852"
Harmonising fat_distr (fat_distr) and Outcome (Outcome)
Harmonising fat_distr (fat_distr) and Outcome (Outcome)
[1] 331
[1] 331
  iteration traits posterior_prob regional_prob candidate_snp
1         1   None             NA             1            NA
  posterior_explained_by_snp   dropped_trait lead_snp
1                         NA ENSG00000108852 rs231492
[1] "LEAD INDEX"
[1] 10
[1] "LEAD INDEX"
[1] 11
[1] "GENE"
[1] "ENSG00000263412"
Harmonising fat_distr (fat_distr) and Outcome (Outcome)
Harmonising fat_distr (fat_distr) and Outcome (Outcome)
[1] 406
[1] 406
  iteration                    traits posterior_prob regional_prob
1         1 iradjbmi, ENSG00000263412         0.9726        0.9999
  candidate_snp posterior_explained_by_snp dropped_trait   lead_snp
1     rs9903963                     0.2489            NA rs17618704
[1] "GENE"
[1] "ENSG00000108439"
Harmonising fat_distr (fat_distr) and Outcome (Outcome)
Harmonising fat_distr (fat_distr) and Outcome (Outcome)
[1] 406
[1] 406
  iteration traits posterior_prob regional_prob candidate_snp
1         1   None             NA         2e-04            NA
  posterior_explained_by_snp   dropped_trait   lead_snp
1                         NA ENSG00000108439 rs17618704
[1] "GENE"
[1] "ENSG00000108439"
Harmonising fat_distr (fat_distr) and Outcome (Outcome)
Harmonising fat_distr (fat_distr) and Outcome (Outcome)
[1] 406
[1] 406
  iteration traits posterior_prob regional_prob candidate_snp
1         1   None             NA         2e-04            NA
  posterior_explained_by_snp   dropped_trait   lead_snp
1                         NA ENSG00000108439 rs17618704
[1] "LEAD INDEX"
[1] 12
[1] "LEAD INDEX"
[1] 13
[1] "GENE"
[1] "ENSG00000123700"
Harmonising fat_distr (fat_distr) and Outcome (Outcome)
Harmonising fat_distr (fat_distr) and Outcome (Outcome)
[1] 460
[1] 460
  iteration                    traits posterior_prob regional_prob
1         1 iradjbmi, ENSG00000123700         0.9581        0.9892
  candidate_snp posterior_explained_by_snp dropped_trait  lead_snp
1     rs1396514                     0.3344            NA rs9904355
[1] "LEAD INDEX"
[1] 14
[1] "GENE"
[1] "ENSG00000185262"
Harmonising fat_distr (fat_distr) and Outcome (Outcome)
Harmonising fat_distr (fat_distr) and Outcome (Outcome)
[1] 372
[1] 372
  iteration                    traits posterior_prob regional_prob
1         1 iradjbmi, ENSG00000185262         0.9912        0.9977
  candidate_snp posterior_explained_by_snp dropped_trait  lead_snp
1     rs9674537                          1            NA rs9674537
[1] "LEAD INDEX"
[1] 15
[1] "GENE"
[1] "ENSG00000087157"
Harmonising fat_distr (fat_distr) and Outcome (Outcome)
Harmonising fat_distr (fat_distr) and Outcome (Outcome)
[1] 448
[1] 448
  iteration traits posterior_prob regional_prob candidate_snp
1         1   None             NA        0.0117            NA
  posterior_explained_by_snp   dropped_trait   lead_snp
1                         NA ENSG00000087157 rs16971107
[1] "CHROMOSOME"
[1] 18
[1] "LEAD INDEX"
[1] 1
[1] "LEAD INDEX"
[1] 2
[1] "LEAD INDEX"
[1] 3
[1] "LEAD INDEX"
[1] 4
[1] "LEAD INDEX"
[1] 5
[1] "LEAD INDEX"
[1] 6
[1] "GENE"
[1] "ENSG00000141452"
Harmonising fat_distr (fat_distr) and Outcome (Outcome)
Harmonising fat_distr (fat_distr) and Outcome (Outcome)
[1] 307
[1] 307
  iteration                    traits posterior_prob regional_prob
1         1 iradjbmi, ENSG00000141452         0.9479             1
  candidate_snp posterior_explained_by_snp dropped_trait  lead_snp
1     rs2435307                     0.9108            NA rs1623060
[1] "GENE"
[1] "ENSG00000141458"
Harmonising fat_distr (fat_distr) and Outcome (Outcome)
Harmonising fat_distr (fat_distr) and Outcome (Outcome)
[1] 307
[1] 307
  iteration                    traits posterior_prob regional_prob
1         1 iradjbmi, ENSG00000141458         0.8581             1
  candidate_snp posterior_explained_by_snp dropped_trait  lead_snp
1    rs11663558                          1            NA rs1623060
[1] "GENE"
[1] "ENSG00000141458"
Harmonising fat_distr (fat_distr) and Outcome (Outcome)
Harmonising fat_distr (fat_distr) and Outcome (Outcome)
[1] 307
[1] 307
  iteration                    traits posterior_prob regional_prob
1         1 iradjbmi, ENSG00000141458         0.8581             1
  candidate_snp posterior_explained_by_snp dropped_trait  lead_snp
1    rs11663558                          1            NA rs1623060
[1] "GENE"
[1] "ENSG00000141458"
Harmonising fat_distr (fat_distr) and Outcome (Outcome)
Harmonising fat_distr (fat_distr) and Outcome (Outcome)
[1] 307
[1] 307
  iteration                    traits posterior_prob regional_prob
1         1 iradjbmi, ENSG00000141458         0.8581             1
  candidate_snp posterior_explained_by_snp dropped_trait  lead_snp
1    rs11663558                          1            NA rs1623060
[1] "GENE"
[1] "ENSG00000141452"
Harmonising fat_distr (fat_distr) and Outcome (Outcome)
Harmonising fat_distr (fat_distr) and Outcome (Outcome)
[1] 307
[1] 307
  iteration                    traits posterior_prob regional_prob
1         1 iradjbmi, ENSG00000141452         0.9479             1
  candidate_snp posterior_explained_by_snp dropped_trait  lead_snp
1     rs2435307                     0.9108            NA rs1623060
[1] "GENE"
[1] "ENSG00000141458"
Harmonising fat_distr (fat_distr) and Outcome (Outcome)
Harmonising fat_distr (fat_distr) and Outcome (Outcome)
[1] 307
[1] 307
  iteration                    traits posterior_prob regional_prob
1         1 iradjbmi, ENSG00000141458         0.8581             1
  candidate_snp posterior_explained_by_snp dropped_trait  lead_snp
1    rs11663558                          1            NA rs1623060
[1] "GENE"
[1] "ENSG00000141458"
Harmonising fat_distr (fat_distr) and Outcome (Outcome)
Harmonising fat_distr (fat_distr) and Outcome (Outcome)
[1] 307
[1] 307
  iteration                    traits posterior_prob regional_prob
1         1 iradjbmi, ENSG00000141458         0.8581             1
  candidate_snp posterior_explained_by_snp dropped_trait  lead_snp
1    rs11663558                          1            NA rs1623060
[1] "GENE"
[1] "ENSG00000141458"
Harmonising fat_distr (fat_distr) and Outcome (Outcome)
Harmonising fat_distr (fat_distr) and Outcome (Outcome)
[1] 307
[1] 307
  iteration                    traits posterior_prob regional_prob
1         1 iradjbmi, ENSG00000141458         0.8581             1
  candidate_snp posterior_explained_by_snp dropped_trait  lead_snp
1    rs11663558                          1            NA rs1623060
[1] "LEAD INDEX"
[1] 7
[1] "CHROMOSOME"
[1] 19
[1] "LEAD INDEX"
[1] 1
[1] "GENE"
[1] "ENSG00000130518"
Harmonising fat_distr (fat_distr) and Outcome (Outcome)
Harmonising fat_distr (fat_distr) and Outcome (Outcome)
[1] 383
[1] 383
  iteration                    traits posterior_prob regional_prob
1         1 iradjbmi, ENSG00000130518         0.6456        0.7789
  candidate_snp posterior_explained_by_snp dropped_trait  lead_snp
1    rs12461701                          1            NA rs1075403
[1] "GENE"
[1] "ENSG00000130518"
Harmonising fat_distr (fat_distr) and Outcome (Outcome)
Harmonising fat_distr (fat_distr) and Outcome (Outcome)
[1] 383
[1] 383
  iteration                    traits posterior_prob regional_prob
1         1 iradjbmi, ENSG00000130518         0.6456        0.7789
  candidate_snp posterior_explained_by_snp dropped_trait  lead_snp
1    rs12461701                          1            NA rs1075403
[1] "GENE"
[1] "ENSG00000130518"
Harmonising fat_distr (fat_distr) and Outcome (Outcome)
Harmonising fat_distr (fat_distr) and Outcome (Outcome)
[1] 383
[1] 383
  iteration                    traits posterior_prob regional_prob
1         1 iradjbmi, ENSG00000130518         0.6456        0.7789
  candidate_snp posterior_explained_by_snp dropped_trait  lead_snp
1    rs12461701                          1            NA rs1075403
[1] "LEAD INDEX"
[1] 2
[1] "LEAD INDEX"
[1] 3
[1] "LEAD INDEX"
[1] 4
[1] "GENE"
[1] "ENSG00000171105"
Harmonising fat_distr (fat_distr) and Outcome (Outcome)
Harmonising fat_distr (fat_distr) and Outcome (Outcome)
[1] 382
[1] 382
  iteration traits posterior_prob regional_prob candidate_snp
1         1   None             NA         3e-04            NA
  posterior_explained_by_snp   dropped_trait  lead_snp
1                         NA ENSG00000171105 rs8101064
[1] "LEAD INDEX"
[1] 5
[1] "GENE"
[1] "ENSG00000076984"
Harmonising fat_distr (fat_distr) and Outcome (Outcome)
Harmonising fat_distr (fat_distr) and Outcome (Outcome)
[1] 429
[1] 429
  iteration traits posterior_prob regional_prob candidate_snp
1         1   None             NA        0.1173            NA
  posterior_explained_by_snp dropped_trait  lead_snp
1                         NA      iradjbmi rs4804833
[1] "LEAD INDEX"
[1] 6
[1] "LEAD INDEX"
[1] 7
[1] "LEAD INDEX"
[1] 8
[1] "GENE"
[1] "ENSG00000142347"
Harmonising fat_distr (fat_distr) and Outcome (Outcome)
Harmonising fat_distr (fat_distr) and Outcome (Outcome)
[1] 385
[1] 385
  iteration                    traits posterior_prob regional_prob
1         1 iradjbmi, ENSG00000142347         0.9996             1
  candidate_snp posterior_explained_by_snp dropped_trait  lead_snp
1     rs4804311                          1            NA rs4804311
[1] "LEAD INDEX"
[1] 9
[1] "LEAD INDEX"
[1] 10
[1] "LEAD INDEX"
[1] 11
[1] "LEAD INDEX"
[1] 12
[1] "LEAD INDEX"
[1] 13
[1] "LEAD INDEX"
[1] 14
[1] "LEAD INDEX"
[1] 15
[1] "LEAD INDEX"
[1] 16
[1] "GENE"
[1] "ENSG00000142233"
Harmonising fat_distr (fat_distr) and Outcome (Outcome)
Harmonising fat_distr (fat_distr) and Outcome (Outcome)
[1] 397
[1] 397
  iteration                    traits posterior_prob regional_prob
1         1 iradjbmi, ENSG00000142233         0.4067        0.7129
  candidate_snp posterior_explained_by_snp dropped_trait lead_snp
1      rs281385                          1            NA rs485186
[1] "GENE"
[1] "ENSG00000142233"
Harmonising fat_distr (fat_distr) and Outcome (Outcome)
Harmonising fat_distr (fat_distr) and Outcome (Outcome)
[1] 397
[1] 397
  iteration                    traits posterior_prob regional_prob
1         1 iradjbmi, ENSG00000142233         0.4067        0.7129
  candidate_snp posterior_explained_by_snp dropped_trait lead_snp
1      rs281385                          1            NA rs485186
[1] "GENE"
[1] "ENSG00000105538"
Harmonising fat_distr (fat_distr) and Outcome (Outcome)
Harmonising fat_distr (fat_distr) and Outcome (Outcome)
[1] 397
[1] 397
  iteration traits posterior_prob regional_prob candidate_snp
1         1   None             NA        0.3772            NA
  posterior_explained_by_snp dropped_trait lead_snp
1                         NA      iradjbmi rs485186
[1] "GENE"
[1] "ENSG00000142233"
Harmonising fat_distr (fat_distr) and Outcome (Outcome)
Harmonising fat_distr (fat_distr) and Outcome (Outcome)
[1] 397
[1] 397
  iteration                    traits posterior_prob regional_prob
1         1 iradjbmi, ENSG00000142233         0.4067        0.7129
  candidate_snp posterior_explained_by_snp dropped_trait lead_snp
1      rs281385                          1            NA rs485186
[1] "GENE"
[1] "ENSG00000142233"
Harmonising fat_distr (fat_distr) and Outcome (Outcome)
Harmonising fat_distr (fat_distr) and Outcome (Outcome)
[1] 397
[1] 397
  iteration                    traits posterior_prob regional_prob
1         1 iradjbmi, ENSG00000142233         0.4067        0.7129
  candidate_snp posterior_explained_by_snp dropped_trait lead_snp
1      rs281385                          1            NA rs485186
[1] "LEAD INDEX"
[1] 17
[1] "CHROMOSOME"
[1] 20
[1] "LEAD INDEX"
[1] 1
[1] "GENE"
[1] "ENSG00000132793"
Harmonising fat_distr (fat_distr) and Outcome (Outcome)
Harmonising fat_distr (fat_distr) and Outcome (Outcome)
[1] 366
[1] 366
  iteration traits posterior_prob regional_prob candidate_snp
1         1   None             NA        0.0145            NA
  posterior_explained_by_snp   dropped_trait  lead_snp
1                         NA ENSG00000132793 rs6102322
[1] "LEAD INDEX"
[1] 2
[1] "GENE"
[1] "ENSG00000203896"
Harmonising fat_distr (fat_distr) and Outcome (Outcome)
Harmonising fat_distr (fat_distr) and Outcome (Outcome)
[1] 416
[1] 416
  iteration traits posterior_prob regional_prob candidate_snp
1         1   None             NA        0.9596            NA
  posterior_explained_by_snp   dropped_trait  lead_snp
1                         NA ENSG00000203896 rs1151625
[1] "LEAD INDEX"
[1] 3
[1] "LEAD INDEX"
[1] 4
[1] "LEAD INDEX"
[1] 5
[1] "LEAD INDEX"
[1] 6
[1] "GENE"
[1] "ENSG00000124257"
Harmonising fat_distr (fat_distr) and Outcome (Outcome)
Harmonising fat_distr (fat_distr) and Outcome (Outcome)
[1] 486
[1] 486
  iteration traits posterior_prob regional_prob candidate_snp
1         1   None             NA        0.9999            NA
  posterior_explained_by_snp dropped_trait  lead_snp
1                         NA      iradjbmi rs4810479
[1] "GENE"
[1] "ENSG00000149634"
Harmonising fat_distr (fat_distr) and Outcome (Outcome)
Harmonising fat_distr (fat_distr) and Outcome (Outcome)
[1] 486
[1] 486
  iteration                    traits posterior_prob regional_prob
1         1 iradjbmi, ENSG00000149634         0.9965             1
  candidate_snp posterior_explained_by_snp dropped_trait  lead_snp
1     rs4810479                      0.975            NA rs4810479
[1] "GENE"
[1] "ENSG00000100979"
Harmonising fat_distr (fat_distr) and Outcome (Outcome)
Harmonising fat_distr (fat_distr) and Outcome (Outcome)
[1] 486
[1] 486
  iteration traits posterior_prob regional_prob candidate_snp
1         1   None             NA             1            NA
  posterior_explained_by_snp   dropped_trait  lead_snp
1                         NA ENSG00000100979 rs4810479
[1] "LEAD INDEX"
[1] 7
[1] "LEAD INDEX"
[1] 8
[1] "LEAD INDEX"
[1] 9
[1] "GENE"
[1] "ENSG00000239783"
Harmonising fat_distr (fat_distr) and Outcome (Outcome)
Harmonising fat_distr (fat_distr) and Outcome (Outcome)
[1] 482
[1] 482
  iteration                    traits posterior_prob regional_prob
1         1 iradjbmi, ENSG00000239783         0.9876             1
  candidate_snp posterior_explained_by_snp dropped_trait  lead_snp
1     rs6066149                     0.6261            NA rs6066149
[1] "GENE"
[1] "ENSG00000064655"
Harmonising fat_distr (fat_distr) and Outcome (Outcome)
Harmonising fat_distr (fat_distr) and Outcome (Outcome)
[1] 482
[1] 482
  iteration                    traits posterior_prob regional_prob
1         1 iradjbmi, ENSG00000064655         0.5499        0.9997
  candidate_snp posterior_explained_by_snp dropped_trait  lead_snp
1     rs1412956                     0.5165            NA rs6066149
[1] "LEAD INDEX"
[1] 10
[1] "GENE"
[1] "ENSG00000182463"
Harmonising fat_distr (fat_distr) and Outcome (Outcome)
Harmonising fat_distr (fat_distr) and Outcome (Outcome)
[1] 412
[1] 412
  iteration                    traits posterior_prob regional_prob
1         1 iradjbmi, ENSG00000182463         0.9737         0.997
  candidate_snp posterior_explained_by_snp dropped_trait  lead_snp
1     rs1033662                     0.2513            NA rs1033662
[1] "GENE"
[1] "ENSG00000182463"
Harmonising fat_distr (fat_distr) and Outcome (Outcome)
Harmonising fat_distr (fat_distr) and Outcome (Outcome)
[1] 412
[1] 412
  iteration                    traits posterior_prob regional_prob
1         1 iradjbmi, ENSG00000182463         0.9737         0.997
  candidate_snp posterior_explained_by_snp dropped_trait  lead_snp
1     rs1033662                     0.2513            NA rs1033662
[1] "GENE"
[1] "ENSG00000286250"
[1] "LEAD INDEX"
[1] 11
[1] "GENE"
[1] "ENSG00000124253"
Harmonising fat_distr (fat_distr) and Outcome (Outcome)
Harmonising fat_distr (fat_distr) and Outcome (Outcome)
[1] 634
[1] 634
  iteration                    traits posterior_prob regional_prob
1         1 iradjbmi, ENSG00000124253         0.9899        0.9998
  candidate_snp posterior_explained_by_snp dropped_trait  lead_snp
1     rs1042523                     0.5111            NA rs8119374
[1] "CHROMOSOME"
[1] 21
[1] "LEAD INDEX"
[1] 1
[1] "GENE"
[1] "ENSG00000182240"
Harmonising fat_distr (fat_distr) and Outcome (Outcome)
Harmonising fat_distr (fat_distr) and Outcome (Outcome)
[1] 553
[1] 553
  iteration traits posterior_prob regional_prob candidate_snp
1         1   None             NA         2e-04            NA
  posterior_explained_by_snp   dropped_trait  lead_snp
1                         NA ENSG00000182240 rs2837996
[1] "LEAD INDEX"
[1] 2
[1] "GENE"
[1] "ENSG00000173638"
Harmonising fat_distr (fat_distr) and Outcome (Outcome)
Harmonising fat_distr (fat_distr) and Outcome (Outcome)
[1] 431
[1] 431
  iteration traits posterior_prob regional_prob candidate_snp
1         1   None             NA         2e-04            NA
  posterior_explained_by_snp   dropped_trait  lead_snp
1                         NA ENSG00000173638 rs9980531
[1] "GENE"
[1] "ENSG00000173638"
Harmonising fat_distr (fat_distr) and Outcome (Outcome)
Harmonising fat_distr (fat_distr) and Outcome (Outcome)
[1] 431
[1] 431
  iteration traits posterior_prob regional_prob candidate_snp
1         1   None             NA         2e-04            NA
  posterior_explained_by_snp   dropped_trait  lead_snp
1                         NA ENSG00000173638 rs9980531
[1] "CHROMOSOME"
[1] 22
[1] "LEAD INDEX"
[1] 1
[1] "GENE"
[1] "ENSG00000183579"
Harmonising fat_distr (fat_distr) and Outcome (Outcome)
Harmonising fat_distr (fat_distr) and Outcome (Outcome)
[1] 348
[1] 348
  iteration                    traits posterior_prob regional_prob
1         1 iradjbmi, ENSG00000183579         0.9867        0.9906
  candidate_snp posterior_explained_by_snp dropped_trait  lead_snp
1     rs2294239                     0.9999            NA rs2294239
[1] "LEAD INDEX"
[1] 2
[1] "GENE"
[1] "ENSG00000128313"
Harmonising fat_distr (fat_distr) and Outcome (Outcome)
Harmonising fat_distr (fat_distr) and Outcome (Outcome)
[1] 394
[1] 394
  iteration                    traits posterior_prob regional_prob
1         1 iradjbmi, ENSG00000128313         0.9992        0.9995
  candidate_snp posterior_explained_by_snp dropped_trait  lead_snp
1     rs9610329                          1            NA rs9610329
[1] "GENE"
[1] "ENSG00000221963"
Harmonising fat_distr (fat_distr) and Outcome (Outcome)
Harmonising fat_distr (fat_distr) and Outcome (Outcome)
[1] 394
[1] 394
  iteration                    traits posterior_prob regional_prob
1         1 iradjbmi, ENSG00000221963         0.9992        0.9995
  candidate_snp posterior_explained_by_snp dropped_trait  lead_snp
1     rs9610329                          1            NA rs9610329
[1] "GENE"
[1] "ENSG00000100320"
Harmonising fat_distr (fat_distr) and Outcome (Outcome)
Harmonising fat_distr (fat_distr) and Outcome (Outcome)
[1] 394
[1] 394
  iteration                    traits posterior_prob regional_prob
1         1 iradjbmi, ENSG00000100320         0.9992        0.9995
  candidate_snp posterior_explained_by_snp dropped_trait  lead_snp
1     rs9610329                          1            NA rs9610329
[1] "LEAD INDEX"
[1] 3
[1] "GENE"
[1] "ENSG00000184381"
Harmonising fat_distr (fat_distr) and Outcome (Outcome)
Harmonising fat_distr (fat_distr) and Outcome (Outcome)
[1] 293
[1] 293
  iteration traits posterior_prob regional_prob candidate_snp
1         1   None             NA        0.9971            NA
  posterior_explained_by_snp dropped_trait  lead_snp
1                         NA      iradjbmi rs4820325
[1] "GENE"
[1] "ENSG00000185022"
Harmonising fat_distr (fat_distr) and Outcome (Outcome)
Harmonising fat_distr (fat_distr) and Outcome (Outcome)
[1] 293
[1] 293
  iteration                    traits posterior_prob regional_prob
1         1 iradjbmi, ENSG00000185022         0.9905             1
  candidate_snp posterior_explained_by_snp dropped_trait  lead_snp
1     rs2267375                     0.8243            NA rs4820325
[1] "GENE"
[1] "ENSG00000185022"
Harmonising fat_distr (fat_distr) and Outcome (Outcome)
Harmonising fat_distr (fat_distr) and Outcome (Outcome)
[1] 293
[1] 293
  iteration                    traits posterior_prob regional_prob
1         1 iradjbmi, ENSG00000185022         0.9905             1
  candidate_snp posterior_explained_by_snp dropped_trait  lead_snp
1     rs2267375                     0.8243            NA rs4820325
[1] "GENE"
[1] "ENSG00000185022"
Harmonising fat_distr (fat_distr) and Outcome (Outcome)
Harmonising fat_distr (fat_distr) and Outcome (Outcome)
[1] 293
[1] 293
  iteration                    traits posterior_prob regional_prob
1         1 iradjbmi, ENSG00000185022         0.9905             1
  candidate_snp posterior_explained_by_snp dropped_trait  lead_snp
1     rs2267375                     0.8243            NA rs4820325
[1] "GENE"
[1] "ENSG00000185022"
Harmonising fat_distr (fat_distr) and Outcome (Outcome)
Harmonising fat_distr (fat_distr) and Outcome (Outcome)
[1] 293
[1] 293
  iteration                    traits posterior_prob regional_prob
1         1 iradjbmi, ENSG00000185022         0.9905             1
  candidate_snp posterior_explained_by_snp dropped_trait  lead_snp
1     rs2267375                     0.8243            NA rs4820325
[1] "LEAD INDEX"
[1] 4
[1] "GENE"
[1] "ENSG00000230912"
Harmonising fat_distr (fat_distr) and Outcome (Outcome)
Harmonising fat_distr (fat_distr) and Outcome (Outcome)
[1] 324
[1] 324
  iteration traits posterior_prob regional_prob candidate_snp
1         1   None             NA             1            NA
  posterior_explained_by_snp dropped_trait  lead_snp
1                         NA      iradjbmi rs4821815
[1] "GENE"
[1] "ENSG00000100211"
Harmonising fat_distr (fat_distr) and Outcome (Outcome)
Harmonising fat_distr (fat_distr) and Outcome (Outcome)
[1] 324
[1] 324
  iteration traits posterior_prob regional_prob candidate_snp
1         1   None             NA             1            NA
  posterior_explained_by_snp dropped_trait  lead_snp
1                         NA      iradjbmi rs4821815
[1] "GENE"
[1] "ENSG00000100221"
Harmonising fat_distr (fat_distr) and Outcome (Outcome)
Harmonising fat_distr (fat_distr) and Outcome (Outcome)
[1] 324
[1] 324
  iteration traits posterior_prob regional_prob candidate_snp
1         1   None             NA        0.9702            NA
  posterior_explained_by_snp   dropped_trait  lead_snp
1                         NA ENSG00000100221 rs4821815
[1] "GENE"
[1] "ENSG00000230912"
Harmonising fat_distr (fat_distr) and Outcome (Outcome)
Harmonising fat_distr (fat_distr) and Outcome (Outcome)
[1] 324
[1] 324
  iteration traits posterior_prob regional_prob candidate_snp
1         1   None             NA             1            NA
  posterior_explained_by_snp dropped_trait  lead_snp
1                         NA      iradjbmi rs4821815
[1] "GENE"
[1] "ENSG00000228274"
Harmonising fat_distr (fat_distr) and Outcome (Outcome)
Harmonising fat_distr (fat_distr) and Outcome (Outcome)
[1] 324
[1] 324
  iteration traits posterior_prob regional_prob candidate_snp
1         1   None             NA             1            NA
  posterior_explained_by_snp dropped_trait  lead_snp
1                         NA      iradjbmi rs4821815
[1] "GENE"
[1] "ENSG00000100211"
Harmonising fat_distr (fat_distr) and Outcome (Outcome)
Harmonising fat_distr (fat_distr) and Outcome (Outcome)
[1] 324
[1] 324
  iteration traits posterior_prob regional_prob candidate_snp
1         1   None             NA             1            NA
  posterior_explained_by_snp dropped_trait  lead_snp
1                         NA      iradjbmi rs4821815
[1] "GENE"
[1] "ENSG00000230912"
Harmonising fat_distr (fat_distr) and Outcome (Outcome)
Harmonising fat_distr (fat_distr) and Outcome (Outcome)
[1] 324
[1] 324
  iteration traits posterior_prob regional_prob candidate_snp
1         1   None             NA             1            NA
  posterior_explained_by_snp dropped_trait  lead_snp
1                         NA      iradjbmi rs4821815
[1] "GENE"
[1] "ENSG00000100216"
Harmonising fat_distr (fat_distr) and Outcome (Outcome)
Harmonising fat_distr (fat_distr) and Outcome (Outcome)
[1] 324
[1] 324
  iteration traits posterior_prob regional_prob candidate_snp
1         1   None             NA             1            NA
  posterior_explained_by_snp dropped_trait  lead_snp
1                         NA      iradjbmi rs4821815
[1] "GENE"
[1] "ENSG00000100211"
Harmonising fat_distr (fat_distr) and Outcome (Outcome)
Harmonising fat_distr (fat_distr) and Outcome (Outcome)
[1] 324
[1] 324
  iteration traits posterior_prob regional_prob candidate_snp
1         1   None             NA             1            NA
  posterior_explained_by_snp dropped_trait  lead_snp
1                         NA      iradjbmi rs4821815
