── Attaching core tidyverse packages ──────────────────────── tidyverse 2.0.0 ──
✔ dplyr     1.1.3     ✔ readr     2.1.4
✔ forcats   1.0.0     ✔ stringr   1.5.0
✔ ggplot2   3.5.1     ✔ tibble    3.2.1
✔ lubridate 1.9.3     ✔ tidyr     1.3.0
✔ purrr     1.0.2     
── Conflicts ────────────────────────────────────────── tidyverse_conflicts() ──
✖ dplyr::between()     masks data.table::between()
✖ dplyr::filter()      masks stats::filter()
✖ dplyr::first()       masks data.table::first()
✖ lubridate::hour()    masks data.table::hour()
✖ lubridate::isoweek() masks data.table::isoweek()
✖ dplyr::lag()         masks stats::lag()
✖ dplyr::last()        masks data.table::last()
✖ lubridate::mday()    masks data.table::mday()
✖ lubridate::minute()  masks data.table::minute()
✖ lubridate::month()   masks data.table::month()
✖ lubridate::quarter() masks data.table::quarter()
✖ lubridate::second()  masks data.table::second()
✖ purrr::transpose()   masks data.table::transpose()
✖ lubridate::wday()    masks data.table::wday()
✖ lubridate::week()    masks data.table::week()
✖ lubridate::yday()    masks data.table::yday()
✖ lubridate::year()    masks data.table::year()
ℹ Use the conflicted package (<http://conflicted.r-lib.org/>) to force all conflicts to become errors
TwoSampleMR version 0.5.7 
[>] New: Option to use non-European LD reference panels for clumping etc
[>] Some studies temporarily quarantined to verify effect allele
[>] See news(package='TwoSampleMR') and https://gwas.mrcieu.ac.uk for further details


Warning:
You are running an old version of the TwoSampleMR package.
This version:   0.5.7
Latest version: 0.7.9
Please consider updating using remotes::install_github('MRCIEU/TwoSampleMR')
Warning messages:
1: replacing previous import ‘Matrix::tcrossprod’ by ‘Rmpfr::tcrossprod’ when loading ‘hyprcoloc’ 
2: replacing previous import ‘Matrix::crossprod’ by ‘Rmpfr::crossprod’ when loading ‘hyprcoloc’ 
3: replacing previous import ‘Matrix::.__C__atomicVector’ by ‘Rmpfr::.__C__atomicVector’ when loading ‘hyprcoloc’ 
Loading required package: stats4
Loading required package: BiocGenerics

Attaching package: ‘BiocGenerics’

The following objects are masked from ‘package:lubridate’:

    intersect, setdiff, union

The following objects are masked from ‘package:dplyr’:

    combine, intersect, setdiff, union

The following objects are masked from ‘package:stats’:

    IQR, mad, sd, var, xtabs

The following objects are masked from ‘package:base’:

    anyDuplicated, aperm, append, as.data.frame, basename, cbind,
    colnames, dirname, do.call, duplicated, eval, evalq, Filter, Find,
    get, grep, grepl, intersect, is.unsorted, lapply, Map, mapply,
    match, mget, order, paste, pmax, pmax.int, pmin, pmin.int,
    Position, rank, rbind, Reduce, rownames, sapply, setdiff, sort,
    table, tapply, union, unique, unsplit, which.max, which.min

Loading required package: S4Vectors

Attaching package: ‘S4Vectors’

The following objects are masked from ‘package:lubridate’:

    second, second<-

The following objects are masked from ‘package:dplyr’:

    first, rename

The following object is masked from ‘package:tidyr’:

    expand

The following objects are masked from ‘package:data.table’:

    first, second

The following object is masked from ‘package:utils’:

    findMatches

The following objects are masked from ‘package:base’:

    expand.grid, I, unname

Loading required package: IRanges

Attaching package: ‘IRanges’

The following object is masked from ‘package:TwoSampleMR’:

    trim

The following object is masked from ‘package:lubridate’:

    %within%

The following objects are masked from ‘package:dplyr’:

    collapse, desc, slice

The following object is masked from ‘package:purrr’:

    reduce

The following object is masked from ‘package:data.table’:

    shift

Loading required package: GenomeInfoDb
New names:
• `` -> `...2`
• `` -> `...3`
• `` -> `...4`
• `` -> `...5`
• `` -> `...6`
• `` -> `...7`
• `` -> `...8`
• `` -> `...9`
• `` -> `...10`
• `` -> `...11`
• `` -> `...12`
• `` -> `...13`
• `` -> `...14`
• `` -> `...15`
• `` -> `...16`
• `` -> `...17`
• `` -> `...18`
• `` -> `...19`
• `` -> `...20`
• `` -> `...21`
• `` -> `...22`
• `` -> `...23`
• `` -> `...24`
• `` -> `...25`
• `` -> `...26`
• `` -> `...27`
• `` -> `...28`
• `` -> `...29`
• `` -> `...30`
• `` -> `...31`
• `` -> `...32`
• `` -> `...33`
• `` -> `...34`
• `` -> `...35`
• `` -> `...36`
• `` -> `...37`
• `` -> `...38`
• `` -> `...39`
• `` -> `...40`
• `` -> `...41`
• `` -> `...42`
• `` -> `...43`
• `` -> `...44`
[1] 282
New names:
• `` -> `...2`
• `` -> `...3`
• `` -> `...4`
• `` -> `...5`
• `` -> `...6`
• `` -> `...7`
• `` -> `...8`
• `` -> `...9`
• `` -> `...10`
• `` -> `...11`
• `` -> `...12`
• `` -> `...13`
• `` -> `...14`
• `` -> `...15`
• `` -> `...16`
• `` -> `...17`
• `` -> `...18`
• `` -> `...19`
• `` -> `...20`
• `` -> `...21`
• `` -> `...22`
• `` -> `...23`
• `` -> `...24`
• `` -> `...25`
• `` -> `...26`
• `` -> `...27`
• `` -> `...28`
• `` -> `...29`
• `` -> `...30`
• `` -> `...31`
• `` -> `...32`
• `` -> `...33`
• `` -> `...34`
[1] 282
[1] "CHROMOSOME"
[1] 1
[1] "LEAD INDEX"
[1] 1
[1] "LEAD INDEX"
[1] 2
[1] "LEAD INDEX"
[1] 3
[1] "GENE"
[1] "ENSG00000069275"
Harmonising fat_distr (fat_distr) and Outcome (Outcome)
Harmonising fat_distr (fat_distr) and Outcome (Outcome)
[1] 419
[1] 419
  iteration                    traits posterior_prob regional_prob
1         1 iradjbmi, ENSG00000069275          0.626        0.9604
  candidate_snp posterior_explained_by_snp dropped_trait lead_snp
1      rs823114                      0.736            NA rs823114
[1] "LEAD INDEX"
[1] 4
[1] "GENE"
[1] "ENSG00000260063"
Harmonising fat_distr (fat_distr) and Outcome (Outcome)
Harmonising fat_distr (fat_distr) and Outcome (Outcome)
[1] 297
[1] 297
  iteration                    traits posterior_prob regional_prob
1         1 iradjbmi, ENSG00000260063         0.8657        0.9998
  candidate_snp posterior_explained_by_snp dropped_trait   lead_snp
1    rs35617712                     0.1687            NA rs12742115
[1] "GENE"
[1] "ENSG00000260063"
Harmonising fat_distr (fat_distr) and Outcome (Outcome)
Harmonising fat_distr (fat_distr) and Outcome (Outcome)
[1] 297
[1] 297
  iteration                    traits posterior_prob regional_prob
1         1 iradjbmi, ENSG00000260063         0.8657        0.9998
  candidate_snp posterior_explained_by_snp dropped_trait   lead_snp
1    rs35617712                     0.1687            NA rs12742115
[1] "GENE"
[1] "ENSG00000260063"
Harmonising fat_distr (fat_distr) and Outcome (Outcome)
Harmonising fat_distr (fat_distr) and Outcome (Outcome)
[1] 297
[1] 297
  iteration                    traits posterior_prob regional_prob
1         1 iradjbmi, ENSG00000260063         0.8657        0.9998
  candidate_snp posterior_explained_by_snp dropped_trait   lead_snp
1    rs35617712                     0.1687            NA rs12742115
[1] "GENE"
[1] "ENSG00000060642"
Harmonising fat_distr (fat_distr) and Outcome (Outcome)
Harmonising fat_distr (fat_distr) and Outcome (Outcome)
[1] 297
[1] 297
  iteration                    traits posterior_prob regional_prob
1         1 iradjbmi, ENSG00000060642         0.9431             1
  candidate_snp posterior_explained_by_snp dropped_trait   lead_snp
1    rs34885854                     0.2117            NA rs12742115
[1] "GENE"
[1] "ENSG00000090273"
Harmonising fat_distr (fat_distr) and Outcome (Outcome)
Harmonising fat_distr (fat_distr) and Outcome (Outcome)
[1] 297
[1] 297
  iteration traits posterior_prob regional_prob candidate_snp
1         1   None             NA        0.9963            NA
  posterior_explained_by_snp   dropped_trait   lead_snp
1                         NA ENSG00000090273 rs12742115
[1] "GENE"
[1] "ENSG00000090273"
Harmonising fat_distr (fat_distr) and Outcome (Outcome)
Harmonising fat_distr (fat_distr) and Outcome (Outcome)
[1] 297
[1] 297
  iteration traits posterior_prob regional_prob candidate_snp
1         1   None             NA        0.9963            NA
  posterior_explained_by_snp   dropped_trait   lead_snp
1                         NA ENSG00000090273 rs12742115
[1] "GENE"
[1] "ENSG00000060642"
Harmonising fat_distr (fat_distr) and Outcome (Outcome)
Harmonising fat_distr (fat_distr) and Outcome (Outcome)
[1] 297
[1] 297
  iteration                    traits posterior_prob regional_prob
1         1 iradjbmi, ENSG00000060642         0.9431             1
  candidate_snp posterior_explained_by_snp dropped_trait   lead_snp
1    rs34885854                     0.2117            NA rs12742115
[1] "LEAD INDEX"
[1] 5
[1] "GENE"
[1] "ENSG00000090621"
Harmonising fat_distr (fat_distr) and Outcome (Outcome)
Harmonising fat_distr (fat_distr) and Outcome (Outcome)
[1] 356
[1] 356
  iteration                    traits posterior_prob regional_prob
1         1 iradjbmi, ENSG00000090621         0.8727             1
  candidate_snp posterior_explained_by_snp dropped_trait   lead_snp
1    rs16826069                     0.1533            NA rs16826069
[1] "LEAD INDEX"
[1] 6
[1] "GENE"
[1] "ENSG00000043514"
Harmonising fat_distr (fat_distr) and Outcome (Outcome)
Harmonising fat_distr (fat_distr) and Outcome (Outcome)
[1] 381
[1] 381
  iteration traits posterior_prob regional_prob candidate_snp
1         1   None             NA        0.0023            NA
  posterior_explained_by_snp   dropped_trait  lead_snp
1                         NA ENSG00000043514 rs7542907
[1] "LEAD INDEX"
[1] 7
[1] "GENE"
[1] "ENSG00000123080"
Harmonising fat_distr (fat_distr) and Outcome (Outcome)
Harmonising fat_distr (fat_distr) and Outcome (Outcome)
[1] 200
[1] 200
  iteration                    traits posterior_prob regional_prob
1         1 iradjbmi, ENSG00000123080         0.9135        0.9888
  candidate_snp posterior_explained_by_snp dropped_trait   lead_snp
1     rs2095864                     0.1302            NA rs12088739
[1] "LEAD INDEX"
[1] 8
[1] "LEAD INDEX"
[1] 9
[1] "LEAD INDEX"
[1] 10
[1] "LEAD INDEX"
[1] 11
[1] "GENE"
[1] "ENSG00000163113"
[1] "GENE"
[1] "ENSG00000159164"
Harmonising fat_distr (fat_distr) and Outcome (Outcome)
Harmonising fat_distr (fat_distr) and Outcome (Outcome)
[1] 131
[1] 131
  iteration traits posterior_prob regional_prob candidate_snp
1         1   None             NA        0.1635            NA
  posterior_explained_by_snp dropped_trait   lead_snp
1                         NA      iradjbmi rs17643644
[1] "LEAD INDEX"
[1] 12
[1] "GENE"
[1] "ENSG00000143437"
Harmonising fat_distr (fat_distr) and Outcome (Outcome)
Harmonising fat_distr (fat_distr) and Outcome (Outcome)
[1] 293
[1] 293
  iteration traits posterior_prob regional_prob candidate_snp
1         1   None             NA        0.0456            NA
  posterior_explained_by_snp   dropped_trait  lead_snp
1                         NA ENSG00000143437 rs2055975
[1] "LEAD INDEX"
[1] 13
[1] "GENE"
[1] "ENSG00000143545"
Harmonising fat_distr (fat_distr) and Outcome (Outcome)
Harmonising fat_distr (fat_distr) and Outcome (Outcome)
[1] 312
[1] 312
  iteration traits posterior_prob regional_prob candidate_snp
1         1   None             NA        0.0039            NA
  posterior_explained_by_snp dropped_trait   lead_snp
1                         NA      iradjbmi rs11264886
[1] "GENE"
[1] "ENSG00000143545"
Harmonising fat_distr (fat_distr) and Outcome (Outcome)
Harmonising fat_distr (fat_distr) and Outcome (Outcome)
[1] 312
[1] 312
  iteration traits posterior_prob regional_prob candidate_snp
1         1   None             NA        0.0039            NA
  posterior_explained_by_snp dropped_trait   lead_snp
1                         NA      iradjbmi rs11264886
[1] "GENE"
[1] "ENSG00000143578"
Harmonising fat_distr (fat_distr) and Outcome (Outcome)
Harmonising fat_distr (fat_distr) and Outcome (Outcome)
[1] 312
[1] 312
  iteration traits posterior_prob regional_prob candidate_snp
1         1   None             NA        0.1063            NA
  posterior_explained_by_snp   dropped_trait   lead_snp
1                         NA ENSG00000143578 rs11264886
[1] "GENE"
[1] "ENSG00000284738"
Harmonising fat_distr (fat_distr) and Outcome (Outcome)
Harmonising fat_distr (fat_distr) and Outcome (Outcome)
[1] 312
[1] 312
  iteration traits posterior_prob regional_prob candidate_snp
1         1   None             NA        0.0072            NA
  posterior_explained_by_snp dropped_trait   lead_snp
1                         NA      iradjbmi rs11264886
[1] "GENE"
[1] "ENSG00000143545"
Harmonising fat_distr (fat_distr) and Outcome (Outcome)
Harmonising fat_distr (fat_distr) and Outcome (Outcome)
[1] 312
[1] 312
  iteration traits posterior_prob regional_prob candidate_snp
1         1   None             NA        0.0039            NA
  posterior_explained_by_snp dropped_trait   lead_snp
1                         NA      iradjbmi rs11264886
[1] "GENE"
[1] "ENSG00000143570"
Harmonising fat_distr (fat_distr) and Outcome (Outcome)
Harmonising fat_distr (fat_distr) and Outcome (Outcome)
[1] 312
[1] 312
  iteration                    traits posterior_prob regional_prob
1         1 iradjbmi, ENSG00000143570         0.8024        0.9367
  candidate_snp posterior_explained_by_snp dropped_trait   lead_snp
1     rs6672856                     0.1681            NA rs11264886
[1] "GENE"
[1] "ENSG00000160741"
Harmonising fat_distr (fat_distr) and Outcome (Outcome)
Harmonising fat_distr (fat_distr) and Outcome (Outcome)
[1] 312
[1] 312
  iteration                    traits posterior_prob regional_prob
1         1 iradjbmi, ENSG00000160741         0.6095        0.8597
  candidate_snp posterior_explained_by_snp dropped_trait   lead_snp
1    rs12403956                     0.0973            NA rs11264886
[1] "GENE"
[1] "ENSG00000143612"
Harmonising fat_distr (fat_distr) and Outcome (Outcome)
Harmonising fat_distr (fat_distr) and Outcome (Outcome)
[1] 312
[1] 312
  iteration traits posterior_prob regional_prob candidate_snp
1         1   None             NA        0.0085            NA
  posterior_explained_by_snp dropped_trait   lead_snp
1                         NA      iradjbmi rs11264886
[1] "LEAD INDEX"
[1] 14
[1] "GENE"
[1] "ENSG00000230630"
Harmonising fat_distr (fat_distr) and Outcome (Outcome)
Harmonising fat_distr (fat_distr) and Outcome (Outcome)
[1] 380
[1] 380
  iteration traits posterior_prob regional_prob candidate_snp
1         1   None             NA        0.0042            NA
  posterior_explained_by_snp dropped_trait  lead_snp
1                         NA      iradjbmi rs9425592
[1] "GENE"
[1] "ENSG00000135845"
Harmonising fat_distr (fat_distr) and Outcome (Outcome)
Harmonising fat_distr (fat_distr) and Outcome (Outcome)
[1] 380
[1] 380
  iteration traits posterior_prob regional_prob candidate_snp
1         1   None             NA        0.0843            NA
  posterior_explained_by_snp   dropped_trait  lead_snp
1                         NA ENSG00000135845 rs9425592
[1] "GENE"
[1] "ENSG00000135845"
Harmonising fat_distr (fat_distr) and Outcome (Outcome)
Harmonising fat_distr (fat_distr) and Outcome (Outcome)
[1] 380
[1] 380
  iteration traits posterior_prob regional_prob candidate_snp
1         1   None             NA        0.0843            NA
  posterior_explained_by_snp   dropped_trait  lead_snp
1                         NA ENSG00000135845 rs9425592
[1] "LEAD INDEX"
[1] 15
[1] "LEAD INDEX"
[1] 16
[1] "GENE"
[1] "ENSG00000058668"
Harmonising fat_distr (fat_distr) and Outcome (Outcome)
Harmonising fat_distr (fat_distr) and Outcome (Outcome)
[1] 454
[1] 454
  iteration traits posterior_prob regional_prob candidate_snp
1         1   None             NA        0.0034            NA
  posterior_explained_by_snp dropped_trait  lead_snp
1                         NA      iradjbmi rs6670438
[1] "LEAD INDEX"
[1] 17
[1] "GENE"
[1] "ENSG00000133059"
Harmonising fat_distr (fat_distr) and Outcome (Outcome)
Harmonising fat_distr (fat_distr) and Outcome (Outcome)
[1] 591
[1] 591
  iteration traits posterior_prob regional_prob candidate_snp
1         1   None             NA        0.2405            NA
  posterior_explained_by_snp   dropped_trait   lead_snp
1                         NA ENSG00000133059 rs11240358
[1] "GENE"
[1] "ENSG00000163545"
Harmonising fat_distr (fat_distr) and Outcome (Outcome)
Harmonising fat_distr (fat_distr) and Outcome (Outcome)
[1] 591
[1] 591
  iteration traits posterior_prob regional_prob candidate_snp
1         1   None             NA         0.076            NA
  posterior_explained_by_snp   dropped_trait   lead_snp
1                         NA ENSG00000163545 rs11240358
[1] "GENE"
[1] "ENSG00000117222"
Harmonising fat_distr (fat_distr) and Outcome (Outcome)
Harmonising fat_distr (fat_distr) and Outcome (Outcome)
[1] 591
[1] 591
  iteration                    traits posterior_prob regional_prob
1         1 iradjbmi, ENSG00000117222         0.8857        0.9419
  candidate_snp posterior_explained_by_snp dropped_trait   lead_snp
1     rs2369633                     0.3837            NA rs11240358
[1] "LEAD INDEX"
[1] 18
[1] "GENE"
[1] "ENSG00000228536"
Harmonising fat_distr (fat_distr) and Outcome (Outcome)
Harmonising fat_distr (fat_distr) and Outcome (Outcome)
[1] 428
[1] 428
  iteration traits posterior_prob regional_prob candidate_snp
1         1   None             NA        0.0071            NA
  posterior_explained_by_snp dropped_trait   lead_snp
1                         NA      iradjbmi rs12025363
[1] "GENE"
[1] "ENSG00000230024"
[1] "LEAD INDEX"
[1] 19
[1] "LEAD INDEX"
[1] 20
[1] "LEAD INDEX"
[1] 21
[1] "LEAD INDEX"
[1] 22
[1] "LEAD INDEX"
[1] 23
[1] "CHROMOSOME"
[1] 2
[1] "LEAD INDEX"
[1] 1
[1] "LEAD INDEX"
[1] 2
[1] "LEAD INDEX"
[1] 3
[1] "LEAD INDEX"
[1] 4
[1] "LEAD INDEX"
[1] 5
[1] "GENE"
[1] "ENSG00000115221"
Harmonising fat_distr (fat_distr) and Outcome (Outcome)
Harmonising fat_distr (fat_distr) and Outcome (Outcome)
[1] 403
[1] 403
  iteration traits posterior_prob regional_prob candidate_snp
1         1   None             NA        0.0023            NA
  posterior_explained_by_snp dropped_trait   lead_snp
1                         NA      iradjbmi rs10181181
[1] "GENE"
[1] "ENSG00000285373"
Harmonising fat_distr (fat_distr) and Outcome (Outcome)
Harmonising fat_distr (fat_distr) and Outcome (Outcome)
[1] 403
[1] 403
  iteration                    traits posterior_prob regional_prob
1         1 iradjbmi, ENSG00000285373         0.9494        0.9582
  candidate_snp posterior_explained_by_snp dropped_trait   lead_snp
1    rs10181181                          1            NA rs10181181
[1] "LEAD INDEX"
[1] 6
[1] "GENE"
[1] "ENSG00000118004"
Harmonising fat_distr (fat_distr) and Outcome (Outcome)
Harmonising fat_distr (fat_distr) and Outcome (Outcome)
[1] 546
[1] 546
  iteration traits posterior_prob regional_prob candidate_snp
1         1   None             NA        0.0125            NA
  posterior_explained_by_snp   dropped_trait  lead_snp
1                         NA ENSG00000118004 rs3820897
[1] "GENE"
[1] "ENSG00000151360"
[1] "LEAD INDEX"
[1] 7
[1] "LEAD INDEX"
[1] 8
[1] "LEAD INDEX"
[1] 9
[1] "LEAD INDEX"
[1] 10
[1] "GENE"
[1] "ENSG00000138039"
[1] "LEAD INDEX"
[1] 11
[1] "GENE"
[1] "ENSG00000011523"
Harmonising fat_distr (fat_distr) and Outcome (Outcome)
Harmonising fat_distr (fat_distr) and Outcome (Outcome)
[1] 401
[1] 401
  iteration                    traits posterior_prob regional_prob
1         1 iradjbmi, ENSG00000011523         0.9854             1
  candidate_snp posterior_explained_by_snp dropped_trait  lead_snp
1     rs1009358                          1            NA rs2252867
[1] "GENE"
[1] "ENSG00000011523"
Harmonising fat_distr (fat_distr) and Outcome (Outcome)
Harmonising fat_distr (fat_distr) and Outcome (Outcome)
[1] 401
[1] 401
  iteration                    traits posterior_prob regional_prob
1         1 iradjbmi, ENSG00000011523         0.9854             1
  candidate_snp posterior_explained_by_snp dropped_trait  lead_snp
1     rs1009358                          1            NA rs2252867
[1] "GENE"
[1] "ENSG00000011523"
Harmonising fat_distr (fat_distr) and Outcome (Outcome)
Harmonising fat_distr (fat_distr) and Outcome (Outcome)
[1] 401
[1] 401
  iteration                    traits posterior_prob regional_prob
1         1 iradjbmi, ENSG00000011523         0.9854             1
  candidate_snp posterior_explained_by_snp dropped_trait  lead_snp
1     rs1009358                          1            NA rs2252867
[1] "GENE"
[1] "ENSG00000237638"
Harmonising fat_distr (fat_distr) and Outcome (Outcome)
Harmonising fat_distr (fat_distr) and Outcome (Outcome)
[1] 401
[1] 401
  iteration traits posterior_prob regional_prob candidate_snp
1         1   None             NA        0.0013            NA
  posterior_explained_by_snp   dropped_trait  lead_snp
1                         NA ENSG00000237638 rs2252867
[1] "GENE"
[1] "ENSG00000011523"
Harmonising fat_distr (fat_distr) and Outcome (Outcome)
Harmonising fat_distr (fat_distr) and Outcome (Outcome)
[1] 401
[1] 401
  iteration                    traits posterior_prob regional_prob
1         1 iradjbmi, ENSG00000011523         0.9854             1
  candidate_snp posterior_explained_by_snp dropped_trait  lead_snp
1     rs1009358                          1            NA rs2252867
[1] "LEAD INDEX"
[1] 12
[1] "GENE"
[1] "ENSG00000204581"
Harmonising fat_distr (fat_distr) and Outcome (Outcome)
Harmonising fat_distr (fat_distr) and Outcome (Outcome)
[1] 309
[1] 309
  iteration                    traits posterior_prob regional_prob
1         1 iradjbmi, ENSG00000204581         0.9548        0.9795
  candidate_snp posterior_explained_by_snp dropped_trait   lead_snp
1    rs17041868                     0.4759            NA rs17041868
[1] "LEAD INDEX"
[1] 13
[1] "GENE"
[1] "ENSG00000204581"
Harmonising fat_distr (fat_distr) and Outcome (Outcome)
Harmonising fat_distr (fat_distr) and Outcome (Outcome)
[1] 319
[1] 319
  iteration                    traits posterior_prob regional_prob
1         1 iradjbmi, ENSG00000204581         0.9548        0.9795
  candidate_snp posterior_explained_by_snp dropped_trait   lead_snp
1    rs17041868                     0.4759            NA rs13405741
[1] "GENE"
[1] "ENSG00000153093"
Harmonising fat_distr (fat_distr) and Outcome (Outcome)
Harmonising fat_distr (fat_distr) and Outcome (Outcome)
[1] 319
[1] 319
  iteration traits posterior_prob regional_prob candidate_snp
1         1   None             NA        0.0095            NA
  posterior_explained_by_snp   dropped_trait   lead_snp
1                         NA ENSG00000153093 rs13405741
[1] "LEAD INDEX"
[1] 14
[1] "LEAD INDEX"
[1] 15
[1] "GENE"
[1] "ENSG00000115290"
Harmonising fat_distr (fat_distr) and Outcome (Outcome)
Harmonising fat_distr (fat_distr) and Outcome (Outcome)
[1] 337
[1] 337
  iteration                    traits posterior_prob regional_prob
1         1 iradjbmi, ENSG00000115290         0.4301        0.5989
  candidate_snp posterior_explained_by_snp dropped_trait   lead_snp
1     rs1128249                     0.6217            NA rs13027837
[1] "LEAD INDEX"
[1] 16
[1] "GENE"
[1] "ENSG00000082438"
Harmonising fat_distr (fat_distr) and Outcome (Outcome)
Harmonising fat_distr (fat_distr) and Outcome (Outcome)
[1] 345
[1] 345
  iteration traits posterior_prob regional_prob candidate_snp
1         1   None             NA        0.0063            NA
  posterior_explained_by_snp dropped_trait  lead_snp
1                         NA      iradjbmi rs1128249
[1] "GENE"
[1] "ENSG00000115290"
Harmonising fat_distr (fat_distr) and Outcome (Outcome)
Harmonising fat_distr (fat_distr) and Outcome (Outcome)
[1] 345
[1] 345
  iteration                    traits posterior_prob regional_prob
1         1 iradjbmi, ENSG00000115290         0.4306        0.5989
  candidate_snp posterior_explained_by_snp dropped_trait  lead_snp
1     rs1128249                     0.6217            NA rs1128249
[1] "LEAD INDEX"
[1] 17
[1] "GENE"
[1] "ENSG00000074582"
Harmonising fat_distr (fat_distr) and Outcome (Outcome)
Harmonising fat_distr (fat_distr) and Outcome (Outcome)
[1] 367
[1] 367
  iteration traits posterior_prob regional_prob candidate_snp
1         1   None             NA        0.0089            NA
  posterior_explained_by_snp dropped_trait  lead_snp
1                         NA      iradjbmi rs4674343
[1] "GENE"
[1] "ENSG00000135929"
Harmonising fat_distr (fat_distr) and Outcome (Outcome)
Harmonising fat_distr (fat_distr) and Outcome (Outcome)
[1] 367
[1] 367
  iteration traits posterior_prob regional_prob candidate_snp
1         1   None             NA        0.0041            NA
  posterior_explained_by_snp dropped_trait  lead_snp
1                         NA      iradjbmi rs4674343
[1] "LEAD INDEX"
[1] 18
[1] "GENE"
[1] "ENSG00000272622"
Harmonising fat_distr (fat_distr) and Outcome (Outcome)
Harmonising fat_distr (fat_distr) and Outcome (Outcome)
[1] 359
[1] 359
  iteration traits posterior_prob regional_prob candidate_snp
1         1   None             NA        0.0054            NA
  posterior_explained_by_snp dropped_trait  lead_snp
1                         NA      iradjbmi rs2943646
[1] "GENE"
[1] "ENSG00000169047"
Harmonising fat_distr (fat_distr) and Outcome (Outcome)
Harmonising fat_distr (fat_distr) and Outcome (Outcome)
[1] 359
[1] 359
  iteration traits posterior_prob regional_prob candidate_snp
1         1   None             NA        0.0119            NA
  posterior_explained_by_snp dropped_trait  lead_snp
1                         NA      iradjbmi rs2943646
[1] "GENE"
[1] "ENSG00000261379"
Harmonising fat_distr (fat_distr) and Outcome (Outcome)
Harmonising fat_distr (fat_distr) and Outcome (Outcome)
[1] 356
[1] 356
  iteration traits posterior_prob regional_prob candidate_snp
1         1   None             NA         0.007            NA
  posterior_explained_by_snp dropped_trait  lead_snp
1                         NA      iradjbmi rs2943646
[1] "GENE"
[1] "ENSG00000272622"
Harmonising fat_distr (fat_distr) and Outcome (Outcome)
Harmonising fat_distr (fat_distr) and Outcome (Outcome)
[1] 359
[1] 359
  iteration traits posterior_prob regional_prob candidate_snp
1         1   None             NA        0.0054            NA
  posterior_explained_by_snp dropped_trait  lead_snp
1                         NA      iradjbmi rs2943646
[1] "GENE"
[1] "ENSG00000169047"
Harmonising fat_distr (fat_distr) and Outcome (Outcome)
Harmonising fat_distr (fat_distr) and Outcome (Outcome)
[1] 359
[1] 359
  iteration traits posterior_prob regional_prob candidate_snp
1         1   None             NA        0.0119            NA
  posterior_explained_by_snp dropped_trait  lead_snp
1                         NA      iradjbmi rs2943646
[1] "GENE"
[1] "ENSG00000261379"
Harmonising fat_distr (fat_distr) and Outcome (Outcome)
Harmonising fat_distr (fat_distr) and Outcome (Outcome)
[1] 356
[1] 356
  iteration traits posterior_prob regional_prob candidate_snp
1         1   None             NA         0.007            NA
  posterior_explained_by_snp dropped_trait  lead_snp
1                         NA      iradjbmi rs2943646
[1] "GENE"
[1] "ENSG00000261379"
Harmonising fat_distr (fat_distr) and Outcome (Outcome)
Harmonising fat_distr (fat_distr) and Outcome (Outcome)
[1] 356
[1] 356
  iteration traits posterior_prob regional_prob candidate_snp
1         1   None             NA         0.007            NA
  posterior_explained_by_snp dropped_trait  lead_snp
1                         NA      iradjbmi rs2943646
[1] "GENE"
[1] "ENSG00000169047"
Harmonising fat_distr (fat_distr) and Outcome (Outcome)
Harmonising fat_distr (fat_distr) and Outcome (Outcome)
[1] 359
[1] 359
  iteration traits posterior_prob regional_prob candidate_snp
1         1   None             NA        0.0119            NA
  posterior_explained_by_snp dropped_trait  lead_snp
1                         NA      iradjbmi rs2943646
[1] "LEAD INDEX"
[1] 19
[1] "LEAD INDEX"
[1] 20
[1] "CHROMOSOME"
[1] 3
[1] "LEAD INDEX"
[1] 1
[1] "LEAD INDEX"
[1] 2
[1] "LEAD INDEX"
[1] 3
[1] "LEAD INDEX"
[1] 4
[1] "LEAD INDEX"
[1] 5
[1] "LEAD INDEX"
[1] 6
[1] "LEAD INDEX"
[1] 7
[1] "LEAD INDEX"
[1] 8
[1] "GENE"
[1] "ENSG00000169814"
Harmonising fat_distr (fat_distr) and Outcome (Outcome)
Harmonising fat_distr (fat_distr) and Outcome (Outcome)
[1] 386
[1] 386
  iteration                    traits posterior_prob regional_prob
1         1 iradjbmi, ENSG00000169814         0.9019        0.9968
  candidate_snp posterior_explained_by_snp dropped_trait  lead_snp
1      rs924814                     0.9668            NA rs2455853
[1] "GENE"
[1] "ENSG00000286689"
Harmonising fat_distr (fat_distr) and Outcome (Outcome)
Harmonising fat_distr (fat_distr) and Outcome (Outcome)
[1] 386
[1] 386
  iteration traits posterior_prob regional_prob candidate_snp
1         1   None             NA         1e-04            NA
  posterior_explained_by_snp   dropped_trait  lead_snp
1                         NA ENSG00000286689 rs2455853
[1] "LEAD INDEX"
[1] 9
[1] "GENE"
[1] "ENSG00000151090"
Harmonising fat_distr (fat_distr) and Outcome (Outcome)
Harmonising fat_distr (fat_distr) and Outcome (Outcome)
[1] 504
[1] 504
  iteration traits posterior_prob regional_prob candidate_snp
1         1   None             NA        0.0048            NA
  posterior_explained_by_snp dropped_trait  lead_snp
1                         NA      iradjbmi rs2044756
[1] "LEAD INDEX"
[1] 10
[1] "GENE"
[1] "ENSG00000145020"
Harmonising fat_distr (fat_distr) and Outcome (Outcome)
Harmonising fat_distr (fat_distr) and Outcome (Outcome)
[1] 240
[1] 240
  iteration traits posterior_prob regional_prob candidate_snp
1         1   None             NA        0.9029            NA
  posterior_explained_by_snp dropped_trait   lead_snp
1                         NA      iradjbmi rs13316065
[1] "GENE"
[1] "ENSG00000164068"
Harmonising fat_distr (fat_distr) and Outcome (Outcome)
Harmonising fat_distr (fat_distr) and Outcome (Outcome)
[1] 240
[1] 240
  iteration traits posterior_prob regional_prob candidate_snp
1         1   None             NA        0.8718            NA
  posterior_explained_by_snp   dropped_trait   lead_snp
1                         NA ENSG00000164068 rs13316065
[1] "GENE"
[1] "ENSG00000164068"
Harmonising fat_distr (fat_distr) and Outcome (Outcome)
Harmonising fat_distr (fat_distr) and Outcome (Outcome)
[1] 240
[1] 240
  iteration traits posterior_prob regional_prob candidate_snp
1         1   None             NA        0.8718            NA
  posterior_explained_by_snp   dropped_trait   lead_snp
1                         NA ENSG00000164068 rs13316065
[1] "GENE"
[1] "ENSG00000182179"
Harmonising fat_distr (fat_distr) and Outcome (Outcome)
Harmonising fat_distr (fat_distr) and Outcome (Outcome)
[1] 240
[1] 240
  iteration traits posterior_prob regional_prob candidate_snp
1         1   None             NA        0.9961            NA
  posterior_explained_by_snp dropped_trait   lead_snp
1                         NA      iradjbmi rs13316065
[1] "GENE"
[1] "ENSG00000173402"
Harmonising fat_distr (fat_distr) and Outcome (Outcome)
Harmonising fat_distr (fat_distr) and Outcome (Outcome)
[1] 240
[1] 240
  iteration traits posterior_prob regional_prob candidate_snp
1         1   None             NA        0.0027            NA
  posterior_explained_by_snp dropped_trait   lead_snp
1                         NA      iradjbmi rs13316065
[1] "GENE"
[1] "ENSG00000164068"
Harmonising fat_distr (fat_distr) and Outcome (Outcome)
Harmonising fat_distr (fat_distr) and Outcome (Outcome)
[1] 240
[1] 240
  iteration traits posterior_prob regional_prob candidate_snp
1         1   None             NA        0.8718            NA
  posterior_explained_by_snp   dropped_trait   lead_snp
1                         NA ENSG00000164068 rs13316065
[1] "LEAD INDEX"
[1] 11
[1] "GENE"
[1] "ENSG00000010318"
Harmonising fat_distr (fat_distr) and Outcome (Outcome)
Harmonising fat_distr (fat_distr) and Outcome (Outcome)
[1] 337
[1] 337
  iteration traits posterior_prob regional_prob candidate_snp
1         1   None             NA        0.0094            NA
  posterior_explained_by_snp dropped_trait   lead_snp
1                         NA      iradjbmi rs17052061
[1] "GENE"
[1] "ENSG00000168237"
Harmonising fat_distr (fat_distr) and Outcome (Outcome)
Harmonising fat_distr (fat_distr) and Outcome (Outcome)
[1] 337
[1] 337
  iteration traits posterior_prob regional_prob candidate_snp
1         1   None             NA        0.0055            NA
  posterior_explained_by_snp dropped_trait   lead_snp
1                         NA      iradjbmi rs17052061
[1] "GENE"
[1] "ENSG00000010322"
Harmonising fat_distr (fat_distr) and Outcome (Outcome)
Harmonising fat_distr (fat_distr) and Outcome (Outcome)
[1] 337
[1] 337
  iteration traits posterior_prob regional_prob candidate_snp
1         1   None             NA        0.0188            NA
  posterior_explained_by_snp dropped_trait   lead_snp
1                         NA      iradjbmi rs17052061
[1] "GENE"
[1] "ENSG00000010319"
Harmonising fat_distr (fat_distr) and Outcome (Outcome)
Harmonising fat_distr (fat_distr) and Outcome (Outcome)
[1] 337
[1] 337
  iteration traits posterior_prob regional_prob candidate_snp
1         1   None             NA        0.0075            NA
  posterior_explained_by_snp dropped_trait   lead_snp
1                         NA      iradjbmi rs17052061
[1] "GENE"
[1] "ENSG00000010319"
Harmonising fat_distr (fat_distr) and Outcome (Outcome)
Harmonising fat_distr (fat_distr) and Outcome (Outcome)
[1] 337
[1] 337
  iteration traits posterior_prob regional_prob candidate_snp
1         1   None             NA        0.0075            NA
  posterior_explained_by_snp dropped_trait   lead_snp
1                         NA      iradjbmi rs17052061
[1] "GENE"
[1] "ENSG00000010322"
Harmonising fat_distr (fat_distr) and Outcome (Outcome)
Harmonising fat_distr (fat_distr) and Outcome (Outcome)
[1] 337
[1] 337
  iteration traits posterior_prob regional_prob candidate_snp
1         1   None             NA        0.0188            NA
  posterior_explained_by_snp dropped_trait   lead_snp
1                         NA      iradjbmi rs17052061
[1] "LEAD INDEX"
[1] 12
[1] "LEAD INDEX"
[1] 13
[1] "GENE"
[1] "ENSG00000174579"
Harmonising fat_distr (fat_distr) and Outcome (Outcome)
Harmonising fat_distr (fat_distr) and Outcome (Outcome)
[1] 274
[1] 274
  iteration traits posterior_prob regional_prob candidate_snp
1         1   None             NA        0.0043            NA
  posterior_explained_by_snp dropped_trait lead_snp
1                         NA      iradjbmi rs645040
[1] "LEAD INDEX"
[1] 14
[1] "CHROMOSOME"
[1] 4
[1] "LEAD INDEX"
[1] 1
[1] "LEAD INDEX"
[1] 2
[1] "LEAD INDEX"
[1] 3
[1] "GENE"
[1] "ENSG00000127415"
Harmonising fat_distr (fat_distr) and Outcome (Outcome)
Harmonising fat_distr (fat_distr) and Outcome (Outcome)
[1] 391
[1] 391
  iteration                    traits posterior_prob regional_prob
1         1 iradjbmi, ENSG00000127415          0.866        0.9952
  candidate_snp posterior_explained_by_snp dropped_trait   lead_snp
1    rs11724804                     0.8044            NA rs11724804
[1] "GENE"
[1] "ENSG00000145214"
Harmonising fat_distr (fat_distr) and Outcome (Outcome)
Harmonising fat_distr (fat_distr) and Outcome (Outcome)
[1] 391
[1] 391
  iteration traits posterior_prob regional_prob candidate_snp
1         1   None             NA        0.0925            NA
  posterior_explained_by_snp   dropped_trait   lead_snp
1                         NA ENSG00000145214 rs11724804
[1] "GENE"
[1] "ENSG00000127415"
Harmonising fat_distr (fat_distr) and Outcome (Outcome)
Harmonising fat_distr (fat_distr) and Outcome (Outcome)
[1] 391
[1] 391
  iteration                    traits posterior_prob regional_prob
1         1 iradjbmi, ENSG00000127415          0.866        0.9952
  candidate_snp posterior_explained_by_snp dropped_trait   lead_snp
1    rs11724804                     0.8044            NA rs11724804
[1] "GENE"
[1] "ENSG00000127415"
Harmonising fat_distr (fat_distr) and Outcome (Outcome)
Harmonising fat_distr (fat_distr) and Outcome (Outcome)
[1] 391
[1] 391
  iteration                    traits posterior_prob regional_prob
1         1 iradjbmi, ENSG00000127415          0.866        0.9952
  candidate_snp posterior_explained_by_snp dropped_trait   lead_snp
1    rs11724804                     0.8044            NA rs11724804
[1] "LEAD INDEX"
[1] 4
[1] "GENE"
[1] "ENSG00000188981"
Harmonising fat_distr (fat_distr) and Outcome (Outcome)
Harmonising fat_distr (fat_distr) and Outcome (Outcome)
[1] 358
[1] 358
  iteration traits posterior_prob regional_prob candidate_snp
1         1   None             NA        0.8561            NA
  posterior_explained_by_snp   dropped_trait lead_snp
1                         NA ENSG00000188981 rs363066
[1] "LEAD INDEX"
[1] 5
[1] "GENE"
[1] "ENSG00000159788"
Harmonising fat_distr (fat_distr) and Outcome (Outcome)
Harmonising fat_distr (fat_distr) and Outcome (Outcome)
[1] 327
[1] 327
  iteration traits posterior_prob regional_prob candidate_snp
1         1   None             NA        0.0064            NA
  posterior_explained_by_snp dropped_trait   lead_snp
1                         NA      iradjbmi rs10027926
[1] "LEAD INDEX"
[1] 6
[1] "GENE"
[1] "ENSG00000163132"
Harmonising fat_distr (fat_distr) and Outcome (Outcome)
Harmonising fat_distr (fat_distr) and Outcome (Outcome)
[1] 573
[1] 573
  iteration traits posterior_prob regional_prob candidate_snp
1         1   None             NA        0.0025            NA
  posterior_explained_by_snp   dropped_trait  lead_snp
1                         NA ENSG00000163132 rs4450871
[1] "LEAD INDEX"
[1] 7
[1] "GENE"
[1] "ENSG00000163257"
Harmonising fat_distr (fat_distr) and Outcome (Outcome)
Harmonising fat_distr (fat_distr) and Outcome (Outcome)
[1] 302
[1] 302
  iteration traits posterior_prob regional_prob candidate_snp
1         1   None             NA        0.6394            NA
  posterior_explained_by_snp dropped_trait  lead_snp
1                         NA      iradjbmi rs7694806
[1] "LEAD INDEX"
[1] 8
[1] "LEAD INDEX"
[1] 9
[1] "LEAD INDEX"
[1] 10
[1] "GENE"
[1] "ENSG00000138640"
Harmonising fat_distr (fat_distr) and Outcome (Outcome)
Harmonising fat_distr (fat_distr) and Outcome (Outcome)
[1] 413
[1] 413
  iteration traits posterior_prob regional_prob candidate_snp
1         1   None             NA         0.146            NA
  posterior_explained_by_snp dropped_trait  lead_snp
1                         NA      iradjbmi rs9991328
[1] "GENE"
[1] "ENSG00000138640"
Harmonising fat_distr (fat_distr) and Outcome (Outcome)
Harmonising fat_distr (fat_distr) and Outcome (Outcome)
[1] 413
[1] 413
  iteration traits posterior_prob regional_prob candidate_snp
1         1   None             NA         0.146            NA
  posterior_explained_by_snp dropped_trait  lead_snp
1                         NA      iradjbmi rs9991328
[1] "LEAD INDEX"
[1] 11
[1] "GENE"
[1] "ENSG00000145431"
Harmonising fat_distr (fat_distr) and Outcome (Outcome)
Harmonising fat_distr (fat_distr) and Outcome (Outcome)
[1] 372
[1] 372
  iteration traits posterior_prob regional_prob candidate_snp
1         1   None             NA        0.0042            NA
  posterior_explained_by_snp dropped_trait  lead_snp
1                         NA      iradjbmi rs1425486
[1] "GENE"
[1] "ENSG00000145431"
Harmonising fat_distr (fat_distr) and Outcome (Outcome)
Harmonising fat_distr (fat_distr) and Outcome (Outcome)
[1] 372
[1] 372
  iteration traits posterior_prob regional_prob candidate_snp
1         1   None             NA        0.0042            NA
  posterior_explained_by_snp dropped_trait  lead_snp
1                         NA      iradjbmi rs1425486
[1] "CHROMOSOME"
[1] 5
[1] "LEAD INDEX"
[1] 1
[1] "LEAD INDEX"
[1] 2
[1] "LEAD INDEX"
[1] 3
[1] "GENE"
[1] "ENSG00000245937"
Harmonising fat_distr (fat_distr) and Outcome (Outcome)
Harmonising fat_distr (fat_distr) and Outcome (Outcome)
[1] 352
[1] 352
  iteration                    traits posterior_prob regional_prob
1         1 iradjbmi, ENSG00000245937         0.9801        0.9934
  candidate_snp posterior_explained_by_snp dropped_trait   lead_snp
1     rs3749748                     0.7327            NA rs17764730
[1] "GENE"
[1] "ENSG00000245937"
Harmonising fat_distr (fat_distr) and Outcome (Outcome)
Harmonising fat_distr (fat_distr) and Outcome (Outcome)
[1] 352
[1] 352
  iteration                    traits posterior_prob regional_prob
1         1 iradjbmi, ENSG00000245937         0.9801        0.9934
  candidate_snp posterior_explained_by_snp dropped_trait   lead_snp
1     rs3749748                     0.7327            NA rs17764730
[1] "GENE"
[1] "ENSG00000245937"
Harmonising fat_distr (fat_distr) and Outcome (Outcome)
Harmonising fat_distr (fat_distr) and Outcome (Outcome)
[1] 352
[1] 352
  iteration                    traits posterior_prob regional_prob
1         1 iradjbmi, ENSG00000245937         0.9801        0.9934
  candidate_snp posterior_explained_by_snp dropped_trait   lead_snp
1     rs3749748                     0.7327            NA rs17764730
[1] "GENE"
[1] "ENSG00000245937"
Harmonising fat_distr (fat_distr) and Outcome (Outcome)
Harmonising fat_distr (fat_distr) and Outcome (Outcome)
[1] 352
[1] 352
  iteration                    traits posterior_prob regional_prob
1         1 iradjbmi, ENSG00000245937         0.9801        0.9934
  candidate_snp posterior_explained_by_snp dropped_trait   lead_snp
1     rs3749748                     0.7327            NA rs17764730
[1] "GENE"
[1] "ENSG00000064651"
Harmonising fat_distr (fat_distr) and Outcome (Outcome)
Harmonising fat_distr (fat_distr) and Outcome (Outcome)
[1] 352
[1] 352
  iteration traits posterior_prob regional_prob candidate_snp
1         1   None             NA         3e-04            NA
  posterior_explained_by_snp   dropped_trait   lead_snp
1                         NA ENSG00000064651 rs17764730
[1] "LEAD INDEX"
[1] 4
[1] "GENE"
[1] "ENSG00000131435"
Harmonising fat_distr (fat_distr) and Outcome (Outcome)
Harmonising fat_distr (fat_distr) and Outcome (Outcome)
[1] 395
[1] 395
  iteration traits posterior_prob regional_prob candidate_snp
1         1   None             NA        0.0051            NA
  posterior_explained_by_snp   dropped_trait   lead_snp
1                         NA ENSG00000131435 rs10479001
[1] "LEAD INDEX"
[1] 5
[1] "LEAD INDEX"
[1] 6
[1] "LEAD INDEX"
[1] 7
[1] "LEAD INDEX"
[1] 8
[1] "LEAD INDEX"
[1] 9
[1] "GENE"
[1] "ENSG00000155542"
Harmonising fat_distr (fat_distr) and Outcome (Outcome)
Harmonising fat_distr (fat_distr) and Outcome (Outcome)
[1] 494
[1] 494
  iteration traits posterior_prob regional_prob candidate_snp
1         1   None             NA        0.0851            NA
  posterior_explained_by_snp   dropped_trait lead_snp
1                         NA ENSG00000155542 rs702691
[1] "GENE"
[1] "ENSG00000155542"
Harmonising fat_distr (fat_distr) and Outcome (Outcome)
Harmonising fat_distr (fat_distr) and Outcome (Outcome)
[1] 494
[1] 494
  iteration traits posterior_prob regional_prob candidate_snp
1         1   None             NA        0.0851            NA
  posterior_explained_by_snp   dropped_trait lead_snp
1                         NA ENSG00000155542 rs702691
[1] "GENE"
[1] "ENSG00000155542"
Harmonising fat_distr (fat_distr) and Outcome (Outcome)
Harmonising fat_distr (fat_distr) and Outcome (Outcome)
[1] 494
[1] 494
  iteration traits posterior_prob regional_prob candidate_snp
1         1   None             NA        0.0851            NA
  posterior_explained_by_snp   dropped_trait lead_snp
1                         NA ENSG00000155542 rs702691
[1] "GENE"
[1] "ENSG00000271828"
Harmonising fat_distr (fat_distr) and Outcome (Outcome)
Harmonising fat_distr (fat_distr) and Outcome (Outcome)
[1] 494
[1] 494
  iteration traits posterior_prob regional_prob candidate_snp
1         1   None             NA        0.0266            NA
  posterior_explained_by_snp dropped_trait lead_snp
1                         NA      iradjbmi rs702691
[1] "LEAD INDEX"
[1] 10
[1] "LEAD INDEX"
[1] 11
[1] "LEAD INDEX"
[1] 12
[1] "LEAD INDEX"
[1] 13
[1] "GENE"
[1] "ENSG00000171444"
Harmonising fat_distr (fat_distr) and Outcome (Outcome)
Harmonising fat_distr (fat_distr) and Outcome (Outcome)
[1] 464
[1] 464
  iteration traits posterior_prob regional_prob candidate_snp
1         1   None             NA        0.0059            NA
  posterior_explained_by_snp   dropped_trait  lead_snp
1                         NA ENSG00000171444 rs7732198
[1] "GENE"
[1] "ENSG00000171444"
Harmonising fat_distr (fat_distr) and Outcome (Outcome)
Harmonising fat_distr (fat_distr) and Outcome (Outcome)
[1] 464
[1] 464
  iteration traits posterior_prob regional_prob candidate_snp
1         1   None             NA        0.0059            NA
  posterior_explained_by_snp   dropped_trait  lead_snp
1                         NA ENSG00000171444 rs7732198
[1] "GENE"
[1] "ENSG00000171444"
Harmonising fat_distr (fat_distr) and Outcome (Outcome)
Harmonising fat_distr (fat_distr) and Outcome (Outcome)
[1] 464
[1] 464
  iteration traits posterior_prob regional_prob candidate_snp
1         1   None             NA        0.0059            NA
  posterior_explained_by_snp   dropped_trait  lead_snp
1                         NA ENSG00000171444 rs7732198
[1] "GENE"
[1] "ENSG00000171444"
Harmonising fat_distr (fat_distr) and Outcome (Outcome)
Harmonising fat_distr (fat_distr) and Outcome (Outcome)
[1] 464
[1] 464
  iteration traits posterior_prob regional_prob candidate_snp
1         1   None             NA        0.0059            NA
  posterior_explained_by_snp   dropped_trait  lead_snp
1                         NA ENSG00000171444 rs7732198
[1] "LEAD INDEX"
[1] 14
[1] "GENE"
[1] "ENSG00000145779"
Harmonising fat_distr (fat_distr) and Outcome (Outcome)
Harmonising fat_distr (fat_distr) and Outcome (Outcome)
[1] 338
[1] 338
  iteration traits posterior_prob regional_prob candidate_snp
1         1   None             NA        0.0047            NA
  posterior_explained_by_snp dropped_trait  lead_snp
1                         NA      iradjbmi rs1045241
[1] "LEAD INDEX"
[1] 15
[1] "LEAD INDEX"
[1] 16
[1] "GENE"
[1] "ENSG00000170606"
Harmonising fat_distr (fat_distr) and Outcome (Outcome)
Harmonising fat_distr (fat_distr) and Outcome (Outcome)
[1] 421
[1] 421
  iteration                    traits posterior_prob regional_prob
1         1 iradjbmi, ENSG00000170606         0.9564        0.9999
  candidate_snp posterior_explained_by_snp dropped_trait lead_snp
1     rs4574536                     0.9958            NA  rs13718
[1] "GENE"
[1] "ENSG00000170606"
Harmonising fat_distr (fat_distr) and Outcome (Outcome)
Harmonising fat_distr (fat_distr) and Outcome (Outcome)
[1] 421
[1] 421
  iteration                    traits posterior_prob regional_prob
1         1 iradjbmi, ENSG00000170606         0.9564        0.9999
  candidate_snp posterior_explained_by_snp dropped_trait lead_snp
1     rs4574536                     0.9958            NA  rs13718
[1] "GENE"
[1] "ENSG00000170606"
Harmonising fat_distr (fat_distr) and Outcome (Outcome)
Harmonising fat_distr (fat_distr) and Outcome (Outcome)
[1] 421
[1] 421
  iteration                    traits posterior_prob regional_prob
1         1 iradjbmi, ENSG00000170606         0.9564        0.9999
  candidate_snp posterior_explained_by_snp dropped_trait lead_snp
1     rs4574536                     0.9958            NA  rs13718
[1] "LEAD INDEX"
[1] 17
[1] "LEAD INDEX"
[1] 18
[1] "GENE"
[1] "ENSG00000170091"
Harmonising fat_distr (fat_distr) and Outcome (Outcome)
Harmonising fat_distr (fat_distr) and Outcome (Outcome)
[1] 610
[1] 610
  iteration traits posterior_prob regional_prob candidate_snp
1         1   None             NA        0.4507            NA
  posterior_explained_by_snp dropped_trait lead_snp
1                         NA      iradjbmi rs747472
[1] "GENE"
[1] "ENSG00000113742"
Harmonising fat_distr (fat_distr) and Outcome (Outcome)
Harmonising fat_distr (fat_distr) and Outcome (Outcome)
[1] 610
[1] 610
  iteration traits posterior_prob regional_prob candidate_snp
1         1   None             NA        0.0057            NA
  posterior_explained_by_snp dropped_trait lead_snp
1                         NA      iradjbmi rs747472
[1] "GENE"
[1] "ENSG00000170091"
Harmonising fat_distr (fat_distr) and Outcome (Outcome)
Harmonising fat_distr (fat_distr) and Outcome (Outcome)
[1] 610
[1] 610
  iteration traits posterior_prob regional_prob candidate_snp
1         1   None             NA        0.4507            NA
  posterior_explained_by_snp dropped_trait lead_snp
1                         NA      iradjbmi rs747472
[1] "CHROMOSOME"
[1] 6
[1] "LEAD INDEX"
[1] 1
[1] "LEAD INDEX"
[1] 2
[1] "GENE"
[1] "ENSG00000288021"
Harmonising fat_distr (fat_distr) and Outcome (Outcome)
Harmonising fat_distr (fat_distr) and Outcome (Outcome)
[1] 314
[1] 314
  iteration                    traits posterior_prob regional_prob
1         1 iradjbmi, ENSG00000288021         0.7033        0.9667
  candidate_snp posterior_explained_by_snp dropped_trait  lead_snp
1     rs2484355                     0.9027            NA rs6454486
[1] "GENE"
[1] "ENSG00000203875"
Harmonising fat_distr (fat_distr) and Outcome (Outcome)
Harmonising fat_distr (fat_distr) and Outcome (Outcome)
[1] 314
[1] 314
  iteration                    traits posterior_prob regional_prob
1         1 iradjbmi, ENSG00000203875         0.7381        0.9717
  candidate_snp posterior_explained_by_snp dropped_trait  lead_snp
1     rs1059307                          1            NA rs6454486
[1] "LEAD INDEX"
[1] 3
[1] "GENE"
[1] "ENSG00000112531"
Harmonising fat_distr (fat_distr) and Outcome (Outcome)
Removing the following SNPs for incompatible alleles:
chr6:163294050
Harmonising fat_distr (fat_distr) and Outcome (Outcome)
[1] 532
[1] 532
  iteration traits posterior_prob regional_prob candidate_snp
1         1   None             NA        0.0044            NA
  posterior_explained_by_snp dropped_trait lead_snp
1                         NA      iradjbmi   rs9306
[1] "LEAD INDEX"
[1] 4
[1] "LEAD INDEX"
[1] 5
[1] "LEAD INDEX"
[1] 6
[1] "GENE"
[1] "ENSG00000112715"
Harmonising fat_distr (fat_distr) and Outcome (Outcome)
Harmonising fat_distr (fat_distr) and Outcome (Outcome)
[1] 447
[1] 447
  iteration traits posterior_prob regional_prob candidate_snp
1         1   None             NA        0.0027            NA
  posterior_explained_by_snp dropped_trait lead_snp
1                         NA      iradjbmi rs998584
[1] "LEAD INDEX"
[1] 7
[1] "LEAD INDEX"
[1] 8
[1] "LEAD INDEX"
[1] 9
[1] "GENE"
[1] "ENSG00000118690"
Harmonising fat_distr (fat_distr) and Outcome (Outcome)
Harmonising fat_distr (fat_distr) and Outcome (Outcome)
[1] 359
[1] 359
  iteration traits posterior_prob regional_prob candidate_snp
1         1   None             NA        0.1038            NA
  posterior_explained_by_snp dropped_trait  lead_snp
1                         NA      iradjbmi rs2806360
[1] "GENE"
[1] "ENSG00000118690"
Harmonising fat_distr (fat_distr) and Outcome (Outcome)
Harmonising fat_distr (fat_distr) and Outcome (Outcome)
[1] 359
[1] 359
  iteration traits posterior_prob regional_prob candidate_snp
1         1   None             NA        0.1038            NA
  posterior_explained_by_snp dropped_trait  lead_snp
1                         NA      iradjbmi rs2806360
[1] "LEAD INDEX"
[1] 10
[1] "LEAD INDEX"
[1] 11
[1] "LEAD INDEX"
[1] 12
[1] "GENE"
[1] "ENSG00000164442"
Harmonising fat_distr (fat_distr) and Outcome (Outcome)
Harmonising fat_distr (fat_distr) and Outcome (Outcome)
[1] 448
[1] 448
  iteration traits posterior_prob regional_prob candidate_snp
1         1   None             NA        0.0044            NA
  posterior_explained_by_snp dropped_trait lead_snp
1                         NA      iradjbmi rs634869
[1] "LEAD INDEX"
[1] 13
[1] "LEAD INDEX"
[1] 14
[1] "GENE"
[1] "ENSG00000197081"
Harmonising fat_distr (fat_distr) and Outcome (Outcome)
Harmonising fat_distr (fat_distr) and Outcome (Outcome)
[1] 554
[1] 554
  iteration traits posterior_prob regional_prob candidate_snp
1         1   None             NA        0.9999            NA
  posterior_explained_by_snp   dropped_trait   lead_snp
1                         NA ENSG00000197081 rs12202350
[1] "GENE"
[1] "ENSG00000197081"
Harmonising fat_distr (fat_distr) and Outcome (Outcome)
Harmonising fat_distr (fat_distr) and Outcome (Outcome)
[1] 554
[1] 554
  iteration traits posterior_prob regional_prob candidate_snp
1         1   None             NA        0.9999            NA
  posterior_explained_by_snp   dropped_trait   lead_snp
1                         NA ENSG00000197081 rs12202350
[1] "GENE"
[1] "ENSG00000270949"
[1] "GENE"
[1] "ENSG00000213073"
Harmonising fat_distr (fat_distr) and Outcome (Outcome)
Harmonising fat_distr (fat_distr) and Outcome (Outcome)
[1] 554
[1] 554
  iteration traits posterior_prob regional_prob candidate_snp
1         1   None             NA        0.9999            NA
  posterior_explained_by_snp   dropped_trait   lead_snp
1                         NA ENSG00000213073 rs12202350
[1] "GENE"
[1] "ENSG00000213073"
Harmonising fat_distr (fat_distr) and Outcome (Outcome)
Harmonising fat_distr (fat_distr) and Outcome (Outcome)
[1] 554
[1] 554
  iteration traits posterior_prob regional_prob candidate_snp
1         1   None             NA        0.9999            NA
  posterior_explained_by_snp   dropped_trait   lead_snp
1                         NA ENSG00000213073 rs12202350
[1] "GENE"
[1] "ENSG00000213073"
Harmonising fat_distr (fat_distr) and Outcome (Outcome)
Harmonising fat_distr (fat_distr) and Outcome (Outcome)
[1] 554
[1] 554
  iteration traits posterior_prob regional_prob candidate_snp
1         1   None             NA        0.9999            NA
  posterior_explained_by_snp   dropped_trait   lead_snp
1                         NA ENSG00000213073 rs12202350
[1] "GENE"
[1] "ENSG00000175003"
Harmonising fat_distr (fat_distr) and Outcome (Outcome)
Harmonising fat_distr (fat_distr) and Outcome (Outcome)
[1] 554
[1] 554
  iteration traits posterior_prob regional_prob candidate_snp
1         1   None             NA        0.6073            NA
  posterior_explained_by_snp   dropped_trait   lead_snp
1                         NA ENSG00000175003 rs12202350
[1] "LEAD INDEX"
[1] 15
[1] "LEAD INDEX"
[1] 16
[1] "CHROMOSOME"
[1] 7
[1] "LEAD INDEX"
[1] 1
[1] "GENE"
[1] "ENSG00000106460"
Harmonising fat_distr (fat_distr) and Outcome (Outcome)
Harmonising fat_distr (fat_distr) and Outcome (Outcome)
[1] 622
[1] 622
  iteration                    traits posterior_prob regional_prob
1         1 iradjbmi, ENSG00000106460         0.6253        0.8779
  candidate_snp posterior_explained_by_snp dropped_trait  lead_snp
1       rs14978                     0.4622            NA rs1990622
[1] "LEAD INDEX"
[1] 2
[1] "GENE"
[1] "ENSG00000273055"
Harmonising fat_distr (fat_distr) and Outcome (Outcome)
Harmonising fat_distr (fat_distr) and Outcome (Outcome)
[1] 514
[1] 514
  iteration traits posterior_prob regional_prob candidate_snp
1         1   None             NA        0.3309            NA
  posterior_explained_by_snp   dropped_trait  lead_snp
1                         NA ENSG00000273055 rs4727695
[1] "GENE"
[1] "ENSG00000091136"
Harmonising fat_distr (fat_distr) and Outcome (Outcome)
Harmonising fat_distr (fat_distr) and Outcome (Outcome)
[1] 514
[1] 514
  iteration traits posterior_prob regional_prob candidate_snp
1         1   None             NA        0.3311            NA
  posterior_explained_by_snp   dropped_trait  lead_snp
1                         NA ENSG00000091136 rs4727695
[1] "GENE"
[1] "ENSG00000091136"
Harmonising fat_distr (fat_distr) and Outcome (Outcome)
Harmonising fat_distr (fat_distr) and Outcome (Outcome)
[1] 514
[1] 514
  iteration traits posterior_prob regional_prob candidate_snp
1         1   None             NA        0.3311            NA
  posterior_explained_by_snp   dropped_trait  lead_snp
1                         NA ENSG00000091136 rs4727695
[1] "LEAD INDEX"
[1] 3
[1] "LEAD INDEX"
[1] 4
[1] "GENE"
[1] "ENSG00000164898"
Harmonising fat_distr (fat_distr) and Outcome (Outcome)
Harmonising fat_distr (fat_distr) and Outcome (Outcome)
[1] 356
[1] 356
  iteration traits posterior_prob regional_prob candidate_snp
1         1   None             NA        0.0022            NA
  posterior_explained_by_snp dropped_trait   lead_snp
1                         NA      iradjbmi rs11772771
[1] "GENE"
[1] "ENSG00000273391"
Harmonising fat_distr (fat_distr) and Outcome (Outcome)
Harmonising fat_distr (fat_distr) and Outcome (Outcome)
[1] 356
[1] 356
  iteration                    traits posterior_prob regional_prob
1         1 iradjbmi, ENSG00000273391         0.8691         0.935
  candidate_snp posterior_explained_by_snp dropped_trait   lead_snp
1     rs6960876                     0.0828            NA rs11772771
[1] "GENE"
[1] "ENSG00000146963"
Harmonising fat_distr (fat_distr) and Outcome (Outcome)
Harmonising fat_distr (fat_distr) and Outcome (Outcome)
[1] 356
[1] 356
  iteration traits posterior_prob regional_prob candidate_snp
1         1   None             NA         0.003            NA
  posterior_explained_by_snp dropped_trait   lead_snp
1                         NA      iradjbmi rs11772771
[1] "LEAD INDEX"
[1] 5
[1] "GENE"
[1] "ENSG00000164849"
Harmonising fat_distr (fat_distr) and Outcome (Outcome)
Harmonising fat_distr (fat_distr) and Outcome (Outcome)
[1] 337
[1] 337
  iteration traits posterior_prob regional_prob candidate_snp
1         1   None             NA         0.005            NA
  posterior_explained_by_snp dropped_trait  lead_snp
1                         NA      iradjbmi rs3808350
[1] "LEAD INDEX"
[1] 6
[1] "LEAD INDEX"
[1] 7
[1] "LEAD INDEX"
[1] 8
[1] "LEAD INDEX"
[1] 9
[1] "LEAD INDEX"
[1] 10
[1] "GENE"
[1] "ENSG00000225792"
[1] "GENE"
[1] "ENSG00000214870"
Harmonising fat_distr (fat_distr) and Outcome (Outcome)
Harmonising fat_distr (fat_distr) and Outcome (Outcome)
[1] 465
[1] 465
  iteration traits posterior_prob regional_prob candidate_snp
1         1   None             NA         1e-04            NA
  posterior_explained_by_snp   dropped_trait  lead_snp
1                         NA ENSG00000214870 rs1534696
[1] "GENE"
[1] "ENSG00000122565"
Harmonising fat_distr (fat_distr) and Outcome (Outcome)
Harmonising fat_distr (fat_distr) and Outcome (Outcome)
[1] 465
[1] 465
  iteration traits posterior_prob regional_prob candidate_snp
1         1   None             NA        0.0029            NA
  posterior_explained_by_snp dropped_trait  lead_snp
1                         NA      iradjbmi rs1534696
[1] "GENE"
[1] "ENSG00000225792"
[1] "GENE"
[1] "ENSG00000122566"
Harmonising fat_distr (fat_distr) and Outcome (Outcome)
Harmonising fat_distr (fat_distr) and Outcome (Outcome)
[1] 465
[1] 465
  iteration traits posterior_prob regional_prob candidate_snp
1         1   None             NA        0.0094            NA
  posterior_explained_by_snp dropped_trait  lead_snp
1                         NA      iradjbmi rs1534696
[1] "GENE"
[1] "ENSG00000086300"
Harmonising fat_distr (fat_distr) and Outcome (Outcome)
Harmonising fat_distr (fat_distr) and Outcome (Outcome)
[1] 465
[1] 465
  iteration traits posterior_prob regional_prob candidate_snp
1         1   None             NA        0.0074            NA
  posterior_explained_by_snp dropped_trait  lead_snp
1                         NA      iradjbmi rs1534696
[1] "LEAD INDEX"
[1] 11
[1] "LEAD INDEX"
[1] 12
[1] "GENE"
[1] "ENSG00000015676"
Harmonising fat_distr (fat_distr) and Outcome (Outcome)
Harmonising fat_distr (fat_distr) and Outcome (Outcome)
[1] 339
[1] 339
  iteration                    traits posterior_prob regional_prob
1         1 iradjbmi, ENSG00000015676         0.5915        0.8065
  candidate_snp posterior_explained_by_snp dropped_trait   lead_snp
1    rs11772065                      0.126            NA rs11770515
[1] "GENE"
[1] "ENSG00000015676"
Harmonising fat_distr (fat_distr) and Outcome (Outcome)
Harmonising fat_distr (fat_distr) and Outcome (Outcome)
[1] 339
[1] 339
  iteration                    traits posterior_prob regional_prob
1         1 iradjbmi, ENSG00000015676         0.5915        0.8065
  candidate_snp posterior_explained_by_snp dropped_trait   lead_snp
1    rs11772065                      0.126            NA rs11770515
[1] "GENE"
[1] "ENSG00000015676"
Harmonising fat_distr (fat_distr) and Outcome (Outcome)
Harmonising fat_distr (fat_distr) and Outcome (Outcome)
[1] 339
[1] 339
  iteration                    traits posterior_prob regional_prob
1         1 iradjbmi, ENSG00000015676         0.5915        0.8065
  candidate_snp posterior_explained_by_snp dropped_trait   lead_snp
1    rs11772065                      0.126            NA rs11770515
[1] "GENE"
[1] "ENSG00000015520"
Harmonising fat_distr (fat_distr) and Outcome (Outcome)
Harmonising fat_distr (fat_distr) and Outcome (Outcome)
[1] 339
[1] 339
  iteration traits posterior_prob regional_prob candidate_snp
1         1   None             NA        0.0107            NA
  posterior_explained_by_snp dropped_trait   lead_snp
1                         NA      iradjbmi rs11770515
[1] "GENE"
[1] "ENSG00000015520"
Harmonising fat_distr (fat_distr) and Outcome (Outcome)
Harmonising fat_distr (fat_distr) and Outcome (Outcome)
[1] 339
[1] 339
  iteration traits posterior_prob regional_prob candidate_snp
1         1   None             NA        0.0107            NA
  posterior_explained_by_snp dropped_trait   lead_snp
1                         NA      iradjbmi rs11770515
[1] "LEAD INDEX"
[1] 13
[1] "GENE"
[1] "ENSG00000009954"
Harmonising fat_distr (fat_distr) and Outcome (Outcome)
Harmonising fat_distr (fat_distr) and Outcome (Outcome)
[1] 139
[1] 139
  iteration traits posterior_prob regional_prob candidate_snp
1         1   None             NA        0.0848            NA
  posterior_explained_by_snp dropped_trait lead_snp
1                         NA      iradjbmi   rs2573
[1] "GENE"
[1] "ENSG00000106635"
Harmonising fat_distr (fat_distr) and Outcome (Outcome)
Harmonising fat_distr (fat_distr) and Outcome (Outcome)
[1] 139
[1] 139
  iteration                    traits posterior_prob regional_prob
1         1 iradjbmi, ENSG00000106635         0.9963             1
  candidate_snp posterior_explained_by_snp dropped_trait lead_snp
1        rs2573                     0.9974            NA   rs2573
[1] "GENE"
[1] "ENSG00000106635"
Harmonising fat_distr (fat_distr) and Outcome (Outcome)
Harmonising fat_distr (fat_distr) and Outcome (Outcome)
[1] 139
[1] 139
  iteration                    traits posterior_prob regional_prob
1         1 iradjbmi, ENSG00000106635         0.9963             1
  candidate_snp posterior_explained_by_snp dropped_trait lead_snp
1        rs2573                     0.9974            NA   rs2573
[1] "GENE"
[1] "ENSG00000106635"
Harmonising fat_distr (fat_distr) and Outcome (Outcome)
Harmonising fat_distr (fat_distr) and Outcome (Outcome)
[1] 139
[1] 139
  iteration                    traits posterior_prob regional_prob
1         1 iradjbmi, ENSG00000106635         0.9963             1
  candidate_snp posterior_explained_by_snp dropped_trait lead_snp
1        rs2573                     0.9974            NA   rs2573
[1] "GENE"
[1] "ENSG00000009950"
Harmonising fat_distr (fat_distr) and Outcome (Outcome)
Harmonising fat_distr (fat_distr) and Outcome (Outcome)
[1] 139
[1] 139
  iteration traits posterior_prob regional_prob candidate_snp
1         1   None             NA        0.0552            NA
  posterior_explained_by_snp dropped_trait lead_snp
1                         NA      iradjbmi   rs2573
[1] "LEAD INDEX"
[1] 14
[1] "LEAD INDEX"
[1] 15
[1] "LEAD INDEX"
[1] 16
[1] "GENE"
[1] "ENSG00000174595"
[1] "GENE"
[1] "ENSG00000266265"
Harmonising fat_distr (fat_distr) and Outcome (Outcome)
Harmonising fat_distr (fat_distr) and Outcome (Outcome)
[1] 449
[1] 449
  iteration traits posterior_prob regional_prob candidate_snp
1         1   None             NA         0.853            NA
  posterior_explained_by_snp   dropped_trait  lead_snp
1                         NA ENSG00000266265 rs4731702
[1] "GENE"
[1] "ENSG00000266265"
Harmonising fat_distr (fat_distr) and Outcome (Outcome)
Harmonising fat_distr (fat_distr) and Outcome (Outcome)
[1] 449
[1] 449
  iteration traits posterior_prob regional_prob candidate_snp
1         1   None             NA         0.853            NA
  posterior_explained_by_snp   dropped_trait  lead_snp
1                         NA ENSG00000266265 rs4731702
[1] "GENE"
[1] "ENSG00000271204"
Harmonising fat_distr (fat_distr) and Outcome (Outcome)
Harmonising fat_distr (fat_distr) and Outcome (Outcome)
[1] 449
[1] 449
  iteration traits posterior_prob regional_prob candidate_snp
1         1   None             NA        0.0106            NA
  posterior_explained_by_snp dropped_trait  lead_snp
1                         NA      iradjbmi rs4731702
[1] "GENE"
[1] "ENSG00000233559"
Harmonising fat_distr (fat_distr) and Outcome (Outcome)
Harmonising fat_distr (fat_distr) and Outcome (Outcome)
[1] 449
[1] 449
  iteration traits posterior_prob regional_prob candidate_snp
1         1   None             NA        0.0067            NA
  posterior_explained_by_snp dropped_trait  lead_snp
1                         NA      iradjbmi rs4731702
[1] "GENE"
[1] "ENSG00000231721"
Harmonising fat_distr (fat_distr) and Outcome (Outcome)
Harmonising fat_distr (fat_distr) and Outcome (Outcome)
[1] 449
[1] 449
  iteration traits posterior_prob regional_prob candidate_snp
1         1   None             NA        0.0037            NA
  posterior_explained_by_snp dropped_trait  lead_snp
1                         NA      iradjbmi rs4731702
[1] "LEAD INDEX"
[1] 17
[1] "LEAD INDEX"
[1] 18
[1] "GENE"
[1] "ENSG00000179144"
Harmonising fat_distr (fat_distr) and Outcome (Outcome)
Harmonising fat_distr (fat_distr) and Outcome (Outcome)
[1] 394
[1] 394
  iteration                    traits posterior_prob regional_prob
1         1 iradjbmi, ENSG00000179144         0.9821        0.9998
  candidate_snp posterior_explained_by_snp dropped_trait   lead_snp
1    rs10254829                     0.6867            NA rs10254829
[1] "GENE"
[1] "ENSG00000133574"
Harmonising fat_distr (fat_distr) and Outcome (Outcome)
Harmonising fat_distr (fat_distr) and Outcome (Outcome)
[1] 394
[1] 394
  iteration traits posterior_prob regional_prob candidate_snp
1         1   None             NA        0.1903            NA
  posterior_explained_by_snp   dropped_trait   lead_snp
1                         NA ENSG00000133574 rs10254829
[1] "LEAD INDEX"
[1] 19
[1] "GENE"
[1] "ENSG00000002726"
[1] "GENE"
[1] "ENSG00000002933"
Harmonising fat_distr (fat_distr) and Outcome (Outcome)
Harmonising fat_distr (fat_distr) and Outcome (Outcome)
[1] 519
[1] 519
  iteration traits posterior_prob regional_prob candidate_snp
1         1   None             NA        0.0011            NA
  posterior_explained_by_snp   dropped_trait  lead_snp
1                         NA ENSG00000002933 rs6977081
[1] "GENE"
[1] "ENSG00000002726"
[1] "CHROMOSOME"
[1] 8
[1] "LEAD INDEX"
[1] 1
[1] "GENE"
[1] "ENSG00000154359"
Harmonising fat_distr (fat_distr) and Outcome (Outcome)
Harmonising fat_distr (fat_distr) and Outcome (Outcome)
[1] 370
[1] 370
  iteration traits posterior_prob regional_prob candidate_snp
1         1   None             NA        0.1088            NA
  posterior_explained_by_snp dropped_trait  lead_snp
1                         NA      iradjbmi rs4474021
[1] "GENE"
[1] "ENSG00000154359"
Harmonising fat_distr (fat_distr) and Outcome (Outcome)
Harmonising fat_distr (fat_distr) and Outcome (Outcome)
[1] 370
[1] 370
  iteration traits posterior_prob regional_prob candidate_snp
1         1   None             NA        0.1088            NA
  posterior_explained_by_snp dropped_trait  lead_snp
1                         NA      iradjbmi rs4474021
[1] "LEAD INDEX"
[1] 2
[1] "LEAD INDEX"
[1] 3
[1] "GENE"
[1] "ENSG00000183154"
Harmonising fat_distr (fat_distr) and Outcome (Outcome)
Harmonising fat_distr (fat_distr) and Outcome (Outcome)
[1] 273
[1] 273
  iteration traits posterior_prob regional_prob candidate_snp
1         1   None             NA        0.0041            NA
  posterior_explained_by_snp dropped_trait  lead_snp
1                         NA      iradjbmi rs7816345
[1] "GENE"
[1] "ENSG00000147475"
Harmonising fat_distr (fat_distr) and Outcome (Outcome)
Harmonising fat_distr (fat_distr) and Outcome (Outcome)
[1] 273
[1] 273
  iteration traits posterior_prob regional_prob candidate_snp
1         1   None             NA        0.0052            NA
  posterior_explained_by_snp dropped_trait  lead_snp
1                         NA      iradjbmi rs7816345
[1] "GENE"
[1] "ENSG00000254038"
[1] "GENE"
[1] "ENSG00000183779"
Harmonising fat_distr (fat_distr) and Outcome (Outcome)
Harmonising fat_distr (fat_distr) and Outcome (Outcome)
[1] 278
[1] 278
  iteration traits posterior_prob regional_prob candidate_snp
1         1   None             NA        0.0044            NA
  posterior_explained_by_snp dropped_trait  lead_snp
1                         NA      iradjbmi rs7816345
[1] "GENE"
[1] "ENSG00000254038"
[1] "GENE"
[1] "ENSG00000183779"
Harmonising fat_distr (fat_distr) and Outcome (Outcome)
Harmonising fat_distr (fat_distr) and Outcome (Outcome)
[1] 278
[1] 278
  iteration traits posterior_prob regional_prob candidate_snp
1         1   None             NA        0.0044            NA
  posterior_explained_by_snp dropped_trait  lead_snp
1                         NA      iradjbmi rs7816345
[1] "GENE"
[1] "ENSG00000215262"
[1] "GENE"
[1] "ENSG00000183779"
Harmonising fat_distr (fat_distr) and Outcome (Outcome)
Harmonising fat_distr (fat_distr) and Outcome (Outcome)
[1] 278
[1] 278
  iteration traits posterior_prob regional_prob candidate_snp
1         1   None             NA        0.0044            NA
  posterior_explained_by_snp dropped_trait  lead_snp
1                         NA      iradjbmi rs7816345
[1] "LEAD INDEX"
[1] 4
[1] "GENE"
[1] "ENSG00000077782"
Harmonising fat_distr (fat_distr) and Outcome (Outcome)
Harmonising fat_distr (fat_distr) and Outcome (Outcome)
[1] 270
[1] 270
  iteration                    traits posterior_prob regional_prob
1         1 iradjbmi, ENSG00000077782         0.8753        0.9022
  candidate_snp posterior_explained_by_snp dropped_trait   lead_snp
1    rs10958704                     0.5693            NA rs10958704
[1] "GENE"
[1] "ENSG00000077782"
Harmonising fat_distr (fat_distr) and Outcome (Outcome)
Harmonising fat_distr (fat_distr) and Outcome (Outcome)
[1] 270
[1] 270
  iteration                    traits posterior_prob regional_prob
1         1 iradjbmi, ENSG00000077782         0.8753        0.9022
  candidate_snp posterior_explained_by_snp dropped_trait   lead_snp
1    rs10958704                     0.5693            NA rs10958704
[1] "LEAD INDEX"
[1] 5
[1] "LEAD INDEX"
[1] 6
[1] "LEAD INDEX"
[1] 7
[1] "LEAD INDEX"
[1] 8
[1] "GENE"
[1] "ENSG00000171056"
Harmonising fat_distr (fat_distr) and Outcome (Outcome)
Removing the following SNPs for incompatible alleles:
chr8:10423934
Harmonising fat_distr (fat_distr) and Outcome (Outcome)
[1] 541
[1] 541
  iteration traits posterior_prob regional_prob candidate_snp
1         1   None             NA         0.008            NA
  posterior_explained_by_snp dropped_trait  lead_snp
1                         NA      iradjbmi rs9657541
[1] "GENE"
[1] "ENSG00000258724"
[1] "LEAD INDEX"
[1] 9
[1] "LEAD INDEX"
[1] 10
[1] "GENE"
[1] "ENSG00000078674"
Harmonising fat_distr (fat_distr) and Outcome (Outcome)
Harmonising fat_distr (fat_distr) and Outcome (Outcome)
[1] 765
[1] 765
  iteration traits posterior_prob regional_prob candidate_snp
1         1   None             NA        0.3927            NA
  posterior_explained_by_snp   dropped_trait lead_snp
1                         NA ENSG00000078674 rs208062
[1] "GENE"
[1] "ENSG00000078674"
Harmonising fat_distr (fat_distr) and Outcome (Outcome)
Harmonising fat_distr (fat_distr) and Outcome (Outcome)
[1] 765
[1] 765
  iteration traits posterior_prob regional_prob candidate_snp
1         1   None             NA        0.3927            NA
  posterior_explained_by_snp   dropped_trait lead_snp
1                         NA ENSG00000078674 rs208062
[1] "GENE"
[1] "ENSG00000078674"
Harmonising fat_distr (fat_distr) and Outcome (Outcome)
Harmonising fat_distr (fat_distr) and Outcome (Outcome)
[1] 765
[1] 765
  iteration traits posterior_prob regional_prob candidate_snp
1         1   None             NA        0.3927            NA
  posterior_explained_by_snp   dropped_trait lead_snp
1                         NA ENSG00000078674 rs208062
[1] "LEAD INDEX"
[1] 11
[1] "LEAD INDEX"
[1] 12
[1] "LEAD INDEX"
[1] 13
[1] "LEAD INDEX"
[1] 14
[1] "LEAD INDEX"
[1] 15
[1] "LEAD INDEX"
[1] 16
[1] "LEAD INDEX"
[1] 17
[1] "LEAD INDEX"
[1] 18
[1] "GENE"
[1] "ENSG00000159167"
Harmonising fat_distr (fat_distr) and Outcome (Outcome)
Harmonising fat_distr (fat_distr) and Outcome (Outcome)
[1] 515
[1] 515
  iteration traits posterior_prob regional_prob candidate_snp
1         1   None             NA        0.0016            NA
  posterior_explained_by_snp dropped_trait  lead_snp
1                         NA      iradjbmi rs1561105
[1] "LEAD INDEX"
[1] 19
[1] "LEAD INDEX"
[1] 20
[1] "LEAD INDEX"
[1] 21
[1] "GENE"
[1] "ENSG00000104313"
Harmonising fat_distr (fat_distr) and Outcome (Outcome)
Harmonising fat_distr (fat_distr) and Outcome (Outcome)
[1] 568
[1] 568
  iteration                    traits posterior_prob regional_prob
1         1 iradjbmi, ENSG00000104313         0.9843        0.9976
  candidate_snp posterior_explained_by_snp dropped_trait   lead_snp
1    rs10097671                     0.3757            NA rs10097671
[1] "GENE"
[1] "ENSG00000254031"
[1] "GENE"
[1] "ENSG00000104313"
Harmonising fat_distr (fat_distr) and Outcome (Outcome)
Harmonising fat_distr (fat_distr) and Outcome (Outcome)
[1] 568
[1] 568
  iteration                    traits posterior_prob regional_prob
1         1 iradjbmi, ENSG00000104313         0.9843        0.9976
  candidate_snp posterior_explained_by_snp dropped_trait   lead_snp
1    rs10097671                     0.3757            NA rs10097671
[1] "GENE"
[1] "ENSG00000104313"
Harmonising fat_distr (fat_distr) and Outcome (Outcome)
Harmonising fat_distr (fat_distr) and Outcome (Outcome)
[1] 568
[1] 568
  iteration                    traits posterior_prob regional_prob
1         1 iradjbmi, ENSG00000104313         0.9843        0.9976
  candidate_snp posterior_explained_by_snp dropped_trait   lead_snp
1    rs10097671                     0.3757            NA rs10097671
[1] "LEAD INDEX"
[1] 22
[1] "LEAD INDEX"
[1] 23
[1] "LEAD INDEX"
[1] 24
[1] "LEAD INDEX"
[1] 25
[1] "LEAD INDEX"
[1] 26
[1] "CHROMOSOME"
[1] 9
[1] "LEAD INDEX"
[1] 1
[1] "LEAD INDEX"
[1] 2
[1] "LEAD INDEX"
[1] 3
[1] "LEAD INDEX"
[1] 4
[1] "GENE"
[1] "ENSG00000164978"
Harmonising fat_distr (fat_distr) and Outcome (Outcome)
Harmonising fat_distr (fat_distr) and Outcome (Outcome)
[1] 320
[1] 320
  iteration traits posterior_prob regional_prob candidate_snp
1         1   None             NA         1e-04            NA
  posterior_explained_by_snp   dropped_trait   lead_snp
1                         NA ENSG00000164978 rs13284229
[1] "GENE"
[1] "ENSG00000165006"
Harmonising fat_distr (fat_distr) and Outcome (Outcome)
Harmonising fat_distr (fat_distr) and Outcome (Outcome)
[1] 320
[1] 320
  iteration traits posterior_prob regional_prob candidate_snp
1         1   None             NA        0.0259            NA
  posterior_explained_by_snp   dropped_trait   lead_snp
1                         NA ENSG00000165006 rs13284229
[1] "GENE"
[1] "ENSG00000164978"
Harmonising fat_distr (fat_distr) and Outcome (Outcome)
Harmonising fat_distr (fat_distr) and Outcome (Outcome)
[1] 320
[1] 320
  iteration traits posterior_prob regional_prob candidate_snp
1         1   None             NA         1e-04            NA
  posterior_explained_by_snp   dropped_trait   lead_snp
1                         NA ENSG00000164978 rs13284229
[1] "LEAD INDEX"
[1] 5
[1] "LEAD INDEX"
[1] 6
[1] "GENE"
[1] "ENSG00000106780"
Harmonising fat_distr (fat_distr) and Outcome (Outcome)
Harmonising fat_distr (fat_distr) and Outcome (Outcome)
[1] 320
[1] 320
  iteration traits posterior_prob regional_prob candidate_snp
1         1   None             NA        0.0759            NA
  posterior_explained_by_snp dropped_trait  lead_snp
1                         NA      iradjbmi rs2416799
[1] "GENE"
[1] "ENSG00000106780"
Harmonising fat_distr (fat_distr) and Outcome (Outcome)
Harmonising fat_distr (fat_distr) and Outcome (Outcome)
[1] 320
[1] 320
  iteration traits posterior_prob regional_prob candidate_snp
1         1   None             NA        0.0759            NA
  posterior_explained_by_snp dropped_trait  lead_snp
1                         NA      iradjbmi rs2416799
[1] "GENE"
[1] "ENSG00000238181"
[1] "GENE"
[1] "ENSG00000238181"
[1] "GENE"
[1] "ENSG00000106780"
Harmonising fat_distr (fat_distr) and Outcome (Outcome)
Harmonising fat_distr (fat_distr) and Outcome (Outcome)
[1] 320
[1] 320
  iteration traits posterior_prob regional_prob candidate_snp
1         1   None             NA        0.0759            NA
  posterior_explained_by_snp dropped_trait  lead_snp
1                         NA      iradjbmi rs2416799
[1] "GENE"
[1] "ENSG00000270917"
[1] "LEAD INDEX"
[1] 7
[1] "GENE"
[1] "ENSG00000119522"
Harmonising fat_distr (fat_distr) and Outcome (Outcome)
Harmonising fat_distr (fat_distr) and Outcome (Outcome)
[1] 443
[1] 443
  iteration                    traits posterior_prob regional_prob
1         1 iradjbmi, ENSG00000119522         0.2829        0.5232
  candidate_snp posterior_explained_by_snp dropped_trait  lead_snp
1     rs2109921                      0.773            NA rs2479106
[1] "LEAD INDEX"
[1] 8
[1] "GENE"
[1] "ENSG00000173253"
Harmonising fat_distr (fat_distr) and Outcome (Outcome)
Harmonising fat_distr (fat_distr) and Outcome (Outcome)
[1] 815
[1] 815
  iteration                    traits posterior_prob regional_prob
1         1 iradjbmi, ENSG00000173253         0.9406        0.9982
  candidate_snp posterior_explained_by_snp dropped_trait  lead_snp
1     rs2275516                          1            NA rs2175055
[1] "GENE"
[1] "ENSG00000281769"
Harmonising fat_distr (fat_distr) and Outcome (Outcome)
Harmonising fat_distr (fat_distr) and Outcome (Outcome)
[1] 815
[1] 815
  iteration traits posterior_prob regional_prob candidate_snp
1         1   None             NA        0.0062            NA
  posterior_explained_by_snp   dropped_trait  lead_snp
1                         NA ENSG00000281769 rs2175055
[1] "GENE"
[1] "ENSG00000173253"
Harmonising fat_distr (fat_distr) and Outcome (Outcome)
Harmonising fat_distr (fat_distr) and Outcome (Outcome)
[1] 815
[1] 815
  iteration                    traits posterior_prob regional_prob
1         1 iradjbmi, ENSG00000173253         0.9406        0.9982
  candidate_snp posterior_explained_by_snp dropped_trait  lead_snp
1     rs2275516                          1            NA rs2175055
[1] "LEAD INDEX"
[1] 9
[1] "LEAD INDEX"
[1] 10
[1] "GENE"
[1] "ENSG00000188312"
Harmonising fat_distr (fat_distr) and Outcome (Outcome)
Removing the following SNPs for incompatible alleles:
chr9:92420825
Harmonising fat_distr (fat_distr) and Outcome (Outcome)
[1] 408
[1] 408
  iteration traits posterior_prob regional_prob candidate_snp
1         1   None             NA         2e-04            NA
  posterior_explained_by_snp   dropped_trait  lead_snp
1                         NA ENSG00000188312 rs7855203
[1] "GENE"
[1] "ENSG00000127080"
Harmonising fat_distr (fat_distr) and Outcome (Outcome)
Removing the following SNPs for incompatible alleles:
chr9:92420825
Harmonising fat_distr (fat_distr) and Outcome (Outcome)
[1] 408
[1] 408
  iteration                    traits posterior_prob regional_prob
1         1 iradjbmi, ENSG00000127080         0.8104        0.8784
  candidate_snp posterior_explained_by_snp dropped_trait  lead_snp
1    rs10992447                     0.4017            NA rs7855203
[1] "LEAD INDEX"
[1] 11
[1] "LEAD INDEX"
[1] 12
[1] "CHROMOSOME"
[1] 10
[1] "LEAD INDEX"
[1] 1
[1] "LEAD INDEX"
[1] 2
[1] "LEAD INDEX"
[1] 3
[1] "GENE"
[1] "ENSG00000165449"
Harmonising fat_distr (fat_distr) and Outcome (Outcome)
Harmonising fat_distr (fat_distr) and Outcome (Outcome)
[1] 514
[1] 514
  iteration traits posterior_prob regional_prob candidate_snp
1         1   None             NA        0.0101            NA
  posterior_explained_by_snp dropped_trait   lead_snp
1                         NA      iradjbmi rs12356193
[1] "GENE"
[1] "ENSG00000165449"
Harmonising fat_distr (fat_distr) and Outcome (Outcome)
Harmonising fat_distr (fat_distr) and Outcome (Outcome)
[1] 514
[1] 514
  iteration traits posterior_prob regional_prob candidate_snp
1         1   None             NA        0.0101            NA
  posterior_explained_by_snp dropped_trait   lead_snp
1                         NA      iradjbmi rs12356193
[1] "LEAD INDEX"
[1] 4
[1] "LEAD INDEX"
[1] 5
[1] "LEAD INDEX"
[1] 6
[1] "LEAD INDEX"
[1] 7
[1] "LEAD INDEX"
[1] 8
[1] "LEAD INDEX"
[1] 9
[1] "GENE"
[1] "ENSG00000119927"
Harmonising fat_distr (fat_distr) and Outcome (Outcome)
Harmonising fat_distr (fat_distr) and Outcome (Outcome)
[1] 441
[1] 441
  iteration traits posterior_prob regional_prob candidate_snp
1         1   None             NA        0.0129            NA
  posterior_explained_by_snp dropped_trait  lead_snp
1                         NA      iradjbmi rs4573621
[1] "LEAD INDEX"
[1] 10
[1] "LEAD INDEX"
[1] 11
[1] "CHROMOSOME"
[1] 11
[1] "LEAD INDEX"
[1] 1
[1] "GENE"
[1] "ENSG00000072952"
Harmonising fat_distr (fat_distr) and Outcome (Outcome)
Harmonising fat_distr (fat_distr) and Outcome (Outcome)
[1] 564
[1] 564
  iteration traits posterior_prob regional_prob candidate_snp
1         1   None             NA        0.0034            NA
  posterior_explained_by_snp dropped_trait  lead_snp
1                         NA      iradjbmi rs4909945
[1] "GENE"
[1] "ENSG00000072952"
Harmonising fat_distr (fat_distr) and Outcome (Outcome)
Harmonising fat_distr (fat_distr) and Outcome (Outcome)
[1] 564
[1] 564
  iteration traits posterior_prob regional_prob candidate_snp
1         1   None             NA        0.0034            NA
  posterior_explained_by_snp dropped_trait  lead_snp
1                         NA      iradjbmi rs4909945
[1] "LEAD INDEX"
[1] 2
[1] "GENE"
[1] "ENSG00000262655"
Harmonising fat_distr (fat_distr) and Outcome (Outcome)
Harmonising fat_distr (fat_distr) and Outcome (Outcome)
[1] 388
[1] 388
  iteration traits posterior_prob regional_prob candidate_snp
1         1   None             NA         2e-04            NA
  posterior_explained_by_snp   dropped_trait  lead_snp
1                         NA ENSG00000262655 rs2303975
[1] "GENE"
[1] "ENSG00000262655"
Harmonising fat_distr (fat_distr) and Outcome (Outcome)
Harmonising fat_distr (fat_distr) and Outcome (Outcome)
[1] 388
[1] 388
  iteration traits posterior_prob regional_prob candidate_snp
1         1   None             NA         2e-04            NA
  posterior_explained_by_snp   dropped_trait  lead_snp
1                         NA ENSG00000262655 rs2303975
[1] "LEAD INDEX"
[1] 3
[1] "LEAD INDEX"
[1] 4
[1] "LEAD INDEX"
[1] 5
[1] "LEAD INDEX"
[1] 6
[1] "GENE"
[1] "ENSG00000110274"
Harmonising fat_distr (fat_distr) and Outcome (Outcome)
Harmonising fat_distr (fat_distr) and Outcome (Outcome)
[1] 337
[1] 337
  iteration traits posterior_prob regional_prob candidate_snp
1         1   None             NA         0.074            NA
  posterior_explained_by_snp dropped_trait lead_snp
1                         NA      iradjbmi rs593245
[1] "LEAD INDEX"
[1] 7
[1] "GENE"
[1] "ENSG00000280832"
Harmonising fat_distr (fat_distr) and Outcome (Outcome)
Removing the following SNPs for incompatible alleles:
chr11:126226069
Harmonising fat_distr (fat_distr) and Outcome (Outcome)
[1] 664
[1] 664
  iteration traits posterior_prob regional_prob candidate_snp
1         1   None             NA        0.0105            NA
  posterior_explained_by_snp dropped_trait   lead_snp
1                         NA      iradjbmi rs17135399
[1] "LEAD INDEX"
[1] 8
[1] "LEAD INDEX"
[1] 9
[1] "LEAD INDEX"
[1] 10
[1] "LEAD INDEX"
[1] 11
[1] "GENE"
[1] "ENSG00000255498"
[1] "LEAD INDEX"
[1] 12
[1] "GENE"
[1] "ENSG00000149179"
Harmonising fat_distr (fat_distr) and Outcome (Outcome)
Harmonising fat_distr (fat_distr) and Outcome (Outcome)
[1] 191
[1] 191
  iteration traits posterior_prob regional_prob candidate_snp
1         1   None             NA        0.1436            NA
  posterior_explained_by_snp dropped_trait  lead_snp
1                         NA      iradjbmi rs1872896
[1] "GENE"
[1] "ENSG00000134569"
Harmonising fat_distr (fat_distr) and Outcome (Outcome)
Harmonising fat_distr (fat_distr) and Outcome (Outcome)
[1] 191
[1] 191
  iteration traits posterior_prob regional_prob candidate_snp
1         1   None             NA        0.1832            NA
  posterior_explained_by_snp dropped_trait  lead_snp
1                         NA      iradjbmi rs1872896
[1] "GENE"
[1] "ENSG00000134574"
Harmonising fat_distr (fat_distr) and Outcome (Outcome)
Harmonising fat_distr (fat_distr) and Outcome (Outcome)
[1] 191
[1] 191
  iteration traits posterior_prob regional_prob candidate_snp
1         1   None             NA             1            NA
  posterior_explained_by_snp dropped_trait  lead_snp
1                         NA      iradjbmi rs1872896
[1] "LEAD INDEX"
[1] 13
[1] "GENE"
[1] "ENSG00000134825"
Harmonising fat_distr (fat_distr) and Outcome (Outcome)
Harmonising fat_distr (fat_distr) and Outcome (Outcome)
[1] 409
[1] 409
  iteration                    traits posterior_prob regional_prob
1         1 iradjbmi, ENSG00000134825         0.9616             1
  candidate_snp posterior_explained_by_snp dropped_trait lead_snp
1      rs174535                     0.4031            NA rs174574
[1] "GENE"
[1] "ENSG00000134825"
Harmonising fat_distr (fat_distr) and Outcome (Outcome)
Harmonising fat_distr (fat_distr) and Outcome (Outcome)
[1] 409
[1] 409
  iteration                    traits posterior_prob regional_prob
1         1 iradjbmi, ENSG00000134825         0.9616             1
  candidate_snp posterior_explained_by_snp dropped_trait lead_snp
1      rs174535                     0.4031            NA rs174574
[1] "GENE"
[1] "ENSG00000149485"
Harmonising fat_distr (fat_distr) and Outcome (Outcome)
Harmonising fat_distr (fat_distr) and Outcome (Outcome)
[1] 409
[1] 409
  iteration                    traits posterior_prob regional_prob
1         1 iradjbmi, ENSG00000149485         0.9176             1
  candidate_snp posterior_explained_by_snp dropped_trait lead_snp
1      rs174555                     0.5868            NA rs174574
[1] "GENE"
[1] "ENSG00000149485"
Harmonising fat_distr (fat_distr) and Outcome (Outcome)
Harmonising fat_distr (fat_distr) and Outcome (Outcome)
[1] 409
[1] 409
  iteration                    traits posterior_prob regional_prob
1         1 iradjbmi, ENSG00000149485         0.9176             1
  candidate_snp posterior_explained_by_snp dropped_trait lead_snp
1      rs174555                     0.5868            NA rs174574
[1] "GENE"
[1] "ENSG00000149485"
Harmonising fat_distr (fat_distr) and Outcome (Outcome)
Harmonising fat_distr (fat_distr) and Outcome (Outcome)
[1] 409
[1] 409
  iteration                    traits posterior_prob regional_prob
1         1 iradjbmi, ENSG00000149485         0.9176             1
  candidate_snp posterior_explained_by_snp dropped_trait lead_snp
1      rs174555                     0.5868            NA rs174574
[1] "GENE"
[1] "ENSG00000289268"
Harmonising fat_distr (fat_distr) and Outcome (Outcome)
Harmonising fat_distr (fat_distr) and Outcome (Outcome)
[1] 409
[1] 409
  iteration traits posterior_prob regional_prob candidate_snp
1         1   None             NA        0.0454            NA
  posterior_explained_by_snp dropped_trait lead_snp
1                         NA      iradjbmi rs174574
[1] "GENE"
[1] "ENSG00000149485"
Harmonising fat_distr (fat_distr) and Outcome (Outcome)
Harmonising fat_distr (fat_distr) and Outcome (Outcome)
[1] 409
[1] 409
  iteration                    traits posterior_prob regional_prob
1         1 iradjbmi, ENSG00000149485         0.9176             1
  candidate_snp posterior_explained_by_snp dropped_trait lead_snp
1      rs174555                     0.5868            NA rs174574
[1] "GENE"
[1] "ENSG00000134824"
Harmonising fat_distr (fat_distr) and Outcome (Outcome)
Harmonising fat_distr (fat_distr) and Outcome (Outcome)
[1] 409
[1] 409
  iteration                    traits posterior_prob regional_prob
1         1 iradjbmi, ENSG00000134824         0.8357             1
  candidate_snp posterior_explained_by_snp dropped_trait lead_snp
1      rs174549                     0.5451            NA rs174574
[1] "LEAD INDEX"
[1] 14
[1] "GENE"
[1] "ENSG00000254772"
Harmonising fat_distr (fat_distr) and Outcome (Outcome)
Harmonising fat_distr (fat_distr) and Outcome (Outcome)
[1] 365
[1] 365
  iteration traits posterior_prob regional_prob candidate_snp
1         1   None             NA        0.0951            NA
  posterior_explained_by_snp dropped_trait   lead_snp
1                         NA      iradjbmi rs11231155
[1] "GENE"
[1] "ENSG00000149480"
Harmonising fat_distr (fat_distr) and Outcome (Outcome)
Harmonising fat_distr (fat_distr) and Outcome (Outcome)
[1] 365
[1] 365
  iteration traits posterior_prob regional_prob candidate_snp
1         1   None             NA        0.0035            NA
  posterior_explained_by_snp dropped_trait   lead_snp
1                         NA      iradjbmi rs11231155
[1] "GENE"
[1] "ENSG00000254772"
Harmonising fat_distr (fat_distr) and Outcome (Outcome)
Harmonising fat_distr (fat_distr) and Outcome (Outcome)
[1] 365
[1] 365
  iteration traits posterior_prob regional_prob candidate_snp
1         1   None             NA        0.0951            NA
  posterior_explained_by_snp dropped_trait   lead_snp
1                         NA      iradjbmi rs11231155
[1] "GENE"
[1] "ENSG00000255508"
[1] "GENE"
[1] "ENSG00000149489"
Harmonising fat_distr (fat_distr) and Outcome (Outcome)
Harmonising fat_distr (fat_distr) and Outcome (Outcome)
[1] 365
[1] 365
  iteration traits posterior_prob regional_prob candidate_snp
1         1   None             NA        0.0256            NA
  posterior_explained_by_snp dropped_trait   lead_snp
1                         NA      iradjbmi rs11231155
[1] "GENE"
[1] "ENSG00000149489"
Harmonising fat_distr (fat_distr) and Outcome (Outcome)
Harmonising fat_distr (fat_distr) and Outcome (Outcome)
[1] 365
[1] 365
  iteration traits posterior_prob regional_prob candidate_snp
1         1   None             NA        0.0256            NA
  posterior_explained_by_snp dropped_trait   lead_snp
1                         NA      iradjbmi rs11231155
[1] "GENE"
[1] "ENSG00000149499"
Harmonising fat_distr (fat_distr) and Outcome (Outcome)
Harmonising fat_distr (fat_distr) and Outcome (Outcome)
[1] 365
[1] 365
  iteration                    traits posterior_prob regional_prob
1         1 iradjbmi, ENSG00000149499         0.9623        0.9878
  candidate_snp posterior_explained_by_snp dropped_trait   lead_snp
1     rs2849030                     0.4623            NA rs11231155
[1] "GENE"
[1] "ENSG00000149480"
Harmonising fat_distr (fat_distr) and Outcome (Outcome)
Harmonising fat_distr (fat_distr) and Outcome (Outcome)
[1] 365
[1] 365
  iteration traits posterior_prob regional_prob candidate_snp
1         1   None             NA        0.0035            NA
  posterior_explained_by_snp dropped_trait   lead_snp
1                         NA      iradjbmi rs11231155
[1] "GENE"
[1] "ENSG00000204922"
Harmonising fat_distr (fat_distr) and Outcome (Outcome)
Harmonising fat_distr (fat_distr) and Outcome (Outcome)
[1] 365
[1] 365
  iteration traits posterior_prob regional_prob candidate_snp
1         1   None             NA        0.2556            NA
  posterior_explained_by_snp dropped_trait   lead_snp
1                         NA      iradjbmi rs11231155
[1] "GENE"
[1] "ENSG00000149499"
Harmonising fat_distr (fat_distr) and Outcome (Outcome)
Harmonising fat_distr (fat_distr) and Outcome (Outcome)
[1] 365
[1] 365
  iteration                    traits posterior_prob regional_prob
1         1 iradjbmi, ENSG00000149499         0.9623        0.9878
  candidate_snp posterior_explained_by_snp dropped_trait   lead_snp
1     rs2849030                     0.4623            NA rs11231155
[1] "GENE"
[1] "ENSG00000149480"
Harmonising fat_distr (fat_distr) and Outcome (Outcome)
Harmonising fat_distr (fat_distr) and Outcome (Outcome)
[1] 365
[1] 365
  iteration traits posterior_prob regional_prob candidate_snp
1         1   None             NA        0.0035            NA
  posterior_explained_by_snp dropped_trait   lead_snp
1                         NA      iradjbmi rs11231155
[1] "GENE"
[1] "ENSG00000149499"
Harmonising fat_distr (fat_distr) and Outcome (Outcome)
Harmonising fat_distr (fat_distr) and Outcome (Outcome)
[1] 365
[1] 365
  iteration                    traits posterior_prob regional_prob
1         1 iradjbmi, ENSG00000149499         0.9623        0.9878
  candidate_snp posterior_explained_by_snp dropped_trait   lead_snp
1     rs2849030                     0.4623            NA rs11231155
[1] "GENE"
[1] "ENSG00000234857"
[1] "GENE"
[1] "ENSG00000149499"
Harmonising fat_distr (fat_distr) and Outcome (Outcome)
Harmonising fat_distr (fat_distr) and Outcome (Outcome)
[1] 365
[1] 365
  iteration                    traits posterior_prob regional_prob
1         1 iradjbmi, ENSG00000149499         0.9623        0.9878
  candidate_snp posterior_explained_by_snp dropped_trait   lead_snp
1     rs2849030                     0.4623            NA rs11231155
[1] "GENE"
[1] "ENSG00000149489"
Harmonising fat_distr (fat_distr) and Outcome (Outcome)
Harmonising fat_distr (fat_distr) and Outcome (Outcome)
[1] 365
[1] 365
  iteration traits posterior_prob regional_prob candidate_snp
1         1   None             NA        0.0256            NA
  posterior_explained_by_snp dropped_trait   lead_snp
1                         NA      iradjbmi rs11231155
[1] "LEAD INDEX"
[1] 15
[1] "LEAD INDEX"
[1] 16
[1] "LEAD INDEX"
[1] 17
[1] "GENE"
[1] "ENSG00000174851"
Harmonising fat_distr (fat_distr) and Outcome (Outcome)
Harmonising fat_distr (fat_distr) and Outcome (Outcome)
[1] 345
[1] 345
  iteration traits posterior_prob regional_prob candidate_snp
1         1   None             NA        0.5581            NA
  posterior_explained_by_snp   dropped_trait  lead_snp
1                         NA ENSG00000174851 rs2452681
[1] "GENE"
[1] "ENSG00000175115"
Harmonising fat_distr (fat_distr) and Outcome (Outcome)
Harmonising fat_distr (fat_distr) and Outcome (Outcome)
[1] 345
[1] 345
  iteration traits posterior_prob regional_prob candidate_snp
1         1   None             NA        0.0041            NA
  posterior_explained_by_snp dropped_trait  lead_snp
1                         NA      iradjbmi rs2452681
[1] "LEAD INDEX"
[1] 18
[1] "GENE"
[1] "ENSG00000149289"
Harmonising fat_distr (fat_distr) and Outcome (Outcome)
Harmonising fat_distr (fat_distr) and Outcome (Outcome)
[1] 360
[1] 360
  iteration traits posterior_prob regional_prob candidate_snp
1         1   None             NA        0.0307            NA
  posterior_explained_by_snp dropped_trait   lead_snp
1                         NA      iradjbmi rs10789752
[1] "GENE"
[1] "ENSG00000149289"
Harmonising fat_distr (fat_distr) and Outcome (Outcome)
Harmonising fat_distr (fat_distr) and Outcome (Outcome)
[1] 360
[1] 360
  iteration traits posterior_prob regional_prob candidate_snp
1         1   None             NA        0.0307            NA
  posterior_explained_by_snp dropped_trait   lead_snp
1                         NA      iradjbmi rs10789752
[1] "LEAD INDEX"
[1] 19
[1] "LEAD INDEX"
[1] 20
[1] "LEAD INDEX"
[1] 21
[1] "GENE"
[1] "ENSG00000271751"
Harmonising fat_distr (fat_distr) and Outcome (Outcome)
Harmonising fat_distr (fat_distr) and Outcome (Outcome)
[1] 348
[1] 348
  iteration                    traits posterior_prob regional_prob
1         1 iradjbmi, ENSG00000271751         0.9727        0.9975
  candidate_snp posterior_explained_by_snp dropped_trait  lead_snp
1     rs1784461                     0.5143            NA rs1003081
[1] "GENE"
[1] "ENSG00000149428"
Harmonising fat_distr (fat_distr) and Outcome (Outcome)
Harmonising fat_distr (fat_distr) and Outcome (Outcome)
[1] 348
[1] 348
  iteration traits posterior_prob regional_prob candidate_snp
1         1   None             NA        0.1265            NA
  posterior_explained_by_snp dropped_trait  lead_snp
1                         NA      iradjbmi rs1003081
[1] "CHROMOSOME"
[1] 12
[1] "LEAD INDEX"
[1] 1
[1] "GENE"
[1] "ENSG00000139531"
Harmonising fat_distr (fat_distr) and Outcome (Outcome)
Harmonising fat_distr (fat_distr) and Outcome (Outcome)
[1] 274
[1] 274
  iteration                    traits posterior_prob regional_prob
1         1 iradjbmi, ENSG00000139531         0.9651        0.9844
  candidate_snp posterior_explained_by_snp dropped_trait   lead_snp
1    rs10876864                     0.6144            NA rs11171739
[1] "GENE"
[1] "ENSG00000123411"
Harmonising fat_distr (fat_distr) and Outcome (Outcome)
Harmonising fat_distr (fat_distr) and Outcome (Outcome)
[1] 274
[1] 274
  iteration traits posterior_prob regional_prob candidate_snp
1         1   None             NA        0.0016            NA
  posterior_explained_by_snp   dropped_trait   lead_snp
1                         NA ENSG00000123411 rs11171739
[1] "GENE"
[1] "ENSG00000197728"
Harmonising fat_distr (fat_distr) and Outcome (Outcome)
Harmonising fat_distr (fat_distr) and Outcome (Outcome)
[1] 274
[1] 274
  iteration                    traits posterior_prob regional_prob
1         1 iradjbmi, ENSG00000197728         0.9634        0.9837
  candidate_snp posterior_explained_by_snp dropped_trait   lead_snp
1    rs10876864                          1            NA rs11171739
[1] "GENE"
[1] "ENSG00000135414"
Harmonising fat_distr (fat_distr) and Outcome (Outcome)
Harmonising fat_distr (fat_distr) and Outcome (Outcome)
[1] 274
[1] 274
  iteration                    traits posterior_prob regional_prob
1         1 iradjbmi, ENSG00000135414         0.8894        0.9326
  candidate_snp posterior_explained_by_snp dropped_trait   lead_snp
1    rs11171739                     0.2135            NA rs11171739
[1] "GENE"
[1] "ENSG00000139531"
Harmonising fat_distr (fat_distr) and Outcome (Outcome)
Harmonising fat_distr (fat_distr) and Outcome (Outcome)
[1] 274
[1] 274
  iteration                    traits posterior_prob regional_prob
1         1 iradjbmi, ENSG00000139531         0.9651        0.9844
  candidate_snp posterior_explained_by_snp dropped_trait   lead_snp
1    rs10876864                     0.6144            NA rs11171739
[1] "LEAD INDEX"
[1] 2
[1] "LEAD INDEX"
[1] 3
[1] "GENE"
[1] "ENSG00000111642"
Harmonising fat_distr (fat_distr) and Outcome (Outcome)
Harmonising fat_distr (fat_distr) and Outcome (Outcome)
[1] 413
[1] 413
  iteration traits posterior_prob regional_prob candidate_snp
1         1   None             NA        0.0195            NA
  posterior_explained_by_snp dropped_trait   lead_snp
1                         NA      iradjbmi rs11064289
[1] "GENE"
[1] "ENSG00000111642"
Harmonising fat_distr (fat_distr) and Outcome (Outcome)
Harmonising fat_distr (fat_distr) and Outcome (Outcome)
[1] 413
[1] 413
  iteration traits posterior_prob regional_prob candidate_snp
1         1   None             NA        0.0195            NA
  posterior_explained_by_snp dropped_trait   lead_snp
1                         NA      iradjbmi rs11064289
[1] "GENE"
[1] "ENSG00000111642"
Harmonising fat_distr (fat_distr) and Outcome (Outcome)
Harmonising fat_distr (fat_distr) and Outcome (Outcome)
[1] 413
[1] 413
  iteration traits posterior_prob regional_prob candidate_snp
1         1   None             NA        0.0195            NA
  posterior_explained_by_snp dropped_trait   lead_snp
1                         NA      iradjbmi rs11064289
[1] "LEAD INDEX"
[1] 4
[1] "GENE"
[1] "ENSG00000172572"
Harmonising fat_distr (fat_distr) and Outcome (Outcome)
Harmonising fat_distr (fat_distr) and Outcome (Outcome)
[1] 494
[1] 494
  iteration                    traits posterior_prob regional_prob
1         1 iradjbmi, ENSG00000172572         0.9934             1
  candidate_snp posterior_explained_by_snp dropped_trait   lead_snp
1     rs7134375                          1            NA rs11045171
[1] "LEAD INDEX"
[1] 5
[1] "GENE"
[1] "ENSG00000172572"
Harmonising fat_distr (fat_distr) and Outcome (Outcome)
Harmonising fat_distr (fat_distr) and Outcome (Outcome)
[1] 491
[1] 491
  iteration                    traits posterior_prob regional_prob
1         1 iradjbmi, ENSG00000172572         0.9934             1
  candidate_snp posterior_explained_by_snp dropped_trait  lead_snp
1     rs7134375                          1            NA rs7134150
[1] "LEAD INDEX"
[1] 6
[1] "LEAD INDEX"
[1] 7
[1] "LEAD INDEX"
[1] 8
[1] "LEAD INDEX"
[1] 9
[1] "LEAD INDEX"
[1] 10
[1] "LEAD INDEX"
[1] 11
[1] "GENE"
[1] "ENSG00000182782"
Harmonising fat_distr (fat_distr) and Outcome (Outcome)
Harmonising fat_distr (fat_distr) and Outcome (Outcome)
[1] 264
[1] 264
  iteration traits posterior_prob regional_prob candidate_snp
1         1   None             NA        0.0167            NA
  posterior_explained_by_snp dropped_trait  lead_snp
1                         NA      iradjbmi rs1798219
[1] "GENE"
[1] "ENSG00000255398"
[1] "LEAD INDEX"
[1] 12
[1] "LEAD INDEX"
[1] 13
[1] "GENE"
[1] "ENSG00000179195"
Harmonising fat_distr (fat_distr) and Outcome (Outcome)
Harmonising fat_distr (fat_distr) and Outcome (Outcome)
[1] 408
[1] 408
  iteration traits posterior_prob regional_prob candidate_snp
1         1   None             NA        0.1528            NA
  posterior_explained_by_snp dropped_trait  lead_snp
1                         NA      iradjbmi rs7133378
[1] "GENE"
[1] "ENSG00000197653"
[1] "GENE"
[1] "ENSG00000178882"
Harmonising fat_distr (fat_distr) and Outcome (Outcome)
Harmonising fat_distr (fat_distr) and Outcome (Outcome)
[1] 408
[1] 408
  iteration traits posterior_prob regional_prob candidate_snp
1         1   None             NA        0.0027            NA
  posterior_explained_by_snp dropped_trait  lead_snp
1                         NA      iradjbmi rs7133378
[1] "GENE"
[1] "ENSG00000270005"
[1] "GENE"
[1] "ENSG00000270028"
[1] "GENE"
[1] "ENSG00000119242"
Harmonising fat_distr (fat_distr) and Outcome (Outcome)
Harmonising fat_distr (fat_distr) and Outcome (Outcome)
[1] 408
[1] 408
  iteration                    traits posterior_prob regional_prob
1         1 iradjbmi, ENSG00000119242         0.7228        0.9999
  candidate_snp posterior_explained_by_snp dropped_trait  lead_snp
1     rs4930726                     0.1759            NA rs7133378
[1] "GENE"
[1] "ENSG00000250091"
Harmonising fat_distr (fat_distr) and Outcome (Outcome)
Harmonising fat_distr (fat_distr) and Outcome (Outcome)
[1] 408
[1] 408
  iteration                    traits posterior_prob regional_prob
1         1 iradjbmi, ENSG00000250091         0.9249             1
  candidate_snp posterior_explained_by_snp dropped_trait  lead_snp
1     rs4930726                     0.5743            NA rs7133378
[1] "GENE"
[1] "ENSG00000119242"
Harmonising fat_distr (fat_distr) and Outcome (Outcome)
Harmonising fat_distr (fat_distr) and Outcome (Outcome)
[1] 408
[1] 408
  iteration                    traits posterior_prob regional_prob
1         1 iradjbmi, ENSG00000119242         0.7228        0.9999
  candidate_snp posterior_explained_by_snp dropped_trait  lead_snp
1     rs4930726                     0.1759            NA rs7133378
[1] "GENE"
[1] "ENSG00000250091"
Harmonising fat_distr (fat_distr) and Outcome (Outcome)
Harmonising fat_distr (fat_distr) and Outcome (Outcome)
[1] 408
[1] 408
  iteration                    traits posterior_prob regional_prob
1         1 iradjbmi, ENSG00000250091         0.9249             1
  candidate_snp posterior_explained_by_snp dropped_trait  lead_snp
1     rs4930726                     0.5743            NA rs7133378
[1] "GENE"
[1] "ENSG00000119242"
Harmonising fat_distr (fat_distr) and Outcome (Outcome)
Harmonising fat_distr (fat_distr) and Outcome (Outcome)
[1] 408
[1] 408
  iteration                    traits posterior_prob regional_prob
1         1 iradjbmi, ENSG00000119242         0.7228        0.9999
  candidate_snp posterior_explained_by_snp dropped_trait  lead_snp
1     rs4930726                     0.1759            NA rs7133378
[1] "GENE"
[1] "ENSG00000119242"
Harmonising fat_distr (fat_distr) and Outcome (Outcome)
Harmonising fat_distr (fat_distr) and Outcome (Outcome)
[1] 408
[1] 408
  iteration                    traits posterior_prob regional_prob
1         1 iradjbmi, ENSG00000119242         0.7228        0.9999
  candidate_snp posterior_explained_by_snp dropped_trait  lead_snp
1     rs4930726                     0.1759            NA rs7133378
[1] "GENE"
[1] "ENSG00000250091"
Harmonising fat_distr (fat_distr) and Outcome (Outcome)
Harmonising fat_distr (fat_distr) and Outcome (Outcome)
[1] 408
[1] 408
  iteration                    traits posterior_prob regional_prob
1         1 iradjbmi, ENSG00000250091         0.9249             1
  candidate_snp posterior_explained_by_snp dropped_trait  lead_snp
1     rs4930726                     0.5743            NA rs7133378
[1] "GENE"
[1] "ENSG00000119242"
Harmonising fat_distr (fat_distr) and Outcome (Outcome)
Harmonising fat_distr (fat_distr) and Outcome (Outcome)
[1] 408
[1] 408
  iteration                    traits posterior_prob regional_prob
1         1 iradjbmi, ENSG00000119242         0.7228        0.9999
  candidate_snp posterior_explained_by_snp dropped_trait  lead_snp
1     rs4930726                     0.1759            NA rs7133378
[1] "GENE"
[1] "ENSG00000250091"
Harmonising fat_distr (fat_distr) and Outcome (Outcome)
Harmonising fat_distr (fat_distr) and Outcome (Outcome)
[1] 408
[1] 408
  iteration                    traits posterior_prob regional_prob
1         1 iradjbmi, ENSG00000250091         0.9249             1
  candidate_snp posterior_explained_by_snp dropped_trait  lead_snp
1     rs4930726                     0.5743            NA rs7133378
[1] "GENE"
[1] "ENSG00000179195"
Harmonising fat_distr (fat_distr) and Outcome (Outcome)
Harmonising fat_distr (fat_distr) and Outcome (Outcome)
[1] 408
[1] 408
  iteration traits posterior_prob regional_prob candidate_snp
1         1   None             NA        0.1528            NA
  posterior_explained_by_snp dropped_trait  lead_snp
1                         NA      iradjbmi rs7133378
[1] "GENE"
[1] "ENSG00000269923"
[1] "GENE"
[1] "ENSG00000197653"
[1] "GENE"
[1] "ENSG00000119242"
Harmonising fat_distr (fat_distr) and Outcome (Outcome)
Harmonising fat_distr (fat_distr) and Outcome (Outcome)
[1] 408
[1] 408
  iteration                    traits posterior_prob regional_prob
1         1 iradjbmi, ENSG00000119242         0.7228        0.9999
  candidate_snp posterior_explained_by_snp dropped_trait  lead_snp
1     rs4930726                     0.1759            NA rs7133378
[1] "GENE"
[1] "ENSG00000275389"
[1] "GENE"
[1] "ENSG00000179195"
Harmonising fat_distr (fat_distr) and Outcome (Outcome)
Harmonising fat_distr (fat_distr) and Outcome (Outcome)
[1] 408
[1] 408
  iteration traits posterior_prob regional_prob candidate_snp
1         1   None             NA        0.1528            NA
  posterior_explained_by_snp dropped_trait  lead_snp
1                         NA      iradjbmi rs7133378
[1] "GENE"
[1] "ENSG00000119242"
Harmonising fat_distr (fat_distr) and Outcome (Outcome)
Harmonising fat_distr (fat_distr) and Outcome (Outcome)
[1] 408
[1] 408
  iteration                    traits posterior_prob regional_prob
1         1 iradjbmi, ENSG00000119242         0.7228        0.9999
  candidate_snp posterior_explained_by_snp dropped_trait  lead_snp
1     rs4930726                     0.1759            NA rs7133378
[1] "LEAD INDEX"
[1] 14
[1] "CHROMOSOME"
[1] 13
[1] "LEAD INDEX"
[1] 1
[1] "GENE"
[1] "ENSG00000229558"
Harmonising fat_distr (fat_distr) and Outcome (Outcome)
Harmonising fat_distr (fat_distr) and Outcome (Outcome)
[1] 637
[1] 637
  iteration traits posterior_prob regional_prob candidate_snp
1         1   None             NA        0.0144            NA
  posterior_explained_by_snp   dropped_trait  lead_snp
1                         NA ENSG00000229558 rs3829352
[1] "GENE"
[1] "ENSG00000102683"
Harmonising fat_distr (fat_distr) and Outcome (Outcome)
Harmonising fat_distr (fat_distr) and Outcome (Outcome)
[1] 637
[1] 637
  iteration traits posterior_prob regional_prob candidate_snp
1         1   None             NA         1e-04            NA
  posterior_explained_by_snp   dropped_trait  lead_snp
1                         NA ENSG00000102683 rs3829352
[1] "GENE"
[1] "ENSG00000151835"
Harmonising fat_distr (fat_distr) and Outcome (Outcome)
Harmonising fat_distr (fat_distr) and Outcome (Outcome)
[1] 637
[1] 637
  iteration                    traits posterior_prob regional_prob
1         1 iradjbmi, ENSG00000151835         0.9852        0.9917
  candidate_snp posterior_explained_by_snp dropped_trait  lead_snp
1     rs3829352                     0.7963            NA rs3829352
[1] "LEAD INDEX"
[1] 2
[1] "LEAD INDEX"
[1] 3
[1] "GENE"
[1] "ENSG00000185989"
Harmonising fat_distr (fat_distr) and Outcome (Outcome)
Harmonising fat_distr (fat_distr) and Outcome (Outcome)
[1] 246
[1] 246
  iteration traits posterior_prob regional_prob candidate_snp
1         1   None             NA         0.476            NA
  posterior_explained_by_snp   dropped_trait  lead_snp
1                         NA ENSG00000185989 rs4393438
[1] "CHROMOSOME"
[1] 14
[1] "LEAD INDEX"
[1] 1
[1] "CHROMOSOME"
[1] 15
[1] "LEAD INDEX"
[1] 1
[1] "LEAD INDEX"
[1] 2
[1] "GENE"
[1] "ENSG00000128881"
Harmonising fat_distr (fat_distr) and Outcome (Outcome)
Harmonising fat_distr (fat_distr) and Outcome (Outcome)
[1] 244
[1] 244
  iteration traits posterior_prob regional_prob candidate_snp
1         1   None             NA        0.0134            NA
  posterior_explained_by_snp dropped_trait   lead_snp
1                         NA      iradjbmi rs12917018
[1] "GENE"
[1] "ENSG00000278769"
Harmonising fat_distr (fat_distr) and Outcome (Outcome)
Harmonising fat_distr (fat_distr) and Outcome (Outcome)
[1] 244
[1] 244
  iteration traits posterior_prob regional_prob candidate_snp
1         1   None             NA         0.906            NA
  posterior_explained_by_snp dropped_trait   lead_snp
1                         NA      iradjbmi rs12917018
[1] "GENE"
[1] "ENSG00000278769"
Harmonising fat_distr (fat_distr) and Outcome (Outcome)
Harmonising fat_distr (fat_distr) and Outcome (Outcome)
[1] 244
[1] 244
  iteration traits posterior_prob regional_prob candidate_snp
1         1   None             NA         0.906            NA
  posterior_explained_by_snp dropped_trait   lead_snp
1                         NA      iradjbmi rs12917018
[1] "GENE"
[1] "ENSG00000140326"
Harmonising fat_distr (fat_distr) and Outcome (Outcome)
Harmonising fat_distr (fat_distr) and Outcome (Outcome)
[1] 244
[1] 244
  iteration traits posterior_prob regional_prob candidate_snp
1         1   None             NA          0.01            NA
  posterior_explained_by_snp dropped_trait   lead_snp
1                         NA      iradjbmi rs12917018
[1] "GENE"
[1] "ENSG00000278769"
Harmonising fat_distr (fat_distr) and Outcome (Outcome)
Harmonising fat_distr (fat_distr) and Outcome (Outcome)
[1] 244
[1] 244
  iteration traits posterior_prob regional_prob candidate_snp
1         1   None             NA         0.906            NA
  posterior_explained_by_snp dropped_trait   lead_snp
1                         NA      iradjbmi rs12917018
[1] "LEAD INDEX"
[1] 3
[1] "GENE"
[1] "ENSG00000259279"
[1] "GENE"
[1] "ENSG00000137801"
Harmonising fat_distr (fat_distr) and Outcome (Outcome)
Removing the following SNPs for incompatible alleles:
chr15:39634951
Harmonising fat_distr (fat_distr) and Outcome (Outcome)
[1] 573
[1] 573
  iteration traits posterior_prob regional_prob candidate_snp
1         1   None             NA        0.0102            NA
  posterior_explained_by_snp dropped_trait lead_snp
1                         NA      iradjbmi rs275184
[1] "LEAD INDEX"
[1] 4
[1] "LEAD INDEX"
[1] 5
[1] "GENE"
[1] "ENSG00000259675"
Harmonising fat_distr (fat_distr) and Outcome (Outcome)
Harmonising fat_distr (fat_distr) and Outcome (Outcome)
[1] 528
[1] 528
  iteration                    traits posterior_prob regional_prob
1         1 iradjbmi, ENSG00000259675         0.9934        0.9993
  candidate_snp posterior_explained_by_snp dropped_trait  lead_snp
1     rs4775426                          1            NA rs4775426
[1] "GENE"
[1] "ENSG00000259530"
Harmonising fat_distr (fat_distr) and Outcome (Outcome)
Harmonising fat_distr (fat_distr) and Outcome (Outcome)
[1] 528
[1] 528
  iteration                    traits posterior_prob regional_prob
1         1 iradjbmi, ENSG00000259530         0.9798        0.9983
  candidate_snp posterior_explained_by_snp dropped_trait  lead_snp
1     rs4775427                     0.9271            NA rs4775426
[1] "GENE"
[1] "ENSG00000259616"
Harmonising fat_distr (fat_distr) and Outcome (Outcome)
Harmonising fat_distr (fat_distr) and Outcome (Outcome)
[1] 528
[1] 528
  iteration                    traits posterior_prob regional_prob
1         1 iradjbmi, ENSG00000259616         0.9934        0.9993
  candidate_snp posterior_explained_by_snp dropped_trait  lead_snp
1     rs4775426                     0.9949            NA rs4775426
[1] "GENE"
[1] "ENSG00000259675"
Harmonising fat_distr (fat_distr) and Outcome (Outcome)
Harmonising fat_distr (fat_distr) and Outcome (Outcome)
[1] 528
[1] 528
  iteration                    traits posterior_prob regional_prob
1         1 iradjbmi, ENSG00000259675         0.9934        0.9993
  candidate_snp posterior_explained_by_snp dropped_trait  lead_snp
1     rs4775426                          1            NA rs4775426
[1] "GENE"
[1] "ENSG00000259675"
Harmonising fat_distr (fat_distr) and Outcome (Outcome)
Harmonising fat_distr (fat_distr) and Outcome (Outcome)
[1] 528
[1] 528
  iteration                    traits posterior_prob regional_prob
1         1 iradjbmi, ENSG00000259675         0.9934        0.9993
  candidate_snp posterior_explained_by_snp dropped_trait  lead_snp
1     rs4775426                          1            NA rs4775426
[1] "GENE"
[1] "ENSG00000259616"
Harmonising fat_distr (fat_distr) and Outcome (Outcome)
Harmonising fat_distr (fat_distr) and Outcome (Outcome)
[1] 528
[1] 528
  iteration                    traits posterior_prob regional_prob
1         1 iradjbmi, ENSG00000259616         0.9934        0.9993
  candidate_snp posterior_explained_by_snp dropped_trait  lead_snp
1     rs4775426                     0.9949            NA rs4775426
[1] "GENE"
[1] "ENSG00000259616"
Harmonising fat_distr (fat_distr) and Outcome (Outcome)
Harmonising fat_distr (fat_distr) and Outcome (Outcome)
[1] 528
[1] 528
  iteration                    traits posterior_prob regional_prob
1         1 iradjbmi, ENSG00000259616         0.9934        0.9993
  candidate_snp posterior_explained_by_snp dropped_trait  lead_snp
1     rs4775426                     0.9949            NA rs4775426
[1] "GENE"
[1] "ENSG00000259530"
Harmonising fat_distr (fat_distr) and Outcome (Outcome)
Harmonising fat_distr (fat_distr) and Outcome (Outcome)
[1] 528
[1] 528
  iteration                    traits posterior_prob regional_prob
1         1 iradjbmi, ENSG00000259530         0.9798        0.9983
  candidate_snp posterior_explained_by_snp dropped_trait  lead_snp
1     rs4775427                     0.9271            NA rs4775426
[1] "GENE"
[1] "ENSG00000259530"
Harmonising fat_distr (fat_distr) and Outcome (Outcome)
Harmonising fat_distr (fat_distr) and Outcome (Outcome)
[1] 528
[1] 528
  iteration                    traits posterior_prob regional_prob
1         1 iradjbmi, ENSG00000259530         0.9798        0.9983
  candidate_snp posterior_explained_by_snp dropped_trait  lead_snp
1     rs4775427                     0.9271            NA rs4775426
[1] "GENE"
[1] "ENSG00000259616"
Harmonising fat_distr (fat_distr) and Outcome (Outcome)
Harmonising fat_distr (fat_distr) and Outcome (Outcome)
[1] 528
[1] 528
  iteration                    traits posterior_prob regional_prob
1         1 iradjbmi, ENSG00000259616         0.9934        0.9993
  candidate_snp posterior_explained_by_snp dropped_trait  lead_snp
1     rs4775426                     0.9949            NA rs4775426
[1] "GENE"
[1] "ENSG00000259675"
Harmonising fat_distr (fat_distr) and Outcome (Outcome)
Harmonising fat_distr (fat_distr) and Outcome (Outcome)
[1] 528
[1] 528
  iteration                    traits posterior_prob regional_prob
1         1 iradjbmi, ENSG00000259675         0.9934        0.9993
  candidate_snp posterior_explained_by_snp dropped_trait  lead_snp
1     rs4775426                          1            NA rs4775426
[1] "GENE"
[1] "ENSG00000259284"
[1] "LEAD INDEX"
[1] 6
[1] "GENE"
[1] "ENSG00000259627"
[1] "GENE"
[1] "ENSG00000140416"
Harmonising fat_distr (fat_distr) and Outcome (Outcome)
Harmonising fat_distr (fat_distr) and Outcome (Outcome)
[1] 491
[1] 491
  iteration traits posterior_prob regional_prob candidate_snp
1         1   None             NA        0.9777            NA
  posterior_explained_by_snp dropped_trait  lead_snp
1                         NA      iradjbmi rs2729827
[1] "GENE"
[1] "ENSG00000259498"
Harmonising fat_distr (fat_distr) and Outcome (Outcome)
Harmonising fat_distr (fat_distr) and Outcome (Outcome)
[1] 491
[1] 491
  iteration                    traits posterior_prob regional_prob
1         1 iradjbmi, ENSG00000259498         0.8486        0.9174
  candidate_snp posterior_explained_by_snp dropped_trait  lead_snp
1     rs7170462                     0.3455            NA rs2729827
[1] "GENE"
[1] "ENSG00000140416"
Harmonising fat_distr (fat_distr) and Outcome (Outcome)
Harmonising fat_distr (fat_distr) and Outcome (Outcome)
[1] 491
[1] 491
  iteration traits posterior_prob regional_prob candidate_snp
1         1   None             NA        0.9777            NA
  posterior_explained_by_snp dropped_trait  lead_snp
1                         NA      iradjbmi rs2729827
[1] "GENE"
[1] "ENSG00000259498"
Harmonising fat_distr (fat_distr) and Outcome (Outcome)
Harmonising fat_distr (fat_distr) and Outcome (Outcome)
[1] 491
[1] 491
  iteration                    traits posterior_prob regional_prob
1         1 iradjbmi, ENSG00000259498         0.8486        0.9174
  candidate_snp posterior_explained_by_snp dropped_trait  lead_snp
1     rs7170462                     0.3455            NA rs2729827
[1] "GENE"
[1] "ENSG00000259498"
Harmonising fat_distr (fat_distr) and Outcome (Outcome)
Harmonising fat_distr (fat_distr) and Outcome (Outcome)
[1] 491
[1] 491
  iteration                    traits posterior_prob regional_prob
1         1 iradjbmi, ENSG00000259498         0.8486        0.9174
  candidate_snp posterior_explained_by_snp dropped_trait  lead_snp
1     rs7170462                     0.3455            NA rs2729827
[1] "GENE"
[1] "ENSG00000140416"
Harmonising fat_distr (fat_distr) and Outcome (Outcome)
Harmonising fat_distr (fat_distr) and Outcome (Outcome)
[1] 491
[1] 491
  iteration traits posterior_prob regional_prob candidate_snp
1         1   None             NA        0.9777            NA
  posterior_explained_by_snp dropped_trait  lead_snp
1                         NA      iradjbmi rs2729827
[1] "LEAD INDEX"
[1] 7
[1] "LEAD INDEX"
[1] 8
[1] "LEAD INDEX"
[1] 9
[1] "CHROMOSOME"
[1] 16
[1] "LEAD INDEX"
[1] 1
[1] "GENE"
[1] "ENSG00000167005"
Harmonising fat_distr (fat_distr) and Outcome (Outcome)
Harmonising fat_distr (fat_distr) and Outcome (Outcome)
[1] 315
[1] 315
  iteration traits posterior_prob regional_prob candidate_snp
1         1   None             NA        0.0037            NA
  posterior_explained_by_snp   dropped_trait  lead_snp
1                         NA ENSG00000167005 rs9937484
[1] "GENE"
[1] "ENSG00000159461"
Harmonising fat_distr (fat_distr) and Outcome (Outcome)
Harmonising fat_distr (fat_distr) and Outcome (Outcome)
[1] 315
[1] 315
  iteration traits posterior_prob regional_prob candidate_snp
1         1   None             NA         2e-04            NA
  posterior_explained_by_snp   dropped_trait  lead_snp
1                         NA ENSG00000159461 rs9937484
[1] "LEAD INDEX"
[1] 2
[1] "LEAD INDEX"
[1] 3
[1] "GENE"
[1] "ENSG00000157045"
Harmonising fat_distr (fat_distr) and Outcome (Outcome)
Harmonising fat_distr (fat_distr) and Outcome (Outcome)
[1] 101
[1] 101
  iteration traits posterior_prob regional_prob candidate_snp
1         1   None             NA        0.0102            NA
  posterior_explained_by_snp   dropped_trait   lead_snp
1                         NA ENSG00000157045 rs11075253
[1] "GENE"
[1] "ENSG00000157045"
Harmonising fat_distr (fat_distr) and Outcome (Outcome)
Harmonising fat_distr (fat_distr) and Outcome (Outcome)
[1] 101
[1] 101
  iteration traits posterior_prob regional_prob candidate_snp
1         1   None             NA        0.0102            NA
  posterior_explained_by_snp   dropped_trait   lead_snp
1                         NA ENSG00000157045 rs11075253
[1] "LEAD INDEX"
[1] 4
[1] "GENE"
[1] "ENSG00000169592"
Harmonising fat_distr (fat_distr) and Outcome (Outcome)
Harmonising fat_distr (fat_distr) and Outcome (Outcome)
[1] 181
[1] 181
  iteration                    traits posterior_prob regional_prob
1         1 iradjbmi, ENSG00000169592         0.9579        0.9994
  candidate_snp posterior_explained_by_snp dropped_trait  lead_snp
1    rs11150576                     0.1363            NA rs4283241
[1] "GENE"
[1] "ENSG00000174943"
Harmonising fat_distr (fat_distr) and Outcome (Outcome)
Harmonising fat_distr (fat_distr) and Outcome (Outcome)
[1] 181
[1] 181
  iteration                    traits posterior_prob regional_prob
1         1 iradjbmi, ENSG00000174943         0.6412        0.6838
  candidate_snp posterior_explained_by_snp dropped_trait  lead_snp
1    rs11150577                     0.1042            NA rs4283241
[1] "GENE"
[1] "ENSG00000169592"
Harmonising fat_distr (fat_distr) and Outcome (Outcome)
Harmonising fat_distr (fat_distr) and Outcome (Outcome)
[1] 181
[1] 181
  iteration                    traits posterior_prob regional_prob
1         1 iradjbmi, ENSG00000169592         0.9579        0.9994
  candidate_snp posterior_explained_by_snp dropped_trait  lead_snp
1    rs11150576                     0.1363            NA rs4283241
[1] "GENE"
[1] "ENSG00000149927"
Harmonising fat_distr (fat_distr) and Outcome (Outcome)
Harmonising fat_distr (fat_distr) and Outcome (Outcome)
[1] 181
[1] 181
  iteration traits posterior_prob regional_prob candidate_snp
1         1   None             NA        0.2959            NA
  posterior_explained_by_snp dropped_trait  lead_snp
1                         NA      iradjbmi rs4283241
[1] "GENE"
[1] "ENSG00000169592"
Harmonising fat_distr (fat_distr) and Outcome (Outcome)
Harmonising fat_distr (fat_distr) and Outcome (Outcome)
[1] 181
[1] 181
  iteration                    traits posterior_prob regional_prob
1         1 iradjbmi, ENSG00000169592         0.9579        0.9994
  candidate_snp posterior_explained_by_snp dropped_trait  lead_snp
1    rs11150576                     0.1363            NA rs4283241
[1] "GENE"
[1] "ENSG00000169592"
Harmonising fat_distr (fat_distr) and Outcome (Outcome)
Harmonising fat_distr (fat_distr) and Outcome (Outcome)
[1] 181
[1] 181
  iteration                    traits posterior_prob regional_prob
1         1 iradjbmi, ENSG00000169592         0.9579        0.9994
  candidate_snp posterior_explained_by_snp dropped_trait  lead_snp
1    rs11150576                     0.1363            NA rs4283241
[1] "GENE"
[1] "ENSG00000174943"
Harmonising fat_distr (fat_distr) and Outcome (Outcome)
Harmonising fat_distr (fat_distr) and Outcome (Outcome)
[1] 181
[1] 181
  iteration                    traits posterior_prob regional_prob
1         1 iradjbmi, ENSG00000174943         0.6412        0.6838
  candidate_snp posterior_explained_by_snp dropped_trait  lead_snp
1    rs11150577                     0.1042            NA rs4283241
[1] "GENE"
[1] "ENSG00000149927"
Harmonising fat_distr (fat_distr) and Outcome (Outcome)
Harmonising fat_distr (fat_distr) and Outcome (Outcome)
[1] 181
[1] 181
  iteration traits posterior_prob regional_prob candidate_snp
1         1   None             NA        0.2959            NA
  posterior_explained_by_snp dropped_trait  lead_snp
1                         NA      iradjbmi rs4283241
[1] "GENE"
[1] "ENSG00000149930"
Harmonising fat_distr (fat_distr) and Outcome (Outcome)
Harmonising fat_distr (fat_distr) and Outcome (Outcome)
[1] 181
[1] 181
  iteration traits posterior_prob regional_prob candidate_snp
1         1   None             NA        0.0415            NA
  posterior_explained_by_snp dropped_trait  lead_snp
1                         NA      iradjbmi rs4283241
[1] "LEAD INDEX"
[1] 5
[1] "GENE"
[1] "ENSG00000168676"
[1] "GENE"
[1] "ENSG00000135740"
Harmonising fat_distr (fat_distr) and Outcome (Outcome)
Harmonising fat_distr (fat_distr) and Outcome (Outcome)
[1] 131
[1] 131
  iteration traits posterior_prob regional_prob candidate_snp
1         1   None             NA        0.0053            NA
  posterior_explained_by_snp dropped_trait  lead_snp
1                         NA      iradjbmi rs8059722
[1] "LEAD INDEX"
[1] 6
[1] "LEAD INDEX"
[1] 7
[1] "GENE"
[1] "ENSG00000153815"
Harmonising fat_distr (fat_distr) and Outcome (Outcome)
Harmonising fat_distr (fat_distr) and Outcome (Outcome)
[1] 706
[1] 706
  iteration traits posterior_prob regional_prob candidate_snp
1         1   None             NA        0.0036            NA
  posterior_explained_by_snp dropped_trait  lead_snp
1                         NA      iradjbmi rs2925979
[1] "LEAD INDEX"
[1] 8
[1] "GENE"
[1] "ENSG00000172530"
Harmonising fat_distr (fat_distr) and Outcome (Outcome)
Harmonising fat_distr (fat_distr) and Outcome (Outcome)
[1] 396
[1] 396
  iteration traits posterior_prob regional_prob candidate_snp
1         1   None             NA        0.4391            NA
  posterior_explained_by_snp dropped_trait   lead_snp
1                         NA      iradjbmi rs11117333
[1] "CHROMOSOME"
[1] 17
[1] "LEAD INDEX"
[1] 1
[1] "GENE"
[1] "ENSG00000133027"
Harmonising fat_distr (fat_distr) and Outcome (Outcome)
Harmonising fat_distr (fat_distr) and Outcome (Outcome)
[1] 385
[1] 385
  iteration traits posterior_prob regional_prob candidate_snp
1         1   None             NA        0.0059            NA
  posterior_explained_by_snp dropped_trait  lead_snp
1                         NA      iradjbmi rs1263507
[1] "GENE"
[1] "ENSG00000133027"
Harmonising fat_distr (fat_distr) and Outcome (Outcome)
Harmonising fat_distr (fat_distr) and Outcome (Outcome)
[1] 385
[1] 385
  iteration traits posterior_prob regional_prob candidate_snp
1         1   None             NA        0.0059            NA
  posterior_explained_by_snp dropped_trait  lead_snp
1                         NA      iradjbmi rs1263507
[1] "LEAD INDEX"
[1] 2
[1] "LEAD INDEX"
[1] 3
[1] "LEAD INDEX"
[1] 4
[1] "LEAD INDEX"
[1] 5
[1] "GENE"
[1] "ENSG00000133027"
Harmonising fat_distr (fat_distr) and Outcome (Outcome)
Harmonising fat_distr (fat_distr) and Outcome (Outcome)
[1] 382
[1] 382
  iteration traits posterior_prob regional_prob candidate_snp
1         1   None             NA        0.0059            NA
  posterior_explained_by_snp dropped_trait  lead_snp
1                         NA      iradjbmi rs7222358
[1] "GENE"
[1] "ENSG00000133027"
Harmonising fat_distr (fat_distr) and Outcome (Outcome)
Harmonising fat_distr (fat_distr) and Outcome (Outcome)
[1] 382
[1] 382
  iteration traits posterior_prob regional_prob candidate_snp
1         1   None             NA        0.0059            NA
  posterior_explained_by_snp dropped_trait  lead_snp
1                         NA      iradjbmi rs7222358
[1] "LEAD INDEX"
[1] 6
[1] "GENE"
[1] "ENSG00000108788"
Harmonising fat_distr (fat_distr) and Outcome (Outcome)
Harmonising fat_distr (fat_distr) and Outcome (Outcome)
[1] 237
[1] 237
  iteration traits posterior_prob regional_prob candidate_snp
1         1   None             NA        0.0122            NA
  posterior_explained_by_snp dropped_trait lead_snp
1                         NA      iradjbmi rs646123
[1] "GENE"
[1] "ENSG00000037042"
Harmonising fat_distr (fat_distr) and Outcome (Outcome)
Harmonising fat_distr (fat_distr) and Outcome (Outcome)
[1] 237
[1] 237
  iteration                    traits posterior_prob regional_prob
1         1 iradjbmi, ENSG00000037042         0.9316        0.9992
  candidate_snp posterior_explained_by_snp dropped_trait lead_snp
1     rs2292749                     0.9999            NA rs646123
[1] "GENE"
[1] "ENSG00000141699"
Harmonising fat_distr (fat_distr) and Outcome (Outcome)
Harmonising fat_distr (fat_distr) and Outcome (Outcome)
[1] 237
[1] 237
  iteration                    traits posterior_prob regional_prob
1         1 iradjbmi, ENSG00000141699         0.9944        0.9999
  candidate_snp posterior_explained_by_snp dropped_trait lead_snp
1      rs665268                     0.4414            NA rs646123
[1] "GENE"
[1] "ENSG00000108785"
Harmonising fat_distr (fat_distr) and Outcome (Outcome)
Harmonising fat_distr (fat_distr) and Outcome (Outcome)
[1] 237
[1] 237
  iteration traits posterior_prob regional_prob candidate_snp
1         1   None             NA        0.0245            NA
  posterior_explained_by_snp   dropped_trait lead_snp
1                         NA ENSG00000108785 rs646123
[1] "GENE"
[1] "ENSG00000108788"
Harmonising fat_distr (fat_distr) and Outcome (Outcome)
Harmonising fat_distr (fat_distr) and Outcome (Outcome)
[1] 237
[1] 237
  iteration traits posterior_prob regional_prob candidate_snp
1         1   None             NA        0.0122            NA
  posterior_explained_by_snp dropped_trait lead_snp
1                         NA      iradjbmi rs646123
[1] "LEAD INDEX"
[1] 7
[1] "GENE"
[1] "ENSG00000067596"
Harmonising fat_distr (fat_distr) and Outcome (Outcome)
Harmonising fat_distr (fat_distr) and Outcome (Outcome)
[1] 305
[1] 305
  iteration traits posterior_prob regional_prob candidate_snp
1         1   None             NA        0.0067            NA
  posterior_explained_by_snp dropped_trait  lead_snp
1                         NA      iradjbmi rs4632174
[1] "LEAD INDEX"
[1] 8
[1] "LEAD INDEX"
[1] 9
[1] "GENE"
[1] "ENSG00000108852"
Harmonising fat_distr (fat_distr) and Outcome (Outcome)
Harmonising fat_distr (fat_distr) and Outcome (Outcome)
[1] 353
[1] 353
  iteration traits posterior_prob regional_prob candidate_snp
1         1   None             NA        0.8127            NA
  posterior_explained_by_snp   dropped_trait lead_snp
1                         NA ENSG00000108852 rs231492
[1] "LEAD INDEX"
[1] 10
[1] "LEAD INDEX"
[1] 11
[1] "GENE"
[1] "ENSG00000263412"
Harmonising fat_distr (fat_distr) and Outcome (Outcome)
Harmonising fat_distr (fat_distr) and Outcome (Outcome)
[1] 430
[1] 430
  iteration                    traits posterior_prob regional_prob
1         1 iradjbmi, ENSG00000263412         0.8838        0.9998
  candidate_snp posterior_explained_by_snp dropped_trait   lead_snp
1     rs8067470                     0.8495            NA rs17618704
[1] "GENE"
[1] "ENSG00000108439"
Harmonising fat_distr (fat_distr) and Outcome (Outcome)
Harmonising fat_distr (fat_distr) and Outcome (Outcome)
[1] 430
[1] 430
  iteration traits posterior_prob regional_prob candidate_snp
1         1   None             NA         1e-04            NA
  posterior_explained_by_snp   dropped_trait   lead_snp
1                         NA ENSG00000108439 rs17618704
[1] "GENE"
[1] "ENSG00000108439"
Harmonising fat_distr (fat_distr) and Outcome (Outcome)
Harmonising fat_distr (fat_distr) and Outcome (Outcome)
[1] 430
[1] 430
  iteration traits posterior_prob regional_prob candidate_snp
1         1   None             NA         1e-04            NA
  posterior_explained_by_snp   dropped_trait   lead_snp
1                         NA ENSG00000108439 rs17618704
[1] "LEAD INDEX"
[1] 12
[1] "LEAD INDEX"
[1] 13
[1] "GENE"
[1] "ENSG00000123700"
Harmonising fat_distr (fat_distr) and Outcome (Outcome)
Harmonising fat_distr (fat_distr) and Outcome (Outcome)
[1] 466
[1] 466
  iteration traits posterior_prob regional_prob candidate_snp
1         1   None             NA         6e-04            NA
  posterior_explained_by_snp   dropped_trait  lead_snp
1                         NA ENSG00000123700 rs9904355
[1] "LEAD INDEX"
[1] 14
[1] "GENE"
[1] "ENSG00000185262"
Harmonising fat_distr (fat_distr) and Outcome (Outcome)
Harmonising fat_distr (fat_distr) and Outcome (Outcome)
[1] 389
[1] 389
  iteration traits posterior_prob regional_prob candidate_snp
1         1   None             NA        0.0032            NA
  posterior_explained_by_snp dropped_trait  lead_snp
1                         NA      iradjbmi rs9674537
[1] "LEAD INDEX"
[1] 15
[1] "GENE"
[1] "ENSG00000087157"
Harmonising fat_distr (fat_distr) and Outcome (Outcome)
Harmonising fat_distr (fat_distr) and Outcome (Outcome)
[1] 471
[1] 471
  iteration                    traits posterior_prob regional_prob
1         1 iradjbmi, ENSG00000087157         0.9128        0.9992
  candidate_snp posterior_explained_by_snp dropped_trait   lead_snp
1    rs12944051                     0.1528            NA rs16971107
[1] "CHROMOSOME"
[1] 18
[1] "LEAD INDEX"
[1] 1
[1] "LEAD INDEX"
[1] 2
[1] "LEAD INDEX"
[1] 3
[1] "LEAD INDEX"
[1] 4
[1] "LEAD INDEX"
[1] 5
[1] "LEAD INDEX"
[1] 6
[1] "GENE"
[1] "ENSG00000141452"
Harmonising fat_distr (fat_distr) and Outcome (Outcome)
Harmonising fat_distr (fat_distr) and Outcome (Outcome)
[1] 341
[1] 341
  iteration traits posterior_prob regional_prob candidate_snp
1         1   None             NA        0.9937            NA
  posterior_explained_by_snp dropped_trait  lead_snp
1                         NA      iradjbmi rs1623060
[1] "GENE"
[1] "ENSG00000141458"
Harmonising fat_distr (fat_distr) and Outcome (Outcome)
Harmonising fat_distr (fat_distr) and Outcome (Outcome)
[1] 341
[1] 341
  iteration                    traits posterior_prob regional_prob
1         1 iradjbmi, ENSG00000141458         0.9314             1
  candidate_snp posterior_explained_by_snp dropped_trait  lead_snp
1     rs1808579                     0.5572            NA rs1623060
[1] "GENE"
[1] "ENSG00000141458"
Harmonising fat_distr (fat_distr) and Outcome (Outcome)
Harmonising fat_distr (fat_distr) and Outcome (Outcome)
[1] 341
[1] 341
  iteration                    traits posterior_prob regional_prob
1         1 iradjbmi, ENSG00000141458         0.9314             1
  candidate_snp posterior_explained_by_snp dropped_trait  lead_snp
1     rs1808579                     0.5572            NA rs1623060
[1] "GENE"
[1] "ENSG00000141458"
Harmonising fat_distr (fat_distr) and Outcome (Outcome)
Harmonising fat_distr (fat_distr) and Outcome (Outcome)
[1] 341
[1] 341
  iteration                    traits posterior_prob regional_prob
1         1 iradjbmi, ENSG00000141458         0.9314             1
  candidate_snp posterior_explained_by_snp dropped_trait  lead_snp
1     rs1808579                     0.5572            NA rs1623060
[1] "GENE"
[1] "ENSG00000141452"
Harmonising fat_distr (fat_distr) and Outcome (Outcome)
Harmonising fat_distr (fat_distr) and Outcome (Outcome)
[1] 341
[1] 341
  iteration traits posterior_prob regional_prob candidate_snp
1         1   None             NA        0.9937            NA
  posterior_explained_by_snp dropped_trait  lead_snp
1                         NA      iradjbmi rs1623060
[1] "GENE"
[1] "ENSG00000141458"
Harmonising fat_distr (fat_distr) and Outcome (Outcome)
Harmonising fat_distr (fat_distr) and Outcome (Outcome)
[1] 341
[1] 341
  iteration                    traits posterior_prob regional_prob
1         1 iradjbmi, ENSG00000141458         0.9314             1
  candidate_snp posterior_explained_by_snp dropped_trait  lead_snp
1     rs1808579                     0.5572            NA rs1623060
[1] "GENE"
[1] "ENSG00000141458"
Harmonising fat_distr (fat_distr) and Outcome (Outcome)
Harmonising fat_distr (fat_distr) and Outcome (Outcome)
[1] 341
[1] 341
  iteration                    traits posterior_prob regional_prob
1         1 iradjbmi, ENSG00000141458         0.9314             1
  candidate_snp posterior_explained_by_snp dropped_trait  lead_snp
1     rs1808579                     0.5572            NA rs1623060
[1] "GENE"
[1] "ENSG00000141458"
Harmonising fat_distr (fat_distr) and Outcome (Outcome)
Harmonising fat_distr (fat_distr) and Outcome (Outcome)
[1] 341
[1] 341
  iteration                    traits posterior_prob regional_prob
1         1 iradjbmi, ENSG00000141458         0.9314             1
  candidate_snp posterior_explained_by_snp dropped_trait  lead_snp
1     rs1808579                     0.5572            NA rs1623060
[1] "LEAD INDEX"
[1] 7
[1] "CHROMOSOME"
[1] 19
[1] "LEAD INDEX"
[1] 1
[1] "GENE"
[1] "ENSG00000130518"
Harmonising fat_distr (fat_distr) and Outcome (Outcome)
Harmonising fat_distr (fat_distr) and Outcome (Outcome)
[1] 396
[1] 396
  iteration                    traits posterior_prob regional_prob
1         1 iradjbmi, ENSG00000130518         0.6456        0.7789
  candidate_snp posterior_explained_by_snp dropped_trait  lead_snp
1    rs12461701                     0.9999            NA rs1075403
[1] "GENE"
[1] "ENSG00000130518"
Harmonising fat_distr (fat_distr) and Outcome (Outcome)
Harmonising fat_distr (fat_distr) and Outcome (Outcome)
[1] 396
[1] 396
  iteration                    traits posterior_prob regional_prob
1         1 iradjbmi, ENSG00000130518         0.6456        0.7789
  candidate_snp posterior_explained_by_snp dropped_trait  lead_snp
1    rs12461701                     0.9999            NA rs1075403
[1] "GENE"
[1] "ENSG00000130518"
Harmonising fat_distr (fat_distr) and Outcome (Outcome)
Harmonising fat_distr (fat_distr) and Outcome (Outcome)
[1] 396
[1] 396
  iteration                    traits posterior_prob regional_prob
1         1 iradjbmi, ENSG00000130518         0.6456        0.7789
  candidate_snp posterior_explained_by_snp dropped_trait  lead_snp
1    rs12461701                     0.9999            NA rs1075403
[1] "LEAD INDEX"
[1] 2
[1] "LEAD INDEX"
[1] 3
[1] "LEAD INDEX"
[1] 4
[1] "GENE"
[1] "ENSG00000171105"
Harmonising fat_distr (fat_distr) and Outcome (Outcome)
Harmonising fat_distr (fat_distr) and Outcome (Outcome)
[1] 442
[1] 442
  iteration traits posterior_prob regional_prob candidate_snp
1         1   None             NA        0.0142            NA
  posterior_explained_by_snp dropped_trait  lead_snp
1                         NA      iradjbmi rs8101064
[1] "LEAD INDEX"
[1] 5
[1] "GENE"
[1] "ENSG00000076984"
Harmonising fat_distr (fat_distr) and Outcome (Outcome)
Harmonising fat_distr (fat_distr) and Outcome (Outcome)
[1] 439
[1] 439
  iteration traits posterior_prob regional_prob candidate_snp
1         1   None             NA        0.0025            NA
  posterior_explained_by_snp dropped_trait  lead_snp
1                         NA      iradjbmi rs4804833
[1] "LEAD INDEX"
[1] 6
[1] "LEAD INDEX"
[1] 7
[1] "LEAD INDEX"
[1] 8
[1] "GENE"
[1] "ENSG00000142347"
Harmonising fat_distr (fat_distr) and Outcome (Outcome)
Harmonising fat_distr (fat_distr) and Outcome (Outcome)
[1] 422
[1] 422
  iteration                    traits posterior_prob regional_prob
1         1 iradjbmi, ENSG00000142347         0.9971        0.9975
  candidate_snp posterior_explained_by_snp dropped_trait  lead_snp
1     rs4804311                     0.9999            NA rs4804311
[1] "LEAD INDEX"
[1] 9
[1] "LEAD INDEX"
[1] 10
[1] "LEAD INDEX"
[1] 11
[1] "LEAD INDEX"
[1] 12
[1] "LEAD INDEX"
[1] 13
[1] "LEAD INDEX"
[1] 14
[1] "LEAD INDEX"
[1] 15
[1] "LEAD INDEX"
[1] 16
[1] "GENE"
[1] "ENSG00000142233"
Harmonising fat_distr (fat_distr) and Outcome (Outcome)
Harmonising fat_distr (fat_distr) and Outcome (Outcome)
[1] 414
[1] 414
  iteration                    traits posterior_prob regional_prob
1         1 iradjbmi, ENSG00000142233         0.4244        0.6651
  candidate_snp posterior_explained_by_snp dropped_trait lead_snp
1      rs281385                     0.6285            NA rs485186
[1] "GENE"
[1] "ENSG00000142233"
Harmonising fat_distr (fat_distr) and Outcome (Outcome)
Harmonising fat_distr (fat_distr) and Outcome (Outcome)
[1] 414
[1] 414
  iteration                    traits posterior_prob regional_prob
1         1 iradjbmi, ENSG00000142233         0.4244        0.6651
  candidate_snp posterior_explained_by_snp dropped_trait lead_snp
1      rs281385                     0.6285            NA rs485186
[1] "GENE"
[1] "ENSG00000105538"
Harmonising fat_distr (fat_distr) and Outcome (Outcome)
Harmonising fat_distr (fat_distr) and Outcome (Outcome)
[1] 414
[1] 414
  iteration traits posterior_prob regional_prob candidate_snp
1         1   None             NA        0.0129            NA
  posterior_explained_by_snp dropped_trait lead_snp
1                         NA      iradjbmi rs485186
[1] "GENE"
[1] "ENSG00000142233"
Harmonising fat_distr (fat_distr) and Outcome (Outcome)
Harmonising fat_distr (fat_distr) and Outcome (Outcome)
[1] 414
[1] 414
  iteration                    traits posterior_prob regional_prob
1         1 iradjbmi, ENSG00000142233         0.4244        0.6651
  candidate_snp posterior_explained_by_snp dropped_trait lead_snp
1      rs281385                     0.6285            NA rs485186
[1] "GENE"
[1] "ENSG00000142233"
Harmonising fat_distr (fat_distr) and Outcome (Outcome)
Harmonising fat_distr (fat_distr) and Outcome (Outcome)
[1] 414
[1] 414
  iteration                    traits posterior_prob regional_prob
1         1 iradjbmi, ENSG00000142233         0.4244        0.6651
  candidate_snp posterior_explained_by_snp dropped_trait lead_snp
1      rs281385                     0.6285            NA rs485186
[1] "LEAD INDEX"
[1] 17
[1] "CHROMOSOME"
[1] 20
[1] "LEAD INDEX"
[1] 1
[1] "GENE"
[1] "ENSG00000132793"
Harmonising fat_distr (fat_distr) and Outcome (Outcome)
Harmonising fat_distr (fat_distr) and Outcome (Outcome)
[1] 375
[1] 375
  iteration traits posterior_prob regional_prob candidate_snp
1         1   None             NA        0.1961            NA
  posterior_explained_by_snp   dropped_trait  lead_snp
1                         NA ENSG00000132793 rs6102322
[1] "LEAD INDEX"
[1] 2
[1] "GENE"
[1] "ENSG00000203896"
Harmonising fat_distr (fat_distr) and Outcome (Outcome)
Harmonising fat_distr (fat_distr) and Outcome (Outcome)
[1] 425
[1] 425
  iteration traits posterior_prob regional_prob candidate_snp
1         1   None             NA        0.2527            NA
  posterior_explained_by_snp   dropped_trait  lead_snp
1                         NA ENSG00000203896 rs1151625
[1] "LEAD INDEX"
[1] 3
[1] "LEAD INDEX"
[1] 4
[1] "LEAD INDEX"
[1] 5
[1] "LEAD INDEX"
[1] 6
[1] "GENE"
[1] "ENSG00000124257"
Harmonising fat_distr (fat_distr) and Outcome (Outcome)
Harmonising fat_distr (fat_distr) and Outcome (Outcome)
[1] 502
[1] 502
  iteration traits posterior_prob regional_prob candidate_snp
1         1   None             NA        0.0079            NA
  posterior_explained_by_snp dropped_trait  lead_snp
1                         NA      iradjbmi rs4810479
[1] "GENE"
[1] "ENSG00000149634"
Harmonising fat_distr (fat_distr) and Outcome (Outcome)
Harmonising fat_distr (fat_distr) and Outcome (Outcome)
[1] 502
[1] 502
  iteration traits posterior_prob regional_prob candidate_snp
1         1   None             NA        0.0069            NA
  posterior_explained_by_snp dropped_trait  lead_snp
1                         NA      iradjbmi rs4810479
[1] "GENE"
[1] "ENSG00000100979"
Harmonising fat_distr (fat_distr) and Outcome (Outcome)
Harmonising fat_distr (fat_distr) and Outcome (Outcome)
[1] 502
[1] 502
  iteration                    traits posterior_prob regional_prob
1         1 iradjbmi, ENSG00000100979         0.9971             1
  candidate_snp posterior_explained_by_snp dropped_trait  lead_snp
1     rs4810479                      0.974            NA rs4810479
[1] "LEAD INDEX"
[1] 7
[1] "LEAD INDEX"
[1] 8
[1] "LEAD INDEX"
[1] 9
[1] "GENE"
[1] "ENSG00000239783"
[1] "GENE"
[1] "ENSG00000064655"
Harmonising fat_distr (fat_distr) and Outcome (Outcome)
Harmonising fat_distr (fat_distr) and Outcome (Outcome)
[1] 500
[1] 500
  iteration traits posterior_prob regional_prob candidate_snp
1         1   None             NA        0.0079            NA
  posterior_explained_by_snp dropped_trait  lead_snp
1                         NA      iradjbmi rs6066149
[1] "LEAD INDEX"
[1] 10
[1] "GENE"
[1] "ENSG00000182463"
Harmonising fat_distr (fat_distr) and Outcome (Outcome)
Harmonising fat_distr (fat_distr) and Outcome (Outcome)
[1] 417
[1] 417
  iteration traits posterior_prob regional_prob candidate_snp
1         1   None             NA        0.0667            NA
  posterior_explained_by_snp dropped_trait  lead_snp
1                         NA      iradjbmi rs1033662
[1] "GENE"
[1] "ENSG00000182463"
Harmonising fat_distr (fat_distr) and Outcome (Outcome)
Harmonising fat_distr (fat_distr) and Outcome (Outcome)
[1] 417
[1] 417
  iteration traits posterior_prob regional_prob candidate_snp
1         1   None             NA        0.0667            NA
  posterior_explained_by_snp dropped_trait  lead_snp
1                         NA      iradjbmi rs1033662
[1] "GENE"
[1] "ENSG00000286250"
[1] "LEAD INDEX"
[1] 11
[1] "GENE"
[1] "ENSG00000124253"
Harmonising fat_distr (fat_distr) and Outcome (Outcome)
Harmonising fat_distr (fat_distr) and Outcome (Outcome)
[1] 651
[1] 651
  iteration traits posterior_prob regional_prob candidate_snp
1         1   None             NA        0.0204            NA
  posterior_explained_by_snp dropped_trait  lead_snp
1                         NA      iradjbmi rs8119374
[1] "CHROMOSOME"
[1] 21
[1] "LEAD INDEX"
[1] 1
[1] "GENE"
[1] "ENSG00000182240"
Harmonising fat_distr (fat_distr) and Outcome (Outcome)
Harmonising fat_distr (fat_distr) and Outcome (Outcome)
[1] 623
[1] 623
  iteration traits posterior_prob regional_prob candidate_snp
1         1   None             NA         0.156            NA
  posterior_explained_by_snp   dropped_trait  lead_snp
1                         NA ENSG00000182240 rs2837996
[1] "LEAD INDEX"
[1] 2
[1] "GENE"
[1] "ENSG00000173638"
Harmonising fat_distr (fat_distr) and Outcome (Outcome)
Harmonising fat_distr (fat_distr) and Outcome (Outcome)
[1] 447
[1] 447
  iteration traits posterior_prob regional_prob candidate_snp
1         1   None             NA        0.0118            NA
  posterior_explained_by_snp dropped_trait  lead_snp
1                         NA      iradjbmi rs9980531
[1] "GENE"
[1] "ENSG00000173638"
Harmonising fat_distr (fat_distr) and Outcome (Outcome)
Harmonising fat_distr (fat_distr) and Outcome (Outcome)
[1] 447
[1] 447
  iteration traits posterior_prob regional_prob candidate_snp
1         1   None             NA        0.0118            NA
  posterior_explained_by_snp dropped_trait  lead_snp
1                         NA      iradjbmi rs9980531
[1] "CHROMOSOME"
[1] 22
[1] "LEAD INDEX"
[1] 1
[1] "GENE"
[1] "ENSG00000183579"
Harmonising fat_distr (fat_distr) and Outcome (Outcome)
Harmonising fat_distr (fat_distr) and Outcome (Outcome)
[1] 362
[1] 362
  iteration traits posterior_prob regional_prob candidate_snp
1         1   None             NA        0.0302            NA
  posterior_explained_by_snp dropped_trait  lead_snp
1                         NA      iradjbmi rs2294239
[1] "LEAD INDEX"
[1] 2
[1] "GENE"
[1] "ENSG00000128313"
Harmonising fat_distr (fat_distr) and Outcome (Outcome)
Harmonising fat_distr (fat_distr) and Outcome (Outcome)
[1] 417
[1] 417
  iteration traits posterior_prob regional_prob candidate_snp
1         1   None             NA        0.0973            NA
  posterior_explained_by_snp   dropped_trait  lead_snp
1                         NA ENSG00000128313 rs9610329
[1] "GENE"
[1] "ENSG00000221963"
Harmonising fat_distr (fat_distr) and Outcome (Outcome)
Harmonising fat_distr (fat_distr) and Outcome (Outcome)
[1] 417
[1] 417
  iteration                    traits posterior_prob regional_prob
1         1 iradjbmi, ENSG00000221963         0.9992        0.9995
  candidate_snp posterior_explained_by_snp dropped_trait  lead_snp
1     rs9610329                          1            NA rs9610329
[1] "GENE"
[1] "ENSG00000100320"
Harmonising fat_distr (fat_distr) and Outcome (Outcome)
Harmonising fat_distr (fat_distr) and Outcome (Outcome)
[1] 417
[1] 417
  iteration traits posterior_prob regional_prob candidate_snp
1         1   None             NA        0.0094            NA
  posterior_explained_by_snp dropped_trait  lead_snp
1                         NA      iradjbmi rs9610329
[1] "LEAD INDEX"
[1] 3
[1] "GENE"
[1] "ENSG00000184381"
Harmonising fat_distr (fat_distr) and Outcome (Outcome)
Harmonising fat_distr (fat_distr) and Outcome (Outcome)
[1] 330
[1] 330
  iteration traits posterior_prob regional_prob candidate_snp
1         1   None             NA        0.9913            NA
  posterior_explained_by_snp   dropped_trait  lead_snp
1                         NA ENSG00000184381 rs4820325
[1] "GENE"
[1] "ENSG00000185022"
Harmonising fat_distr (fat_distr) and Outcome (Outcome)
Harmonising fat_distr (fat_distr) and Outcome (Outcome)
[1] 330
[1] 330
  iteration traits posterior_prob regional_prob candidate_snp
1         1   None             NA        0.0031            NA
  posterior_explained_by_snp dropped_trait  lead_snp
1                         NA      iradjbmi rs4820325
[1] "GENE"
[1] "ENSG00000185022"
Harmonising fat_distr (fat_distr) and Outcome (Outcome)
Harmonising fat_distr (fat_distr) and Outcome (Outcome)
[1] 330
[1] 330
  iteration traits posterior_prob regional_prob candidate_snp
1         1   None             NA        0.0031            NA
  posterior_explained_by_snp dropped_trait  lead_snp
1                         NA      iradjbmi rs4820325
[1] "GENE"
[1] "ENSG00000185022"
Harmonising fat_distr (fat_distr) and Outcome (Outcome)
Harmonising fat_distr (fat_distr) and Outcome (Outcome)
[1] 330
[1] 330
  iteration traits posterior_prob regional_prob candidate_snp
1         1   None             NA        0.0031            NA
  posterior_explained_by_snp dropped_trait  lead_snp
1                         NA      iradjbmi rs4820325
[1] "GENE"
[1] "ENSG00000185022"
Harmonising fat_distr (fat_distr) and Outcome (Outcome)
Harmonising fat_distr (fat_distr) and Outcome (Outcome)
[1] 330
[1] 330
  iteration traits posterior_prob regional_prob candidate_snp
1         1   None             NA        0.0031            NA
  posterior_explained_by_snp dropped_trait  lead_snp
1                         NA      iradjbmi rs4820325
[1] "LEAD INDEX"
[1] 4
[1] "GENE"
[1] "ENSG00000230912"
Harmonising fat_distr (fat_distr) and Outcome (Outcome)
Harmonising fat_distr (fat_distr) and Outcome (Outcome)
[1] 361
[1] 361
  iteration traits posterior_prob regional_prob candidate_snp
1         1   None             NA         0.006            NA
  posterior_explained_by_snp dropped_trait  lead_snp
1                         NA      iradjbmi rs4821815
[1] "GENE"
[1] "ENSG00000100211"
Harmonising fat_distr (fat_distr) and Outcome (Outcome)
Harmonising fat_distr (fat_distr) and Outcome (Outcome)
[1] 361
[1] 361
  iteration traits posterior_prob regional_prob candidate_snp
1         1   None             NA         0.404            NA
  posterior_explained_by_snp dropped_trait  lead_snp
1                         NA      iradjbmi rs4821815
[1] "GENE"
[1] "ENSG00000100221"
Harmonising fat_distr (fat_distr) and Outcome (Outcome)
Harmonising fat_distr (fat_distr) and Outcome (Outcome)
[1] 361
[1] 361
  iteration traits posterior_prob regional_prob candidate_snp
1         1   None             NA        0.9093            NA
  posterior_explained_by_snp   dropped_trait  lead_snp
1                         NA ENSG00000100221 rs4821815
[1] "GENE"
[1] "ENSG00000230912"
Harmonising fat_distr (fat_distr) and Outcome (Outcome)
Harmonising fat_distr (fat_distr) and Outcome (Outcome)
[1] 361
[1] 361
  iteration traits posterior_prob regional_prob candidate_snp
1         1   None             NA         0.006            NA
  posterior_explained_by_snp dropped_trait  lead_snp
1                         NA      iradjbmi rs4821815
[1] "GENE"
[1] "ENSG00000228274"
Harmonising fat_distr (fat_distr) and Outcome (Outcome)
Harmonising fat_distr (fat_distr) and Outcome (Outcome)
[1] 361
[1] 361
  iteration traits posterior_prob regional_prob candidate_snp
1         1   None             NA             1            NA
  posterior_explained_by_snp dropped_trait  lead_snp
1                         NA      iradjbmi rs4821815
[1] "GENE"
[1] "ENSG00000100211"
Harmonising fat_distr (fat_distr) and Outcome (Outcome)
Harmonising fat_distr (fat_distr) and Outcome (Outcome)
[1] 361
[1] 361
  iteration traits posterior_prob regional_prob candidate_snp
1         1   None             NA         0.404            NA
  posterior_explained_by_snp dropped_trait  lead_snp
1                         NA      iradjbmi rs4821815
[1] "GENE"
[1] "ENSG00000230912"
Harmonising fat_distr (fat_distr) and Outcome (Outcome)
Harmonising fat_distr (fat_distr) and Outcome (Outcome)
[1] 361
[1] 361
  iteration traits posterior_prob regional_prob candidate_snp
1         1   None             NA         0.006            NA
  posterior_explained_by_snp dropped_trait  lead_snp
1                         NA      iradjbmi rs4821815
[1] "GENE"
[1] "ENSG00000100216"
Harmonising fat_distr (fat_distr) and Outcome (Outcome)
Harmonising fat_distr (fat_distr) and Outcome (Outcome)
[1] 361
[1] 361
  iteration traits posterior_prob regional_prob candidate_snp
1         1   None             NA         0.003            NA
  posterior_explained_by_snp dropped_trait  lead_snp
1                         NA      iradjbmi rs4821815
[1] "GENE"
[1] "ENSG00000100211"
Harmonising fat_distr (fat_distr) and Outcome (Outcome)
Harmonising fat_distr (fat_distr) and Outcome (Outcome)
[1] 361
[1] 361
  iteration traits posterior_prob regional_prob candidate_snp
1         1   None             NA         0.404            NA
  posterior_explained_by_snp dropped_trait  lead_snp
1                         NA      iradjbmi rs4821815
