── Attaching core tidyverse packages ──────────────────────── tidyverse 2.0.0 ──
✔ dplyr     1.1.3     ✔ readr     2.1.4
✔ forcats   1.0.0     ✔ stringr   1.5.0
✔ ggplot2   3.5.1     ✔ tibble    3.2.1
✔ lubridate 1.9.3     ✔ tidyr     1.3.0
✔ purrr     1.0.2     
── Conflicts ────────────────────────────────────────── tidyverse_conflicts() ──
✖ dplyr::between()     masks data.table::between()
✖ dplyr::filter()      masks stats::filter()
✖ dplyr::first()       masks data.table::first()
✖ lubridate::hour()    masks data.table::hour()
✖ lubridate::isoweek() masks data.table::isoweek()
✖ dplyr::lag()         masks stats::lag()
✖ dplyr::last()        masks data.table::last()
✖ lubridate::mday()    masks data.table::mday()
✖ lubridate::minute()  masks data.table::minute()
✖ lubridate::month()   masks data.table::month()
✖ lubridate::quarter() masks data.table::quarter()
✖ lubridate::second()  masks data.table::second()
✖ purrr::transpose()   masks data.table::transpose()
✖ lubridate::wday()    masks data.table::wday()
✖ lubridate::week()    masks data.table::week()
✖ lubridate::yday()    masks data.table::yday()
✖ lubridate::year()    masks data.table::year()
ℹ Use the conflicted package (<http://conflicted.r-lib.org/>) to force all conflicts to become errors
TwoSampleMR version 0.5.7 
[>] New: Option to use non-European LD reference panels for clumping etc
[>] Some studies temporarily quarantined to verify effect allele
[>] See news(package='TwoSampleMR') and https://gwas.mrcieu.ac.uk for further details


Warning:
You are running an old version of the TwoSampleMR package.
This version:   0.5.7
Latest version: 0.7.9
Please consider updating using remotes::install_github('MRCIEU/TwoSampleMR')
Warning messages:
1: replacing previous import ‘Matrix::tcrossprod’ by ‘Rmpfr::tcrossprod’ when loading ‘hyprcoloc’ 
2: replacing previous import ‘Matrix::crossprod’ by ‘Rmpfr::crossprod’ when loading ‘hyprcoloc’ 
3: replacing previous import ‘Matrix::.__C__atomicVector’ by ‘Rmpfr::.__C__atomicVector’ when loading ‘hyprcoloc’ 
Loading required package: stats4
Loading required package: BiocGenerics

Attaching package: ‘BiocGenerics’

The following objects are masked from ‘package:lubridate’:

    intersect, setdiff, union

The following objects are masked from ‘package:dplyr’:

    combine, intersect, setdiff, union

The following objects are masked from ‘package:stats’:

    IQR, mad, sd, var, xtabs

The following objects are masked from ‘package:base’:

    anyDuplicated, aperm, append, as.data.frame, basename, cbind,
    colnames, dirname, do.call, duplicated, eval, evalq, Filter, Find,
    get, grep, grepl, intersect, is.unsorted, lapply, Map, mapply,
    match, mget, order, paste, pmax, pmax.int, pmin, pmin.int,
    Position, rank, rbind, Reduce, rownames, sapply, setdiff, sort,
    table, tapply, union, unique, unsplit, which.max, which.min

Loading required package: S4Vectors

Attaching package: ‘S4Vectors’

The following objects are masked from ‘package:lubridate’:

    second, second<-

The following objects are masked from ‘package:dplyr’:

    first, rename

The following object is masked from ‘package:tidyr’:

    expand

The following objects are masked from ‘package:data.table’:

    first, second

The following object is masked from ‘package:utils’:

    findMatches

The following objects are masked from ‘package:base’:

    expand.grid, I, unname

Loading required package: IRanges

Attaching package: ‘IRanges’

The following object is masked from ‘package:TwoSampleMR’:

    trim

The following object is masked from ‘package:lubridate’:

    %within%

The following objects are masked from ‘package:dplyr’:

    collapse, desc, slice

The following object is masked from ‘package:purrr’:

    reduce

The following object is masked from ‘package:data.table’:

    shift

Loading required package: GenomeInfoDb
New names:
• `` -> `...2`
• `` -> `...3`
• `` -> `...4`
• `` -> `...5`
• `` -> `...6`
• `` -> `...7`
• `` -> `...8`
• `` -> `...9`
• `` -> `...10`
• `` -> `...11`
• `` -> `...12`
• `` -> `...13`
• `` -> `...14`
• `` -> `...15`
• `` -> `...16`
• `` -> `...17`
• `` -> `...18`
• `` -> `...19`
• `` -> `...20`
• `` -> `...21`
• `` -> `...22`
• `` -> `...23`
• `` -> `...24`
• `` -> `...25`
• `` -> `...26`
• `` -> `...27`
• `` -> `...28`
• `` -> `...29`
• `` -> `...30`
• `` -> `...31`
• `` -> `...32`
• `` -> `...33`
• `` -> `...34`
• `` -> `...35`
• `` -> `...36`
• `` -> `...37`
• `` -> `...38`
• `` -> `...39`
• `` -> `...40`
• `` -> `...41`
• `` -> `...42`
• `` -> `...43`
• `` -> `...44`
[1] 282
New names:
• `` -> `...2`
• `` -> `...3`
• `` -> `...4`
• `` -> `...5`
• `` -> `...6`
• `` -> `...7`
• `` -> `...8`
• `` -> `...9`
• `` -> `...10`
• `` -> `...11`
• `` -> `...12`
• `` -> `...13`
• `` -> `...14`
• `` -> `...15`
• `` -> `...16`
• `` -> `...17`
• `` -> `...18`
• `` -> `...19`
• `` -> `...20`
• `` -> `...21`
• `` -> `...22`
• `` -> `...23`
• `` -> `...24`
• `` -> `...25`
• `` -> `...26`
• `` -> `...27`
• `` -> `...28`
• `` -> `...29`
• `` -> `...30`
• `` -> `...31`
• `` -> `...32`
• `` -> `...33`
• `` -> `...34`
[1] 282
[1] "CHROMOSOME"
[1] 1
[1] "LEAD INDEX"
[1] 1
[1] "LEAD INDEX"
[1] 2
[1] "LEAD INDEX"
[1] 3
[1] "GENE"
[1] "ENSG00000069275"
Harmonising fat_distr (fat_distr) and Outcome (Outcome)
Harmonising fat_distr (fat_distr) and Outcome (Outcome)
[1] 419
[1] 419
  iteration traits posterior_prob regional_prob candidate_snp
1         1   None             NA        0.1323            NA
  posterior_explained_by_snp dropped_trait lead_snp
1                         NA      iradjbmi rs823114
[1] "LEAD INDEX"
[1] 4
[1] "GENE"
[1] "ENSG00000260063"
Harmonising fat_distr (fat_distr) and Outcome (Outcome)
Harmonising fat_distr (fat_distr) and Outcome (Outcome)
[1] 297
[1] 297
  iteration traits posterior_prob regional_prob candidate_snp
1         1   None             NA        0.0887            NA
  posterior_explained_by_snp dropped_trait   lead_snp
1                         NA      iradjbmi rs12742115
[1] "GENE"
[1] "ENSG00000260063"
Harmonising fat_distr (fat_distr) and Outcome (Outcome)
Harmonising fat_distr (fat_distr) and Outcome (Outcome)
[1] 297
[1] 297
  iteration traits posterior_prob regional_prob candidate_snp
1         1   None             NA        0.0887            NA
  posterior_explained_by_snp dropped_trait   lead_snp
1                         NA      iradjbmi rs12742115
[1] "GENE"
[1] "ENSG00000260063"
Harmonising fat_distr (fat_distr) and Outcome (Outcome)
Harmonising fat_distr (fat_distr) and Outcome (Outcome)
[1] 297
[1] 297
  iteration traits posterior_prob regional_prob candidate_snp
1         1   None             NA        0.0887            NA
  posterior_explained_by_snp dropped_trait   lead_snp
1                         NA      iradjbmi rs12742115
[1] "GENE"
[1] "ENSG00000060642"
Harmonising fat_distr (fat_distr) and Outcome (Outcome)
Harmonising fat_distr (fat_distr) and Outcome (Outcome)
[1] 297
[1] 297
  iteration traits posterior_prob regional_prob candidate_snp
1         1   None             NA         0.013            NA
  posterior_explained_by_snp dropped_trait   lead_snp
1                         NA      iradjbmi rs12742115
[1] "GENE"
[1] "ENSG00000090273"
Harmonising fat_distr (fat_distr) and Outcome (Outcome)
Harmonising fat_distr (fat_distr) and Outcome (Outcome)
[1] 297
[1] 297
  iteration traits posterior_prob regional_prob candidate_snp
1         1   None             NA        0.0109            NA
  posterior_explained_by_snp dropped_trait   lead_snp
1                         NA      iradjbmi rs12742115
[1] "GENE"
[1] "ENSG00000090273"
Harmonising fat_distr (fat_distr) and Outcome (Outcome)
Harmonising fat_distr (fat_distr) and Outcome (Outcome)
[1] 297
[1] 297
  iteration traits posterior_prob regional_prob candidate_snp
1         1   None             NA        0.0109            NA
  posterior_explained_by_snp dropped_trait   lead_snp
1                         NA      iradjbmi rs12742115
[1] "GENE"
[1] "ENSG00000060642"
Harmonising fat_distr (fat_distr) and Outcome (Outcome)
Harmonising fat_distr (fat_distr) and Outcome (Outcome)
[1] 297
[1] 297
  iteration traits posterior_prob regional_prob candidate_snp
1         1   None             NA         0.013            NA
  posterior_explained_by_snp dropped_trait   lead_snp
1                         NA      iradjbmi rs12742115
[1] "LEAD INDEX"
[1] 5
[1] "GENE"
[1] "ENSG00000090621"
Harmonising fat_distr (fat_distr) and Outcome (Outcome)
Harmonising fat_distr (fat_distr) and Outcome (Outcome)
[1] 356
[1] 356
  iteration                    traits posterior_prob regional_prob
1         1 iradjbmi, ENSG00000090621         0.9258        0.9994
  candidate_snp posterior_explained_by_snp dropped_trait   lead_snp
1     rs3754346                       0.21            NA rs16826069
[1] "LEAD INDEX"
[1] 6
[1] "GENE"
[1] "ENSG00000043514"
Harmonising fat_distr (fat_distr) and Outcome (Outcome)
Harmonising fat_distr (fat_distr) and Outcome (Outcome)
[1] 381
[1] 381
  iteration traits posterior_prob regional_prob candidate_snp
1         1   None             NA        0.0039            NA
  posterior_explained_by_snp   dropped_trait  lead_snp
1                         NA ENSG00000043514 rs7542907
[1] "LEAD INDEX"
[1] 7
[1] "GENE"
[1] "ENSG00000123080"
Harmonising fat_distr (fat_distr) and Outcome (Outcome)
Harmonising fat_distr (fat_distr) and Outcome (Outcome)
[1] 200
[1] 200
  iteration traits posterior_prob regional_prob candidate_snp
1         1   None             NA        0.0164            NA
  posterior_explained_by_snp dropped_trait   lead_snp
1                         NA      iradjbmi rs12088739
[1] "LEAD INDEX"
[1] 8
[1] "LEAD INDEX"
[1] 9
[1] "LEAD INDEX"
[1] 10
[1] "LEAD INDEX"
[1] 11
[1] "GENE"
[1] "ENSG00000163113"
[1] "GENE"
[1] "ENSG00000159164"
Harmonising fat_distr (fat_distr) and Outcome (Outcome)
Harmonising fat_distr (fat_distr) and Outcome (Outcome)
[1] 131
[1] 131
  iteration traits posterior_prob regional_prob candidate_snp
1         1   None             NA        0.0949            NA
  posterior_explained_by_snp dropped_trait   lead_snp
1                         NA      iradjbmi rs17643644
[1] "LEAD INDEX"
[1] 12
[1] "GENE"
[1] "ENSG00000143437"
Harmonising fat_distr (fat_distr) and Outcome (Outcome)
Harmonising fat_distr (fat_distr) and Outcome (Outcome)
[1] 293
[1] 293
  iteration traits posterior_prob regional_prob candidate_snp
1         1   None             NA        0.0913            NA
  posterior_explained_by_snp dropped_trait  lead_snp
1                         NA      iradjbmi rs2055975
[1] "LEAD INDEX"
[1] 13
[1] "GENE"
[1] "ENSG00000143545"
Harmonising fat_distr (fat_distr) and Outcome (Outcome)
Harmonising fat_distr (fat_distr) and Outcome (Outcome)
[1] 312
[1] 312
  iteration                    traits posterior_prob regional_prob
1         1 iradjbmi, ENSG00000143545         0.7753        0.9144
  candidate_snp posterior_explained_by_snp dropped_trait   lead_snp
1     rs6701341                     0.1779            NA rs11264886
[1] "GENE"
[1] "ENSG00000143545"
Harmonising fat_distr (fat_distr) and Outcome (Outcome)
Harmonising fat_distr (fat_distr) and Outcome (Outcome)
[1] 312
[1] 312
  iteration                    traits posterior_prob regional_prob
1         1 iradjbmi, ENSG00000143545         0.7753        0.9144
  candidate_snp posterior_explained_by_snp dropped_trait   lead_snp
1     rs6701341                     0.1779            NA rs11264886
[1] "GENE"
[1] "ENSG00000143578"
Harmonising fat_distr (fat_distr) and Outcome (Outcome)
Harmonising fat_distr (fat_distr) and Outcome (Outcome)
[1] 312
[1] 312
  iteration traits posterior_prob regional_prob candidate_snp
1         1   None             NA        0.0024            NA
  posterior_explained_by_snp   dropped_trait   lead_snp
1                         NA ENSG00000143578 rs11264886
[1] "GENE"
[1] "ENSG00000284738"
Harmonising fat_distr (fat_distr) and Outcome (Outcome)
Harmonising fat_distr (fat_distr) and Outcome (Outcome)
[1] 312
[1] 312
  iteration traits posterior_prob regional_prob candidate_snp
1         1   None             NA        0.0268            NA
  posterior_explained_by_snp dropped_trait   lead_snp
1                         NA      iradjbmi rs11264886
[1] "GENE"
[1] "ENSG00000143545"
Harmonising fat_distr (fat_distr) and Outcome (Outcome)
Harmonising fat_distr (fat_distr) and Outcome (Outcome)
[1] 312
[1] 312
  iteration                    traits posterior_prob regional_prob
1         1 iradjbmi, ENSG00000143545         0.7753        0.9144
  candidate_snp posterior_explained_by_snp dropped_trait   lead_snp
1     rs6701341                     0.1779            NA rs11264886
[1] "GENE"
[1] "ENSG00000143570"
Harmonising fat_distr (fat_distr) and Outcome (Outcome)
Harmonising fat_distr (fat_distr) and Outcome (Outcome)
[1] 312
[1] 312
  iteration traits posterior_prob regional_prob candidate_snp
1         1   None             NA        0.0044            NA
  posterior_explained_by_snp dropped_trait   lead_snp
1                         NA      iradjbmi rs11264886
[1] "GENE"
[1] "ENSG00000160741"
Harmonising fat_distr (fat_distr) and Outcome (Outcome)
Harmonising fat_distr (fat_distr) and Outcome (Outcome)
[1] 312
[1] 312
  iteration traits posterior_prob regional_prob candidate_snp
1         1   None             NA         0.005            NA
  posterior_explained_by_snp dropped_trait   lead_snp
1                         NA      iradjbmi rs11264886
[1] "GENE"
[1] "ENSG00000143612"
Harmonising fat_distr (fat_distr) and Outcome (Outcome)
Harmonising fat_distr (fat_distr) and Outcome (Outcome)
[1] 312
[1] 312
  iteration traits posterior_prob regional_prob candidate_snp
1         1   None             NA        0.0557            NA
  posterior_explained_by_snp dropped_trait   lead_snp
1                         NA      iradjbmi rs11264886
[1] "LEAD INDEX"
[1] 14
[1] "GENE"
[1] "ENSG00000230630"
Harmonising fat_distr (fat_distr) and Outcome (Outcome)
Harmonising fat_distr (fat_distr) and Outcome (Outcome)
[1] 380
[1] 380
  iteration traits posterior_prob regional_prob candidate_snp
1         1   None             NA        0.0062            NA
  posterior_explained_by_snp dropped_trait  lead_snp
1                         NA      iradjbmi rs9425592
[1] "GENE"
[1] "ENSG00000135845"
Harmonising fat_distr (fat_distr) and Outcome (Outcome)
Harmonising fat_distr (fat_distr) and Outcome (Outcome)
[1] 380
[1] 380
  iteration traits posterior_prob regional_prob candidate_snp
1         1   None             NA        0.0142            NA
  posterior_explained_by_snp dropped_trait  lead_snp
1                         NA      iradjbmi rs9425592
[1] "GENE"
[1] "ENSG00000135845"
Harmonising fat_distr (fat_distr) and Outcome (Outcome)
Harmonising fat_distr (fat_distr) and Outcome (Outcome)
[1] 380
[1] 380
  iteration traits posterior_prob regional_prob candidate_snp
1         1   None             NA        0.0142            NA
  posterior_explained_by_snp dropped_trait  lead_snp
1                         NA      iradjbmi rs9425592
[1] "LEAD INDEX"
[1] 15
[1] "LEAD INDEX"
[1] 16
[1] "GENE"
[1] "ENSG00000058668"
Harmonising fat_distr (fat_distr) and Outcome (Outcome)
Harmonising fat_distr (fat_distr) and Outcome (Outcome)
[1] 454
[1] 454
  iteration traits posterior_prob regional_prob candidate_snp
1         1   None             NA        0.0353            NA
  posterior_explained_by_snp dropped_trait  lead_snp
1                         NA      iradjbmi rs6670438
[1] "LEAD INDEX"
[1] 17
[1] "GENE"
[1] "ENSG00000133059"
Harmonising fat_distr (fat_distr) and Outcome (Outcome)
Harmonising fat_distr (fat_distr) and Outcome (Outcome)
[1] 591
[1] 591
  iteration traits posterior_prob regional_prob candidate_snp
1         1   None             NA        0.0619            NA
  posterior_explained_by_snp dropped_trait   lead_snp
1                         NA      iradjbmi rs11240358
[1] "GENE"
[1] "ENSG00000163545"
Harmonising fat_distr (fat_distr) and Outcome (Outcome)
Harmonising fat_distr (fat_distr) and Outcome (Outcome)
[1] 591
[1] 591
  iteration traits posterior_prob regional_prob candidate_snp
1         1   None             NA        0.0098            NA
  posterior_explained_by_snp dropped_trait   lead_snp
1                         NA      iradjbmi rs11240358
[1] "GENE"
[1] "ENSG00000117222"
Harmonising fat_distr (fat_distr) and Outcome (Outcome)
Harmonising fat_distr (fat_distr) and Outcome (Outcome)
[1] 591
[1] 591
  iteration traits posterior_prob regional_prob candidate_snp
1         1   None             NA        0.0115            NA
  posterior_explained_by_snp dropped_trait   lead_snp
1                         NA      iradjbmi rs11240358
[1] "LEAD INDEX"
[1] 18
[1] "GENE"
[1] "ENSG00000228536"
[1] "GENE"
[1] "ENSG00000230024"
[1] "LEAD INDEX"
[1] 19
[1] "LEAD INDEX"
[1] 20
[1] "LEAD INDEX"
[1] 21
[1] "LEAD INDEX"
[1] 22
[1] "LEAD INDEX"
[1] 23
[1] "CHROMOSOME"
[1] 2
[1] "LEAD INDEX"
[1] 1
[1] "LEAD INDEX"
[1] 2
[1] "LEAD INDEX"
[1] 3
[1] "LEAD INDEX"
[1] 4
[1] "LEAD INDEX"
[1] 5
[1] "GENE"
[1] "ENSG00000115221"
Harmonising fat_distr (fat_distr) and Outcome (Outcome)
Harmonising fat_distr (fat_distr) and Outcome (Outcome)
[1] 403
[1] 403
  iteration traits posterior_prob regional_prob candidate_snp
1         1   None             NA        0.0037            NA
  posterior_explained_by_snp dropped_trait   lead_snp
1                         NA      iradjbmi rs10181181
[1] "GENE"
[1] "ENSG00000285373"
Harmonising fat_distr (fat_distr) and Outcome (Outcome)
Harmonising fat_distr (fat_distr) and Outcome (Outcome)
[1] 403
[1] 403
  iteration                    traits posterior_prob regional_prob
1         1 iradjbmi, ENSG00000285373         0.6772        0.7399
  candidate_snp posterior_explained_by_snp dropped_trait   lead_snp
1    rs10181181                     0.6075            NA rs10181181
[1] "LEAD INDEX"
[1] 6
[1] "GENE"
[1] "ENSG00000118004"
Harmonising fat_distr (fat_distr) and Outcome (Outcome)
Harmonising fat_distr (fat_distr) and Outcome (Outcome)
[1] 546
[1] 546
  iteration                    traits posterior_prob regional_prob
1         1 iradjbmi, ENSG00000118004         0.9999             1
  candidate_snp posterior_explained_by_snp dropped_trait  lead_snp
1     rs3820897                          1            NA rs3820897
[1] "GENE"
[1] "ENSG00000151360"
Harmonising fat_distr (fat_distr) and Outcome (Outcome)
Harmonising fat_distr (fat_distr) and Outcome (Outcome)
[1] 546
[1] 546
  iteration                    traits posterior_prob regional_prob
1         1 iradjbmi, ENSG00000151360         0.9999             1
  candidate_snp posterior_explained_by_snp dropped_trait  lead_snp
1     rs3820897                          1            NA rs3820897
[1] "LEAD INDEX"
[1] 7
[1] "LEAD INDEX"
[1] 8
[1] "LEAD INDEX"
[1] 9
[1] "LEAD INDEX"
[1] 10
[1] "GENE"
[1] "ENSG00000138039"
[1] "LEAD INDEX"
[1] 11
[1] "GENE"
[1] "ENSG00000011523"
Harmonising fat_distr (fat_distr) and Outcome (Outcome)
Harmonising fat_distr (fat_distr) and Outcome (Outcome)
[1] 401
[1] 401
  iteration                    traits posterior_prob regional_prob
1         1 iradjbmi, ENSG00000011523         0.9954             1
  candidate_snp posterior_explained_by_snp dropped_trait  lead_snp
1     rs2252867                     0.5563            NA rs2252867
[1] "GENE"
[1] "ENSG00000011523"
Harmonising fat_distr (fat_distr) and Outcome (Outcome)
Harmonising fat_distr (fat_distr) and Outcome (Outcome)
[1] 401
[1] 401
  iteration                    traits posterior_prob regional_prob
1         1 iradjbmi, ENSG00000011523         0.9954             1
  candidate_snp posterior_explained_by_snp dropped_trait  lead_snp
1     rs2252867                     0.5563            NA rs2252867
[1] "GENE"
[1] "ENSG00000011523"
Harmonising fat_distr (fat_distr) and Outcome (Outcome)
Harmonising fat_distr (fat_distr) and Outcome (Outcome)
[1] 401
[1] 401
  iteration                    traits posterior_prob regional_prob
1         1 iradjbmi, ENSG00000011523         0.9954             1
  candidate_snp posterior_explained_by_snp dropped_trait  lead_snp
1     rs2252867                     0.5563            NA rs2252867
[1] "GENE"
[1] "ENSG00000237638"
Harmonising fat_distr (fat_distr) and Outcome (Outcome)
Harmonising fat_distr (fat_distr) and Outcome (Outcome)
[1] 401
[1] 401
  iteration traits posterior_prob regional_prob candidate_snp
1         1   None             NA        0.0162            NA
  posterior_explained_by_snp dropped_trait  lead_snp
1                         NA      iradjbmi rs2252867
[1] "GENE"
[1] "ENSG00000011523"
Harmonising fat_distr (fat_distr) and Outcome (Outcome)
Harmonising fat_distr (fat_distr) and Outcome (Outcome)
[1] 401
[1] 401
  iteration                    traits posterior_prob regional_prob
1         1 iradjbmi, ENSG00000011523         0.9954             1
  candidate_snp posterior_explained_by_snp dropped_trait  lead_snp
1     rs2252867                     0.5563            NA rs2252867
[1] "LEAD INDEX"
[1] 12
[1] "GENE"
[1] "ENSG00000204581"
[1] "LEAD INDEX"
[1] 13
[1] "GENE"
[1] "ENSG00000204581"
[1] "GENE"
[1] "ENSG00000153093"
Harmonising fat_distr (fat_distr) and Outcome (Outcome)
Harmonising fat_distr (fat_distr) and Outcome (Outcome)
[1] 319
[1] 319
  iteration traits posterior_prob regional_prob candidate_snp
1         1   None             NA        0.0117            NA
  posterior_explained_by_snp   dropped_trait   lead_snp
1                         NA ENSG00000153093 rs13405741
[1] "LEAD INDEX"
[1] 14
[1] "LEAD INDEX"
[1] 15
[1] "GENE"
[1] "ENSG00000115290"
Harmonising fat_distr (fat_distr) and Outcome (Outcome)
Harmonising fat_distr (fat_distr) and Outcome (Outcome)
[1] 337
[1] 337
  iteration traits posterior_prob regional_prob candidate_snp
1         1   None             NA        0.0385            NA
  posterior_explained_by_snp dropped_trait   lead_snp
1                         NA      iradjbmi rs13027837
[1] "LEAD INDEX"
[1] 16
[1] "GENE"
[1] "ENSG00000082438"
Harmonising fat_distr (fat_distr) and Outcome (Outcome)
Harmonising fat_distr (fat_distr) and Outcome (Outcome)
[1] 345
[1] 345
  iteration traits posterior_prob regional_prob candidate_snp
1         1   None             NA        0.0063            NA
  posterior_explained_by_snp dropped_trait  lead_snp
1                         NA      iradjbmi rs1128249
[1] "GENE"
[1] "ENSG00000115290"
Harmonising fat_distr (fat_distr) and Outcome (Outcome)
Harmonising fat_distr (fat_distr) and Outcome (Outcome)
[1] 345
[1] 345
  iteration traits posterior_prob regional_prob candidate_snp
1         1   None             NA        0.0385            NA
  posterior_explained_by_snp dropped_trait  lead_snp
1                         NA      iradjbmi rs1128249
[1] "LEAD INDEX"
[1] 17
[1] "GENE"
[1] "ENSG00000074582"
Harmonising fat_distr (fat_distr) and Outcome (Outcome)
Harmonising fat_distr (fat_distr) and Outcome (Outcome)
[1] 367
[1] 367
  iteration traits posterior_prob regional_prob candidate_snp
1         1   None             NA        0.0146            NA
  posterior_explained_by_snp dropped_trait  lead_snp
1                         NA      iradjbmi rs4674343
[1] "GENE"
[1] "ENSG00000135929"
Harmonising fat_distr (fat_distr) and Outcome (Outcome)
Harmonising fat_distr (fat_distr) and Outcome (Outcome)
[1] 367
[1] 367
  iteration                    traits posterior_prob regional_prob
1         1 iradjbmi, ENSG00000135929         0.7443        0.8842
  candidate_snp posterior_explained_by_snp dropped_trait  lead_snp
1     rs2710251                      0.153            NA rs4674343
[1] "LEAD INDEX"
[1] 18
[1] "GENE"
[1] "ENSG00000272622"
Harmonising fat_distr (fat_distr) and Outcome (Outcome)
Harmonising fat_distr (fat_distr) and Outcome (Outcome)
[1] 359
[1] 359
  iteration traits posterior_prob regional_prob candidate_snp
1         1   None             NA        0.0105            NA
  posterior_explained_by_snp dropped_trait  lead_snp
1                         NA      iradjbmi rs2943646
[1] "GENE"
[1] "ENSG00000169047"
Harmonising fat_distr (fat_distr) and Outcome (Outcome)
Harmonising fat_distr (fat_distr) and Outcome (Outcome)
[1] 359
[1] 359
  iteration traits posterior_prob regional_prob candidate_snp
1         1   None             NA        0.0061            NA
  posterior_explained_by_snp dropped_trait  lead_snp
1                         NA      iradjbmi rs2943646
[1] "GENE"
[1] "ENSG00000261379"
Harmonising fat_distr (fat_distr) and Outcome (Outcome)
Harmonising fat_distr (fat_distr) and Outcome (Outcome)
[1] 356
[1] 356
  iteration traits posterior_prob regional_prob candidate_snp
1         1   None             NA        0.0114            NA
  posterior_explained_by_snp dropped_trait  lead_snp
1                         NA      iradjbmi rs2943646
[1] "GENE"
[1] "ENSG00000272622"
Harmonising fat_distr (fat_distr) and Outcome (Outcome)
Harmonising fat_distr (fat_distr) and Outcome (Outcome)
[1] 359
[1] 359
  iteration traits posterior_prob regional_prob candidate_snp
1         1   None             NA        0.0105            NA
  posterior_explained_by_snp dropped_trait  lead_snp
1                         NA      iradjbmi rs2943646
[1] "GENE"
[1] "ENSG00000169047"
Harmonising fat_distr (fat_distr) and Outcome (Outcome)
Harmonising fat_distr (fat_distr) and Outcome (Outcome)
[1] 359
[1] 359
  iteration traits posterior_prob regional_prob candidate_snp
1         1   None             NA        0.0061            NA
  posterior_explained_by_snp dropped_trait  lead_snp
1                         NA      iradjbmi rs2943646
[1] "GENE"
[1] "ENSG00000261379"
Harmonising fat_distr (fat_distr) and Outcome (Outcome)
Harmonising fat_distr (fat_distr) and Outcome (Outcome)
[1] 356
[1] 356
  iteration traits posterior_prob regional_prob candidate_snp
1         1   None             NA        0.0114            NA
  posterior_explained_by_snp dropped_trait  lead_snp
1                         NA      iradjbmi rs2943646
[1] "GENE"
[1] "ENSG00000261379"
Harmonising fat_distr (fat_distr) and Outcome (Outcome)
Harmonising fat_distr (fat_distr) and Outcome (Outcome)
[1] 356
[1] 356
  iteration traits posterior_prob regional_prob candidate_snp
1         1   None             NA        0.0114            NA
  posterior_explained_by_snp dropped_trait  lead_snp
1                         NA      iradjbmi rs2943646
[1] "GENE"
[1] "ENSG00000169047"
Harmonising fat_distr (fat_distr) and Outcome (Outcome)
Harmonising fat_distr (fat_distr) and Outcome (Outcome)
[1] 359
[1] 359
  iteration traits posterior_prob regional_prob candidate_snp
1         1   None             NA        0.0061            NA
  posterior_explained_by_snp dropped_trait  lead_snp
1                         NA      iradjbmi rs2943646
[1] "LEAD INDEX"
[1] 19
[1] "LEAD INDEX"
[1] 20
[1] "CHROMOSOME"
[1] 3
[1] "LEAD INDEX"
[1] 1
[1] "LEAD INDEX"
[1] 2
[1] "LEAD INDEX"
[1] 3
[1] "LEAD INDEX"
[1] 4
[1] "LEAD INDEX"
[1] 5
[1] "LEAD INDEX"
[1] 6
[1] "LEAD INDEX"
[1] 7
[1] "LEAD INDEX"
[1] 8
[1] "GENE"
[1] "ENSG00000169814"
Harmonising fat_distr (fat_distr) and Outcome (Outcome)
Harmonising fat_distr (fat_distr) and Outcome (Outcome)
[1] 386
[1] 386
  iteration traits posterior_prob regional_prob candidate_snp
1         1   None             NA        0.0041            NA
  posterior_explained_by_snp dropped_trait  lead_snp
1                         NA      iradjbmi rs2455853
[1] "GENE"
[1] "ENSG00000286689"
Harmonising fat_distr (fat_distr) and Outcome (Outcome)
Harmonising fat_distr (fat_distr) and Outcome (Outcome)
[1] 386
[1] 386
  iteration traits posterior_prob regional_prob candidate_snp
1         1   None             NA         1e-04            NA
  posterior_explained_by_snp   dropped_trait  lead_snp
1                         NA ENSG00000286689 rs2455853
[1] "LEAD INDEX"
[1] 9
[1] "GENE"
[1] "ENSG00000151090"
Harmonising fat_distr (fat_distr) and Outcome (Outcome)
Harmonising fat_distr (fat_distr) and Outcome (Outcome)
[1] 504
[1] 504
  iteration traits posterior_prob regional_prob candidate_snp
1         1   None             NA        0.0068            NA
  posterior_explained_by_snp dropped_trait  lead_snp
1                         NA      iradjbmi rs2044756
[1] "LEAD INDEX"
[1] 10
[1] "GENE"
[1] "ENSG00000145020"
Harmonising fat_distr (fat_distr) and Outcome (Outcome)
Harmonising fat_distr (fat_distr) and Outcome (Outcome)
[1] 240
[1] 240
  iteration traits posterior_prob regional_prob candidate_snp
1         1   None             NA        0.0506            NA
  posterior_explained_by_snp dropped_trait   lead_snp
1                         NA      iradjbmi rs13316065
[1] "GENE"
[1] "ENSG00000164068"
Harmonising fat_distr (fat_distr) and Outcome (Outcome)
Harmonising fat_distr (fat_distr) and Outcome (Outcome)
[1] 240
[1] 240
  iteration traits posterior_prob regional_prob candidate_snp
1         1   None             NA        0.1636            NA
  posterior_explained_by_snp dropped_trait   lead_snp
1                         NA      iradjbmi rs13316065
[1] "GENE"
[1] "ENSG00000164068"
Harmonising fat_distr (fat_distr) and Outcome (Outcome)
Harmonising fat_distr (fat_distr) and Outcome (Outcome)
[1] 240
[1] 240
  iteration traits posterior_prob regional_prob candidate_snp
1         1   None             NA        0.1636            NA
  posterior_explained_by_snp dropped_trait   lead_snp
1                         NA      iradjbmi rs13316065
[1] "GENE"
[1] "ENSG00000182179"
Harmonising fat_distr (fat_distr) and Outcome (Outcome)
Harmonising fat_distr (fat_distr) and Outcome (Outcome)
[1] 240
[1] 240
  iteration traits posterior_prob regional_prob candidate_snp
1         1   None             NA        0.9767            NA
  posterior_explained_by_snp   dropped_trait   lead_snp
1                         NA ENSG00000182179 rs13316065
[1] "GENE"
[1] "ENSG00000173402"
Harmonising fat_distr (fat_distr) and Outcome (Outcome)
Harmonising fat_distr (fat_distr) and Outcome (Outcome)
[1] 240
[1] 240
  iteration traits posterior_prob regional_prob candidate_snp
1         1   None             NA        0.1279            NA
  posterior_explained_by_snp dropped_trait   lead_snp
1                         NA      iradjbmi rs13316065
[1] "GENE"
[1] "ENSG00000164068"
Harmonising fat_distr (fat_distr) and Outcome (Outcome)
Harmonising fat_distr (fat_distr) and Outcome (Outcome)
[1] 240
[1] 240
  iteration traits posterior_prob regional_prob candidate_snp
1         1   None             NA        0.1636            NA
  posterior_explained_by_snp dropped_trait   lead_snp
1                         NA      iradjbmi rs13316065
[1] "LEAD INDEX"
[1] 11
[1] "GENE"
[1] "ENSG00000010318"
Harmonising fat_distr (fat_distr) and Outcome (Outcome)
Harmonising fat_distr (fat_distr) and Outcome (Outcome)
[1] 337
[1] 337
  iteration traits posterior_prob regional_prob candidate_snp
1         1   None             NA        0.0128            NA
  posterior_explained_by_snp dropped_trait   lead_snp
1                         NA      iradjbmi rs17052061
[1] "GENE"
[1] "ENSG00000168237"
Harmonising fat_distr (fat_distr) and Outcome (Outcome)
Harmonising fat_distr (fat_distr) and Outcome (Outcome)
[1] 337
[1] 337
  iteration traits posterior_prob regional_prob candidate_snp
1         1   None             NA        0.0098            NA
  posterior_explained_by_snp dropped_trait   lead_snp
1                         NA      iradjbmi rs17052061
[1] "GENE"
[1] "ENSG00000010322"
Harmonising fat_distr (fat_distr) and Outcome (Outcome)
Harmonising fat_distr (fat_distr) and Outcome (Outcome)
[1] 337
[1] 337
  iteration traits posterior_prob regional_prob candidate_snp
1         1   None             NA        0.0331            NA
  posterior_explained_by_snp dropped_trait   lead_snp
1                         NA      iradjbmi rs17052061
[1] "GENE"
[1] "ENSG00000010319"
Harmonising fat_distr (fat_distr) and Outcome (Outcome)
Harmonising fat_distr (fat_distr) and Outcome (Outcome)
[1] 337
[1] 337
  iteration traits posterior_prob regional_prob candidate_snp
1         1   None             NA        0.0212            NA
  posterior_explained_by_snp dropped_trait   lead_snp
1                         NA      iradjbmi rs17052061
[1] "GENE"
[1] "ENSG00000010319"
Harmonising fat_distr (fat_distr) and Outcome (Outcome)
Harmonising fat_distr (fat_distr) and Outcome (Outcome)
[1] 337
[1] 337
  iteration traits posterior_prob regional_prob candidate_snp
1         1   None             NA        0.0212            NA
  posterior_explained_by_snp dropped_trait   lead_snp
1                         NA      iradjbmi rs17052061
[1] "GENE"
[1] "ENSG00000010322"
Harmonising fat_distr (fat_distr) and Outcome (Outcome)
Harmonising fat_distr (fat_distr) and Outcome (Outcome)
[1] 337
[1] 337
  iteration traits posterior_prob regional_prob candidate_snp
1         1   None             NA        0.0331            NA
  posterior_explained_by_snp dropped_trait   lead_snp
1                         NA      iradjbmi rs17052061
[1] "LEAD INDEX"
[1] 12
[1] "LEAD INDEX"
[1] 13
[1] "GENE"
[1] "ENSG00000174579"
Harmonising fat_distr (fat_distr) and Outcome (Outcome)
Harmonising fat_distr (fat_distr) and Outcome (Outcome)
[1] 274
[1] 274
  iteration                    traits posterior_prob regional_prob
1         1 iradjbmi, ENSG00000174579         0.8228        0.9067
  candidate_snp posterior_explained_by_snp dropped_trait lead_snp
1      rs684773                      0.288            NA rs645040
[1] "LEAD INDEX"
[1] 14
[1] "CHROMOSOME"
[1] 4
[1] "LEAD INDEX"
[1] 1
[1] "LEAD INDEX"
[1] 2
[1] "LEAD INDEX"
[1] 3
[1] "GENE"
[1] "ENSG00000127415"
Harmonising fat_distr (fat_distr) and Outcome (Outcome)
Harmonising fat_distr (fat_distr) and Outcome (Outcome)
[1] 391
[1] 391
  iteration                    traits posterior_prob regional_prob
1         1 iradjbmi, ENSG00000127415         0.7961        0.8071
  candidate_snp posterior_explained_by_snp dropped_trait   lead_snp
1    rs11724804                     0.8541            NA rs11724804
[1] "GENE"
[1] "ENSG00000145214"
Harmonising fat_distr (fat_distr) and Outcome (Outcome)
Harmonising fat_distr (fat_distr) and Outcome (Outcome)
[1] 391
[1] 391
  iteration                    traits posterior_prob regional_prob
1         1 iradjbmi, ENSG00000145214         0.9659        0.9988
  candidate_snp posterior_explained_by_snp dropped_trait   lead_snp
1    rs11724804                     0.5229            NA rs11724804
[1] "GENE"
[1] "ENSG00000127415"
Harmonising fat_distr (fat_distr) and Outcome (Outcome)
Harmonising fat_distr (fat_distr) and Outcome (Outcome)
[1] 391
[1] 391
  iteration                    traits posterior_prob regional_prob
1         1 iradjbmi, ENSG00000127415         0.7961        0.8071
  candidate_snp posterior_explained_by_snp dropped_trait   lead_snp
1    rs11724804                     0.8541            NA rs11724804
[1] "GENE"
[1] "ENSG00000127415"
Harmonising fat_distr (fat_distr) and Outcome (Outcome)
Harmonising fat_distr (fat_distr) and Outcome (Outcome)
[1] 391
[1] 391
  iteration                    traits posterior_prob regional_prob
1         1 iradjbmi, ENSG00000127415         0.7961        0.8071
  candidate_snp posterior_explained_by_snp dropped_trait   lead_snp
1    rs11724804                     0.8541            NA rs11724804
[1] "LEAD INDEX"
[1] 4
[1] "GENE"
[1] "ENSG00000188981"
Harmonising fat_distr (fat_distr) and Outcome (Outcome)
Harmonising fat_distr (fat_distr) and Outcome (Outcome)
[1] 358
[1] 358
  iteration traits posterior_prob regional_prob candidate_snp
1         1   None             NA        0.0118            NA
  posterior_explained_by_snp dropped_trait lead_snp
1                         NA      iradjbmi rs363066
[1] "LEAD INDEX"
[1] 5
[1] "GENE"
[1] "ENSG00000159788"
Harmonising fat_distr (fat_distr) and Outcome (Outcome)
Harmonising fat_distr (fat_distr) and Outcome (Outcome)
[1] 327
[1] 327
  iteration traits posterior_prob regional_prob candidate_snp
1         1   None             NA        0.2371            NA
  posterior_explained_by_snp dropped_trait   lead_snp
1                         NA      iradjbmi rs10027926
[1] "LEAD INDEX"
[1] 6
[1] "GENE"
[1] "ENSG00000163132"
Harmonising fat_distr (fat_distr) and Outcome (Outcome)
Harmonising fat_distr (fat_distr) and Outcome (Outcome)
[1] 573
[1] 573
  iteration traits posterior_prob regional_prob candidate_snp
1         1   None             NA        0.0106            NA
  posterior_explained_by_snp dropped_trait  lead_snp
1                         NA      iradjbmi rs4450871
[1] "LEAD INDEX"
[1] 7
[1] "GENE"
[1] "ENSG00000163257"
Harmonising fat_distr (fat_distr) and Outcome (Outcome)
Harmonising fat_distr (fat_distr) and Outcome (Outcome)
[1] 302
[1] 302
  iteration traits posterior_prob regional_prob candidate_snp
1         1   None             NA         0.057            NA
  posterior_explained_by_snp dropped_trait  lead_snp
1                         NA      iradjbmi rs7694806
[1] "LEAD INDEX"
[1] 8
[1] "LEAD INDEX"
[1] 9
[1] "LEAD INDEX"
[1] 10
[1] "GENE"
[1] "ENSG00000138640"
Harmonising fat_distr (fat_distr) and Outcome (Outcome)
Harmonising fat_distr (fat_distr) and Outcome (Outcome)
[1] 413
[1] 413
  iteration traits posterior_prob regional_prob candidate_snp
1         1   None             NA        0.0051            NA
  posterior_explained_by_snp dropped_trait  lead_snp
1                         NA      iradjbmi rs9991328
[1] "GENE"
[1] "ENSG00000138640"
Harmonising fat_distr (fat_distr) and Outcome (Outcome)
Harmonising fat_distr (fat_distr) and Outcome (Outcome)
[1] 413
[1] 413
  iteration traits posterior_prob regional_prob candidate_snp
1         1   None             NA        0.0051            NA
  posterior_explained_by_snp dropped_trait  lead_snp
1                         NA      iradjbmi rs9991328
[1] "LEAD INDEX"
[1] 11
[1] "GENE"
[1] "ENSG00000145431"
Harmonising fat_distr (fat_distr) and Outcome (Outcome)
Harmonising fat_distr (fat_distr) and Outcome (Outcome)
[1] 372
[1] 372
  iteration traits posterior_prob regional_prob candidate_snp
1         1   None             NA         0.054            NA
  posterior_explained_by_snp dropped_trait  lead_snp
1                         NA      iradjbmi rs1425486
[1] "GENE"
[1] "ENSG00000145431"
Harmonising fat_distr (fat_distr) and Outcome (Outcome)
Harmonising fat_distr (fat_distr) and Outcome (Outcome)
[1] 372
[1] 372
  iteration traits posterior_prob regional_prob candidate_snp
1         1   None             NA         0.054            NA
  posterior_explained_by_snp dropped_trait  lead_snp
1                         NA      iradjbmi rs1425486
[1] "CHROMOSOME"
[1] 5
[1] "LEAD INDEX"
[1] 1
[1] "LEAD INDEX"
[1] 2
[1] "LEAD INDEX"
[1] 3
[1] "GENE"
[1] "ENSG00000245937"
Harmonising fat_distr (fat_distr) and Outcome (Outcome)
Harmonising fat_distr (fat_distr) and Outcome (Outcome)
[1] 352
[1] 352
  iteration                    traits posterior_prob regional_prob
1         1 iradjbmi, ENSG00000245937         0.9797        0.9933
  candidate_snp posterior_explained_by_snp dropped_trait   lead_snp
1     rs1112956                     0.5685            NA rs17764730
[1] "GENE"
[1] "ENSG00000245937"
Harmonising fat_distr (fat_distr) and Outcome (Outcome)
Harmonising fat_distr (fat_distr) and Outcome (Outcome)
[1] 352
[1] 352
  iteration                    traits posterior_prob regional_prob
1         1 iradjbmi, ENSG00000245937         0.9797        0.9933
  candidate_snp posterior_explained_by_snp dropped_trait   lead_snp
1     rs1112956                     0.5685            NA rs17764730
[1] "GENE"
[1] "ENSG00000245937"
Harmonising fat_distr (fat_distr) and Outcome (Outcome)
Harmonising fat_distr (fat_distr) and Outcome (Outcome)
[1] 352
[1] 352
  iteration                    traits posterior_prob regional_prob
1         1 iradjbmi, ENSG00000245937         0.9797        0.9933
  candidate_snp posterior_explained_by_snp dropped_trait   lead_snp
1     rs1112956                     0.5685            NA rs17764730
[1] "GENE"
[1] "ENSG00000245937"
Harmonising fat_distr (fat_distr) and Outcome (Outcome)
Harmonising fat_distr (fat_distr) and Outcome (Outcome)
[1] 352
[1] 352
  iteration                    traits posterior_prob regional_prob
1         1 iradjbmi, ENSG00000245937         0.9797        0.9933
  candidate_snp posterior_explained_by_snp dropped_trait   lead_snp
1     rs1112956                     0.5685            NA rs17764730
[1] "GENE"
[1] "ENSG00000064651"
Harmonising fat_distr (fat_distr) and Outcome (Outcome)
Harmonising fat_distr (fat_distr) and Outcome (Outcome)
[1] 352
[1] 352
  iteration                    traits posterior_prob regional_prob
1         1 iradjbmi, ENSG00000064651         0.9719        0.9883
  candidate_snp posterior_explained_by_snp dropped_trait   lead_snp
1     rs2568928                     0.3313            NA rs17764730
[1] "LEAD INDEX"
[1] 4
[1] "GENE"
[1] "ENSG00000131435"
Harmonising fat_distr (fat_distr) and Outcome (Outcome)
Harmonising fat_distr (fat_distr) and Outcome (Outcome)
[1] 395
[1] 395
  iteration traits posterior_prob regional_prob candidate_snp
1         1   None             NA        0.0557            NA
  posterior_explained_by_snp dropped_trait   lead_snp
1                         NA      iradjbmi rs10479001
[1] "LEAD INDEX"
[1] 5
[1] "LEAD INDEX"
[1] 6
[1] "LEAD INDEX"
[1] 7
[1] "LEAD INDEX"
[1] 8
[1] "LEAD INDEX"
[1] 9
[1] "GENE"
[1] "ENSG00000155542"
Harmonising fat_distr (fat_distr) and Outcome (Outcome)
Harmonising fat_distr (fat_distr) and Outcome (Outcome)
[1] 494
[1] 494
  iteration traits posterior_prob regional_prob candidate_snp
1         1   None             NA         0.737            NA
  posterior_explained_by_snp dropped_trait lead_snp
1                         NA      iradjbmi rs702691
[1] "GENE"
[1] "ENSG00000155542"
Harmonising fat_distr (fat_distr) and Outcome (Outcome)
Harmonising fat_distr (fat_distr) and Outcome (Outcome)
[1] 494
[1] 494
  iteration traits posterior_prob regional_prob candidate_snp
1         1   None             NA         0.737            NA
  posterior_explained_by_snp dropped_trait lead_snp
1                         NA      iradjbmi rs702691
[1] "GENE"
[1] "ENSG00000155542"
Harmonising fat_distr (fat_distr) and Outcome (Outcome)
Harmonising fat_distr (fat_distr) and Outcome (Outcome)
[1] 494
[1] 494
  iteration traits posterior_prob regional_prob candidate_snp
1         1   None             NA         0.737            NA
  posterior_explained_by_snp dropped_trait lead_snp
1                         NA      iradjbmi rs702691
[1] "GENE"
[1] "ENSG00000271828"
Harmonising fat_distr (fat_distr) and Outcome (Outcome)
Harmonising fat_distr (fat_distr) and Outcome (Outcome)
[1] 494
[1] 494
  iteration traits posterior_prob regional_prob candidate_snp
1         1   None             NA        0.0152            NA
  posterior_explained_by_snp dropped_trait lead_snp
1                         NA      iradjbmi rs702691
[1] "LEAD INDEX"
[1] 10
[1] "LEAD INDEX"
[1] 11
[1] "LEAD INDEX"
[1] 12
[1] "LEAD INDEX"
[1] 13
[1] "GENE"
[1] "ENSG00000171444"
Harmonising fat_distr (fat_distr) and Outcome (Outcome)
Harmonising fat_distr (fat_distr) and Outcome (Outcome)
[1] 464
[1] 464
  iteration                    traits posterior_prob regional_prob
1         1 iradjbmi, ENSG00000171444         0.9665        0.9868
  candidate_snp posterior_explained_by_snp dropped_trait  lead_snp
1     rs6894219                     0.9372            NA rs7732198
[1] "GENE"
[1] "ENSG00000171444"
Harmonising fat_distr (fat_distr) and Outcome (Outcome)
Harmonising fat_distr (fat_distr) and Outcome (Outcome)
[1] 464
[1] 464
  iteration                    traits posterior_prob regional_prob
1         1 iradjbmi, ENSG00000171444         0.9665        0.9868
  candidate_snp posterior_explained_by_snp dropped_trait  lead_snp
1     rs6894219                     0.9372            NA rs7732198
[1] "GENE"
[1] "ENSG00000171444"
Harmonising fat_distr (fat_distr) and Outcome (Outcome)
Harmonising fat_distr (fat_distr) and Outcome (Outcome)
[1] 464
[1] 464
  iteration                    traits posterior_prob regional_prob
1         1 iradjbmi, ENSG00000171444         0.9665        0.9868
  candidate_snp posterior_explained_by_snp dropped_trait  lead_snp
1     rs6894219                     0.9372            NA rs7732198
[1] "GENE"
[1] "ENSG00000171444"
Harmonising fat_distr (fat_distr) and Outcome (Outcome)
Harmonising fat_distr (fat_distr) and Outcome (Outcome)
[1] 464
[1] 464
  iteration                    traits posterior_prob regional_prob
1         1 iradjbmi, ENSG00000171444         0.9665        0.9868
  candidate_snp posterior_explained_by_snp dropped_trait  lead_snp
1     rs6894219                     0.9372            NA rs7732198
[1] "LEAD INDEX"
[1] 14
[1] "GENE"
[1] "ENSG00000145779"
Harmonising fat_distr (fat_distr) and Outcome (Outcome)
Harmonising fat_distr (fat_distr) and Outcome (Outcome)
[1] 338
[1] 338
  iteration traits posterior_prob regional_prob candidate_snp
1         1   None             NA        0.0109            NA
  posterior_explained_by_snp dropped_trait  lead_snp
1                         NA      iradjbmi rs1045241
[1] "LEAD INDEX"
[1] 15
[1] "LEAD INDEX"
[1] 16
[1] "GENE"
[1] "ENSG00000170606"
Harmonising fat_distr (fat_distr) and Outcome (Outcome)
Harmonising fat_distr (fat_distr) and Outcome (Outcome)
[1] 421
[1] 421
  iteration traits posterior_prob regional_prob candidate_snp
1         1   None             NA        0.0054            NA
  posterior_explained_by_snp dropped_trait lead_snp
1                         NA      iradjbmi  rs13718
[1] "GENE"
[1] "ENSG00000170606"
Harmonising fat_distr (fat_distr) and Outcome (Outcome)
Harmonising fat_distr (fat_distr) and Outcome (Outcome)
[1] 421
[1] 421
  iteration traits posterior_prob regional_prob candidate_snp
1         1   None             NA        0.0054            NA
  posterior_explained_by_snp dropped_trait lead_snp
1                         NA      iradjbmi  rs13718
[1] "GENE"
[1] "ENSG00000170606"
Harmonising fat_distr (fat_distr) and Outcome (Outcome)
Harmonising fat_distr (fat_distr) and Outcome (Outcome)
[1] 421
[1] 421
  iteration traits posterior_prob regional_prob candidate_snp
1         1   None             NA        0.0054            NA
  posterior_explained_by_snp dropped_trait lead_snp
1                         NA      iradjbmi  rs13718
[1] "LEAD INDEX"
[1] 17
[1] "LEAD INDEX"
[1] 18
[1] "GENE"
[1] "ENSG00000170091"
Harmonising fat_distr (fat_distr) and Outcome (Outcome)
Harmonising fat_distr (fat_distr) and Outcome (Outcome)
[1] 610
[1] 610
  iteration                    traits posterior_prob regional_prob
1         1 iradjbmi, ENSG00000170091           0.93        0.9449
  candidate_snp posterior_explained_by_snp dropped_trait lead_snp
1      rs747472                     0.1985            NA rs747472
[1] "GENE"
[1] "ENSG00000113742"
Harmonising fat_distr (fat_distr) and Outcome (Outcome)
Harmonising fat_distr (fat_distr) and Outcome (Outcome)
[1] 610
[1] 610
  iteration traits posterior_prob regional_prob candidate_snp
1         1   None             NA        0.0101            NA
  posterior_explained_by_snp dropped_trait lead_snp
1                         NA      iradjbmi rs747472
[1] "GENE"
[1] "ENSG00000170091"
Harmonising fat_distr (fat_distr) and Outcome (Outcome)
Harmonising fat_distr (fat_distr) and Outcome (Outcome)
[1] 610
[1] 610
  iteration                    traits posterior_prob regional_prob
1         1 iradjbmi, ENSG00000170091           0.93        0.9449
  candidate_snp posterior_explained_by_snp dropped_trait lead_snp
1      rs747472                     0.1985            NA rs747472
[1] "CHROMOSOME"
[1] 6
[1] "LEAD INDEX"
[1] 1
[1] "LEAD INDEX"
[1] 2
[1] "GENE"
[1] "ENSG00000288021"
[1] "GENE"
[1] "ENSG00000203875"
Harmonising fat_distr (fat_distr) and Outcome (Outcome)
Harmonising fat_distr (fat_distr) and Outcome (Outcome)
[1] 314
[1] 314
  iteration                    traits posterior_prob regional_prob
1         1 iradjbmi, ENSG00000203875         0.7381        0.9717
  candidate_snp posterior_explained_by_snp dropped_trait  lead_snp
1     rs1059307                          1            NA rs6454486
[1] "LEAD INDEX"
[1] 3
[1] "GENE"
[1] "ENSG00000112531"
Harmonising fat_distr (fat_distr) and Outcome (Outcome)
Removing the following SNPs for incompatible alleles:
chr6:163294050
Harmonising fat_distr (fat_distr) and Outcome (Outcome)
[1] 532
[1] 532
  iteration traits posterior_prob regional_prob candidate_snp
1         1   None             NA        0.0157            NA
  posterior_explained_by_snp dropped_trait lead_snp
1                         NA      iradjbmi   rs9306
[1] "LEAD INDEX"
[1] 4
[1] "LEAD INDEX"
[1] 5
[1] "LEAD INDEX"
[1] 6
[1] "GENE"
[1] "ENSG00000112715"
Harmonising fat_distr (fat_distr) and Outcome (Outcome)
Harmonising fat_distr (fat_distr) and Outcome (Outcome)
[1] 447
[1] 447
  iteration traits posterior_prob regional_prob candidate_snp
1         1   None             NA        0.0049            NA
  posterior_explained_by_snp dropped_trait lead_snp
1                         NA      iradjbmi rs998584
[1] "LEAD INDEX"
[1] 7
[1] "LEAD INDEX"
[1] 8
[1] "LEAD INDEX"
[1] 9
[1] "GENE"
[1] "ENSG00000118690"
Harmonising fat_distr (fat_distr) and Outcome (Outcome)
Harmonising fat_distr (fat_distr) and Outcome (Outcome)
[1] 359
[1] 359
  iteration traits posterior_prob regional_prob candidate_snp
1         1   None             NA        0.3545            NA
  posterior_explained_by_snp dropped_trait  lead_snp
1                         NA      iradjbmi rs2806360
[1] "GENE"
[1] "ENSG00000118690"
Harmonising fat_distr (fat_distr) and Outcome (Outcome)
Harmonising fat_distr (fat_distr) and Outcome (Outcome)
[1] 359
[1] 359
  iteration traits posterior_prob regional_prob candidate_snp
1         1   None             NA        0.3545            NA
  posterior_explained_by_snp dropped_trait  lead_snp
1                         NA      iradjbmi rs2806360
[1] "LEAD INDEX"
[1] 10
[1] "LEAD INDEX"
[1] 11
[1] "LEAD INDEX"
[1] 12
[1] "GENE"
[1] "ENSG00000164442"
Harmonising fat_distr (fat_distr) and Outcome (Outcome)
Harmonising fat_distr (fat_distr) and Outcome (Outcome)
[1] 448
[1] 448
  iteration traits posterior_prob regional_prob candidate_snp
1         1   None             NA        0.0124            NA
  posterior_explained_by_snp dropped_trait lead_snp
1                         NA      iradjbmi rs634869
[1] "LEAD INDEX"
[1] 13
[1] "LEAD INDEX"
[1] 14
[1] "GENE"
[1] "ENSG00000197081"
Harmonising fat_distr (fat_distr) and Outcome (Outcome)
Harmonising fat_distr (fat_distr) and Outcome (Outcome)
[1] 554
[1] 554
  iteration traits posterior_prob regional_prob candidate_snp
1         1   None             NA        0.0059            NA
  posterior_explained_by_snp dropped_trait   lead_snp
1                         NA      iradjbmi rs12202350
[1] "GENE"
[1] "ENSG00000197081"
Harmonising fat_distr (fat_distr) and Outcome (Outcome)
Harmonising fat_distr (fat_distr) and Outcome (Outcome)
[1] 554
[1] 554
  iteration traits posterior_prob regional_prob candidate_snp
1         1   None             NA        0.0059            NA
  posterior_explained_by_snp dropped_trait   lead_snp
1                         NA      iradjbmi rs12202350
[1] "GENE"
[1] "ENSG00000270949"
[1] "GENE"
[1] "ENSG00000213073"
Harmonising fat_distr (fat_distr) and Outcome (Outcome)
Harmonising fat_distr (fat_distr) and Outcome (Outcome)
[1] 554
[1] 554
  iteration traits posterior_prob regional_prob candidate_snp
1         1   None             NA        0.0111            NA
  posterior_explained_by_snp dropped_trait   lead_snp
1                         NA      iradjbmi rs12202350
[1] "GENE"
[1] "ENSG00000213073"
Harmonising fat_distr (fat_distr) and Outcome (Outcome)
Harmonising fat_distr (fat_distr) and Outcome (Outcome)
[1] 554
[1] 554
  iteration traits posterior_prob regional_prob candidate_snp
1         1   None             NA        0.0111            NA
  posterior_explained_by_snp dropped_trait   lead_snp
1                         NA      iradjbmi rs12202350
[1] "GENE"
[1] "ENSG00000213073"
Harmonising fat_distr (fat_distr) and Outcome (Outcome)
Harmonising fat_distr (fat_distr) and Outcome (Outcome)
[1] 554
[1] 554
  iteration traits posterior_prob regional_prob candidate_snp
1         1   None             NA        0.0111            NA
  posterior_explained_by_snp dropped_trait   lead_snp
1                         NA      iradjbmi rs12202350
[1] "GENE"
[1] "ENSG00000175003"
Harmonising fat_distr (fat_distr) and Outcome (Outcome)
Harmonising fat_distr (fat_distr) and Outcome (Outcome)
[1] 554
[1] 554
  iteration traits posterior_prob regional_prob candidate_snp
1         1   None             NA        0.6839            NA
  posterior_explained_by_snp   dropped_trait   lead_snp
1                         NA ENSG00000175003 rs12202350
[1] "LEAD INDEX"
[1] 15
[1] "LEAD INDEX"
[1] 16
[1] "CHROMOSOME"
[1] 7
[1] "LEAD INDEX"
[1] 1
[1] "GENE"
[1] "ENSG00000106460"
Harmonising fat_distr (fat_distr) and Outcome (Outcome)
Harmonising fat_distr (fat_distr) and Outcome (Outcome)
[1] 622
[1] 622
  iteration traits posterior_prob regional_prob candidate_snp
1         1   None             NA        0.0312            NA
  posterior_explained_by_snp dropped_trait  lead_snp
1                         NA      iradjbmi rs1990622
[1] "LEAD INDEX"
[1] 2
[1] "GENE"
[1] "ENSG00000273055"
Harmonising fat_distr (fat_distr) and Outcome (Outcome)
Harmonising fat_distr (fat_distr) and Outcome (Outcome)
[1] 514
[1] 514
  iteration traits posterior_prob regional_prob candidate_snp
1         1   None             NA        0.1618            NA
  posterior_explained_by_snp dropped_trait  lead_snp
1                         NA      iradjbmi rs4727695
[1] "GENE"
[1] "ENSG00000091136"
Harmonising fat_distr (fat_distr) and Outcome (Outcome)
Harmonising fat_distr (fat_distr) and Outcome (Outcome)
[1] 514
[1] 514
  iteration traits posterior_prob regional_prob candidate_snp
1         1   None             NA        0.3756            NA
  posterior_explained_by_snp   dropped_trait  lead_snp
1                         NA ENSG00000091136 rs4727695
[1] "GENE"
[1] "ENSG00000091136"
Harmonising fat_distr (fat_distr) and Outcome (Outcome)
Harmonising fat_distr (fat_distr) and Outcome (Outcome)
[1] 514
[1] 514
  iteration traits posterior_prob regional_prob candidate_snp
1         1   None             NA        0.3756            NA
  posterior_explained_by_snp   dropped_trait  lead_snp
1                         NA ENSG00000091136 rs4727695
[1] "LEAD INDEX"
[1] 3
[1] "LEAD INDEX"
[1] 4
[1] "GENE"
[1] "ENSG00000164898"
Harmonising fat_distr (fat_distr) and Outcome (Outcome)
Harmonising fat_distr (fat_distr) and Outcome (Outcome)
[1] 356
[1] 356
  iteration traits posterior_prob regional_prob candidate_snp
1         1   None             NA        0.0164            NA
  posterior_explained_by_snp dropped_trait   lead_snp
1                         NA      iradjbmi rs11772771
[1] "GENE"
[1] "ENSG00000273391"
Harmonising fat_distr (fat_distr) and Outcome (Outcome)
Harmonising fat_distr (fat_distr) and Outcome (Outcome)
[1] 356
[1] 356
  iteration traits posterior_prob regional_prob candidate_snp
1         1   None             NA        0.0136            NA
  posterior_explained_by_snp dropped_trait   lead_snp
1                         NA      iradjbmi rs11772771
[1] "GENE"
[1] "ENSG00000146963"
Harmonising fat_distr (fat_distr) and Outcome (Outcome)
Harmonising fat_distr (fat_distr) and Outcome (Outcome)
[1] 356
[1] 356
  iteration traits posterior_prob regional_prob candidate_snp
1         1   None             NA        0.2631            NA
  posterior_explained_by_snp dropped_trait   lead_snp
1                         NA      iradjbmi rs11772771
[1] "LEAD INDEX"
[1] 5
[1] "GENE"
[1] "ENSG00000164849"
Harmonising fat_distr (fat_distr) and Outcome (Outcome)
Harmonising fat_distr (fat_distr) and Outcome (Outcome)
[1] 337
[1] 337
  iteration traits posterior_prob regional_prob candidate_snp
1         1   None             NA          0.02            NA
  posterior_explained_by_snp dropped_trait  lead_snp
1                         NA      iradjbmi rs3808350
[1] "LEAD INDEX"
[1] 6
[1] "LEAD INDEX"
[1] 7
[1] "LEAD INDEX"
[1] 8
[1] "LEAD INDEX"
[1] 9
[1] "LEAD INDEX"
[1] 10
[1] "GENE"
[1] "ENSG00000225792"
Harmonising fat_distr (fat_distr) and Outcome (Outcome)
Harmonising fat_distr (fat_distr) and Outcome (Outcome)
[1] 465
[1] 465
  iteration traits posterior_prob regional_prob candidate_snp
1         1   None             NA        0.0571            NA
  posterior_explained_by_snp dropped_trait  lead_snp
1                         NA      iradjbmi rs1534696
[1] "GENE"
[1] "ENSG00000214870"
Harmonising fat_distr (fat_distr) and Outcome (Outcome)
Harmonising fat_distr (fat_distr) and Outcome (Outcome)
[1] 465
[1] 465
  iteration traits posterior_prob regional_prob candidate_snp
1         1   None             NA        0.0725            NA
  posterior_explained_by_snp dropped_trait  lead_snp
1                         NA      iradjbmi rs1534696
[1] "GENE"
[1] "ENSG00000122565"
Harmonising fat_distr (fat_distr) and Outcome (Outcome)
Harmonising fat_distr (fat_distr) and Outcome (Outcome)
[1] 465
[1] 465
  iteration traits posterior_prob regional_prob candidate_snp
1         1   None             NA        0.0053            NA
  posterior_explained_by_snp dropped_trait  lead_snp
1                         NA      iradjbmi rs1534696
[1] "GENE"
[1] "ENSG00000225792"
Harmonising fat_distr (fat_distr) and Outcome (Outcome)
Harmonising fat_distr (fat_distr) and Outcome (Outcome)
[1] 465
[1] 465
  iteration traits posterior_prob regional_prob candidate_snp
1         1   None             NA        0.0571            NA
  posterior_explained_by_snp dropped_trait  lead_snp
1                         NA      iradjbmi rs1534696
[1] "GENE"
[1] "ENSG00000122566"
Harmonising fat_distr (fat_distr) and Outcome (Outcome)
Harmonising fat_distr (fat_distr) and Outcome (Outcome)
[1] 465
[1] 465
  iteration traits posterior_prob regional_prob candidate_snp
1         1   None             NA        0.0057            NA
  posterior_explained_by_snp dropped_trait  lead_snp
1                         NA      iradjbmi rs1534696
[1] "GENE"
[1] "ENSG00000086300"
Harmonising fat_distr (fat_distr) and Outcome (Outcome)
Harmonising fat_distr (fat_distr) and Outcome (Outcome)
[1] 465
[1] 465
  iteration traits posterior_prob regional_prob candidate_snp
1         1   None             NA         0.022            NA
  posterior_explained_by_snp dropped_trait  lead_snp
1                         NA      iradjbmi rs1534696
[1] "LEAD INDEX"
[1] 11
[1] "LEAD INDEX"
[1] 12
[1] "GENE"
[1] "ENSG00000015676"
Harmonising fat_distr (fat_distr) and Outcome (Outcome)
Harmonising fat_distr (fat_distr) and Outcome (Outcome)
[1] 339
[1] 339
  iteration                    traits posterior_prob regional_prob
1         1 iradjbmi, ENSG00000015676         0.6307        0.8284
  candidate_snp posterior_explained_by_snp dropped_trait   lead_snp
1     rs7786156                     0.1602            NA rs11770515
[1] "GENE"
[1] "ENSG00000015676"
Harmonising fat_distr (fat_distr) and Outcome (Outcome)
Harmonising fat_distr (fat_distr) and Outcome (Outcome)
[1] 339
[1] 339
  iteration                    traits posterior_prob regional_prob
1         1 iradjbmi, ENSG00000015676         0.6307        0.8284
  candidate_snp posterior_explained_by_snp dropped_trait   lead_snp
1     rs7786156                     0.1602            NA rs11770515
[1] "GENE"
[1] "ENSG00000015676"
Harmonising fat_distr (fat_distr) and Outcome (Outcome)
Harmonising fat_distr (fat_distr) and Outcome (Outcome)
[1] 339
[1] 339
  iteration                    traits posterior_prob regional_prob
1         1 iradjbmi, ENSG00000015676         0.6307        0.8284
  candidate_snp posterior_explained_by_snp dropped_trait   lead_snp
1     rs7786156                     0.1602            NA rs11770515
[1] "GENE"
[1] "ENSG00000015520"
Harmonising fat_distr (fat_distr) and Outcome (Outcome)
Harmonising fat_distr (fat_distr) and Outcome (Outcome)
[1] 339
[1] 339
  iteration traits posterior_prob regional_prob candidate_snp
1         1   None             NA        0.0107            NA
  posterior_explained_by_snp dropped_trait   lead_snp
1                         NA      iradjbmi rs11770515
[1] "GENE"
[1] "ENSG00000015520"
Harmonising fat_distr (fat_distr) and Outcome (Outcome)
Harmonising fat_distr (fat_distr) and Outcome (Outcome)
[1] 339
[1] 339
  iteration traits posterior_prob regional_prob candidate_snp
1         1   None             NA        0.0107            NA
  posterior_explained_by_snp dropped_trait   lead_snp
1                         NA      iradjbmi rs11770515
[1] "LEAD INDEX"
[1] 13
[1] "GENE"
[1] "ENSG00000009954"
Harmonising fat_distr (fat_distr) and Outcome (Outcome)
Harmonising fat_distr (fat_distr) and Outcome (Outcome)
[1] 139
[1] 139
  iteration traits posterior_prob regional_prob candidate_snp
1         1   None             NA        0.0181            NA
  posterior_explained_by_snp dropped_trait lead_snp
1                         NA      iradjbmi   rs2573
[1] "GENE"
[1] "ENSG00000106635"
Harmonising fat_distr (fat_distr) and Outcome (Outcome)
Harmonising fat_distr (fat_distr) and Outcome (Outcome)
[1] 139
[1] 139
  iteration traits posterior_prob regional_prob candidate_snp
1         1   None             NA        0.4644            NA
  posterior_explained_by_snp dropped_trait lead_snp
1                         NA      iradjbmi   rs2573
[1] "GENE"
[1] "ENSG00000106635"
Harmonising fat_distr (fat_distr) and Outcome (Outcome)
Harmonising fat_distr (fat_distr) and Outcome (Outcome)
[1] 139
[1] 139
  iteration traits posterior_prob regional_prob candidate_snp
1         1   None             NA        0.4644            NA
  posterior_explained_by_snp dropped_trait lead_snp
1                         NA      iradjbmi   rs2573
[1] "GENE"
[1] "ENSG00000106635"
Harmonising fat_distr (fat_distr) and Outcome (Outcome)
Harmonising fat_distr (fat_distr) and Outcome (Outcome)
[1] 139
[1] 139
  iteration traits posterior_prob regional_prob candidate_snp
1         1   None             NA        0.4644            NA
  posterior_explained_by_snp dropped_trait lead_snp
1                         NA      iradjbmi   rs2573
[1] "GENE"
[1] "ENSG00000009950"
Harmonising fat_distr (fat_distr) and Outcome (Outcome)
Harmonising fat_distr (fat_distr) and Outcome (Outcome)
[1] 139
[1] 139
  iteration traits posterior_prob regional_prob candidate_snp
1         1   None             NA        0.0103            NA
  posterior_explained_by_snp dropped_trait lead_snp
1                         NA      iradjbmi   rs2573
[1] "LEAD INDEX"
[1] 14
[1] "LEAD INDEX"
[1] 15
[1] "LEAD INDEX"
[1] 16
[1] "GENE"
[1] "ENSG00000174595"
[1] "GENE"
[1] "ENSG00000266265"
[1] "GENE"
[1] "ENSG00000266265"
[1] "GENE"
[1] "ENSG00000271204"
Harmonising fat_distr (fat_distr) and Outcome (Outcome)
Harmonising fat_distr (fat_distr) and Outcome (Outcome)
[1] 449
[1] 449
  iteration traits posterior_prob regional_prob candidate_snp
1         1   None             NA        0.0179            NA
  posterior_explained_by_snp dropped_trait  lead_snp
1                         NA      iradjbmi rs4731702
[1] "GENE"
[1] "ENSG00000233559"
Harmonising fat_distr (fat_distr) and Outcome (Outcome)
Harmonising fat_distr (fat_distr) and Outcome (Outcome)
[1] 449
[1] 449
  iteration traits posterior_prob regional_prob candidate_snp
1         1   None             NA        0.0078            NA
  posterior_explained_by_snp dropped_trait  lead_snp
1                         NA      iradjbmi rs4731702
[1] "GENE"
[1] "ENSG00000231721"
Harmonising fat_distr (fat_distr) and Outcome (Outcome)
Harmonising fat_distr (fat_distr) and Outcome (Outcome)
[1] 449
[1] 449
  iteration traits posterior_prob regional_prob candidate_snp
1         1   None             NA        0.0048            NA
  posterior_explained_by_snp dropped_trait  lead_snp
1                         NA      iradjbmi rs4731702
[1] "LEAD INDEX"
[1] 17
[1] "LEAD INDEX"
[1] 18
[1] "GENE"
[1] "ENSG00000179144"
Harmonising fat_distr (fat_distr) and Outcome (Outcome)
Harmonising fat_distr (fat_distr) and Outcome (Outcome)
[1] 394
[1] 394
  iteration traits posterior_prob regional_prob candidate_snp
1         1   None             NA        0.0115            NA
  posterior_explained_by_snp dropped_trait   lead_snp
1                         NA      iradjbmi rs10254829
[1] "GENE"
[1] "ENSG00000133574"
Harmonising fat_distr (fat_distr) and Outcome (Outcome)
Harmonising fat_distr (fat_distr) and Outcome (Outcome)
[1] 394
[1] 394
  iteration traits posterior_prob regional_prob candidate_snp
1         1   None             NA        0.0536            NA
  posterior_explained_by_snp dropped_trait   lead_snp
1                         NA      iradjbmi rs10254829
[1] "LEAD INDEX"
[1] 19
[1] "GENE"
[1] "ENSG00000002726"
Harmonising fat_distr (fat_distr) and Outcome (Outcome)
Harmonising fat_distr (fat_distr) and Outcome (Outcome)
[1] 519
[1] 519
  iteration traits posterior_prob regional_prob candidate_snp
1         1   None             NA        0.2485            NA
  posterior_explained_by_snp   dropped_trait  lead_snp
1                         NA ENSG00000002726 rs6977081
[1] "GENE"
[1] "ENSG00000002933"
Harmonising fat_distr (fat_distr) and Outcome (Outcome)
Harmonising fat_distr (fat_distr) and Outcome (Outcome)
[1] 519
[1] 519
  iteration traits posterior_prob regional_prob candidate_snp
1         1   None             NA         1e-04            NA
  posterior_explained_by_snp   dropped_trait  lead_snp
1                         NA ENSG00000002933 rs6977081
[1] "GENE"
[1] "ENSG00000002726"
Harmonising fat_distr (fat_distr) and Outcome (Outcome)
Harmonising fat_distr (fat_distr) and Outcome (Outcome)
[1] 519
[1] 519
  iteration traits posterior_prob regional_prob candidate_snp
1         1   None             NA        0.2485            NA
  posterior_explained_by_snp   dropped_trait  lead_snp
1                         NA ENSG00000002726 rs6977081
[1] "CHROMOSOME"
[1] 8
[1] "LEAD INDEX"
[1] 1
[1] "GENE"
[1] "ENSG00000154359"
Harmonising fat_distr (fat_distr) and Outcome (Outcome)
Harmonising fat_distr (fat_distr) and Outcome (Outcome)
[1] 370
[1] 370
  iteration traits posterior_prob regional_prob candidate_snp
1         1   None             NA        0.0011            NA
  posterior_explained_by_snp dropped_trait  lead_snp
1                         NA      iradjbmi rs4474021
[1] "GENE"
[1] "ENSG00000154359"
Harmonising fat_distr (fat_distr) and Outcome (Outcome)
Harmonising fat_distr (fat_distr) and Outcome (Outcome)
[1] 370
[1] 370
  iteration traits posterior_prob regional_prob candidate_snp
1         1   None             NA        0.0011            NA
  posterior_explained_by_snp dropped_trait  lead_snp
1                         NA      iradjbmi rs4474021
[1] "LEAD INDEX"
[1] 2
[1] "LEAD INDEX"
[1] 3
[1] "GENE"
[1] "ENSG00000183154"
Harmonising fat_distr (fat_distr) and Outcome (Outcome)
Harmonising fat_distr (fat_distr) and Outcome (Outcome)
[1] 273
[1] 273
  iteration traits posterior_prob regional_prob candidate_snp
1         1   None             NA        0.0078            NA
  posterior_explained_by_snp dropped_trait  lead_snp
1                         NA      iradjbmi rs7816345
[1] "GENE"
[1] "ENSG00000147475"
Harmonising fat_distr (fat_distr) and Outcome (Outcome)
Harmonising fat_distr (fat_distr) and Outcome (Outcome)
[1] 273
[1] 273
  iteration traits posterior_prob regional_prob candidate_snp
1         1   None             NA        0.0073            NA
  posterior_explained_by_snp dropped_trait  lead_snp
1                         NA      iradjbmi rs7816345
[1] "GENE"
[1] "ENSG00000254038"
[1] "GENE"
[1] "ENSG00000183779"
Harmonising fat_distr (fat_distr) and Outcome (Outcome)
Harmonising fat_distr (fat_distr) and Outcome (Outcome)
[1] 278
[1] 278
  iteration traits posterior_prob regional_prob candidate_snp
1         1   None             NA        0.0089            NA
  posterior_explained_by_snp dropped_trait  lead_snp
1                         NA      iradjbmi rs7816345
[1] "GENE"
[1] "ENSG00000254038"
[1] "GENE"
[1] "ENSG00000183779"
Harmonising fat_distr (fat_distr) and Outcome (Outcome)
Harmonising fat_distr (fat_distr) and Outcome (Outcome)
[1] 278
[1] 278
  iteration traits posterior_prob regional_prob candidate_snp
1         1   None             NA        0.0089            NA
  posterior_explained_by_snp dropped_trait  lead_snp
1                         NA      iradjbmi rs7816345
[1] "GENE"
[1] "ENSG00000215262"
[1] "GENE"
[1] "ENSG00000183779"
Harmonising fat_distr (fat_distr) and Outcome (Outcome)
Harmonising fat_distr (fat_distr) and Outcome (Outcome)
[1] 278
[1] 278
  iteration traits posterior_prob regional_prob candidate_snp
1         1   None             NA        0.0089            NA
  posterior_explained_by_snp dropped_trait  lead_snp
1                         NA      iradjbmi rs7816345
[1] "LEAD INDEX"
[1] 4
[1] "GENE"
[1] "ENSG00000077782"
Harmonising fat_distr (fat_distr) and Outcome (Outcome)
Harmonising fat_distr (fat_distr) and Outcome (Outcome)
[1] 270
[1] 270
  iteration traits posterior_prob regional_prob candidate_snp
1         1   None             NA        0.0055            NA
  posterior_explained_by_snp dropped_trait   lead_snp
1                         NA      iradjbmi rs10958704
[1] "GENE"
[1] "ENSG00000077782"
Harmonising fat_distr (fat_distr) and Outcome (Outcome)
Harmonising fat_distr (fat_distr) and Outcome (Outcome)
[1] 270
[1] 270
  iteration traits posterior_prob regional_prob candidate_snp
1         1   None             NA        0.0055            NA
  posterior_explained_by_snp dropped_trait   lead_snp
1                         NA      iradjbmi rs10958704
[1] "LEAD INDEX"
[1] 5
[1] "LEAD INDEX"
[1] 6
[1] "LEAD INDEX"
[1] 7
[1] "LEAD INDEX"
[1] 8
[1] "GENE"
[1] "ENSG00000171056"
Harmonising fat_distr (fat_distr) and Outcome (Outcome)
Removing the following SNPs for incompatible alleles:
chr8:10423934
Harmonising fat_distr (fat_distr) and Outcome (Outcome)
[1] 541
[1] 541
  iteration                    traits posterior_prob regional_prob
1         1 iradjbmi, ENSG00000171056         0.4636        0.7253
  candidate_snp posterior_explained_by_snp dropped_trait  lead_snp
1     rs9657541                     0.6252            NA rs9657541
[1] "GENE"
[1] "ENSG00000258724"
[1] "LEAD INDEX"
[1] 9
[1] "LEAD INDEX"
[1] 10
[1] "GENE"
[1] "ENSG00000078674"
Harmonising fat_distr (fat_distr) and Outcome (Outcome)
Harmonising fat_distr (fat_distr) and Outcome (Outcome)
[1] 765
[1] 765
  iteration traits posterior_prob regional_prob candidate_snp
1         1   None             NA        0.0188            NA
  posterior_explained_by_snp   dropped_trait lead_snp
1                         NA ENSG00000078674 rs208062
[1] "GENE"
[1] "ENSG00000078674"
Harmonising fat_distr (fat_distr) and Outcome (Outcome)
Harmonising fat_distr (fat_distr) and Outcome (Outcome)
[1] 765
[1] 765
  iteration traits posterior_prob regional_prob candidate_snp
1         1   None             NA        0.0188            NA
  posterior_explained_by_snp   dropped_trait lead_snp
1                         NA ENSG00000078674 rs208062
[1] "GENE"
[1] "ENSG00000078674"
Harmonising fat_distr (fat_distr) and Outcome (Outcome)
Harmonising fat_distr (fat_distr) and Outcome (Outcome)
[1] 765
[1] 765
  iteration traits posterior_prob regional_prob candidate_snp
1         1   None             NA        0.0188            NA
  posterior_explained_by_snp   dropped_trait lead_snp
1                         NA ENSG00000078674 rs208062
[1] "LEAD INDEX"
[1] 11
[1] "LEAD INDEX"
[1] 12
[1] "LEAD INDEX"
[1] 13
[1] "LEAD INDEX"
[1] 14
[1] "LEAD INDEX"
[1] 15
[1] "LEAD INDEX"
[1] 16
[1] "LEAD INDEX"
[1] 17
[1] "LEAD INDEX"
[1] 18
[1] "GENE"
[1] "ENSG00000159167"
Harmonising fat_distr (fat_distr) and Outcome (Outcome)
Harmonising fat_distr (fat_distr) and Outcome (Outcome)
[1] 515
[1] 515
  iteration traits posterior_prob regional_prob candidate_snp
1         1   None             NA        0.0017            NA
  posterior_explained_by_snp dropped_trait  lead_snp
1                         NA      iradjbmi rs1561105
[1] "LEAD INDEX"
[1] 19
[1] "LEAD INDEX"
[1] 20
[1] "LEAD INDEX"
[1] 21
[1] "GENE"
[1] "ENSG00000104313"
[1] "GENE"
[1] "ENSG00000254031"
[1] "GENE"
[1] "ENSG00000104313"
[1] "GENE"
[1] "ENSG00000104313"
[1] "LEAD INDEX"
[1] 22
[1] "LEAD INDEX"
[1] 23
[1] "LEAD INDEX"
[1] 24
[1] "LEAD INDEX"
[1] 25
[1] "LEAD INDEX"
[1] 26
[1] "CHROMOSOME"
[1] 9
[1] "LEAD INDEX"
[1] 1
[1] "LEAD INDEX"
[1] 2
[1] "LEAD INDEX"
[1] 3
[1] "LEAD INDEX"
[1] 4
[1] "GENE"
[1] "ENSG00000164978"
Harmonising fat_distr (fat_distr) and Outcome (Outcome)
Harmonising fat_distr (fat_distr) and Outcome (Outcome)
[1] 320
[1] 320
  iteration                    traits posterior_prob regional_prob
1         1 iradjbmi, ENSG00000164978          0.506        0.9387
  candidate_snp posterior_explained_by_snp dropped_trait   lead_snp
1    rs10971956                     0.9699            NA rs13284229
[1] "GENE"
[1] "ENSG00000165006"
Harmonising fat_distr (fat_distr) and Outcome (Outcome)
Harmonising fat_distr (fat_distr) and Outcome (Outcome)
[1] 320
[1] 320
  iteration traits posterior_prob regional_prob candidate_snp
1         1   None             NA        0.0059            NA
  posterior_explained_by_snp dropped_trait   lead_snp
1                         NA      iradjbmi rs13284229
[1] "GENE"
[1] "ENSG00000164978"
Harmonising fat_distr (fat_distr) and Outcome (Outcome)
Harmonising fat_distr (fat_distr) and Outcome (Outcome)
[1] 320
[1] 320
  iteration                    traits posterior_prob regional_prob
1         1 iradjbmi, ENSG00000164978          0.506        0.9387
  candidate_snp posterior_explained_by_snp dropped_trait   lead_snp
1    rs10971956                     0.9699            NA rs13284229
[1] "LEAD INDEX"
[1] 5
[1] "LEAD INDEX"
[1] 6
[1] "GENE"
[1] "ENSG00000106780"
Harmonising fat_distr (fat_distr) and Outcome (Outcome)
Harmonising fat_distr (fat_distr) and Outcome (Outcome)
[1] 320
[1] 320
  iteration traits posterior_prob regional_prob candidate_snp
1         1   None             NA        0.0182            NA
  posterior_explained_by_snp dropped_trait  lead_snp
1                         NA      iradjbmi rs2416799
[1] "GENE"
[1] "ENSG00000106780"
Harmonising fat_distr (fat_distr) and Outcome (Outcome)
Harmonising fat_distr (fat_distr) and Outcome (Outcome)
[1] 320
[1] 320
  iteration traits posterior_prob regional_prob candidate_snp
1         1   None             NA        0.0182            NA
  posterior_explained_by_snp dropped_trait  lead_snp
1                         NA      iradjbmi rs2416799
[1] "GENE"
[1] "ENSG00000238181"
Harmonising fat_distr (fat_distr) and Outcome (Outcome)
Harmonising fat_distr (fat_distr) and Outcome (Outcome)
[1] 320
[1] 320
  iteration                    traits posterior_prob regional_prob
1         1 iradjbmi, ENSG00000238181         0.7603        0.8033
  candidate_snp posterior_explained_by_snp dropped_trait  lead_snp
1     rs2416799                     0.2073            NA rs2416799
[1] "GENE"
[1] "ENSG00000238181"
Harmonising fat_distr (fat_distr) and Outcome (Outcome)
Harmonising fat_distr (fat_distr) and Outcome (Outcome)
[1] 320
[1] 320
  iteration                    traits posterior_prob regional_prob
1         1 iradjbmi, ENSG00000238181         0.7603        0.8033
  candidate_snp posterior_explained_by_snp dropped_trait  lead_snp
1     rs2416799                     0.2073            NA rs2416799
[1] "GENE"
[1] "ENSG00000106780"
Harmonising fat_distr (fat_distr) and Outcome (Outcome)
Harmonising fat_distr (fat_distr) and Outcome (Outcome)
[1] 320
[1] 320
  iteration traits posterior_prob regional_prob candidate_snp
1         1   None             NA        0.0182            NA
  posterior_explained_by_snp dropped_trait  lead_snp
1                         NA      iradjbmi rs2416799
[1] "GENE"
[1] "ENSG00000270917"
[1] "LEAD INDEX"
[1] 7
[1] "GENE"
[1] "ENSG00000119522"
Harmonising fat_distr (fat_distr) and Outcome (Outcome)
Harmonising fat_distr (fat_distr) and Outcome (Outcome)
[1] 443
[1] 443
  iteration traits posterior_prob regional_prob candidate_snp
1         1   None             NA        0.0068            NA
  posterior_explained_by_snp dropped_trait  lead_snp
1                         NA      iradjbmi rs2479106
[1] "LEAD INDEX"
[1] 8
[1] "GENE"
[1] "ENSG00000173253"
[1] "GENE"
[1] "ENSG00000281769"
[1] "GENE"
[1] "ENSG00000173253"
[1] "LEAD INDEX"
[1] 9
[1] "LEAD INDEX"
[1] 10
[1] "GENE"
[1] "ENSG00000188312"
Harmonising fat_distr (fat_distr) and Outcome (Outcome)
Removing the following SNPs for incompatible alleles:
chr9:92420825
Harmonising fat_distr (fat_distr) and Outcome (Outcome)
[1] 408
[1] 408
  iteration traits posterior_prob regional_prob candidate_snp
1         1   None             NA         2e-04            NA
  posterior_explained_by_snp   dropped_trait  lead_snp
1                         NA ENSG00000188312 rs7855203
[1] "GENE"
[1] "ENSG00000127080"
Harmonising fat_distr (fat_distr) and Outcome (Outcome)
Removing the following SNPs for incompatible alleles:
chr9:92420825
Harmonising fat_distr (fat_distr) and Outcome (Outcome)
[1] 408
[1] 408
  iteration traits posterior_prob regional_prob candidate_snp
1         1   None             NA        0.3798            NA
  posterior_explained_by_snp dropped_trait  lead_snp
1                         NA      iradjbmi rs7855203
[1] "LEAD INDEX"
[1] 11
[1] "LEAD INDEX"
[1] 12
[1] "CHROMOSOME"
[1] 10
[1] "LEAD INDEX"
[1] 1
[1] "LEAD INDEX"
[1] 2
[1] "LEAD INDEX"
[1] 3
[1] "GENE"
[1] "ENSG00000165449"
Harmonising fat_distr (fat_distr) and Outcome (Outcome)
Harmonising fat_distr (fat_distr) and Outcome (Outcome)
[1] 514
[1] 514
  iteration traits posterior_prob regional_prob candidate_snp
1         1   None             NA        0.2026            NA
  posterior_explained_by_snp dropped_trait   lead_snp
1                         NA      iradjbmi rs12356193
[1] "GENE"
[1] "ENSG00000165449"
Harmonising fat_distr (fat_distr) and Outcome (Outcome)
Harmonising fat_distr (fat_distr) and Outcome (Outcome)
[1] 514
[1] 514
  iteration traits posterior_prob regional_prob candidate_snp
1         1   None             NA        0.2026            NA
  posterior_explained_by_snp dropped_trait   lead_snp
1                         NA      iradjbmi rs12356193
[1] "LEAD INDEX"
[1] 4
[1] "LEAD INDEX"
[1] 5
[1] "LEAD INDEX"
[1] 6
[1] "LEAD INDEX"
[1] 7
[1] "LEAD INDEX"
[1] 8
[1] "LEAD INDEX"
[1] 9
[1] "GENE"
[1] "ENSG00000119927"
Harmonising fat_distr (fat_distr) and Outcome (Outcome)
Harmonising fat_distr (fat_distr) and Outcome (Outcome)
[1] 441
[1] 441
  iteration traits posterior_prob regional_prob candidate_snp
1         1   None             NA        0.0114            NA
  posterior_explained_by_snp dropped_trait  lead_snp
1                         NA      iradjbmi rs4573621
[1] "LEAD INDEX"
[1] 10
[1] "LEAD INDEX"
[1] 11
[1] "CHROMOSOME"
[1] 11
[1] "LEAD INDEX"
[1] 1
[1] "GENE"
[1] "ENSG00000072952"
Harmonising fat_distr (fat_distr) and Outcome (Outcome)
Harmonising fat_distr (fat_distr) and Outcome (Outcome)
[1] 564
[1] 564
  iteration traits posterior_prob regional_prob candidate_snp
1         1   None             NA         0.013            NA
  posterior_explained_by_snp dropped_trait  lead_snp
1                         NA      iradjbmi rs4909945
[1] "GENE"
[1] "ENSG00000072952"
Harmonising fat_distr (fat_distr) and Outcome (Outcome)
Harmonising fat_distr (fat_distr) and Outcome (Outcome)
[1] 564
[1] 564
  iteration traits posterior_prob regional_prob candidate_snp
1         1   None             NA         0.013            NA
  posterior_explained_by_snp dropped_trait  lead_snp
1                         NA      iradjbmi rs4909945
[1] "LEAD INDEX"
[1] 2
[1] "GENE"
[1] "ENSG00000262655"
Harmonising fat_distr (fat_distr) and Outcome (Outcome)
Harmonising fat_distr (fat_distr) and Outcome (Outcome)
[1] 388
[1] 388
  iteration traits posterior_prob regional_prob candidate_snp
1         1   None             NA         5e-04            NA
  posterior_explained_by_snp   dropped_trait  lead_snp
1                         NA ENSG00000262655 rs2303975
[1] "GENE"
[1] "ENSG00000262655"
Harmonising fat_distr (fat_distr) and Outcome (Outcome)
Harmonising fat_distr (fat_distr) and Outcome (Outcome)
[1] 388
[1] 388
  iteration traits posterior_prob regional_prob candidate_snp
1         1   None             NA         5e-04            NA
  posterior_explained_by_snp   dropped_trait  lead_snp
1                         NA ENSG00000262655 rs2303975
[1] "LEAD INDEX"
[1] 3
[1] "LEAD INDEX"
[1] 4
[1] "LEAD INDEX"
[1] 5
[1] "LEAD INDEX"
[1] 6
[1] "GENE"
[1] "ENSG00000110274"
Harmonising fat_distr (fat_distr) and Outcome (Outcome)
Harmonising fat_distr (fat_distr) and Outcome (Outcome)
[1] 337
[1] 337
  iteration traits posterior_prob regional_prob candidate_snp
1         1   None             NA             1            NA
  posterior_explained_by_snp   dropped_trait lead_snp
1                         NA ENSG00000110274 rs593245
[1] "LEAD INDEX"
[1] 7
[1] "GENE"
[1] "ENSG00000280832"
Harmonising fat_distr (fat_distr) and Outcome (Outcome)
Removing the following SNPs for incompatible alleles:
chr11:126226069
Harmonising fat_distr (fat_distr) and Outcome (Outcome)
[1] 664
[1] 664
  iteration traits posterior_prob regional_prob candidate_snp
1         1   None             NA        0.0112            NA
  posterior_explained_by_snp dropped_trait   lead_snp
1                         NA      iradjbmi rs17135399
[1] "LEAD INDEX"
[1] 8
[1] "LEAD INDEX"
[1] 9
[1] "LEAD INDEX"
[1] 10
[1] "LEAD INDEX"
[1] 11
[1] "GENE"
[1] "ENSG00000255498"
[1] "LEAD INDEX"
[1] 12
[1] "GENE"
[1] "ENSG00000149179"
Harmonising fat_distr (fat_distr) and Outcome (Outcome)
Harmonising fat_distr (fat_distr) and Outcome (Outcome)
[1] 191
[1] 191
  iteration traits posterior_prob regional_prob candidate_snp
1         1   None             NA             1            NA
  posterior_explained_by_snp   dropped_trait  lead_snp
1                         NA ENSG00000149179 rs1872896
[1] "GENE"
[1] "ENSG00000134569"
Harmonising fat_distr (fat_distr) and Outcome (Outcome)
Harmonising fat_distr (fat_distr) and Outcome (Outcome)
[1] 191
[1] 191
  iteration traits posterior_prob regional_prob candidate_snp
1         1   None             NA        0.9999            NA
  posterior_explained_by_snp   dropped_trait  lead_snp
1                         NA ENSG00000134569 rs1872896
[1] "GENE"
[1] "ENSG00000134574"
Harmonising fat_distr (fat_distr) and Outcome (Outcome)
Harmonising fat_distr (fat_distr) and Outcome (Outcome)
[1] 191
[1] 191
  iteration traits posterior_prob regional_prob candidate_snp
1         1   None             NA        0.0136            NA
  posterior_explained_by_snp dropped_trait  lead_snp
1                         NA      iradjbmi rs1872896
[1] "LEAD INDEX"
[1] 13
[1] "GENE"
[1] "ENSG00000134825"
Harmonising fat_distr (fat_distr) and Outcome (Outcome)
Harmonising fat_distr (fat_distr) and Outcome (Outcome)
[1] 409
[1] 409
  iteration traits posterior_prob regional_prob candidate_snp
1         1   None             NA        0.0141            NA
  posterior_explained_by_snp dropped_trait lead_snp
1                         NA      iradjbmi rs174574
[1] "GENE"
[1] "ENSG00000134825"
Harmonising fat_distr (fat_distr) and Outcome (Outcome)
Harmonising fat_distr (fat_distr) and Outcome (Outcome)
[1] 409
[1] 409
  iteration traits posterior_prob regional_prob candidate_snp
1         1   None             NA        0.0141            NA
  posterior_explained_by_snp dropped_trait lead_snp
1                         NA      iradjbmi rs174574
[1] "GENE"
[1] "ENSG00000149485"
Harmonising fat_distr (fat_distr) and Outcome (Outcome)
Harmonising fat_distr (fat_distr) and Outcome (Outcome)
[1] 409
[1] 409
  iteration                    traits posterior_prob regional_prob
1         1 iradjbmi, ENSG00000149485         0.9575             1
  candidate_snp posterior_explained_by_snp dropped_trait lead_snp
1      rs174566                     0.2267            NA rs174574
[1] "GENE"
[1] "ENSG00000149485"
Harmonising fat_distr (fat_distr) and Outcome (Outcome)
Harmonising fat_distr (fat_distr) and Outcome (Outcome)
[1] 409
[1] 409
  iteration                    traits posterior_prob regional_prob
1         1 iradjbmi, ENSG00000149485         0.9575             1
  candidate_snp posterior_explained_by_snp dropped_trait lead_snp
1      rs174566                     0.2267            NA rs174574
[1] "GENE"
[1] "ENSG00000149485"
Harmonising fat_distr (fat_distr) and Outcome (Outcome)
Harmonising fat_distr (fat_distr) and Outcome (Outcome)
[1] 409
[1] 409
  iteration                    traits posterior_prob regional_prob
1         1 iradjbmi, ENSG00000149485         0.9575             1
  candidate_snp posterior_explained_by_snp dropped_trait lead_snp
1      rs174566                     0.2267            NA rs174574
[1] "GENE"
[1] "ENSG00000289268"
Harmonising fat_distr (fat_distr) and Outcome (Outcome)
Harmonising fat_distr (fat_distr) and Outcome (Outcome)
[1] 409
[1] 409
  iteration                    traits posterior_prob regional_prob
1         1 iradjbmi, ENSG00000289268         0.9466        0.9942
  candidate_snp posterior_explained_by_snp dropped_trait lead_snp
1      rs174549                     0.1478            NA rs174574
[1] "GENE"
[1] "ENSG00000149485"
Harmonising fat_distr (fat_distr) and Outcome (Outcome)
Harmonising fat_distr (fat_distr) and Outcome (Outcome)
[1] 409
[1] 409
  iteration                    traits posterior_prob regional_prob
1         1 iradjbmi, ENSG00000149485         0.9575             1
  candidate_snp posterior_explained_by_snp dropped_trait lead_snp
1      rs174566                     0.2267            NA rs174574
[1] "GENE"
[1] "ENSG00000134824"
Harmonising fat_distr (fat_distr) and Outcome (Outcome)
Harmonising fat_distr (fat_distr) and Outcome (Outcome)
[1] 409
[1] 409
  iteration traits posterior_prob regional_prob candidate_snp
1         1   None             NA        0.0744            NA
  posterior_explained_by_snp dropped_trait lead_snp
1                         NA      iradjbmi rs174574
[1] "LEAD INDEX"
[1] 14
[1] "GENE"
[1] "ENSG00000254772"
Harmonising fat_distr (fat_distr) and Outcome (Outcome)
Harmonising fat_distr (fat_distr) and Outcome (Outcome)
[1] 365
[1] 365
  iteration traits posterior_prob regional_prob candidate_snp
1         1   None             NA         0.006            NA
  posterior_explained_by_snp dropped_trait   lead_snp
1                         NA      iradjbmi rs11231155
[1] "GENE"
[1] "ENSG00000149480"
Harmonising fat_distr (fat_distr) and Outcome (Outcome)
Harmonising fat_distr (fat_distr) and Outcome (Outcome)
[1] 365
[1] 365
  iteration traits posterior_prob regional_prob candidate_snp
1         1   None             NA         0.004            NA
  posterior_explained_by_snp dropped_trait   lead_snp
1                         NA      iradjbmi rs11231155
[1] "GENE"
[1] "ENSG00000254772"
Harmonising fat_distr (fat_distr) and Outcome (Outcome)
Harmonising fat_distr (fat_distr) and Outcome (Outcome)
[1] 365
[1] 365
  iteration traits posterior_prob regional_prob candidate_snp
1         1   None             NA         0.006            NA
  posterior_explained_by_snp dropped_trait   lead_snp
1                         NA      iradjbmi rs11231155
[1] "GENE"
[1] "ENSG00000255508"
[1] "GENE"
[1] "ENSG00000149489"
Harmonising fat_distr (fat_distr) and Outcome (Outcome)
Harmonising fat_distr (fat_distr) and Outcome (Outcome)
[1] 365
[1] 365
  iteration traits posterior_prob regional_prob candidate_snp
1         1   None             NA        0.0092            NA
  posterior_explained_by_snp dropped_trait   lead_snp
1                         NA      iradjbmi rs11231155
[1] "GENE"
[1] "ENSG00000149489"
Harmonising fat_distr (fat_distr) and Outcome (Outcome)
Harmonising fat_distr (fat_distr) and Outcome (Outcome)
[1] 365
[1] 365
  iteration traits posterior_prob regional_prob candidate_snp
1         1   None             NA        0.0092            NA
  posterior_explained_by_snp dropped_trait   lead_snp
1                         NA      iradjbmi rs11231155
[1] "GENE"
[1] "ENSG00000149499"
Harmonising fat_distr (fat_distr) and Outcome (Outcome)
Harmonising fat_distr (fat_distr) and Outcome (Outcome)
[1] 365
[1] 365
  iteration traits posterior_prob regional_prob candidate_snp
1         1   None             NA        0.1066            NA
  posterior_explained_by_snp dropped_trait   lead_snp
1                         NA      iradjbmi rs11231155
[1] "GENE"
[1] "ENSG00000149480"
Harmonising fat_distr (fat_distr) and Outcome (Outcome)
Harmonising fat_distr (fat_distr) and Outcome (Outcome)
[1] 365
[1] 365
  iteration traits posterior_prob regional_prob candidate_snp
1         1   None             NA         0.004            NA
  posterior_explained_by_snp dropped_trait   lead_snp
1                         NA      iradjbmi rs11231155
[1] "GENE"
[1] "ENSG00000204922"
Harmonising fat_distr (fat_distr) and Outcome (Outcome)
Harmonising fat_distr (fat_distr) and Outcome (Outcome)
[1] 365
[1] 365
  iteration traits posterior_prob regional_prob candidate_snp
1         1   None             NA        0.0118            NA
  posterior_explained_by_snp dropped_trait   lead_snp
1                         NA      iradjbmi rs11231155
[1] "GENE"
[1] "ENSG00000149499"
Harmonising fat_distr (fat_distr) and Outcome (Outcome)
Harmonising fat_distr (fat_distr) and Outcome (Outcome)
[1] 365
[1] 365
  iteration traits posterior_prob regional_prob candidate_snp
1         1   None             NA        0.1066            NA
  posterior_explained_by_snp dropped_trait   lead_snp
1                         NA      iradjbmi rs11231155
[1] "GENE"
[1] "ENSG00000149480"
Harmonising fat_distr (fat_distr) and Outcome (Outcome)
Harmonising fat_distr (fat_distr) and Outcome (Outcome)
[1] 365
[1] 365
  iteration traits posterior_prob regional_prob candidate_snp
1         1   None             NA         0.004            NA
  posterior_explained_by_snp dropped_trait   lead_snp
1                         NA      iradjbmi rs11231155
[1] "GENE"
[1] "ENSG00000149499"
Harmonising fat_distr (fat_distr) and Outcome (Outcome)
Harmonising fat_distr (fat_distr) and Outcome (Outcome)
[1] 365
[1] 365
  iteration traits posterior_prob regional_prob candidate_snp
1         1   None             NA        0.1066            NA
  posterior_explained_by_snp dropped_trait   lead_snp
1                         NA      iradjbmi rs11231155
[1] "GENE"
[1] "ENSG00000234857"
[1] "GENE"
[1] "ENSG00000149499"
Harmonising fat_distr (fat_distr) and Outcome (Outcome)
Harmonising fat_distr (fat_distr) and Outcome (Outcome)
[1] 365
[1] 365
  iteration traits posterior_prob regional_prob candidate_snp
1         1   None             NA        0.1066            NA
  posterior_explained_by_snp dropped_trait   lead_snp
1                         NA      iradjbmi rs11231155
[1] "GENE"
[1] "ENSG00000149489"
Harmonising fat_distr (fat_distr) and Outcome (Outcome)
Harmonising fat_distr (fat_distr) and Outcome (Outcome)
[1] 365
[1] 365
  iteration traits posterior_prob regional_prob candidate_snp
1         1   None             NA        0.0092            NA
  posterior_explained_by_snp dropped_trait   lead_snp
1                         NA      iradjbmi rs11231155
[1] "LEAD INDEX"
[1] 15
[1] "LEAD INDEX"
[1] 16
[1] "LEAD INDEX"
[1] 17
[1] "GENE"
[1] "ENSG00000174851"
Harmonising fat_distr (fat_distr) and Outcome (Outcome)
Harmonising fat_distr (fat_distr) and Outcome (Outcome)
[1] 345
[1] 345
  iteration traits posterior_prob regional_prob candidate_snp
1         1   None             NA        0.0407            NA
  posterior_explained_by_snp dropped_trait  lead_snp
1                         NA      iradjbmi rs2452681
[1] "GENE"
[1] "ENSG00000175115"
Harmonising fat_distr (fat_distr) and Outcome (Outcome)
Harmonising fat_distr (fat_distr) and Outcome (Outcome)
[1] 345
[1] 345
  iteration traits posterior_prob regional_prob candidate_snp
1         1   None             NA        0.0058            NA
  posterior_explained_by_snp dropped_trait  lead_snp
1                         NA      iradjbmi rs2452681
[1] "LEAD INDEX"
[1] 18
[1] "GENE"
[1] "ENSG00000149289"
Harmonising fat_distr (fat_distr) and Outcome (Outcome)
Harmonising fat_distr (fat_distr) and Outcome (Outcome)
[1] 360
[1] 360
  iteration                    traits posterior_prob regional_prob
1         1 iradjbmi, ENSG00000149289         0.8361        0.8551
  candidate_snp posterior_explained_by_snp dropped_trait   lead_snp
1    rs10789752                     0.4879            NA rs10789752
[1] "GENE"
[1] "ENSG00000149289"
Harmonising fat_distr (fat_distr) and Outcome (Outcome)
Harmonising fat_distr (fat_distr) and Outcome (Outcome)
[1] 360
[1] 360
  iteration                    traits posterior_prob regional_prob
1         1 iradjbmi, ENSG00000149289         0.8361        0.8551
  candidate_snp posterior_explained_by_snp dropped_trait   lead_snp
1    rs10789752                     0.4879            NA rs10789752
[1] "LEAD INDEX"
[1] 19
[1] "LEAD INDEX"
[1] 20
[1] "LEAD INDEX"
[1] 21
[1] "GENE"
[1] "ENSG00000271751"
[1] "GENE"
[1] "ENSG00000149428"
Harmonising fat_distr (fat_distr) and Outcome (Outcome)
Harmonising fat_distr (fat_distr) and Outcome (Outcome)
[1] 348
[1] 348
  iteration traits posterior_prob regional_prob candidate_snp
1         1   None             NA        0.0107            NA
  posterior_explained_by_snp dropped_trait  lead_snp
1                         NA      iradjbmi rs1003081
[1] "CHROMOSOME"
[1] 12
[1] "LEAD INDEX"
[1] 1
[1] "GENE"
[1] "ENSG00000139531"
Harmonising fat_distr (fat_distr) and Outcome (Outcome)
Harmonising fat_distr (fat_distr) and Outcome (Outcome)
[1] 274
[1] 274
  iteration                    traits posterior_prob regional_prob
1         1 iradjbmi, ENSG00000139531         0.9138        0.9623
  candidate_snp posterior_explained_by_snp dropped_trait   lead_snp
1      rs705699                     0.6633            NA rs11171739
[1] "GENE"
[1] "ENSG00000123411"
Harmonising fat_distr (fat_distr) and Outcome (Outcome)
Harmonising fat_distr (fat_distr) and Outcome (Outcome)
[1] 274
[1] 274
  iteration traits posterior_prob regional_prob candidate_snp
1         1   None             NA        0.1057            NA
  posterior_explained_by_snp dropped_trait   lead_snp
1                         NA      iradjbmi rs11171739
[1] "GENE"
[1] "ENSG00000197728"
Harmonising fat_distr (fat_distr) and Outcome (Outcome)
Harmonising fat_distr (fat_distr) and Outcome (Outcome)
[1] 274
[1] 274
  iteration                    traits posterior_prob regional_prob
1         1 iradjbmi, ENSG00000197728         0.9634        0.9837
  candidate_snp posterior_explained_by_snp dropped_trait   lead_snp
1    rs10876864                          1            NA rs11171739
[1] "GENE"
[1] "ENSG00000135414"
Harmonising fat_distr (fat_distr) and Outcome (Outcome)
Harmonising fat_distr (fat_distr) and Outcome (Outcome)
[1] 274
[1] 274
  iteration traits posterior_prob regional_prob candidate_snp
1         1   None             NA        0.0371            NA
  posterior_explained_by_snp dropped_trait   lead_snp
1                         NA      iradjbmi rs11171739
[1] "GENE"
[1] "ENSG00000139531"
Harmonising fat_distr (fat_distr) and Outcome (Outcome)
Harmonising fat_distr (fat_distr) and Outcome (Outcome)
[1] 274
[1] 274
  iteration                    traits posterior_prob regional_prob
1         1 iradjbmi, ENSG00000139531         0.9138        0.9623
  candidate_snp posterior_explained_by_snp dropped_trait   lead_snp
1      rs705699                     0.6633            NA rs11171739
[1] "LEAD INDEX"
[1] 2
[1] "LEAD INDEX"
[1] 3
[1] "GENE"
[1] "ENSG00000111642"
Harmonising fat_distr (fat_distr) and Outcome (Outcome)
Harmonising fat_distr (fat_distr) and Outcome (Outcome)
[1] 413
[1] 413
  iteration traits posterior_prob regional_prob candidate_snp
1         1   None             NA        0.0123            NA
  posterior_explained_by_snp dropped_trait   lead_snp
1                         NA      iradjbmi rs11064289
[1] "GENE"
[1] "ENSG00000111642"
Harmonising fat_distr (fat_distr) and Outcome (Outcome)
Harmonising fat_distr (fat_distr) and Outcome (Outcome)
[1] 413
[1] 413
  iteration traits posterior_prob regional_prob candidate_snp
1         1   None             NA        0.0123            NA
  posterior_explained_by_snp dropped_trait   lead_snp
1                         NA      iradjbmi rs11064289
[1] "GENE"
[1] "ENSG00000111642"
Harmonising fat_distr (fat_distr) and Outcome (Outcome)
Harmonising fat_distr (fat_distr) and Outcome (Outcome)
[1] 413
[1] 413
  iteration traits posterior_prob regional_prob candidate_snp
1         1   None             NA        0.0123            NA
  posterior_explained_by_snp dropped_trait   lead_snp
1                         NA      iradjbmi rs11064289
[1] "LEAD INDEX"
[1] 4
[1] "GENE"
[1] "ENSG00000172572"
Harmonising fat_distr (fat_distr) and Outcome (Outcome)
Harmonising fat_distr (fat_distr) and Outcome (Outcome)
[1] 494
[1] 494
  iteration traits posterior_prob regional_prob candidate_snp
1         1   None             NA        0.0075            NA
  posterior_explained_by_snp dropped_trait   lead_snp
1                         NA      iradjbmi rs11045171
[1] "LEAD INDEX"
[1] 5
[1] "GENE"
[1] "ENSG00000172572"
Harmonising fat_distr (fat_distr) and Outcome (Outcome)
Harmonising fat_distr (fat_distr) and Outcome (Outcome)
[1] 491
[1] 491
  iteration traits posterior_prob regional_prob candidate_snp
1         1   None             NA        0.0075            NA
  posterior_explained_by_snp dropped_trait  lead_snp
1                         NA      iradjbmi rs7134150
[1] "LEAD INDEX"
[1] 6
[1] "LEAD INDEX"
[1] 7
[1] "LEAD INDEX"
[1] 8
[1] "LEAD INDEX"
[1] 9
[1] "LEAD INDEX"
[1] 10
[1] "LEAD INDEX"
[1] 11
[1] "GENE"
[1] "ENSG00000182782"
Harmonising fat_distr (fat_distr) and Outcome (Outcome)
Harmonising fat_distr (fat_distr) and Outcome (Outcome)
[1] 264
[1] 264
  iteration traits posterior_prob regional_prob candidate_snp
1         1   None             NA        0.0187            NA
  posterior_explained_by_snp dropped_trait  lead_snp
1                         NA      iradjbmi rs1798219
[1] "GENE"
[1] "ENSG00000255398"
Harmonising fat_distr (fat_distr) and Outcome (Outcome)
Harmonising fat_distr (fat_distr) and Outcome (Outcome)
[1] 264
[1] 264
  iteration traits posterior_prob regional_prob candidate_snp
1         1   None             NA        0.0259            NA
  posterior_explained_by_snp dropped_trait  lead_snp
1                         NA      iradjbmi rs1798219
[1] "LEAD INDEX"
[1] 12
[1] "LEAD INDEX"
[1] 13
[1] "GENE"
[1] "ENSG00000179195"
Harmonising fat_distr (fat_distr) and Outcome (Outcome)
Harmonising fat_distr (fat_distr) and Outcome (Outcome)
[1] 408
[1] 408
  iteration traits posterior_prob regional_prob candidate_snp
1         1   None             NA        0.0336            NA
  posterior_explained_by_snp dropped_trait  lead_snp
1                         NA      iradjbmi rs7133378
[1] "GENE"
[1] "ENSG00000197653"
[1] "GENE"
[1] "ENSG00000178882"
[1] "GENE"
[1] "ENSG00000270005"
[1] "GENE"
[1] "ENSG00000270028"
[1] "GENE"
[1] "ENSG00000119242"
Harmonising fat_distr (fat_distr) and Outcome (Outcome)
Harmonising fat_distr (fat_distr) and Outcome (Outcome)
[1] 408
[1] 408
  iteration                    traits posterior_prob regional_prob
1         1 iradjbmi, ENSG00000119242         0.9386             1
  candidate_snp posterior_explained_by_snp dropped_trait  lead_snp
1     rs7973683                     0.4262            NA rs7133378
[1] "GENE"
[1] "ENSG00000250091"
Harmonising fat_distr (fat_distr) and Outcome (Outcome)
Harmonising fat_distr (fat_distr) and Outcome (Outcome)
[1] 408
[1] 408
  iteration traits posterior_prob regional_prob candidate_snp
1         1   None             NA        0.1833            NA
  posterior_explained_by_snp dropped_trait  lead_snp
1                         NA      iradjbmi rs7133378
[1] "GENE"
[1] "ENSG00000119242"
Harmonising fat_distr (fat_distr) and Outcome (Outcome)
Harmonising fat_distr (fat_distr) and Outcome (Outcome)
[1] 408
[1] 408
  iteration                    traits posterior_prob regional_prob
1         1 iradjbmi, ENSG00000119242         0.9386             1
  candidate_snp posterior_explained_by_snp dropped_trait  lead_snp
1     rs7973683                     0.4262            NA rs7133378
[1] "GENE"
[1] "ENSG00000250091"
Harmonising fat_distr (fat_distr) and Outcome (Outcome)
Harmonising fat_distr (fat_distr) and Outcome (Outcome)
[1] 408
[1] 408
  iteration traits posterior_prob regional_prob candidate_snp
1         1   None             NA        0.1833            NA
  posterior_explained_by_snp dropped_trait  lead_snp
1                         NA      iradjbmi rs7133378
[1] "GENE"
[1] "ENSG00000119242"
Harmonising fat_distr (fat_distr) and Outcome (Outcome)
Harmonising fat_distr (fat_distr) and Outcome (Outcome)
[1] 408
[1] 408
  iteration                    traits posterior_prob regional_prob
1         1 iradjbmi, ENSG00000119242         0.9386             1
  candidate_snp posterior_explained_by_snp dropped_trait  lead_snp
1     rs7973683                     0.4262            NA rs7133378
[1] "GENE"
[1] "ENSG00000119242"
Harmonising fat_distr (fat_distr) and Outcome (Outcome)
Harmonising fat_distr (fat_distr) and Outcome (Outcome)
[1] 408
[1] 408
  iteration                    traits posterior_prob regional_prob
1         1 iradjbmi, ENSG00000119242         0.9386             1
  candidate_snp posterior_explained_by_snp dropped_trait  lead_snp
1     rs7973683                     0.4262            NA rs7133378
[1] "GENE"
[1] "ENSG00000250091"
Harmonising fat_distr (fat_distr) and Outcome (Outcome)
Harmonising fat_distr (fat_distr) and Outcome (Outcome)
[1] 408
[1] 408
  iteration traits posterior_prob regional_prob candidate_snp
1         1   None             NA        0.1833            NA
  posterior_explained_by_snp dropped_trait  lead_snp
1                         NA      iradjbmi rs7133378
[1] "GENE"
[1] "ENSG00000119242"
Harmonising fat_distr (fat_distr) and Outcome (Outcome)
Harmonising fat_distr (fat_distr) and Outcome (Outcome)
[1] 408
[1] 408
  iteration                    traits posterior_prob regional_prob
1         1 iradjbmi, ENSG00000119242         0.9386             1
  candidate_snp posterior_explained_by_snp dropped_trait  lead_snp
1     rs7973683                     0.4262            NA rs7133378
[1] "GENE"
[1] "ENSG00000250091"
Harmonising fat_distr (fat_distr) and Outcome (Outcome)
Harmonising fat_distr (fat_distr) and Outcome (Outcome)
[1] 408
[1] 408
  iteration traits posterior_prob regional_prob candidate_snp
1         1   None             NA        0.1833            NA
  posterior_explained_by_snp dropped_trait  lead_snp
1                         NA      iradjbmi rs7133378
[1] "GENE"
[1] "ENSG00000179195"
Harmonising fat_distr (fat_distr) and Outcome (Outcome)
Harmonising fat_distr (fat_distr) and Outcome (Outcome)
[1] 408
[1] 408
  iteration traits posterior_prob regional_prob candidate_snp
1         1   None             NA        0.0336            NA
  posterior_explained_by_snp dropped_trait  lead_snp
1                         NA      iradjbmi rs7133378
[1] "GENE"
[1] "ENSG00000269923"
[1] "GENE"
[1] "ENSG00000197653"
[1] "GENE"
[1] "ENSG00000119242"
Harmonising fat_distr (fat_distr) and Outcome (Outcome)
Harmonising fat_distr (fat_distr) and Outcome (Outcome)
[1] 408
[1] 408
  iteration                    traits posterior_prob regional_prob
1         1 iradjbmi, ENSG00000119242         0.9386             1
  candidate_snp posterior_explained_by_snp dropped_trait  lead_snp
1     rs7973683                     0.4262            NA rs7133378
[1] "GENE"
[1] "ENSG00000275389"
Harmonising fat_distr (fat_distr) and Outcome (Outcome)
Harmonising fat_distr (fat_distr) and Outcome (Outcome)
[1] 408
[1] 408
  iteration traits posterior_prob regional_prob candidate_snp
1         1   None             NA        0.0161            NA
  posterior_explained_by_snp dropped_trait  lead_snp
1                         NA      iradjbmi rs7133378
[1] "GENE"
[1] "ENSG00000179195"
Harmonising fat_distr (fat_distr) and Outcome (Outcome)
Harmonising fat_distr (fat_distr) and Outcome (Outcome)
[1] 408
[1] 408
  iteration traits posterior_prob regional_prob candidate_snp
1         1   None             NA        0.0336            NA
  posterior_explained_by_snp dropped_trait  lead_snp
1                         NA      iradjbmi rs7133378
[1] "GENE"
[1] "ENSG00000119242"
Harmonising fat_distr (fat_distr) and Outcome (Outcome)
Harmonising fat_distr (fat_distr) and Outcome (Outcome)
[1] 408
[1] 408
  iteration                    traits posterior_prob regional_prob
1         1 iradjbmi, ENSG00000119242         0.9386             1
  candidate_snp posterior_explained_by_snp dropped_trait  lead_snp
1     rs7973683                     0.4262            NA rs7133378
[1] "LEAD INDEX"
[1] 14
[1] "CHROMOSOME"
[1] 13
[1] "LEAD INDEX"
[1] 1
[1] "GENE"
[1] "ENSG00000229558"
[1] "GENE"
[1] "ENSG00000102683"
[1] "GENE"
[1] "ENSG00000151835"
Harmonising fat_distr (fat_distr) and Outcome (Outcome)
Harmonising fat_distr (fat_distr) and Outcome (Outcome)
[1] 637
[1] 637
  iteration traits posterior_prob regional_prob candidate_snp
1         1   None             NA        0.0049            NA
  posterior_explained_by_snp dropped_trait  lead_snp
1                         NA      iradjbmi rs3829352
[1] "LEAD INDEX"
[1] 2
[1] "LEAD INDEX"
[1] 3
[1] "GENE"
[1] "ENSG00000185989"
Harmonising fat_distr (fat_distr) and Outcome (Outcome)
Harmonising fat_distr (fat_distr) and Outcome (Outcome)
[1] 246
[1] 246
  iteration traits posterior_prob regional_prob candidate_snp
1         1   None             NA         1e-04            NA
  posterior_explained_by_snp   dropped_trait  lead_snp
1                         NA ENSG00000185989 rs4393438
[1] "CHROMOSOME"
[1] 14
[1] "LEAD INDEX"
[1] 1
[1] "CHROMOSOME"
[1] 15
[1] "LEAD INDEX"
[1] 1
[1] "LEAD INDEX"
[1] 2
[1] "GENE"
[1] "ENSG00000128881"
Harmonising fat_distr (fat_distr) and Outcome (Outcome)
Harmonising fat_distr (fat_distr) and Outcome (Outcome)
[1] 244
[1] 244
  iteration traits posterior_prob regional_prob candidate_snp
1         1   None             NA        0.0209            NA
  posterior_explained_by_snp dropped_trait   lead_snp
1                         NA      iradjbmi rs12917018
[1] "GENE"
[1] "ENSG00000278769"
Harmonising fat_distr (fat_distr) and Outcome (Outcome)
Harmonising fat_distr (fat_distr) and Outcome (Outcome)
[1] 244
[1] 244
  iteration traits posterior_prob regional_prob candidate_snp
1         1   None             NA        0.0159            NA
  posterior_explained_by_snp dropped_trait   lead_snp
1                         NA      iradjbmi rs12917018
[1] "GENE"
[1] "ENSG00000278769"
Harmonising fat_distr (fat_distr) and Outcome (Outcome)
Harmonising fat_distr (fat_distr) and Outcome (Outcome)
[1] 244
[1] 244
  iteration traits posterior_prob regional_prob candidate_snp
1         1   None             NA        0.0159            NA
  posterior_explained_by_snp dropped_trait   lead_snp
1                         NA      iradjbmi rs12917018
[1] "GENE"
[1] "ENSG00000140326"
Harmonising fat_distr (fat_distr) and Outcome (Outcome)
Harmonising fat_distr (fat_distr) and Outcome (Outcome)
[1] 244
[1] 244
  iteration traits posterior_prob regional_prob candidate_snp
1         1   None             NA        0.0143            NA
  posterior_explained_by_snp dropped_trait   lead_snp
1                         NA      iradjbmi rs12917018
[1] "GENE"
[1] "ENSG00000278769"
Harmonising fat_distr (fat_distr) and Outcome (Outcome)
Harmonising fat_distr (fat_distr) and Outcome (Outcome)
[1] 244
[1] 244
  iteration traits posterior_prob regional_prob candidate_snp
1         1   None             NA        0.0159            NA
  posterior_explained_by_snp dropped_trait   lead_snp
1                         NA      iradjbmi rs12917018
[1] "LEAD INDEX"
[1] 3
[1] "GENE"
[1] "ENSG00000259279"
[1] "GENE"
[1] "ENSG00000137801"
Harmonising fat_distr (fat_distr) and Outcome (Outcome)
Removing the following SNPs for incompatible alleles:
chr15:39634951
Harmonising fat_distr (fat_distr) and Outcome (Outcome)
[1] 573
[1] 573
  iteration traits posterior_prob regional_prob candidate_snp
1         1   None             NA        0.0065            NA
  posterior_explained_by_snp dropped_trait lead_snp
1                         NA      iradjbmi rs275184
[1] "LEAD INDEX"
[1] 4
[1] "LEAD INDEX"
[1] 5
[1] "GENE"
[1] "ENSG00000259675"
[1] "GENE"
[1] "ENSG00000259530"
[1] "GENE"
[1] "ENSG00000259616"
[1] "GENE"
[1] "ENSG00000259675"
[1] "GENE"
[1] "ENSG00000259675"
[1] "GENE"
[1] "ENSG00000259616"
[1] "GENE"
[1] "ENSG00000259616"
[1] "GENE"
[1] "ENSG00000259530"
[1] "GENE"
[1] "ENSG00000259530"
[1] "GENE"
[1] "ENSG00000259616"
[1] "GENE"
[1] "ENSG00000259675"
[1] "GENE"
[1] "ENSG00000259284"
[1] "LEAD INDEX"
[1] 6
[1] "GENE"
[1] "ENSG00000259627"
[1] "GENE"
[1] "ENSG00000140416"
Harmonising fat_distr (fat_distr) and Outcome (Outcome)
Harmonising fat_distr (fat_distr) and Outcome (Outcome)
[1] 491
[1] 491
  iteration traits posterior_prob regional_prob candidate_snp
1         1   None             NA        0.2441            NA
  posterior_explained_by_snp dropped_trait  lead_snp
1                         NA      iradjbmi rs2729827
[1] "GENE"
[1] "ENSG00000259498"
Harmonising fat_distr (fat_distr) and Outcome (Outcome)
Harmonising fat_distr (fat_distr) and Outcome (Outcome)
[1] 491
[1] 491
  iteration traits posterior_prob regional_prob candidate_snp
1         1   None             NA        0.0359            NA
  posterior_explained_by_snp dropped_trait  lead_snp
1                         NA      iradjbmi rs2729827
[1] "GENE"
[1] "ENSG00000140416"
Harmonising fat_distr (fat_distr) and Outcome (Outcome)
Harmonising fat_distr (fat_distr) and Outcome (Outcome)
[1] 491
[1] 491
  iteration traits posterior_prob regional_prob candidate_snp
1         1   None             NA        0.2441            NA
  posterior_explained_by_snp dropped_trait  lead_snp
1                         NA      iradjbmi rs2729827
[1] "GENE"
[1] "ENSG00000259498"
Harmonising fat_distr (fat_distr) and Outcome (Outcome)
Harmonising fat_distr (fat_distr) and Outcome (Outcome)
[1] 491
[1] 491
  iteration traits posterior_prob regional_prob candidate_snp
1         1   None             NA        0.0359            NA
  posterior_explained_by_snp dropped_trait  lead_snp
1                         NA      iradjbmi rs2729827
[1] "GENE"
[1] "ENSG00000259498"
Harmonising fat_distr (fat_distr) and Outcome (Outcome)
Harmonising fat_distr (fat_distr) and Outcome (Outcome)
[1] 491
[1] 491
  iteration traits posterior_prob regional_prob candidate_snp
1         1   None             NA        0.0359            NA
  posterior_explained_by_snp dropped_trait  lead_snp
1                         NA      iradjbmi rs2729827
[1] "GENE"
[1] "ENSG00000140416"
Harmonising fat_distr (fat_distr) and Outcome (Outcome)
Harmonising fat_distr (fat_distr) and Outcome (Outcome)
[1] 491
[1] 491
  iteration traits posterior_prob regional_prob candidate_snp
1         1   None             NA        0.2441            NA
  posterior_explained_by_snp dropped_trait  lead_snp
1                         NA      iradjbmi rs2729827
[1] "LEAD INDEX"
[1] 7
[1] "LEAD INDEX"
[1] 8
[1] "LEAD INDEX"
[1] 9
[1] "CHROMOSOME"
[1] 16
[1] "LEAD INDEX"
[1] 1
[1] "GENE"
[1] "ENSG00000167005"
Harmonising fat_distr (fat_distr) and Outcome (Outcome)
Harmonising fat_distr (fat_distr) and Outcome (Outcome)
[1] 315
[1] 315
  iteration traits posterior_prob regional_prob candidate_snp
1         1   None             NA        0.0269            NA
  posterior_explained_by_snp dropped_trait  lead_snp
1                         NA      iradjbmi rs9937484
[1] "GENE"
[1] "ENSG00000159461"
Harmonising fat_distr (fat_distr) and Outcome (Outcome)
Harmonising fat_distr (fat_distr) and Outcome (Outcome)
[1] 315
[1] 315
  iteration traits posterior_prob regional_prob candidate_snp
1         1   None             NA        0.0082            NA
  posterior_explained_by_snp dropped_trait  lead_snp
1                         NA      iradjbmi rs9937484
[1] "LEAD INDEX"
[1] 2
[1] "LEAD INDEX"
[1] 3
[1] "GENE"
[1] "ENSG00000157045"
Harmonising fat_distr (fat_distr) and Outcome (Outcome)
Harmonising fat_distr (fat_distr) and Outcome (Outcome)
[1] 101
[1] 101
  iteration                    traits posterior_prob regional_prob
1         1 iradjbmi, ENSG00000157045         0.9974             1
  candidate_snp posterior_explained_by_snp dropped_trait   lead_snp
1    rs11075253                      0.704            NA rs11075253
[1] "GENE"
[1] "ENSG00000157045"
Harmonising fat_distr (fat_distr) and Outcome (Outcome)
Harmonising fat_distr (fat_distr) and Outcome (Outcome)
[1] 101
[1] 101
  iteration                    traits posterior_prob regional_prob
1         1 iradjbmi, ENSG00000157045         0.9974             1
  candidate_snp posterior_explained_by_snp dropped_trait   lead_snp
1    rs11075253                      0.704            NA rs11075253
[1] "LEAD INDEX"
[1] 4
[1] "GENE"
[1] "ENSG00000169592"
Harmonising fat_distr (fat_distr) and Outcome (Outcome)
Harmonising fat_distr (fat_distr) and Outcome (Outcome)
[1] 181
[1] 181
  iteration traits posterior_prob regional_prob candidate_snp
1         1   None             NA        0.8851            NA
  posterior_explained_by_snp dropped_trait  lead_snp
1                         NA      iradjbmi rs4283241
[1] "GENE"
[1] "ENSG00000174943"
Harmonising fat_distr (fat_distr) and Outcome (Outcome)
Harmonising fat_distr (fat_distr) and Outcome (Outcome)
[1] 181
[1] 181
  iteration traits posterior_prob regional_prob candidate_snp
1         1   None             NA        0.0169            NA
  posterior_explained_by_snp dropped_trait  lead_snp
1                         NA      iradjbmi rs4283241
[1] "GENE"
[1] "ENSG00000169592"
Harmonising fat_distr (fat_distr) and Outcome (Outcome)
Harmonising fat_distr (fat_distr) and Outcome (Outcome)
[1] 181
[1] 181
  iteration traits posterior_prob regional_prob candidate_snp
1         1   None             NA        0.8851            NA
  posterior_explained_by_snp dropped_trait  lead_snp
1                         NA      iradjbmi rs4283241
[1] "GENE"
[1] "ENSG00000149927"
Harmonising fat_distr (fat_distr) and Outcome (Outcome)
Harmonising fat_distr (fat_distr) and Outcome (Outcome)
[1] 181
[1] 181
  iteration traits posterior_prob regional_prob candidate_snp
1         1   None             NA        0.2462            NA
  posterior_explained_by_snp dropped_trait  lead_snp
1                         NA      iradjbmi rs4283241
[1] "GENE"
[1] "ENSG00000169592"
Harmonising fat_distr (fat_distr) and Outcome (Outcome)
Harmonising fat_distr (fat_distr) and Outcome (Outcome)
[1] 181
[1] 181
  iteration traits posterior_prob regional_prob candidate_snp
1         1   None             NA        0.8851            NA
  posterior_explained_by_snp dropped_trait  lead_snp
1                         NA      iradjbmi rs4283241
[1] "GENE"
[1] "ENSG00000169592"
Harmonising fat_distr (fat_distr) and Outcome (Outcome)
Harmonising fat_distr (fat_distr) and Outcome (Outcome)
[1] 181
[1] 181
  iteration traits posterior_prob regional_prob candidate_snp
1         1   None             NA        0.8851            NA
  posterior_explained_by_snp dropped_trait  lead_snp
1                         NA      iradjbmi rs4283241
[1] "GENE"
[1] "ENSG00000174943"
Harmonising fat_distr (fat_distr) and Outcome (Outcome)
Harmonising fat_distr (fat_distr) and Outcome (Outcome)
[1] 181
[1] 181
  iteration traits posterior_prob regional_prob candidate_snp
1         1   None             NA        0.0169            NA
  posterior_explained_by_snp dropped_trait  lead_snp
1                         NA      iradjbmi rs4283241
[1] "GENE"
[1] "ENSG00000149927"
Harmonising fat_distr (fat_distr) and Outcome (Outcome)
Harmonising fat_distr (fat_distr) and Outcome (Outcome)
[1] 181
[1] 181
  iteration traits posterior_prob regional_prob candidate_snp
1         1   None             NA        0.2462            NA
  posterior_explained_by_snp dropped_trait  lead_snp
1                         NA      iradjbmi rs4283241
[1] "GENE"
[1] "ENSG00000149930"
Harmonising fat_distr (fat_distr) and Outcome (Outcome)
Harmonising fat_distr (fat_distr) and Outcome (Outcome)
[1] 181
[1] 181
  iteration traits posterior_prob regional_prob candidate_snp
1         1   None             NA        0.0196            NA
  posterior_explained_by_snp dropped_trait  lead_snp
1                         NA      iradjbmi rs4283241
[1] "LEAD INDEX"
[1] 5
[1] "GENE"
[1] "ENSG00000168676"
[1] "GENE"
[1] "ENSG00000135740"
Harmonising fat_distr (fat_distr) and Outcome (Outcome)
Harmonising fat_distr (fat_distr) and Outcome (Outcome)
[1] 131
[1] 131
  iteration traits posterior_prob regional_prob candidate_snp
1         1   None             NA        0.0181            NA
  posterior_explained_by_snp dropped_trait  lead_snp
1                         NA      iradjbmi rs8059722
[1] "LEAD INDEX"
[1] 6
[1] "LEAD INDEX"
[1] 7
[1] "GENE"
[1] "ENSG00000153815"
Harmonising fat_distr (fat_distr) and Outcome (Outcome)
Harmonising fat_distr (fat_distr) and Outcome (Outcome)
[1] 706
[1] 706
  iteration traits posterior_prob regional_prob candidate_snp
1         1   None             NA        0.0422            NA
  posterior_explained_by_snp dropped_trait  lead_snp
1                         NA      iradjbmi rs2925979
[1] "LEAD INDEX"
[1] 8
[1] "GENE"
[1] "ENSG00000172530"
Harmonising fat_distr (fat_distr) and Outcome (Outcome)
Harmonising fat_distr (fat_distr) and Outcome (Outcome)
[1] 396
[1] 396
  iteration traits posterior_prob regional_prob candidate_snp
1         1   None             NA        0.0256            NA
  posterior_explained_by_snp dropped_trait   lead_snp
1                         NA      iradjbmi rs11117333
[1] "CHROMOSOME"
[1] 17
[1] "LEAD INDEX"
[1] 1
[1] "GENE"
[1] "ENSG00000133027"
Harmonising fat_distr (fat_distr) and Outcome (Outcome)
Harmonising fat_distr (fat_distr) and Outcome (Outcome)
[1] 385
[1] 385
  iteration traits posterior_prob regional_prob candidate_snp
1         1   None             NA        0.0324            NA
  posterior_explained_by_snp dropped_trait  lead_snp
1                         NA      iradjbmi rs1263507
[1] "GENE"
[1] "ENSG00000133027"
Harmonising fat_distr (fat_distr) and Outcome (Outcome)
Harmonising fat_distr (fat_distr) and Outcome (Outcome)
[1] 385
[1] 385
  iteration traits posterior_prob regional_prob candidate_snp
1         1   None             NA        0.0324            NA
  posterior_explained_by_snp dropped_trait  lead_snp
1                         NA      iradjbmi rs1263507
[1] "LEAD INDEX"
[1] 2
[1] "LEAD INDEX"
[1] 3
[1] "LEAD INDEX"
[1] 4
[1] "LEAD INDEX"
[1] 5
[1] "GENE"
[1] "ENSG00000133027"
Harmonising fat_distr (fat_distr) and Outcome (Outcome)
Harmonising fat_distr (fat_distr) and Outcome (Outcome)
[1] 382
[1] 382
  iteration traits posterior_prob regional_prob candidate_snp
1         1   None             NA        0.0324            NA
  posterior_explained_by_snp dropped_trait  lead_snp
1                         NA      iradjbmi rs7222358
[1] "GENE"
[1] "ENSG00000133027"
Harmonising fat_distr (fat_distr) and Outcome (Outcome)
Harmonising fat_distr (fat_distr) and Outcome (Outcome)
[1] 382
[1] 382
  iteration traits posterior_prob regional_prob candidate_snp
1         1   None             NA        0.0324            NA
  posterior_explained_by_snp dropped_trait  lead_snp
1                         NA      iradjbmi rs7222358
[1] "LEAD INDEX"
[1] 6
[1] "GENE"
[1] "ENSG00000108788"
Harmonising fat_distr (fat_distr) and Outcome (Outcome)
Harmonising fat_distr (fat_distr) and Outcome (Outcome)
[1] 237
[1] 237
  iteration traits posterior_prob regional_prob candidate_snp
1         1   None             NA        0.0051            NA
  posterior_explained_by_snp dropped_trait lead_snp
1                         NA      iradjbmi rs646123
[1] "GENE"
[1] "ENSG00000037042"
Harmonising fat_distr (fat_distr) and Outcome (Outcome)
Harmonising fat_distr (fat_distr) and Outcome (Outcome)
[1] 237
[1] 237
  iteration traits posterior_prob regional_prob candidate_snp
1         1   None             NA        0.0319            NA
  posterior_explained_by_snp dropped_trait lead_snp
1                         NA      iradjbmi rs646123
[1] "GENE"
[1] "ENSG00000141699"
Harmonising fat_distr (fat_distr) and Outcome (Outcome)
Harmonising fat_distr (fat_distr) and Outcome (Outcome)
[1] 237
[1] 237
  iteration traits posterior_prob regional_prob candidate_snp
1         1   None             NA        0.0058            NA
  posterior_explained_by_snp dropped_trait lead_snp
1                         NA      iradjbmi rs646123
[1] "GENE"
[1] "ENSG00000108785"
Harmonising fat_distr (fat_distr) and Outcome (Outcome)
Harmonising fat_distr (fat_distr) and Outcome (Outcome)
[1] 237
[1] 237
  iteration traits posterior_prob regional_prob candidate_snp
1         1   None             NA         0.015            NA
  posterior_explained_by_snp dropped_trait lead_snp
1                         NA      iradjbmi rs646123
[1] "GENE"
[1] "ENSG00000108788"
Harmonising fat_distr (fat_distr) and Outcome (Outcome)
Harmonising fat_distr (fat_distr) and Outcome (Outcome)
[1] 237
[1] 237
  iteration traits posterior_prob regional_prob candidate_snp
1         1   None             NA        0.0051            NA
  posterior_explained_by_snp dropped_trait lead_snp
1                         NA      iradjbmi rs646123
[1] "LEAD INDEX"
[1] 7
[1] "GENE"
[1] "ENSG00000067596"
Harmonising fat_distr (fat_distr) and Outcome (Outcome)
Harmonising fat_distr (fat_distr) and Outcome (Outcome)
[1] 305
[1] 305
  iteration traits posterior_prob regional_prob candidate_snp
1         1   None             NA        0.0086            NA
  posterior_explained_by_snp dropped_trait  lead_snp
1                         NA      iradjbmi rs4632174
[1] "LEAD INDEX"
[1] 8
[1] "LEAD INDEX"
[1] 9
[1] "GENE"
[1] "ENSG00000108852"
Harmonising fat_distr (fat_distr) and Outcome (Outcome)
Harmonising fat_distr (fat_distr) and Outcome (Outcome)
[1] 353
[1] 353
  iteration traits posterior_prob regional_prob candidate_snp
1         1   None             NA        0.0113            NA
  posterior_explained_by_snp dropped_trait lead_snp
1                         NA      iradjbmi rs231492
[1] "LEAD INDEX"
[1] 10
[1] "LEAD INDEX"
[1] 11
[1] "GENE"
[1] "ENSG00000263412"
Harmonising fat_distr (fat_distr) and Outcome (Outcome)
Harmonising fat_distr (fat_distr) and Outcome (Outcome)
[1] 430
[1] 430
  iteration traits posterior_prob regional_prob candidate_snp
1         1   None             NA        0.2703            NA
  posterior_explained_by_snp dropped_trait   lead_snp
1                         NA      iradjbmi rs17618704
[1] "GENE"
[1] "ENSG00000108439"
Harmonising fat_distr (fat_distr) and Outcome (Outcome)
Harmonising fat_distr (fat_distr) and Outcome (Outcome)
[1] 430
[1] 430
  iteration                    traits posterior_prob regional_prob
1         1 iradjbmi, ENSG00000108439         0.8755        0.9786
  candidate_snp posterior_explained_by_snp dropped_trait   lead_snp
1    rs11650043                     0.3844            NA rs17618704
[1] "GENE"
[1] "ENSG00000108439"
Harmonising fat_distr (fat_distr) and Outcome (Outcome)
Harmonising fat_distr (fat_distr) and Outcome (Outcome)
[1] 430
[1] 430
  iteration                    traits posterior_prob regional_prob
1         1 iradjbmi, ENSG00000108439         0.8755        0.9786
  candidate_snp posterior_explained_by_snp dropped_trait   lead_snp
1    rs11650043                     0.3844            NA rs17618704
[1] "LEAD INDEX"
[1] 12
[1] "LEAD INDEX"
[1] 13
[1] "GENE"
[1] "ENSG00000123700"
Harmonising fat_distr (fat_distr) and Outcome (Outcome)
Harmonising fat_distr (fat_distr) and Outcome (Outcome)
[1] 466
[1] 466
  iteration traits posterior_prob regional_prob candidate_snp
1         1   None             NA        0.0098            NA
  posterior_explained_by_snp dropped_trait  lead_snp
1                         NA      iradjbmi rs9904355
[1] "LEAD INDEX"
[1] 14
[1] "GENE"
[1] "ENSG00000185262"
Harmonising fat_distr (fat_distr) and Outcome (Outcome)
Harmonising fat_distr (fat_distr) and Outcome (Outcome)
[1] 389
[1] 389
  iteration traits posterior_prob regional_prob candidate_snp
1         1   None             NA        0.0062            NA
  posterior_explained_by_snp dropped_trait  lead_snp
1                         NA      iradjbmi rs9674537
[1] "LEAD INDEX"
[1] 15
[1] "GENE"
[1] "ENSG00000087157"
Harmonising fat_distr (fat_distr) and Outcome (Outcome)
Harmonising fat_distr (fat_distr) and Outcome (Outcome)
[1] 471
[1] 471
  iteration                    traits posterior_prob regional_prob
1         1 iradjbmi, ENSG00000087157         0.7084        0.7533
  candidate_snp posterior_explained_by_snp dropped_trait   lead_snp
1     rs4969178                     0.1892            NA rs16971107
[1] "CHROMOSOME"
[1] 18
[1] "LEAD INDEX"
[1] 1
[1] "LEAD INDEX"
[1] 2
[1] "LEAD INDEX"
[1] 3
[1] "LEAD INDEX"
[1] 4
[1] "LEAD INDEX"
[1] 5
[1] "LEAD INDEX"
[1] 6
[1] "GENE"
[1] "ENSG00000141452"
Harmonising fat_distr (fat_distr) and Outcome (Outcome)
Harmonising fat_distr (fat_distr) and Outcome (Outcome)
[1] 341
[1] 341
  iteration traits posterior_prob regional_prob candidate_snp
1         1   None             NA        0.0267            NA
  posterior_explained_by_snp dropped_trait  lead_snp
1                         NA      iradjbmi rs1623060
[1] "GENE"
[1] "ENSG00000141458"
Harmonising fat_distr (fat_distr) and Outcome (Outcome)
Harmonising fat_distr (fat_distr) and Outcome (Outcome)
[1] 341
[1] 341
  iteration traits posterior_prob regional_prob candidate_snp
1         1   None             NA        0.1062            NA
  posterior_explained_by_snp dropped_trait  lead_snp
1                         NA      iradjbmi rs1623060
[1] "GENE"
[1] "ENSG00000141458"
Harmonising fat_distr (fat_distr) and Outcome (Outcome)
Harmonising fat_distr (fat_distr) and Outcome (Outcome)
[1] 341
[1] 341
  iteration traits posterior_prob regional_prob candidate_snp
1         1   None             NA        0.1062            NA
  posterior_explained_by_snp dropped_trait  lead_snp
1                         NA      iradjbmi rs1623060
[1] "GENE"
[1] "ENSG00000141458"
Harmonising fat_distr (fat_distr) and Outcome (Outcome)
Harmonising fat_distr (fat_distr) and Outcome (Outcome)
[1] 341
[1] 341
  iteration traits posterior_prob regional_prob candidate_snp
1         1   None             NA        0.1062            NA
  posterior_explained_by_snp dropped_trait  lead_snp
1                         NA      iradjbmi rs1623060
[1] "GENE"
[1] "ENSG00000141452"
Harmonising fat_distr (fat_distr) and Outcome (Outcome)
Harmonising fat_distr (fat_distr) and Outcome (Outcome)
[1] 341
[1] 341
  iteration traits posterior_prob regional_prob candidate_snp
1         1   None             NA        0.0267            NA
  posterior_explained_by_snp dropped_trait  lead_snp
1                         NA      iradjbmi rs1623060
[1] "GENE"
[1] "ENSG00000141458"
Harmonising fat_distr (fat_distr) and Outcome (Outcome)
Harmonising fat_distr (fat_distr) and Outcome (Outcome)
[1] 341
[1] 341
  iteration traits posterior_prob regional_prob candidate_snp
1         1   None             NA        0.1062            NA
  posterior_explained_by_snp dropped_trait  lead_snp
1                         NA      iradjbmi rs1623060
[1] "GENE"
[1] "ENSG00000141458"
Harmonising fat_distr (fat_distr) and Outcome (Outcome)
Harmonising fat_distr (fat_distr) and Outcome (Outcome)
[1] 341
[1] 341
  iteration traits posterior_prob regional_prob candidate_snp
1         1   None             NA        0.1062            NA
  posterior_explained_by_snp dropped_trait  lead_snp
1                         NA      iradjbmi rs1623060
[1] "GENE"
[1] "ENSG00000141458"
Harmonising fat_distr (fat_distr) and Outcome (Outcome)
Harmonising fat_distr (fat_distr) and Outcome (Outcome)
[1] 341
[1] 341
  iteration traits posterior_prob regional_prob candidate_snp
1         1   None             NA        0.1062            NA
  posterior_explained_by_snp dropped_trait  lead_snp
1                         NA      iradjbmi rs1623060
[1] "LEAD INDEX"
[1] 7
[1] "CHROMOSOME"
[1] 19
[1] "LEAD INDEX"
[1] 1
[1] "GENE"
[1] "ENSG00000130518"
Harmonising fat_distr (fat_distr) and Outcome (Outcome)
Harmonising fat_distr (fat_distr) and Outcome (Outcome)
[1] 396
[1] 396
  iteration                    traits posterior_prob regional_prob
1         1 iradjbmi, ENSG00000130518         0.4376        0.6234
  candidate_snp posterior_explained_by_snp dropped_trait  lead_snp
1    rs12461701                     0.5932            NA rs1075403
[1] "GENE"
[1] "ENSG00000130518"
Harmonising fat_distr (fat_distr) and Outcome (Outcome)
Harmonising fat_distr (fat_distr) and Outcome (Outcome)
[1] 396
[1] 396
  iteration                    traits posterior_prob regional_prob
1         1 iradjbmi, ENSG00000130518         0.4376        0.6234
  candidate_snp posterior_explained_by_snp dropped_trait  lead_snp
1    rs12461701                     0.5932            NA rs1075403
[1] "GENE"
[1] "ENSG00000130518"
Harmonising fat_distr (fat_distr) and Outcome (Outcome)
Harmonising fat_distr (fat_distr) and Outcome (Outcome)
[1] 396
[1] 396
  iteration                    traits posterior_prob regional_prob
1         1 iradjbmi, ENSG00000130518         0.4376        0.6234
  candidate_snp posterior_explained_by_snp dropped_trait  lead_snp
1    rs12461701                     0.5932            NA rs1075403
[1] "LEAD INDEX"
[1] 2
[1] "LEAD INDEX"
[1] 3
[1] "LEAD INDEX"
[1] 4
[1] "GENE"
[1] "ENSG00000171105"
Harmonising fat_distr (fat_distr) and Outcome (Outcome)
Harmonising fat_distr (fat_distr) and Outcome (Outcome)
[1] 442
[1] 442
  iteration traits posterior_prob regional_prob candidate_snp
1         1   None             NA        0.0081            NA
  posterior_explained_by_snp dropped_trait  lead_snp
1                         NA      iradjbmi rs8101064
[1] "LEAD INDEX"
[1] 5
[1] "GENE"
[1] "ENSG00000076984"
Harmonising fat_distr (fat_distr) and Outcome (Outcome)
Harmonising fat_distr (fat_distr) and Outcome (Outcome)
[1] 439
[1] 439
  iteration traits posterior_prob regional_prob candidate_snp
1         1   None             NA        0.0062            NA
  posterior_explained_by_snp dropped_trait  lead_snp
1                         NA      iradjbmi rs4804833
[1] "LEAD INDEX"
[1] 6
[1] "LEAD INDEX"
[1] 7
[1] "LEAD INDEX"
[1] 8
[1] "GENE"
[1] "ENSG00000142347"
Harmonising fat_distr (fat_distr) and Outcome (Outcome)
Harmonising fat_distr (fat_distr) and Outcome (Outcome)
[1] 422
[1] 422
  iteration                    traits posterior_prob regional_prob
1         1 iradjbmi, ENSG00000142347         0.7698        0.7798
  candidate_snp posterior_explained_by_snp dropped_trait  lead_snp
1     rs4804311                     0.9955            NA rs4804311
[1] "LEAD INDEX"
[1] 9
[1] "LEAD INDEX"
[1] 10
[1] "LEAD INDEX"
[1] 11
[1] "LEAD INDEX"
[1] 12
[1] "LEAD INDEX"
[1] 13
[1] "LEAD INDEX"
[1] 14
[1] "LEAD INDEX"
[1] 15
[1] "LEAD INDEX"
[1] 16
[1] "GENE"
[1] "ENSG00000142233"
Harmonising fat_distr (fat_distr) and Outcome (Outcome)
Harmonising fat_distr (fat_distr) and Outcome (Outcome)
[1] 414
[1] 414
  iteration traits posterior_prob regional_prob candidate_snp
1         1   None             NA        0.1024            NA
  posterior_explained_by_snp dropped_trait lead_snp
1                         NA      iradjbmi rs485186
[1] "GENE"
[1] "ENSG00000142233"
Harmonising fat_distr (fat_distr) and Outcome (Outcome)
Harmonising fat_distr (fat_distr) and Outcome (Outcome)
[1] 414
[1] 414
  iteration traits posterior_prob regional_prob candidate_snp
1         1   None             NA        0.1024            NA
  posterior_explained_by_snp dropped_trait lead_snp
1                         NA      iradjbmi rs485186
[1] "GENE"
[1] "ENSG00000105538"
Harmonising fat_distr (fat_distr) and Outcome (Outcome)
Harmonising fat_distr (fat_distr) and Outcome (Outcome)
[1] 414
[1] 414
  iteration                    traits posterior_prob regional_prob
1         1 iradjbmi, ENSG00000105538         0.8536        0.8814
  candidate_snp posterior_explained_by_snp dropped_trait lead_snp
1      rs633372                     0.2461            NA rs485186
[1] "GENE"
[1] "ENSG00000142233"
Harmonising fat_distr (fat_distr) and Outcome (Outcome)
Harmonising fat_distr (fat_distr) and Outcome (Outcome)
[1] 414
[1] 414
  iteration traits posterior_prob regional_prob candidate_snp
1         1   None             NA        0.1024            NA
  posterior_explained_by_snp dropped_trait lead_snp
1                         NA      iradjbmi rs485186
[1] "GENE"
[1] "ENSG00000142233"
Harmonising fat_distr (fat_distr) and Outcome (Outcome)
Harmonising fat_distr (fat_distr) and Outcome (Outcome)
[1] 414
[1] 414
  iteration traits posterior_prob regional_prob candidate_snp
1         1   None             NA        0.1024            NA
  posterior_explained_by_snp dropped_trait lead_snp
1                         NA      iradjbmi rs485186
[1] "LEAD INDEX"
[1] 17
[1] "CHROMOSOME"
[1] 20
[1] "LEAD INDEX"
[1] 1
[1] "GENE"
[1] "ENSG00000132793"
Harmonising fat_distr (fat_distr) and Outcome (Outcome)
Harmonising fat_distr (fat_distr) and Outcome (Outcome)
[1] 375
[1] 375
  iteration traits posterior_prob regional_prob candidate_snp
1         1   None             NA        0.0653            NA
  posterior_explained_by_snp dropped_trait  lead_snp
1                         NA      iradjbmi rs6102322
[1] "LEAD INDEX"
[1] 2
[1] "GENE"
[1] "ENSG00000203896"
Harmonising fat_distr (fat_distr) and Outcome (Outcome)
Harmonising fat_distr (fat_distr) and Outcome (Outcome)
[1] 425
[1] 425
  iteration traits posterior_prob regional_prob candidate_snp
1         1   None             NA        0.0033            NA
  posterior_explained_by_snp dropped_trait  lead_snp
1                         NA      iradjbmi rs1151625
[1] "LEAD INDEX"
[1] 3
[1] "LEAD INDEX"
[1] 4
[1] "LEAD INDEX"
[1] 5
[1] "LEAD INDEX"
[1] 6
[1] "GENE"
[1] "ENSG00000124257"
Harmonising fat_distr (fat_distr) and Outcome (Outcome)
Harmonising fat_distr (fat_distr) and Outcome (Outcome)
[1] 502
[1] 502
  iteration traits posterior_prob regional_prob candidate_snp
1         1   None             NA        0.0798            NA
  posterior_explained_by_snp dropped_trait  lead_snp
1                         NA      iradjbmi rs4810479
[1] "GENE"
[1] "ENSG00000149634"
Harmonising fat_distr (fat_distr) and Outcome (Outcome)
Harmonising fat_distr (fat_distr) and Outcome (Outcome)
[1] 502
[1] 502
  iteration traits posterior_prob regional_prob candidate_snp
1         1   None             NA        0.0076            NA
  posterior_explained_by_snp dropped_trait  lead_snp
1                         NA      iradjbmi rs4810479
[1] "GENE"
[1] "ENSG00000100979"
Harmonising fat_distr (fat_distr) and Outcome (Outcome)
Harmonising fat_distr (fat_distr) and Outcome (Outcome)
[1] 502
[1] 502
  iteration                    traits posterior_prob regional_prob
1         1 iradjbmi, ENSG00000100979         0.9933        0.9992
  candidate_snp posterior_explained_by_snp dropped_trait  lead_snp
1     rs6065904                     0.7673            NA rs4810479
[1] "LEAD INDEX"
[1] 7
[1] "LEAD INDEX"
[1] 8
[1] "LEAD INDEX"
[1] 9
[1] "GENE"
[1] "ENSG00000239783"
[1] "GENE"
[1] "ENSG00000064655"
Harmonising fat_distr (fat_distr) and Outcome (Outcome)
Harmonising fat_distr (fat_distr) and Outcome (Outcome)
[1] 500
[1] 500
  iteration traits posterior_prob regional_prob candidate_snp
1         1   None             NA        0.0147            NA
  posterior_explained_by_snp   dropped_trait  lead_snp
1                         NA ENSG00000064655 rs6066149
[1] "LEAD INDEX"
[1] 10
[1] "GENE"
[1] "ENSG00000182463"
Harmonising fat_distr (fat_distr) and Outcome (Outcome)
Harmonising fat_distr (fat_distr) and Outcome (Outcome)
[1] 417
[1] 417
  iteration traits posterior_prob regional_prob candidate_snp
1         1   None             NA         0.007            NA
  posterior_explained_by_snp dropped_trait  lead_snp
1                         NA      iradjbmi rs1033662
[1] "GENE"
[1] "ENSG00000182463"
Harmonising fat_distr (fat_distr) and Outcome (Outcome)
Harmonising fat_distr (fat_distr) and Outcome (Outcome)
[1] 417
[1] 417
  iteration traits posterior_prob regional_prob candidate_snp
1         1   None             NA         0.007            NA
  posterior_explained_by_snp dropped_trait  lead_snp
1                         NA      iradjbmi rs1033662
[1] "GENE"
[1] "ENSG00000286250"
[1] "LEAD INDEX"
[1] 11
[1] "GENE"
[1] "ENSG00000124253"
Harmonising fat_distr (fat_distr) and Outcome (Outcome)
Harmonising fat_distr (fat_distr) and Outcome (Outcome)
[1] 651
[1] 651
  iteration traits posterior_prob regional_prob candidate_snp
1         1   None             NA        0.0063            NA
  posterior_explained_by_snp dropped_trait  lead_snp
1                         NA      iradjbmi rs8119374
[1] "CHROMOSOME"
[1] 21
[1] "LEAD INDEX"
[1] 1
[1] "GENE"
[1] "ENSG00000182240"
Harmonising fat_distr (fat_distr) and Outcome (Outcome)
Harmonising fat_distr (fat_distr) and Outcome (Outcome)
[1] 623
[1] 623
  iteration traits posterior_prob regional_prob candidate_snp
1         1   None             NA        0.0157            NA
  posterior_explained_by_snp dropped_trait  lead_snp
1                         NA      iradjbmi rs2837996
[1] "LEAD INDEX"
[1] 2
[1] "GENE"
[1] "ENSG00000173638"
Harmonising fat_distr (fat_distr) and Outcome (Outcome)
Harmonising fat_distr (fat_distr) and Outcome (Outcome)
[1] 447
[1] 447
  iteration traits posterior_prob regional_prob candidate_snp
1         1   None             NA        0.0798            NA
  posterior_explained_by_snp dropped_trait  lead_snp
1                         NA      iradjbmi rs9980531
[1] "GENE"
[1] "ENSG00000173638"
Harmonising fat_distr (fat_distr) and Outcome (Outcome)
Harmonising fat_distr (fat_distr) and Outcome (Outcome)
[1] 447
[1] 447
  iteration traits posterior_prob regional_prob candidate_snp
1         1   None             NA        0.0798            NA
  posterior_explained_by_snp dropped_trait  lead_snp
1                         NA      iradjbmi rs9980531
[1] "CHROMOSOME"
[1] 22
[1] "LEAD INDEX"
[1] 1
[1] "GENE"
[1] "ENSG00000183579"
Harmonising fat_distr (fat_distr) and Outcome (Outcome)
Harmonising fat_distr (fat_distr) and Outcome (Outcome)
[1] 362
[1] 362
  iteration traits posterior_prob regional_prob candidate_snp
1         1   None             NA        0.0081            NA
  posterior_explained_by_snp dropped_trait  lead_snp
1                         NA      iradjbmi rs2294239
[1] "LEAD INDEX"
[1] 2
[1] "GENE"
[1] "ENSG00000128313"
Harmonising fat_distr (fat_distr) and Outcome (Outcome)
Harmonising fat_distr (fat_distr) and Outcome (Outcome)
[1] 417
[1] 417
  iteration traits posterior_prob regional_prob candidate_snp
1         1   None             NA         7e-04            NA
  posterior_explained_by_snp   dropped_trait  lead_snp
1                         NA ENSG00000128313 rs9610329
[1] "GENE"
[1] "ENSG00000221963"
Harmonising fat_distr (fat_distr) and Outcome (Outcome)
Harmonising fat_distr (fat_distr) and Outcome (Outcome)
[1] 417
[1] 417
  iteration                    traits posterior_prob regional_prob
1         1 iradjbmi, ENSG00000221963         0.8286        0.8609
  candidate_snp posterior_explained_by_snp dropped_trait  lead_snp
1     rs9610329                     0.6749            NA rs9610329
[1] "GENE"
[1] "ENSG00000100320"
Harmonising fat_distr (fat_distr) and Outcome (Outcome)
Harmonising fat_distr (fat_distr) and Outcome (Outcome)
[1] 417
[1] 417
  iteration traits posterior_prob regional_prob candidate_snp
1         1   None             NA        0.0063            NA
  posterior_explained_by_snp dropped_trait  lead_snp
1                         NA      iradjbmi rs9610329
[1] "LEAD INDEX"
[1] 3
[1] "GENE"
[1] "ENSG00000184381"
Harmonising fat_distr (fat_distr) and Outcome (Outcome)
Harmonising fat_distr (fat_distr) and Outcome (Outcome)
[1] 330
[1] 330
  iteration traits posterior_prob regional_prob candidate_snp
1         1   None             NA         5e-04            NA
  posterior_explained_by_snp   dropped_trait  lead_snp
1                         NA ENSG00000184381 rs4820325
[1] "GENE"
[1] "ENSG00000185022"
Harmonising fat_distr (fat_distr) and Outcome (Outcome)
Harmonising fat_distr (fat_distr) and Outcome (Outcome)
[1] 330
[1] 330
  iteration traits posterior_prob regional_prob candidate_snp
1         1   None             NA        0.0082            NA
  posterior_explained_by_snp dropped_trait  lead_snp
1                         NA      iradjbmi rs4820325
[1] "GENE"
[1] "ENSG00000185022"
Harmonising fat_distr (fat_distr) and Outcome (Outcome)
Harmonising fat_distr (fat_distr) and Outcome (Outcome)
[1] 330
[1] 330
  iteration traits posterior_prob regional_prob candidate_snp
1         1   None             NA        0.0082            NA
  posterior_explained_by_snp dropped_trait  lead_snp
1                         NA      iradjbmi rs4820325
[1] "GENE"
[1] "ENSG00000185022"
Harmonising fat_distr (fat_distr) and Outcome (Outcome)
Harmonising fat_distr (fat_distr) and Outcome (Outcome)
[1] 330
[1] 330
  iteration traits posterior_prob regional_prob candidate_snp
1         1   None             NA        0.0082            NA
  posterior_explained_by_snp dropped_trait  lead_snp
1                         NA      iradjbmi rs4820325
[1] "GENE"
[1] "ENSG00000185022"
Harmonising fat_distr (fat_distr) and Outcome (Outcome)
Harmonising fat_distr (fat_distr) and Outcome (Outcome)
[1] 330
[1] 330
  iteration traits posterior_prob regional_prob candidate_snp
1         1   None             NA        0.0082            NA
  posterior_explained_by_snp dropped_trait  lead_snp
1                         NA      iradjbmi rs4820325
[1] "LEAD INDEX"
[1] 4
[1] "GENE"
[1] "ENSG00000230912"
[1] "GENE"
[1] "ENSG00000100211"
Harmonising fat_distr (fat_distr) and Outcome (Outcome)
Harmonising fat_distr (fat_distr) and Outcome (Outcome)
[1] 361
[1] 361
  iteration traits posterior_prob regional_prob candidate_snp
1         1   None             NA        0.9965            NA
  posterior_explained_by_snp   dropped_trait  lead_snp
1                         NA ENSG00000100211 rs4821815
[1] "GENE"
[1] "ENSG00000100221"
Harmonising fat_distr (fat_distr) and Outcome (Outcome)
Harmonising fat_distr (fat_distr) and Outcome (Outcome)
[1] 361
[1] 361
  iteration traits posterior_prob regional_prob candidate_snp
1         1   None             NA             1            NA
  posterior_explained_by_snp   dropped_trait  lead_snp
1                         NA ENSG00000100221 rs4821815
[1] "GENE"
[1] "ENSG00000230912"
[1] "GENE"
[1] "ENSG00000228274"
Harmonising fat_distr (fat_distr) and Outcome (Outcome)
Harmonising fat_distr (fat_distr) and Outcome (Outcome)
[1] 361
[1] 361
  iteration traits posterior_prob regional_prob candidate_snp
1         1   None             NA        0.9975            NA
  posterior_explained_by_snp   dropped_trait  lead_snp
1                         NA ENSG00000228274 rs4821815
[1] "GENE"
[1] "ENSG00000100211"
Harmonising fat_distr (fat_distr) and Outcome (Outcome)
Harmonising fat_distr (fat_distr) and Outcome (Outcome)
[1] 361
[1] 361
  iteration traits posterior_prob regional_prob candidate_snp
1         1   None             NA        0.9965            NA
  posterior_explained_by_snp   dropped_trait  lead_snp
1                         NA ENSG00000100211 rs4821815
[1] "GENE"
[1] "ENSG00000230912"
[1] "GENE"
[1] "ENSG00000100216"
Harmonising fat_distr (fat_distr) and Outcome (Outcome)
Harmonising fat_distr (fat_distr) and Outcome (Outcome)
[1] 361
[1] 361
  iteration traits posterior_prob regional_prob candidate_snp
1         1   None             NA        0.0333            NA
  posterior_explained_by_snp dropped_trait  lead_snp
1                         NA      iradjbmi rs4821815
[1] "GENE"
[1] "ENSG00000100211"
Harmonising fat_distr (fat_distr) and Outcome (Outcome)
Harmonising fat_distr (fat_distr) and Outcome (Outcome)
[1] 361
[1] 361
  iteration traits posterior_prob regional_prob candidate_snp
1         1   None             NA        0.9965            NA
  posterior_explained_by_snp   dropped_trait  lead_snp
1                         NA ENSG00000100211 rs4821815
